id,username,project_name,original_link_repository,stars,forks,created_at,updated_at,language
924485872,balqaasem,montreal,https://github.com/balqaasem/montreal,2,3,2025-01-30T05:01:19Z,2025-06-19T02:28:09Z,TypeScript
512616609,riteshf,rct-201-e1-boilerplate,https://github.com/riteshf/rct-201-e1-boilerplate,2,85,2022-07-11T04:34:49Z,2023-03-25T15:12:12Z,TypeScript
625649554,DAObox,boilerplate,https://github.com/DAObox/boilerplate,2,3,2023-04-09T19:03:22Z,2023-05-07T21:32:16Z,TypeScript
334459358,GalloDaSballo,nextjs-magic-eslint-jest,https://github.com/GalloDaSballo/nextjs-magic-eslint-jest,2,3,2021-01-30T16:32:21Z,2021-02-24T23:22:59Z,TypeScript
349101234,thayllachristine,boilerplate,https://github.com/thayllachristine/boilerplate,2,0,2021-03-18T14:19:19Z,2024-06-28T15:08:34Z,TypeScript
366908668,shipyard,nextjs-starter,https://github.com/shipyard/nextjs-starter,2,8,2021-05-13T02:14:27Z,2023-03-30T13:58:05Z,TypeScript
222208659,cloud-native-toolkit,inventory-management-bff-solution,https://github.com/cloud-native-toolkit/inventory-management-bff-solution,2,8,2019-11-17T06:46:34Z,2023-03-17T02:57:38Z,TypeScript
547426025,approvals,ApprovalTests.TypeScript.Jest.StarterProject,https://github.com/approvals/ApprovalTests.TypeScript.Jest.StarterProject,2,4,2022-10-07T17:02:49Z,2025-08-04T15:05:16Z,TypeScript
860591667,justplainstuff,starter,https://github.com/justplainstuff/starter,2,0,2024-09-20T18:17:43Z,2024-10-13T09:30:00Z,TypeScript
673122885,Phala-Network,lensapi-oracle-consumer-contract,https://github.com/Phala-Network/lensapi-oracle-consumer-contract,2,9,2023-07-31T23:38:58Z,2025-02-17T07:04:16Z,TypeScript
536442969,libondev,starter,https://github.com/libondev/starter,2,0,2022-09-14T06:28:27Z,2025-07-15T07:37:05Z,TypeScript
314301670,decentralized-identity,veramo-plugin,https://github.com/decentralized-identity/veramo-plugin,2,6,2020-11-19T16:13:43Z,2025-03-28T20:21:19Z,TypeScript
425748201,vadimfrolov,Boilerplate,https://github.com/vadimfrolov/Boilerplate,2,0,2021-11-08T08:06:50Z,2023-03-07T02:17:55Z,TypeScript
702867658,UniqueNetwork,unique-react-template,https://github.com/UniqueNetwork/unique-react-template,2,5,2023-10-10T07:00:18Z,2025-03-19T07:31:25Z,TypeScript
307775971,ondrabus,scully-starter-kontent-lumen,https://github.com/ondrabus/scully-starter-kontent-lumen,2,4,2020-10-27T17:21:10Z,2021-08-04T13:24:57Z,TypeScript
926778118,neuraCollab,next-strapi-template,https://github.com/neuraCollab/next-strapi-template,2,2,2025-02-03T20:55:09Z,2025-07-10T19:04:37Z,TypeScript
283792521,rohit-ambre,express-react-lerna,https://github.com/rohit-ambre/express-react-lerna,2,3,2020-07-30T14:08:04Z,2024-06-14T06:40:25Z,TypeScript
354191589,Rizky-Iqbal36,NestJs-boilerplate,https://github.com/Rizky-Iqbal36/NestJs-boilerplate,2,2,2021-04-03T03:40:17Z,2022-05-10T08:22:34Z,TypeScript
612948254,Authress,react-starter-kit,https://github.com/Authress/react-starter-kit,2,6,2023-03-12T13:16:46Z,2024-02-05T00:38:36Z,TypeScript
444552716,AmruthPillai,NestJS-Starter,https://github.com/AmruthPillai/NestJS-Starter,2,4,2022-01-04T20:22:29Z,2024-08-10T02:32:10Z,TypeScript
600714054,fcole90,nestjs-cyclic-template,https://github.com/fcole90/nestjs-cyclic-template,2,5,2023-02-12T11:12:53Z,2024-09-22T00:27:25Z,TypeScript
638941141,toimc,vitech-starter,https://github.com/toimc/vitech-starter,2,4,2023-05-10T12:32:49Z,2025-02-16T03:19:41Z,TypeScript
546004308,codesandbox,codesandbox-template-blank-ts,https://github.com/codesandbox/codesandbox-template-blank-ts,2,4,2022-10-05T11:00:58Z,2025-06-28T03:14:58Z,TypeScript
441943889,N0tExisting,vite-react-boilerplate,https://github.com/N0tExisting/vite-react-boilerplate,2,2,2021-12-26T17:11:16Z,2022-12-07T02:01:39Z,TypeScript
677519520,x3r0s,nextjs-typescript-tailwindcss-boilerplate,https://github.com/x3r0s/nextjs-typescript-tailwindcss-boilerplate,2,1,2023-08-11T19:35:29Z,2024-09-27T16:22:12Z,TypeScript
671646996,cjambrosi,ts-nextjs-boilerplate-starter,https://github.com/cjambrosi/ts-nextjs-boilerplate-starter,2,0,2023-07-27T20:03:07Z,2023-09-12T11:51:47Z,TypeScript
271836567,algoan,nestjs-connector-boilerplate,https://github.com/algoan/nestjs-connector-boilerplate,2,1,2020-06-12T15:54:40Z,2023-12-21T09:42:46Z,TypeScript
768635189,yandex-praktikum,blog-customizer,https://github.com/yandex-praktikum/blog-customizer,2,14,2024-03-07T13:01:49Z,2025-07-02T06:24:57Z,TypeScript
385450312,Bryant-Anjos,template-expo-with-paper,https://github.com/Bryant-Anjos/template-expo-with-paper,2,3,2021-07-13T02:37:24Z,2024-04-26T01:35:11Z,TypeScript
851654521,ava-labs,telegram-webapp-avalanche,https://github.com/ava-labs/telegram-webapp-avalanche,2,5,2024-09-03T13:42:06Z,2024-09-05T17:10:11Z,TypeScript
598496103,elonehoo-starter,typescript,https://github.com/elonehoo-starter/typescript,2,2,2023-02-07T08:25:12Z,2025-03-20T13:28:09Z,TypeScript
666358810,threeal,nodejs-starter,https://github.com/threeal/nodejs-starter,2,2,2023-07-14T10:12:01Z,2025-08-05T13:07:20Z,TypeScript
258333512,oliverjumpertz,ts-express-boilerplate,https://github.com/oliverjumpertz/ts-express-boilerplate,2,1,2020-04-23T21:21:14Z,2022-12-14T23:16:08Z,TypeScript
93118825,bndynet,frontend,https://github.com/bndynet/frontend,2,5,2017-06-02T02:29:09Z,2019-06-13T03:04:47Z,TypeScript
825149357,Daaviddev,vite-dashboard-starter,https://github.com/Daaviddev/vite-dashboard-starter,2,2,2024-07-06T23:42:06Z,2025-04-14T17:43:13Z,TypeScript
301806422,skb1129,express-boilerplate,https://github.com/skb1129/express-boilerplate,2,2,2020-10-06T17:37:06Z,2022-09-20T20:03:57Z,TypeScript
970754369,gnosischain,gnosis-dapp-boilerplate,https://github.com/gnosischain/gnosis-dapp-boilerplate,2,2,2025-04-22T13:40:44Z,2025-06-11T12:29:55Z,TypeScript
349978067,techwings-io,api-backend-template,https://github.com/techwings-io/api-backend-template,2,1,2021-03-21T11:28:54Z,2022-10-29T16:55:00Z,TypeScript
683775156,citi-onboarding,pta-boilerplate,https://github.com/citi-onboarding/pta-boilerplate,2,3,2023-08-27T16:55:20Z,2024-11-24T16:02:59Z,TypeScript
354303530,drinkataco,gatsby-typescript-scratch-boilerplate,https://github.com/drinkataco/gatsby-typescript-scratch-boilerplate,2,0,2021-04-03T13:48:56Z,2023-03-04T10:22:55Z,TypeScript
196729308,praneshr,lit-element-typescript,https://github.com/praneshr/lit-element-typescript,2,2,2019-07-13T14:13:40Z,2022-12-21T03:48:45Z,TypeScript
237220856,vtex-apps,course-template,https://github.com/vtex-apps/course-template,2,3,2020-01-30T13:39:09Z,2023-10-28T13:39:38Z,TypeScript
435536325,naomsa,hardhat-starter-kit,https://github.com/naomsa/hardhat-starter-kit,2,0,2021-12-06T14:52:35Z,2022-08-11T21:47:32Z,TypeScript
913813115,brainiacerudite,express-ts-boilerplate,https://github.com/brainiacerudite/express-ts-boilerplate,2,0,2025-01-08T12:00:01Z,2025-07-28T09:07:51Z,TypeScript
610789873,ubiquity,ts-template,https://github.com/ubiquity/ts-template,2,26,2023-03-07T13:43:25Z,2025-08-08T13:07:08Z,TypeScript
536551210,lucky-chap,nextjs-starter,https://github.com/lucky-chap/nextjs-starter,2,0,2022-09-14T11:42:41Z,2024-06-20T03:49:38Z,TypeScript
432271286,CactoFeature,boilerplate-cacto,https://github.com/CactoFeature/boilerplate-cacto,2,0,2021-11-26T18:37:47Z,2021-11-27T03:32:29Z,TypeScript
859848687,VladimirDegt,nest-boilerplate,https://github.com/VladimirDegt/nest-boilerplate,2,0,2024-09-19T11:41:33Z,2024-11-25T16:31:03Z,TypeScript
434883218,Meyclem,starter-typescript-node,https://github.com/Meyclem/starter-typescript-node,2,0,2021-12-04T11:30:41Z,2025-08-07T08:25:57Z,TypeScript
77787869,hinell,project-boilerplate,https://github.com/hinell/project-boilerplate,2,2,2017-01-01T17:00:03Z,2020-11-01T14:40:40Z,TypeScript
555794023,shubhambattoo,node-express-typescript-starter,https://github.com/shubhambattoo/node-express-typescript-starter,2,0,2022-10-22T10:49:17Z,2023-03-04T11:35:33Z,TypeScript
192161285,JeffGuKang,react-native-storybook-mobx-starter,https://github.com/JeffGuKang/react-native-storybook-mobx-starter,2,1,2019-06-16T07:11:10Z,2023-03-05T02:03:51Z,TypeScript
170507023,AnandChowdhary,typestart,https://github.com/AnandChowdhary/typestart,2,1,2019-02-13T12:48:05Z,2021-03-26T08:50:16Z,TypeScript
830680059,goweki,next_starter,https://github.com/goweki/next_starter,2,0,2024-07-18T18:53:15Z,2024-12-25T23:46:06Z,TypeScript
599611360,grafisaholic,nextui-nextjs-boilerplate,https://github.com/grafisaholic/nextui-nextjs-boilerplate,2,0,2023-02-09T14:07:15Z,2024-07-15T06:10:15Z,TypeScript
790231106,qinsong77,RN-Expo-Starter,https://github.com/qinsong77/RN-Expo-Starter,2,0,2024-04-22T13:59:08Z,2025-08-07T12:59:00Z,TypeScript
716318696,delphilos,tailwind-firebase-nextjs-referrel-system,https://github.com/delphilos/tailwind-firebase-nextjs-referrel-system,2,3,2023-11-08T22:15:06Z,2025-06-24T21:22:16Z,TypeScript
490073409,younessaitali,vue_3-vite-typescript-boilerplate,https://github.com/younessaitali/vue_3-vite-typescript-boilerplate,2,0,2022-05-08T22:54:31Z,2025-03-24T02:11:22Z,TypeScript
441942384,puneetkakkar,ngx-arc,https://github.com/puneetkakkar/ngx-arc,2,0,2021-12-26T17:03:20Z,2024-05-12T03:55:40Z,TypeScript
250479300,geoapify,angular-based-project,https://github.com/geoapify/angular-based-project,2,4,2020-03-27T08:23:20Z,2022-02-21T16:06:48Z,TypeScript
797783927,Meyclem,starter-express-ts-api,https://github.com/Meyclem/starter-express-ts-api,2,0,2024-05-08T14:04:58Z,2025-01-28T14:54:54Z,TypeScript
401120008,vktrwlt,next-emotions-twin-starter,https://github.com/vktrwlt/next-emotions-twin-starter,2,0,2021-08-29T18:59:55Z,2022-01-09T01:17:48Z,TypeScript
860424455,shakibdshy,nextjs-starter-kit,https://github.com/shakibdshy/nextjs-starter-kit,2,2,2024-09-20T12:11:03Z,2025-03-24T00:19:37Z,TypeScript
697699017,mouadlouhichi,saas-boilerplate,https://github.com/mouadlouhichi/saas-boilerplate,2,0,2023-09-28T09:39:22Z,2023-11-26T03:12:19Z,TypeScript
370105705,sudipstha08,react-ts-template,https://github.com/sudipstha08/react-ts-template,2,2,2021-05-23T16:45:03Z,2024-07-14T11:31:04Z,TypeScript
850214380,VladimirDegt,next-ts-boilerplate,https://github.com/VladimirDegt/next-ts-boilerplate,2,0,2024-08-31T06:53:13Z,2024-11-25T16:31:04Z,TypeScript
524664744,Leizhenpeng,starter-nestjs,https://github.com/Leizhenpeng/starter-nestjs,2,0,2022-08-14T12:27:28Z,2024-11-18T02:20:07Z,TypeScript
928298992,szymonuryga,Optimizely-SaaS-CMS-Next.js-15,https://github.com/szymonuryga/Optimizely-SaaS-CMS-Next.js-15,2,7,2025-02-06T12:04:49Z,2025-07-15T13:42:58Z,TypeScript
1000335107,ramdhanrizkij,express-prisma-typescript-starter,https://github.com/ramdhanrizkij/express-prisma-typescript-starter,2,0,2025-06-11T16:07:17Z,2025-06-14T11:50:32Z,TypeScript
549812751,0kzh,vite-react-ts-tailwind-starter,https://github.com/0kzh/vite-react-ts-tailwind-starter,2,0,2022-10-11T19:25:10Z,2024-08-27T23:42:52Z,TypeScript
900465738,espaciofuturoio,expo-boilerplate,https://github.com/espaciofuturoio/expo-boilerplate,2,0,2024-12-08T20:48:14Z,2025-01-14T14:05:39Z,TypeScript
371984325,nazmifeeroz,vite-reactts-eslint-prettier,https://github.com/nazmifeeroz/vite-reactts-eslint-prettier,2,1,2021-05-29T13:47:13Z,2022-03-26T10:01:52Z,TypeScript
486948471,xdlrt,next-js-app-boilerplate,https://github.com/xdlrt/next-js-app-boilerplate,2,0,2022-04-29T11:35:36Z,2025-03-13T13:19:10Z,TypeScript
194037681,Zhuravlev1,sls-ts-aws-boilerplate,https://github.com/Zhuravlev1/sls-ts-aws-boilerplate,2,2,2019-06-27T06:41:16Z,2023-10-31T10:46:23Z,TypeScript
327983897,philipj93,supernext,https://github.com/philipj93/supernext,2,0,2021-01-08T18:38:19Z,2021-04-06T21:50:29Z,TypeScript
455721767,ibrahimyaacob92,miy-next-boilerplate,https://github.com/ibrahimyaacob92/miy-next-boilerplate,2,0,2022-02-04T23:03:48Z,2022-02-17T00:44:42Z,TypeScript
775908825,heseya,store-template-nuxt3,https://github.com/heseya/store-template-nuxt3,2,0,2024-03-22T09:36:55Z,2024-03-25T14:36:12Z,TypeScript
651476069,Chahine-tech,next13-trpc-boilerplate,https://github.com/Chahine-tech/next13-trpc-boilerplate,2,0,2023-06-09T10:14:31Z,2023-07-21T06:50:00Z,TypeScript
283335988,orlyohreally,angular-node.js-netlify-boilerplate,https://github.com/orlyohreally/angular-node.js-netlify-boilerplate,2,3,2020-07-28T21:52:06Z,2022-10-14T17:10:41Z,TypeScript
558854101,ageddesi,vite-ts-package-starter,https://github.com/ageddesi/vite-ts-package-starter,2,1,2022-10-28T12:57:02Z,2024-04-26T10:56:34Z,TypeScript
667071636,ChaiyapatOam,node-ts-boiler-prisma,https://github.com/ChaiyapatOam/node-ts-boiler-prisma,2,0,2023-07-16T14:48:35Z,2024-07-17T17:04:23Z,TypeScript
772966321,RajaRakoto,next-boilerplate,https://github.com/RajaRakoto/next-boilerplate,2,0,2024-03-16T11:22:57Z,2025-02-22T17:11:54Z,TypeScript
520939872,ixdlabs,react-ts-vite-starter,https://github.com/ixdlabs/react-ts-vite-starter,2,0,2022-08-03T15:41:20Z,2022-08-05T04:28:46Z,TypeScript
442314161,spencerbeggs,aws-cdk-template,https://github.com/spencerbeggs/aws-cdk-template,2,2,2021-12-28T01:16:35Z,2023-10-24T17:26:08Z,TypeScript
497011618,OpenCatalogi,web-app,https://github.com/OpenCatalogi/web-app,2,2,2022-05-27T13:41:16Z,2024-08-16T13:01:19Z,TypeScript
768809404,doinel1a,next-ts-hero-ui,https://github.com/doinel1a/next-ts-hero-ui,2,2,2024-03-07T19:18:17Z,2025-08-05T20:46:08Z,TypeScript
100500125,thomascsd,angular-express-starter,https://github.com/thomascsd/angular-express-starter,2,0,2017-08-16T14:46:29Z,2025-01-17T23:07:03Z,TypeScript
248431222,AnandChowdhary,node.ts,https://github.com/AnandChowdhary/node.ts,2,3,2020-03-19T06:50:16Z,2022-11-16T18:24:32Z,TypeScript
519015112,cuppachino,vite-react-ts-tailwind-zustand,https://github.com/cuppachino/vite-react-ts-tailwind-zustand,2,0,2022-07-28T22:52:52Z,2024-04-23T01:49:08Z,TypeScript
687510476,Nexel-Lab,aurora-starter,https://github.com/Nexel-Lab/aurora-starter,2,0,2023-09-05T13:59:36Z,2024-09-21T07:05:55Z,TypeScript
464858832,p-Jimenez,nestjs-api-template,https://github.com/p-Jimenez/nestjs-api-template,2,0,2022-03-01T11:05:52Z,2022-09-17T16:30:26Z,TypeScript
718947615,cha2hyun,nestjs-prisma-starter-kakao-oauth-jwt,https://github.com/cha2hyun/nestjs-prisma-starter-kakao-oauth-jwt,2,0,2023-11-15T05:43:50Z,2023-11-22T08:43:36Z,TypeScript
206926827,forgng,gatsby-ts-styled-template,https://github.com/forgng/gatsby-ts-styled-template,2,0,2019-09-07T06:35:03Z,2023-03-08T22:03:56Z,TypeScript
282269903,rekrus,express-react-boilerplate,https://github.com/rekrus/express-react-boilerplate,2,0,2020-07-24T16:38:28Z,2020-08-02T07:46:34Z,TypeScript
594950125,KuaqSon,nestjs-starter,https://github.com/KuaqSon/nestjs-starter,2,1,2023-01-30T04:13:37Z,2024-04-10T11:14:05Z,TypeScript
721149127,PxlSyl,pablo-pikassiet-next-starter,https://github.com/PxlSyl/pablo-pikassiet-next-starter,2,1,2023-11-20T13:07:09Z,2024-10-28T08:35:00Z,TypeScript
245435574,ChainSafe,react-scratchpad,https://github.com/ChainSafe/react-scratchpad,2,2,2020-03-06T14:07:24Z,2021-11-20T21:49:38Z,TypeScript
511771158,one-chance,next-starter,https://github.com/one-chance/next-starter,2,0,2022-07-08T05:17:22Z,2023-05-03T03:17:48Z,TypeScript
821862964,BlackCheppun,React-Native-Expo-boilerplate,https://github.com/BlackCheppun/React-Native-Expo-boilerplate,2,1,2024-06-29T16:48:41Z,2025-03-04T14:38:47Z,TypeScript
791340572,justisabelll,isabelll-saas-template,https://github.com/justisabelll/isabelll-saas-template,2,0,2024-04-24T14:40:53Z,2024-07-25T18:58:31Z,TypeScript
509726240,rubiin,starter-ts,https://github.com/rubiin/starter-ts,2,0,2022-07-02T10:35:38Z,2023-03-04T03:45:27Z,TypeScript
592416421,Oak-Digital,vite-library-starter,https://github.com/Oak-Digital/vite-library-starter,2,0,2023-01-23T17:29:00Z,2023-05-10T14:10:51Z,TypeScript
392940823,binoy638,express-typescript-boilerplate,https://github.com/binoy638/express-typescript-boilerplate,2,0,2021-08-05T07:08:33Z,2025-04-03T16:03:17Z,TypeScript
413267120,monstar-lab-oss,vuejs-boilerplate,https://github.com/monstar-lab-oss/vuejs-boilerplate,2,0,2021-10-04T03:57:16Z,2023-11-11T13:51:39Z,TypeScript
960628125,theteleporter,next-ts-starter,https://github.com/theteleporter/next-ts-starter,2,0,2025-04-04T19:06:56Z,2025-08-05T06:28:08Z,TypeScript
358798052,ClydeDz,netlify-functions-typescript,https://github.com/ClydeDz/netlify-functions-typescript,2,7,2021-04-17T06:00:14Z,2023-03-13T10:38:22Z,TypeScript
606994125,safwanmasarik,Azure-Function-Boilerplate-Api,https://github.com/safwanmasarik/Azure-Function-Boilerplate-Api,2,2,2023-02-27T04:46:01Z,2024-01-14T09:07:31Z,TypeScript
403252406,docusign,electron-react-boilerplate-docusign,https://github.com/docusign/electron-react-boilerplate-docusign,2,3,2021-09-05T08:16:04Z,2023-09-06T23:09:07Z,TypeScript
196868998,christopherarter,arter-typescript-express,https://github.com/christopherarter/arter-typescript-express,2,0,2019-07-14T18:15:39Z,2021-04-15T23:38:00Z,TypeScript
517407484,LekoArts,gatsby-plugin-starter,https://github.com/LekoArts/gatsby-plugin-starter,2,0,2022-07-24T18:38:59Z,2023-09-08T08:23:34Z,TypeScript
495987888,chmalo,skeleton-react-18-with-vite,https://github.com/chmalo/skeleton-react-18-with-vite,2,1,2022-05-24T21:05:36Z,2022-09-07T12:20:40Z,TypeScript
740712139,glazk0,svelte-starter-kit,https://github.com/glazk0/svelte-starter-kit,2,0,2024-01-08T22:53:20Z,2024-04-20T00:25:36Z,TypeScript
697635478,tanishqmanuja,boilerplate.express,https://github.com/tanishqmanuja/boilerplate.express,2,0,2023-09-28T06:52:51Z,2024-01-16T08:34:35Z,TypeScript
896527888,memfreeme,pagegen,https://github.com/memfreeme/pagegen,2,2,2024-11-30T15:51:09Z,2025-08-09T15:37:59Z,TypeScript
313628936,mishabruml,ts-node-starter,https://github.com/mishabruml/ts-node-starter,2,1,2020-11-17T13:30:50Z,2022-12-10T22:16:50Z,TypeScript
329920348,mortimr,nestjs-session-authentication,https://github.com/mortimr/nestjs-session-authentication,2,0,2021-01-15T13:30:47Z,2023-09-12T21:05:13Z,TypeScript
577496902,baydisng13,nextjs-tailwind-ts-starter,https://github.com/baydisng13/nextjs-tailwind-ts-starter,2,0,2022-12-12T21:43:09Z,2025-03-21T06:11:37Z,TypeScript
853286147,codesign-cloud,cdc-figma-plugin-react-starterkit,https://github.com/codesign-cloud/cdc-figma-plugin-react-starterkit,2,0,2024-09-06T11:02:52Z,2025-07-23T13:59:10Z,TypeScript
432394625,ameykhale,telegram-bot-serverless-typescript-template,https://github.com/ameykhale/telegram-bot-serverless-typescript-template,2,0,2021-11-27T07:16:05Z,2024-12-14T10:27:32Z,TypeScript
293280298,NodeFactoryIo,react-web3-starter,https://github.com/NodeFactoryIo/react-web3-starter,2,0,2020-09-06T13:15:43Z,2023-02-06T20:50:29Z,TypeScript
288021667,devdbreno,tsbp,https://github.com/devdbreno/tsbp,2,0,2020-08-16T20:46:06Z,2021-01-16T22:13:28Z,TypeScript
515879747,AlexK89,reactjs-vite-boilerplate,https://github.com/AlexK89/reactjs-vite-boilerplate,2,0,2022-07-20T07:32:22Z,2024-02-23T16:42:07Z,TypeScript
924856546,GabrielCirqueira,Skeleton-Symfony-React,https://github.com/GabrielCirqueira/Skeleton-Symfony-React,2,1,2025-01-30T19:14:18Z,2025-06-01T21:41:52Z,TypeScript
521822548,Proskynete,cypress-cucumber-boilerplate,https://github.com/Proskynete/cypress-cucumber-boilerplate,2,1,2022-08-06T02:03:53Z,2022-08-15T15:23:56Z,TypeScript
374327899,AbrialStha,NestJs-BoilerPlate,https://github.com/AbrialStha/NestJs-BoilerPlate,2,0,2021-06-06T10:13:44Z,2025-03-31T13:45:58Z,TypeScript
889500007,madebyarthouse,arthouse-starter-kit,https://github.com/madebyarthouse/arthouse-starter-kit,2,0,2024-11-16T13:43:05Z,2024-11-16T15:46:41Z,TypeScript
115712603,cham11ng,ts-package-starter,https://github.com/cham11ng/ts-package-starter,2,0,2017-12-29T10:21:50Z,2023-10-01T18:09:49Z,TypeScript
413515609,jotaajunior,ts-package-template,https://github.com/jotaajunior/ts-package-template,2,1,2021-10-04T17:12:23Z,2023-03-10T08:12:26Z,TypeScript
284544322,perryraskin,nextjs-tailwindcss-starter,https://github.com/perryraskin/nextjs-tailwindcss-starter,2,0,2020-08-02T21:24:14Z,2023-03-01T14:01:04Z,TypeScript
273492815,tillhoffmann1411,node-boilerplate,https://github.com/tillhoffmann1411/node-boilerplate,2,1,2020-06-19T12:50:21Z,2020-10-21T09:43:52Z,TypeScript
370960319,zaakzaku,nextjs-typescript-tailwind-boilerplate,https://github.com/zaakzaku/nextjs-typescript-tailwind-boilerplate,2,0,2021-05-26T08:23:35Z,2023-12-07T05:25:07Z,TypeScript
627430806,ilse31,react-scratch-boilerplate,https://github.com/ilse31/react-scratch-boilerplate,2,1,2023-04-13T13:01:58Z,2024-06-22T16:14:52Z,TypeScript
693116596,jhonatan-oliveiradev,template-frontend,https://github.com/jhonatan-oliveiradev/template-frontend,2,0,2023-09-18T11:37:19Z,2023-09-29T11:46:38Z,TypeScript
471066052,maxgfr,starter-express-typescript,https://github.com/maxgfr/starter-express-typescript,2,0,2022-03-17T16:49:20Z,2025-04-08T18:37:16Z,TypeScript
322064073,xfo,react-parcel-v2-starter-bolierplate,https://github.com/xfo/react-parcel-v2-starter-bolierplate,2,0,2020-12-16T18:09:26Z,2021-03-10T00:47:02Z,TypeScript
385812307,seanwash,next-typescript-starter,https://github.com/seanwash/next-typescript-starter,2,0,2021-07-14T04:24:37Z,2021-07-24T07:25:22Z,TypeScript
737845251,shalexandeer,Ionic-React-Vite-Tailwind-KonstaUI-starter-kits,https://github.com/shalexandeer/Ionic-React-Vite-Tailwind-KonstaUI-starter-kits,2,0,2024-01-01T17:52:46Z,2024-02-06T21:54:23Z,TypeScript
449847824,accezar,bff-node-start,https://github.com/accezar/bff-node-start,2,0,2022-01-19T20:38:34Z,2023-04-27T02:24:32Z,TypeScript
631397811,shakizwastaken,node-typescript-starter,https://github.com/shakizwastaken/node-typescript-starter,2,0,2023-04-22T22:32:48Z,2025-01-15T17:12:12Z,TypeScript
521485411,vtrbo,starter-unplugin,https://github.com/vtrbo/starter-unplugin,2,0,2022-08-05T03:06:05Z,2023-08-03T07:30:03Z,TypeScript
840069935,vinayakkulkarni,canvas-nuxt-boilerplate,https://github.com/vinayakkulkarni/canvas-nuxt-boilerplate,2,1,2024-08-08T23:05:13Z,2024-09-11T02:00:59Z,TypeScript
537125648,walosha,template,https://github.com/walosha/template,2,0,2022-09-15T17:00:17Z,2023-02-08T14:20:52Z,TypeScript
949560321,vratix-dev,express-ts-starter,https://github.com/vratix-dev/express-ts-starter,2,0,2025-03-16T18:16:51Z,2025-07-29T09:47:38Z,TypeScript
473164858,yjl9903,starter-ts,https://github.com/yjl9903/starter-ts,2,0,2022-03-23T11:49:54Z,2025-08-11T04:21:38Z,TypeScript
570857135,Jean-baptisteColette,nextjs-boilerplate,https://github.com/Jean-baptisteColette/nextjs-boilerplate,2,0,2022-11-26T11:04:32Z,2025-07-06T10:31:42Z,TypeScript
567490834,werdnajoc,base-nest-boilerplate,https://github.com/werdnajoc/base-nest-boilerplate,2,0,2022-11-17T22:46:01Z,2023-07-06T08:24:20Z,TypeScript
641683633,samhwang,ts-starter-template,https://github.com/samhwang/ts-starter-template,2,0,2023-05-17T00:36:56Z,2025-06-03T11:59:15Z,TypeScript
747079057,Zainal21,nuxt3-quick-starter,https://github.com/Zainal21/nuxt3-quick-starter,2,0,2024-01-23T08:15:54Z,2024-05-08T21:49:48Z,TypeScript
854889315,dbanksdesign,amplify-ai-starter,https://github.com/dbanksdesign/amplify-ai-starter,2,3,2024-09-10T00:01:03Z,2024-11-19T20:25:24Z,TypeScript
218612159,jaspenlind,node-ts-starter-template,https://github.com/jaspenlind/node-ts-starter-template,2,1,2019-10-30T19:56:34Z,2022-08-05T01:05:23Z,TypeScript
844904773,elonehoo-starter,wxt,https://github.com/elonehoo-starter/wxt,2,0,2024-08-20T07:38:53Z,2024-09-26T09:37:55Z,TypeScript
490761086,jellydn,react-lib-starter,https://github.com/jellydn/react-lib-starter,2,0,2022-05-10T15:40:18Z,2025-08-05T18:15:22Z,TypeScript
305351429,martinrebo,boilerplate-archived,https://github.com/martinrebo/boilerplate-archived,2,0,2020-10-19T10:47:54Z,2025-06-12T07:15:30Z,TypeScript
577644602,kirklin,boot-unplugin,https://github.com/kirklin/boot-unplugin,2,1,2022-12-13T07:48:07Z,2025-07-05T09:15:57Z,TypeScript
504921188,codenickycode,react-boilerplate,https://github.com/codenickycode/react-boilerplate,2,2,2022-06-18T18:28:02Z,2024-10-18T23:10:12Z,TypeScript
237326412,THIAGODENNY,nestjs-serverless-boilerplate,https://github.com/THIAGODENNY/nestjs-serverless-boilerplate,2,1,2020-01-30T23:33:11Z,2022-08-15T06:34:04Z,TypeScript
202347172,rpidanny,serverless-cognito-boilerplate,https://github.com/rpidanny/serverless-cognito-boilerplate,2,2,2019-08-14T12:34:00Z,2023-03-08T16:47:11Z,TypeScript
464475732,pom421,next-ts-eslint-starter,https://github.com/pom421/next-ts-eslint-starter,2,0,2022-02-28T12:35:50Z,2023-01-16T12:32:19Z,TypeScript
604211232,GeneralMagicio,next-web3-starter,https://github.com/GeneralMagicio/next-web3-starter,2,1,2023-02-20T15:13:13Z,2024-02-07T22:08:14Z,TypeScript
619886352,n1md7,three-boilerplate,https://github.com/n1md7/three-boilerplate,2,1,2023-03-27T15:54:18Z,2024-09-15T09:31:01Z,TypeScript
575065114,mys1024,starter-deno,https://github.com/mys1024/starter-deno,2,0,2022-12-06T17:16:23Z,2025-05-22T15:09:07Z,TypeScript
205552902,yugasun,nestjs-starter,https://github.com/yugasun/nestjs-starter,2,0,2019-08-31T14:11:45Z,2019-12-27T01:52:30Z,TypeScript
307953847,ryansonshine,serverless-typescript-vscode-starter,https://github.com/ryansonshine/serverless-typescript-vscode-starter,2,0,2020-10-28T08:38:13Z,2021-08-23T06:19:21Z,TypeScript
624469170,dreamquality,starter-ts-playwright,https://github.com/dreamquality/starter-ts-playwright,2,0,2023-04-06T14:34:04Z,2025-07-23T04:27:03Z,TypeScript
679167847,wearefrank,skeleton,https://github.com/wearefrank/skeleton,2,0,2023-08-16T08:42:29Z,2025-07-18T13:58:56Z,TypeScript
262973613,SadraSamadi,electron-app-starter,https://github.com/SadraSamadi/electron-app-starter,2,0,2020-05-11T07:42:47Z,2020-09-10T06:04:54Z,TypeScript
349602076,tnarla,electron-boilerplate,https://github.com/tnarla/electron-boilerplate,2,2,2021-03-20T01:55:01Z,2022-04-12T21:10:44Z,TypeScript
695053844,bao-io,starter-react,https://github.com/bao-io/starter-react,2,0,2023-09-22T08:52:55Z,2023-12-26T02:24:42Z,TypeScript
473972948,hubvue,mono-repo-starter,https://github.com/hubvue/mono-repo-starter,2,0,2022-03-25T10:54:42Z,2024-04-25T13:15:37Z,TypeScript
666788749,shakibdshy,rizzui-starter-template,https://github.com/shakibdshy/rizzui-starter-template,2,0,2023-07-15T15:23:30Z,2025-02-07T20:20:09Z,TypeScript
692612792,bao-io,starter-nest,https://github.com/bao-io/starter-nest,2,0,2023-09-17T03:00:53Z,2023-12-26T02:24:44Z,TypeScript
879577915,yeasin2002,npm-starter,https://github.com/yeasin2002/npm-starter,2,0,2024-10-28T07:06:55Z,2025-06-16T04:02:22Z,TypeScript
296865597,renanwilliam,serverless-nodejs-starter,https://github.com/renanwilliam/serverless-nodejs-starter,2,0,2020-09-19T12:36:36Z,2023-10-23T11:45:40Z,TypeScript
680703892,reeswell,next-multilang-starter,https://github.com/reeswell/next-multilang-starter,2,0,2023-08-20T05:55:00Z,2025-06-30T09:45:06Z,TypeScript
473972272,hubvue,single-repo-starter,https://github.com/hubvue/single-repo-starter,2,0,2022-03-25T10:52:22Z,2024-04-25T13:14:32Z,TypeScript
735251210,bao-io,starter-ts,https://github.com/bao-io/starter-ts,2,0,2023-12-24T08:12:53Z,2023-12-26T02:24:04Z,TypeScript
317033005,Tekipeps,ts-backend-starter,https://github.com/Tekipeps/ts-backend-starter,2,0,2020-11-29T20:03:51Z,2022-07-18T20:45:31Z,TypeScript
462693658,bontaramsonta,bontaramsonta-nestjs-starter,https://github.com/bontaramsonta/bontaramsonta-nestjs-starter,2,0,2022-02-23T10:50:24Z,2023-03-07T04:52:26Z,TypeScript
600789730,ITSS-Linux-System-Final-Project,typescript-nextjs-boilerplate,https://github.com/ITSS-Linux-System-Final-Project/typescript-nextjs-boilerplate,2,2,2023-02-12T15:58:09Z,2023-06-19T06:18:43Z,TypeScript
405405746,jananadiw,nuxt-typescript-sass-boilerplate,https://github.com/jananadiw/nuxt-typescript-sass-boilerplate,2,0,2021-09-11T14:51:25Z,2024-09-13T23:56:04Z,TypeScript
652576382,Layouwen,express-typescript-starter,https://github.com/Layouwen/express-typescript-starter,2,0,2023-06-12T11:01:09Z,2024-10-24T08:45:34Z,TypeScript
758943897,nelsonfrank,tsnode-express-starter,https://github.com/nelsonfrank/tsnode-express-starter,2,1,2024-02-17T14:36:09Z,2024-02-19T23:38:33Z,TypeScript
376630351,alextwothousand,altv-svelte-ts-boilerplate,https://github.com/alextwothousand/altv-svelte-ts-boilerplate,2,1,2021-06-13T20:02:32Z,2021-06-15T00:13:47Z,TypeScript
908459227,yuangwei,lit-app-boilerplate,https://github.com/yuangwei/lit-app-boilerplate,2,0,2024-12-26T06:03:38Z,2025-01-06T08:08:36Z,TypeScript
492318897,tovade,discord-bot-boilerplate,https://github.com/tovade/discord-bot-boilerplate,2,0,2022-05-14T20:28:56Z,2023-03-04T16:44:15Z,TypeScript
785580714,blockhackersio,zk-starter,https://github.com/blockhackersio/zk-starter,2,0,2024-04-12T07:13:13Z,2024-06-06T16:24:11Z,TypeScript
796200941,ashsajal1,react-saas-template,https://github.com/ashsajal1/react-saas-template,2,0,2024-05-05T08:41:07Z,2025-08-08T19:22:08Z,TypeScript
735696119,jarrodmedrano,jarrod-starter,https://github.com/jarrodmedrano/jarrod-starter,2,0,2023-12-25T21:25:57Z,2024-12-31T19:08:43Z,TypeScript
711220817,ummarikar,boilerplate-club,https://github.com/ummarikar/boilerplate-club,2,1,2023-10-28T15:17:30Z,2025-01-30T17:00:51Z,TypeScript
496874079,KingOfTac,vite-fast-template,https://github.com/KingOfTac/vite-fast-template,2,0,2022-05-27T05:37:10Z,2022-08-28T08:32:34Z,TypeScript
653169507,TheNolle,DiscordJS-Template-TypeScript,https://github.com/TheNolle/DiscordJS-Template-TypeScript,2,0,2023-06-13T14:28:17Z,2023-12-21T16:24:32Z,TypeScript
692602359,bao-io,starter-vue3,https://github.com/bao-io/starter-vue3,2,0,2023-09-17T01:54:34Z,2023-12-26T02:23:53Z,TypeScript
235223684,mpppk,chrome-ext-with-cra-ts,https://github.com/mpppk/chrome-ext-with-cra-ts,2,3,2020-01-21T00:16:49Z,2024-07-18T04:11:42Z,TypeScript
553016048,Zer0Wav3s,nextjs-ts-boilerplate,https://github.com/Zer0Wav3s/nextjs-ts-boilerplate,2,0,2022-10-17T15:24:29Z,2023-02-02T10:47:50Z,TypeScript
519630652,molo-7,djs-ts-starter,https://github.com/molo-7/djs-ts-starter,2,0,2022-07-30T22:14:47Z,2025-06-10T13:44:06Z,TypeScript
687754547,datopian,portaljs-frontend-starter,https://github.com/datopian/portaljs-frontend-starter,2,0,2023-09-06T00:07:01Z,2025-06-26T19:41:26Z,TypeScript
712120250,digimonkt,monorepo-express-next-boilerplate,https://github.com/digimonkt/monorepo-express-next-boilerplate,2,0,2023-10-30T20:39:28Z,2025-07-03T17:21:29Z,TypeScript
468201077,ahmedriad1,remix-boilerplate,https://github.com/ahmedriad1/remix-boilerplate,2,0,2022-03-10T05:05:19Z,2023-03-09T02:05:16Z,TypeScript
850029558,Alexangelj,dapp-template,https://github.com/Alexangelj/dapp-template,2,0,2024-08-30T18:24:18Z,2024-08-30T20:09:02Z,TypeScript
809551277,AndreaDiazCorreia,nestjs-boilerplate-prisma,https://github.com/AndreaDiazCorreia/nestjs-boilerplate-prisma,2,0,2024-06-03T01:43:18Z,2024-06-04T03:54:57Z,TypeScript
428372461,mikestecker,next-boilerplate,https://github.com/mikestecker/next-boilerplate,2,0,2021-11-15T18:11:47Z,2023-05-29T22:38:06Z,TypeScript
816457372,prozilla-os,ProzillaOS-boilerplate,https://github.com/prozilla-os/ProzillaOS-boilerplate,2,2,2024-06-17T19:48:03Z,2024-10-27T14:44:37Z,TypeScript
751524907,manriqueluis98,nextjs-shadcn-boilerplate,https://github.com/manriqueluis98/nextjs-shadcn-boilerplate,2,2,2024-02-01T19:25:50Z,2024-05-26T05:35:18Z,TypeScript
976773535,hectorm,nuxt-starter,https://github.com/hectorm/nuxt-starter,2,0,2025-05-02T18:12:57Z,2025-07-23T13:01:11Z,TypeScript
298957508,serverless-seoul,serverless-app-boilerplate,https://github.com/serverless-seoul/serverless-app-boilerplate,2,0,2020-09-27T05:07:50Z,2021-07-04T07:36:42Z,TypeScript
621170902,sNishant011,react-admin-starter,https://github.com/sNishant011/react-admin-starter,2,1,2023-03-30T06:06:58Z,2023-04-01T15:21:00Z,TypeScript
1017092038,faderik,react-ts-template,https://github.com/faderik/react-ts-template,2,0,2025-07-10T02:43:35Z,2025-07-21T04:03:46Z,TypeScript
623390250,FairyScript,react-boilerplate,https://github.com/FairyScript/react-boilerplate,2,0,2023-04-04T09:22:58Z,2025-05-26T03:00:24Z,TypeScript
442439073,santigp258,vite-boilerplate,https://github.com/santigp258/vite-boilerplate,2,0,2021-12-28T11:15:21Z,2023-03-25T12:05:21Z,TypeScript
837912924,NinjaSaas,nextjs-boilerplate,https://github.com/NinjaSaas/nextjs-boilerplate,2,0,2024-08-04T12:19:36Z,2024-08-05T15:06:39Z,TypeScript
1022616182,Alpharii,remix-boilerplate,https://github.com/Alpharii/remix-boilerplate,2,0,2025-07-19T13:07:52Z,2025-07-19T17:07:17Z,TypeScript
450334981,qq15725,starter-veno-admin,https://github.com/qq15725/starter-veno-admin,2,0,2022-01-21T03:05:42Z,2023-02-28T09:07:06Z,TypeScript
397340601,SaltyAom,vite-react-starter,https://github.com/SaltyAom/vite-react-starter,2,1,2021-08-17T17:32:34Z,2021-08-18T06:54:28Z,TypeScript
598265298,timfuhrmann,lit-vite-starter-kit,https://github.com/timfuhrmann/lit-vite-starter-kit,2,0,2023-02-06T18:46:21Z,2023-05-15T11:34:46Z,TypeScript
495191503,mutableJS,template-starter-typescript,https://github.com/mutableJS/template-starter-typescript,2,0,2022-05-22T22:26:08Z,2022-08-04T14:33:38Z,TypeScript
626807778,brandonxiang,ts-lib-starter,https://github.com/brandonxiang/ts-lib-starter,2,0,2023-04-12T07:47:36Z,2025-02-07T11:20:43Z,TypeScript
940148045,sagarsys,nextjs-starter-template,https://github.com/sagarsys/nextjs-starter-template,2,0,2025-02-27T17:33:57Z,2025-03-24T22:50:00Z,TypeScript
903415416,iAmCorey,nextjs-starter-template,https://github.com/iAmCorey/nextjs-starter-template,2,0,2024-12-14T14:46:22Z,2025-03-07T01:14:30Z,TypeScript
558810371,fildon,react-ts-starter,https://github.com/fildon/react-ts-starter,2,1,2022-10-28T10:53:16Z,2024-04-02T17:40:45Z,TypeScript
333539038,Vertexvis,vertex-koa-starter,https://github.com/Vertexvis/vertex-koa-starter,2,1,2021-01-27T19:37:41Z,2023-01-22T19:47:59Z,TypeScript
737693925,lifeparticle,reactjs-starter-template-mui,https://github.com/lifeparticle/reactjs-starter-template-mui,2,0,2024-01-01T05:34:37Z,2024-04-05T14:04:25Z,TypeScript
689237328,recallwei,react-native-cli-ts-starter-template,https://github.com/recallwei/react-native-cli-ts-starter-template,2,0,2023-09-09T07:19:07Z,2024-12-20T12:14:15Z,TypeScript
730615089,lifeparticle,reactjs-starter-template-antd,https://github.com/lifeparticle/reactjs-starter-template-antd,2,0,2023-12-12T10:02:24Z,2024-04-05T14:04:48Z,TypeScript
541100567,brandonxiang,vite-antd-starter,https://github.com/brandonxiang/vite-antd-starter,2,0,2022-09-25T08:13:35Z,2025-07-15T09:04:00Z,TypeScript
541390788,widcardw,vue-tsx-starter-lite,https://github.com/widcardw/vue-tsx-starter-lite,2,0,2022-09-26T03:20:46Z,2023-10-17T07:29:06Z,TypeScript
247373595,theBoEffect,boilerplate,https://github.com/theBoEffect/boilerplate,3,3,2020-03-15T00:11:25Z,2023-06-12T06:50:14Z,TypeScript
511310891,mrchriscarpenter,next-starter,https://github.com/mrchriscarpenter/next-starter,3,26,2022-07-06T22:34:21Z,2025-07-21T19:18:02Z,TypeScript
284078684,coreybruyere,skeleton-ui,https://github.com/coreybruyere/skeleton-ui,3,3,2020-07-31T16:16:16Z,2023-08-23T15:30:16Z,TypeScript
886635911,sofiatechnology,boilerplate-react-native-paper,https://github.com/sofiatechnology/boilerplate-react-native-paper,3,3,2024-11-11T10:33:15Z,2025-02-24T11:27:36Z,TypeScript
305362769,teamstarter,gsg-boilerplate-typescript,https://github.com/teamstarter/gsg-boilerplate-typescript,3,7,2020-10-19T11:34:28Z,2024-10-24T15:06:18Z,TypeScript
500206057,typescriptstarter,ts-backend-starter-app,https://github.com/typescriptstarter/ts-backend-starter-app,3,5,2022-06-05T20:35:24Z,2023-11-21T11:06:52Z,TypeScript
761884732,tesselate-ai,starter,https://github.com/tesselate-ai/starter,3,0,2024-02-22T17:06:06Z,2024-07-03T02:45:44Z,TypeScript
1016907983,livekit-examples,agent-starter-embed,https://github.com/livekit-examples/agent-starter-embed,3,6,2025-07-09T18:00:10Z,2025-08-10T09:23:30Z,TypeScript
611665234,caisy-io,starter-template-next-simple-blog,https://github.com/caisy-io/starter-template-next-simple-blog,3,6,2023-03-09T09:43:55Z,2024-09-24T13:57:26Z,TypeScript
511927544,kaymomin,StarterKit-DefiDashboard,https://github.com/kaymomin/StarterKit-DefiDashboard,3,4,2022-07-08T14:40:44Z,2024-08-20T18:42:53Z,TypeScript
715656777,fedibtc,ModBoilerplate,https://github.com/fedibtc/ModBoilerplate,3,4,2023-11-07T15:17:43Z,2024-10-22T18:22:40Z,TypeScript
563999508,near,boilerplate-template-js,https://github.com/near/boilerplate-template-js,3,2,2022-11-09T19:26:18Z,2024-12-03T14:30:03Z,TypeScript
647366886,nelwincatalogo,next14-tailwind,https://github.com/nelwincatalogo/next14-tailwind,3,3,2023-05-30T16:14:22Z,2025-07-13T18:56:59Z,TypeScript
338559063,j0nezz,next-starter,https://github.com/j0nezz/next-starter,3,5,2021-02-13T11:26:56Z,2024-11-16T03:50:55Z,TypeScript
437650503,mihailtd,starter,https://github.com/mihailtd/starter,3,0,2021-12-12T20:34:21Z,2023-06-18T08:16:14Z,TypeScript
919767596,parazeeknova,nyxforge,https://github.com/parazeeknova/nyxforge,3,2,2025-01-21T01:14:58Z,2025-03-27T05:30:37Z,TypeScript
270917998,pathscale,vue3-starter,https://github.com/pathscale/vue3-starter,3,4,2020-06-09T06:10:21Z,2025-05-10T07:54:05Z,TypeScript
452130138,lukuku-dev,nextjs-boilerplate,https://github.com/lukuku-dev/nextjs-boilerplate,3,7,2022-01-26T03:38:35Z,2024-12-20T07:10:39Z,TypeScript
886660296,nouz-org,starter,https://github.com/nouz-org/starter,3,0,2024-11-11T11:28:50Z,2024-12-10T13:20:23Z,TypeScript
402876764,PhaserEditor2D,starter-example-volcano,https://github.com/PhaserEditor2D/starter-example-volcano,3,7,2021-09-03T19:22:32Z,2023-04-21T12:10:38Z,TypeScript
919508999,checkly,nextjs-checkly-starter-template,https://github.com/checkly/nextjs-checkly-starter-template,3,3,2025-01-20T14:19:32Z,2025-07-22T14:03:08Z,TypeScript
894314767,302ai,302_starter,https://github.com/302ai/302_starter,3,2,2024-11-26T06:19:12Z,2025-02-28T06:38:39Z,TypeScript
175571777,0xcadams,accelerate-starter,https://github.com/0xcadams/accelerate-starter,3,2,2019-03-14T07:39:10Z,2021-04-25T18:49:29Z,TypeScript
442110863,denosaurabh,next-stitches-zustand,https://github.com/denosaurabh/next-stitches-zustand,3,0,2021-12-27T09:20:57Z,2022-01-29T09:31:17Z,TypeScript
652494299,sismo-core,sismo-connect-boilerplate-offchain,https://github.com/sismo-core/sismo-connect-boilerplate-offchain,3,2,2023-06-12T07:29:36Z,2025-08-07T03:10:36Z,TypeScript
835964862,hytea,react-fire-starter,https://github.com/hytea/react-fire-starter,3,2,2024-07-30T22:13:21Z,2024-08-06T20:00:17Z,TypeScript
646228008,tjx666,unplugin-starter,https://github.com/tjx666/unplugin-starter,3,0,2023-05-27T17:41:51Z,2024-11-30T03:52:40Z,TypeScript
586885542,cheers-io,nuxt-3-boilerplate-minimal,https://github.com/cheers-io/nuxt-3-boilerplate-minimal,3,0,2023-01-09T13:14:53Z,2023-02-10T12:00:56Z,TypeScript
442064620,daotl,fes-starter,https://github.com/daotl/fes-starter,3,2,2021-12-27T05:56:26Z,2024-06-11T10:03:26Z,TypeScript
348146307,misterdev,threejs-starter,https://github.com/misterdev/threejs-starter,3,0,2021-03-15T22:59:31Z,2023-03-08T16:51:32Z,TypeScript
515340010,angeloricardoweb,boilerplate-react,https://github.com/angeloricardoweb/boilerplate-react,3,2,2022-07-18T21:01:01Z,2023-03-31T12:02:48Z,TypeScript
591198506,ulivz,ts-monorepo-starter,https://github.com/ulivz/ts-monorepo-starter,3,2,2023-01-20T06:38:51Z,2025-07-23T02:26:11Z,TypeScript
968178230,devsForFun,starterkit,https://github.com/devsForFun/starterkit,3,2,2025-04-17T16:28:16Z,2025-07-14T11:00:03Z,TypeScript
516761671,IrDaSt,nestjs_template,https://github.com/IrDaSt/nestjs_template,3,0,2022-07-22T13:31:16Z,2022-10-13T01:19:25Z,TypeScript
643124701,blazingh,nestjs-boilerplate,https://github.com/blazingh/nestjs-boilerplate,3,0,2023-05-20T07:10:27Z,2025-03-18T03:34:19Z,TypeScript
983742579,reddit,devvit-template-phaser,https://github.com/reddit/devvit-template-phaser,3,3,2025-05-14T21:04:56Z,2025-08-05T19:39:28Z,TypeScript
741121389,viktoriabakun,baby-boilerplate,https://github.com/viktoriabakun/baby-boilerplate,3,0,2024-01-09T18:33:11Z,2025-03-31T19:21:21Z,TypeScript
797636640,diva-e-aem,eds-boilerplate,https://github.com/diva-e-aem/eds-boilerplate,3,3,2024-05-08T08:18:25Z,2025-01-23T22:25:54Z,TypeScript
328504273,tatupesonen,aoc-typescript-starter,https://github.com/tatupesonen/aoc-typescript-starter,3,1,2021-01-10T23:55:18Z,2024-11-10T23:28:40Z,TypeScript
661182753,nchartiot,green-edge-starter,https://github.com/nchartiot/green-edge-starter,3,2,2023-07-02T03:48:59Z,2024-12-30T09:51:48Z,TypeScript
520407067,tanmaymishu,express-ts-api-starter,https://github.com/tanmaymishu/express-ts-api-starter,3,2,2022-08-02T08:04:24Z,2024-01-28T07:48:11Z,TypeScript
624196638,jcamp-code,starter-vitepress-theme,https://github.com/jcamp-code/starter-vitepress-theme,3,1,2023-04-06T00:27:20Z,2024-05-12T14:32:52Z,TypeScript
963298168,ywc0008,next.js-neon-boilerplate,https://github.com/ywc0008/next.js-neon-boilerplate,3,0,2025-04-09T13:16:38Z,2025-04-28T09:17:37Z,TypeScript
533952384,og-neth,vite-vue3-vuetify-ts-starter,https://github.com/og-neth/vite-vue3-vuetify-ts-starter,3,1,2022-09-07T21:43:06Z,2023-10-22T14:26:21Z,TypeScript
76117474,cloudlena,nodejs-typescript-boilerplate,https://github.com/cloudlena/nodejs-typescript-boilerplate,3,4,2016-12-10T14:29:08Z,2023-01-10T22:01:42Z,TypeScript
585076757,techreturners,ts-template-with-jest-tests,https://github.com/techreturners/ts-template-with-jest-tests,3,39,2023-01-04T09:00:55Z,2024-12-05T08:44:11Z,TypeScript
715358136,ryanf10,ts-nextjs-tailwind-hoc-starter,https://github.com/ryanf10/ts-nextjs-tailwind-hoc-starter,3,1,2023-11-07T01:27:24Z,2025-02-15T04:12:59Z,TypeScript
1031103930,allenyan513,nextjs-nestjs-saas-starter,https://github.com/allenyan513/nextjs-nestjs-saas-starter,3,1,2025-08-03T02:43:52Z,2025-08-08T09:14:10Z,TypeScript
587248621,defartsa23,clean-architecture-nestjs,https://github.com/defartsa23/clean-architecture-nestjs,3,2,2023-01-10T10:03:50Z,2024-01-24T11:44:15Z,TypeScript
419964183,mateuszperlak,serverless-typescript-template,https://github.com/mateuszperlak/serverless-typescript-template,3,2,2021-10-22T04:22:09Z,2025-06-28T05:55:08Z,TypeScript
250214863,daphnesmit,react-typescript-styled-system-boilerplate,https://github.com/daphnesmit/react-typescript-styled-system-boilerplate,3,5,2020-03-26T09:30:34Z,2021-03-29T04:23:13Z,TypeScript
451490095,Atyantik,nestjs-mongo-boilerplate,https://github.com/Atyantik/nestjs-mongo-boilerplate,3,0,2022-01-24T14:09:46Z,2024-04-15T02:38:36Z,TypeScript
742509965,DenysVuika,adf-starter-acs,https://github.com/DenysVuika/adf-starter-acs,3,2,2024-01-12T16:32:29Z,2024-02-16T16:31:38Z,TypeScript
737827719,jrTilak,mern-template,https://github.com/jrTilak/mern-template,3,3,2024-01-01T16:40:38Z,2025-07-17T08:29:29Z,TypeScript
719401484,Adedoyin-Emmanuel,nodejs-template,https://github.com/Adedoyin-Emmanuel/nodejs-template,3,0,2023-11-16T04:43:34Z,2024-06-20T10:40:48Z,TypeScript
596542281,Sv443,React-Three-Electron-Template,https://github.com/Sv443/React-Three-Electron-Template,3,2,2023-02-02T12:17:08Z,2025-07-25T23:04:27Z,TypeScript
622233942,enabling-solutions,digital-experience-template,https://github.com/enabling-solutions/digital-experience-template,3,0,2023-04-01T14:14:50Z,2024-03-23T09:13:37Z,TypeScript
383621001,micahgodbolt,fluid-react-starter,https://github.com/micahgodbolt/fluid-react-starter,3,2,2021-07-06T23:25:47Z,2023-02-12T20:20:36Z,TypeScript
542483360,allenh,typescript-fullstack-monorepo-boilerplate,https://github.com/allenh/typescript-fullstack-monorepo-boilerplate,3,1,2022-09-28T08:24:43Z,2025-07-09T23:30:22Z,TypeScript
976341686,marjer7,ads-vibecode,https://github.com/marjer7/ads-vibecode,3,4,2025-05-02T00:00:49Z,2025-06-12T01:01:46Z,TypeScript
584430187,ReoHakase,mystack,https://github.com/ReoHakase/mystack,3,2,2023-01-02T14:46:59Z,2023-12-06T15:55:58Z,TypeScript
763579373,mohammadGh,my-typescript-library-starter,https://github.com/mohammadGh/my-typescript-library-starter,3,0,2024-02-26T15:01:12Z,2025-05-16T09:41:13Z,TypeScript
625866121,muneebhashone,next-chakra-graphql-starter,https://github.com/muneebhashone/next-chakra-graphql-starter,3,0,2023-04-10T09:22:36Z,2024-03-11T10:16:12Z,TypeScript
315499960,hatr1ck,ProgrammingBuddiesStarter,https://github.com/hatr1ck/ProgrammingBuddiesStarter,3,5,2020-11-24T02:46:09Z,2021-04-12T06:32:38Z,TypeScript
877439679,AliTaee,moon-package-starter,https://github.com/AliTaee/moon-package-starter,3,0,2024-10-23T16:46:20Z,2024-11-10T06:40:35Z,TypeScript
604643113,abereghici,turborepo-vite-boilerplate,https://github.com/abereghici/turborepo-vite-boilerplate,3,0,2023-02-21T13:49:25Z,2024-09-03T10:33:20Z,TypeScript
809586977,tuon1602,nextjs14-boilerplate,https://github.com/tuon1602/nextjs14-boilerplate,3,0,2024-06-03T04:01:49Z,2025-04-13T03:44:52Z,TypeScript
668604430,sonjoydatta,nestjs-boilerplate,https://github.com/sonjoydatta/nestjs-boilerplate,3,0,2023-07-20T07:40:29Z,2024-05-30T12:53:28Z,TypeScript
622625802,jimmy-guzman,react-starter,https://github.com/jimmy-guzman/react-starter,3,2,2023-04-02T16:58:06Z,2025-08-10T15:38:44Z,TypeScript
736307452,LeeByeongMuk,nextjs-starter-kit,https://github.com/LeeByeongMuk/nextjs-starter-kit,3,0,2023-12-27T14:50:09Z,2025-02-07T12:43:32Z,TypeScript
993153671,Ridho894,nestjs-graphql-mongo-starter,https://github.com/Ridho894/nestjs-graphql-mongo-starter,3,0,2025-05-30T10:00:00Z,2025-06-01T06:00:00Z,TypeScript
212754420,toastyboost,web-admin-starter,https://github.com/toastyboost/web-admin-starter,3,0,2019-10-04T06:59:26Z,2021-11-10T17:13:17Z,TypeScript
398443167,MiCurran,nextjs-chakraui-boilerplate,https://github.com/MiCurran/nextjs-chakraui-boilerplate,3,0,2021-08-21T01:59:30Z,2024-03-21T02:37:25Z,TypeScript
818646899,alphajoop,ts-express-quickstart,https://github.com/alphajoop/ts-express-quickstart,3,2,2024-06-22T12:44:42Z,2024-06-23T14:09:54Z,TypeScript
193991722,lucifer1004,electron-react-ts-starter,https://github.com/lucifer1004/electron-react-ts-starter,3,0,2019-06-26T23:41:50Z,2024-03-13T04:58:27Z,TypeScript
517179966,Willyfrog,silverbullet-plug-template,https://github.com/Willyfrog/silverbullet-plug-template,3,22,2022-07-23T22:49:38Z,2024-08-04T13:22:59Z,TypeScript
197347966,nonblocking,mashroom-portal-quickstart,https://github.com/nonblocking/mashroom-portal-quickstart,3,3,2019-07-17T08:27:13Z,2025-07-22T14:42:28Z,TypeScript
462179845,Thanhal-P-A,React-Native-TS-Template,https://github.com/Thanhal-P-A/React-Native-TS-Template,3,1,2022-02-22T07:10:38Z,2023-09-14T13:01:58Z,TypeScript
483743336,sitecorelabs,XmCloudPreview,https://github.com/sitecorelabs/XmCloudPreview,3,23,2022-04-20T17:06:20Z,2023-09-13T19:07:35Z,TypeScript
438130373,finnatsea,ez-starter,https://github.com/finnatsea/ez-starter,3,0,2021-12-14T05:35:43Z,2023-06-30T21:51:07Z,TypeScript
949431568,smoudjs,playable-template-three,https://github.com/smoudjs/playable-template-three,3,2,2025-03-16T13:00:48Z,2025-08-10T10:17:02Z,TypeScript
434098927,thepuskar,Nextjs-TailwindCSS-styled-component--boilerplate,https://github.com/thepuskar/Nextjs-TailwindCSS-styled-component--boilerplate,3,1,2021-12-02T05:52:23Z,2022-01-05T04:23:37Z,TypeScript
970488911,kinde-starter-kits,workflow-base-template,https://github.com/kinde-starter-kits/workflow-base-template,3,2,2025-04-22T05:09:20Z,2025-07-07T06:13:13Z,TypeScript
472191422,Zac-Zajdel,PrismaNext,https://github.com/Zac-Zajdel/PrismaNext,3,1,2022-03-21T04:55:28Z,2025-03-21T01:28:19Z,TypeScript
768893278,lionelgt,nodejs-hexagonal-ddd-skeleton,https://github.com/lionelgt/nodejs-hexagonal-ddd-skeleton,3,1,2024-03-07T23:33:07Z,2024-09-30T03:54:37Z,TypeScript
435328155,zapnap,hardhat-vue-template,https://github.com/zapnap/hardhat-vue-template,3,1,2021-12-06T01:51:08Z,2024-01-16T21:04:34Z,TypeScript
842950384,RATIU5,medusa-astro-starter,https://github.com/RATIU5/medusa-astro-starter,3,2,2024-08-15T13:09:17Z,2025-07-26T17:59:32Z,TypeScript
576682263,pccql,nestjs-boilerplate,https://github.com/pccql/nestjs-boilerplate,3,0,2022-12-10T16:30:19Z,2023-12-06T12:30:25Z,TypeScript
530504613,codesaursx,next-starter,https://github.com/codesaursx/next-starter,3,0,2022-08-30T05:05:11Z,2023-01-11T19:43:09Z,TypeScript
177028207,Liinkiing,react-typescript-starter,https://github.com/Liinkiing/react-typescript-starter,3,0,2019-03-21T21:44:12Z,2020-03-14T13:56:00Z,TypeScript
931226565,axelhamil,nextjs-clean-architecture-starter,https://github.com/axelhamil/nextjs-clean-architecture-starter,3,1,2025-02-11T23:24:08Z,2025-07-29T19:17:45Z,TypeScript
697202459,tanishqmanuja,boilerplate.drizzle-mysql-node,https://github.com/tanishqmanuja/boilerplate.drizzle-mysql-node,3,0,2023-09-27T09:02:56Z,2024-05-10T16:45:13Z,TypeScript
912275588,thaitype,typescript-dual-packages-starter,https://github.com/thaitype/typescript-dual-packages-starter,3,1,2025-01-05T05:12:56Z,2025-03-27T09:31:21Z,TypeScript
876861301,kamdz,dx,https://github.com/kamdz/dx,3,0,2024-10-22T17:12:32Z,2025-08-10T07:04:34Z,TypeScript
345659459,lucasalme1da,nextjs-boilerplate,https://github.com/lucasalme1da/nextjs-boilerplate,3,0,2021-03-08T13:07:51Z,2021-03-20T14:10:39Z,TypeScript
795820615,diwashbhattarai999,NextStarter,https://github.com/diwashbhattarai999/NextStarter,3,0,2024-05-04T06:39:51Z,2024-10-14T11:50:37Z,TypeScript
574172421,rimzzlabs,zippy-react,https://github.com/rimzzlabs/zippy-react,3,2,2022-12-04T16:45:37Z,2023-06-12T02:04:39Z,TypeScript
759526331,bilaltahseen,domain-driven-boilerplate,https://github.com/bilaltahseen/domain-driven-boilerplate,3,0,2024-02-18T20:32:44Z,2024-09-04T12:22:02Z,TypeScript
659421596,LhonRafaat,nestjs-mongoose-template,https://github.com/LhonRafaat/nestjs-mongoose-template,3,2,2023-06-27T19:55:28Z,2025-07-02T08:38:41Z,TypeScript
509420307,nei1ee,starter-vue,https://github.com/nei1ee/starter-vue,3,0,2022-07-01T10:54:18Z,2023-01-22T19:46:40Z,TypeScript
275148504,fictoan,next-boilerplate,https://github.com/fictoan/next-boilerplate,3,1,2020-06-26T12:15:40Z,2025-04-28T11:48:24Z,TypeScript
642882439,Open-reSource,sponsorkit-starter,https://github.com/Open-reSource/sponsorkit-starter,3,1,2023-05-19T14:58:49Z,2025-01-01T10:02:41Z,TypeScript
185850232,apprunjs,apprun-starter,https://github.com/apprunjs/apprun-starter,3,1,2019-05-09T18:18:13Z,2024-12-11T17:51:16Z,TypeScript
449722177,naomsa,dapp-starter-kit,https://github.com/naomsa/dapp-starter-kit,3,0,2022-01-19T14:22:08Z,2022-08-11T21:47:17Z,TypeScript
856790513,elonehoo-starter,tauri,https://github.com/elonehoo-starter/tauri,3,0,2024-09-13T07:59:33Z,2024-11-05T12:44:20Z,TypeScript
871270967,CarletonComputerScienceSociety,hack-the-tunnels-starter-2024,https://github.com/CarletonComputerScienceSociety/hack-the-tunnels-starter-2024,3,4,2024-10-11T15:53:38Z,2024-10-19T06:30:43Z,TypeScript
290780300,ethercreative,next-starter,https://github.com/ethercreative/next-starter,3,1,2020-08-27T13:17:39Z,2023-12-22T04:09:07Z,TypeScript
179821171,gammaql,greldal-starter,https://github.com/gammaql/greldal-starter,3,0,2019-04-06T10:49:09Z,2020-04-19T13:48:32Z,TypeScript
525544807,jamessizeland,tauri-boilerplate,https://github.com/jamessizeland/tauri-boilerplate,3,0,2022-08-16T21:16:19Z,2023-01-24T01:14:11Z,TypeScript
303255495,willdoescode,typescript-boilerplate,https://github.com/willdoescode/typescript-boilerplate,3,0,2020-10-12T02:17:45Z,2021-09-24T22:45:14Z,TypeScript
648460119,litingyes,typescript-starter,https://github.com/litingyes/typescript-starter,3,0,2023-06-02T02:55:11Z,2025-08-06T13:50:02Z,TypeScript
475783892,yzh990918,vitest-vue-starter,https://github.com/yzh990918/vitest-vue-starter,3,1,2022-03-30T08:17:32Z,2023-03-07T05:59:56Z,TypeScript
670496729,SujalXplores,next-js-boilerplate,https://github.com/SujalXplores/next-js-boilerplate,3,2,2023-07-25T07:24:41Z,2025-08-10T15:04:54Z,TypeScript
631480310,m3rashid,react-starter,https://github.com/m3rashid/react-starter,3,0,2023-04-23T06:34:04Z,2023-07-01T15:56:14Z,TypeScript
185405238,shlomiassaf,ngrid-starters,https://github.com/shlomiassaf/ngrid-starters,3,3,2019-05-07T13:14:03Z,2023-01-20T15:43:39Z,TypeScript
447588533,stackoverprof,next-starter,https://github.com/stackoverprof/next-starter,3,1,2022-01-13T12:19:26Z,2023-03-07T14:42:30Z,TypeScript
662022863,reveurguy,nextjs-starter,https://github.com/reveurguy/nextjs-starter,3,3,2023-07-04T07:35:35Z,2025-06-20T10:26:20Z,TypeScript
788769145,valbeat,remix-boilerplate,https://github.com/valbeat/remix-boilerplate,3,0,2024-04-19T03:35:32Z,2025-08-06T14:45:45Z,TypeScript
747286136,iamdevmarcos,react-native-boilerplate,https://github.com/iamdevmarcos/react-native-boilerplate,3,0,2024-01-23T16:27:04Z,2024-08-19T23:47:00Z,TypeScript
516990340,recallwei,express-ts-starter-template,https://github.com/recallwei/express-ts-starter-template,3,0,2022-07-23T07:35:33Z,2023-12-20T12:16:46Z,TypeScript
328991203,calebpitan,nextjs-ts-redux-template,https://github.com/calebpitan/nextjs-ts-redux-template,3,0,2021-01-12T13:12:35Z,2021-01-22T12:54:39Z,TypeScript
760153943,brenoepics,carbon-starter,https://github.com/brenoepics/carbon-starter,3,0,2024-02-19T22:06:38Z,2025-04-01T05:03:06Z,TypeScript
364484461,chenc041,admin-starter-with-react,https://github.com/chenc041/admin-starter-with-react,3,0,2021-05-05T06:42:53Z,2024-06-03T13:13:41Z,TypeScript
723352009,Andersonlimahw,boilerplate-react-ts-firebase-context-api,https://github.com/Andersonlimahw/boilerplate-react-ts-firebase-context-api,3,0,2023-11-25T11:51:45Z,2025-04-13T22:16:13Z,TypeScript
437359723,fhollermayer,typescript-starter,https://github.com/fhollermayer/typescript-starter,3,0,2021-12-11T18:31:33Z,2022-07-08T15:40:13Z,TypeScript
735434111,AlessioGr,payload-template-bun,https://github.com/AlessioGr/payload-template-bun,3,0,2023-12-24T23:16:26Z,2024-02-09T22:11:17Z,TypeScript
641212541,tornado-soft,react-starter,https://github.com/tornado-soft/react-starter,3,0,2023-05-16T02:36:50Z,2024-03-14T15:51:27Z,TypeScript
258856266,filipgorny,electron-starter,https://github.com/filipgorny/electron-starter,3,0,2020-04-25T19:24:30Z,2023-02-03T10:15:16Z,TypeScript
298654554,SeqSEE,discord-bot-boilerplate,https://github.com/SeqSEE/discord-bot-boilerplate,3,1,2020-09-25T18:48:12Z,2023-05-24T11:18:09Z,TypeScript
148268086,Vivify-Ideas,react-boilerplate,https://github.com/Vivify-Ideas/react-boilerplate,3,2,2018-09-11T06:01:55Z,2022-02-08T22:04:49Z,TypeScript
601420864,qbbsh,cli,https://github.com/qbbsh/cli,3,0,2023-02-14T02:49:09Z,2025-04-12T08:04:01Z,TypeScript
571473084,promise,discord-bot-boilerplate,https://github.com/promise/discord-bot-boilerplate,3,0,2022-11-28T07:59:35Z,2025-08-08T21:35:22Z,TypeScript
674618446,magicbell,vscode-webview-starter,https://github.com/magicbell/vscode-webview-starter,3,0,2023-08-04T11:34:50Z,2025-05-29T13:13:10Z,TypeScript
485073202,Diizzayy,n3-starter,https://github.com/Diizzayy/n3-starter,3,0,2022-04-24T16:00:59Z,2024-06-10T11:20:25Z,TypeScript
126641516,escapace,typescript-library-starter,https://github.com/escapace/typescript-library-starter,3,3,2018-03-24T21:25:17Z,2025-08-04T06:02:56Z,TypeScript
488212383,nexys-system,boilerplate_vite,https://github.com/nexys-system/boilerplate_vite,3,0,2022-05-03T13:02:31Z,2025-04-24T11:48:36Z,TypeScript
716461432,nermalcat69,template,https://github.com/nermalcat69/template,3,0,2023-11-09T07:26:49Z,2024-05-09T17:57:32Z,TypeScript
338316921,sumitkolhe,node-typescript-template,https://github.com/sumitkolhe/node-typescript-template,3,0,2021-02-12T12:44:58Z,2023-09-08T08:21:58Z,TypeScript
468150147,Hongbusi,starter-vue,https://github.com/Hongbusi/starter-vue,3,0,2022-03-10T01:23:57Z,2022-08-18T06:45:44Z,TypeScript
619529923,miniaxolotl,react-directus-blog-template,https://github.com/miniaxolotl/react-directus-blog-template,3,6,2023-03-27T10:21:00Z,2024-01-24T13:27:38Z,TypeScript
517343259,starknt,starter-electron,https://github.com/starknt/starter-electron,3,0,2022-07-24T14:16:20Z,2024-01-12T18:33:49Z,TypeScript
862881799,worldcoin,minikit-react-template,https://github.com/worldcoin/minikit-react-template,3,11,2024-09-25T10:51:10Z,2025-07-20T08:36:11Z,TypeScript
393654634,RajeevSingh273,ReactNextGen,https://github.com/RajeevSingh273/ReactNextGen,3,0,2021-08-07T10:41:46Z,2022-04-16T07:59:09Z,TypeScript
484009985,PhaserEditor2D,starter-template-customfonts,https://github.com/PhaserEditor2D/starter-template-customfonts,3,0,2022-04-21T10:40:20Z,2024-05-29T12:46:18Z,TypeScript
517051929,akmalhisyammm,next-chakra-starter,https://github.com/akmalhisyammm/next-chakra-starter,3,0,2022-07-23T12:29:37Z,2024-06-30T00:24:45Z,TypeScript
853896587,mykcryptodev,onchain-game-starter-template,https://github.com/mykcryptodev/onchain-game-starter-template,3,2,2024-09-07T20:50:15Z,2024-12-29T02:41:30Z,TypeScript
794020778,benjamingorman,screeps-typescript-rocket-starter,https://github.com/benjamingorman/screeps-typescript-rocket-starter,3,0,2024-04-30T09:58:50Z,2025-01-07T16:03:20Z,TypeScript
592926064,wds4,erb-sqlite3-multiWindows,https://github.com/wds4/erb-sqlite3-multiWindows,3,0,2023-01-24T20:39:15Z,2025-05-02T18:21:56Z,TypeScript
778924386,ProjectLibertyLabs,social-app-template,https://github.com/ProjectLibertyLabs/social-app-template,3,8,2024-03-28T17:16:52Z,2025-08-05T19:49:12Z,TypeScript
708522776,germangguerci,NextJS-Starter,https://github.com/germangguerci/NextJS-Starter,3,1,2023-10-22T19:58:07Z,2024-06-22T15:27:31Z,TypeScript
326916957,ryansonshine,sam-typescript-vscode-starter,https://github.com/ryansonshine/sam-typescript-vscode-starter,3,0,2021-01-05T07:10:31Z,2023-03-03T19:36:34Z,TypeScript
694500793,threeal,action-starter,https://github.com/threeal/action-starter,3,0,2023-09-21T06:02:10Z,2025-08-10T15:49:27Z,TypeScript
492436775,Kwonkunkun,react-native-boilerplate,https://github.com/Kwonkunkun/react-native-boilerplate,3,0,2022-05-15T09:04:36Z,2022-08-16T05:29:49Z,TypeScript
356758357,0ahz,v2starter,https://github.com/0ahz/v2starter,3,0,2021-04-11T03:36:53Z,2023-03-07T14:19:10Z,TypeScript
289376378,Masterfoni,next-boilerplate,https://github.com/Masterfoni/next-boilerplate,3,0,2020-08-21T22:24:28Z,2023-03-09T00:46:26Z,TypeScript
617754514,dev-ahmedhany,next-starter,https://github.com/dev-ahmedhany/next-starter,3,0,2023-03-23T03:12:10Z,2024-04-22T20:47:01Z,TypeScript
453011699,hajimism,Nextwind-Prototyping-Boilerplate,https://github.com/hajimism/Nextwind-Prototyping-Boilerplate,3,0,2022-01-28T09:37:34Z,2022-05-12T12:40:30Z,TypeScript
402978016,PhaserEditor2D,starter-example-a-day-in-the-beach,https://github.com/PhaserEditor2D/starter-example-a-day-in-the-beach,3,5,2021-09-04T06:03:10Z,2024-01-10T14:10:06Z,TypeScript
716649269,hanstanawi,nestjs-starter-template,https://github.com/hanstanawi/nestjs-starter-template,3,1,2023-11-09T15:22:40Z,2025-08-08T03:00:47Z,TypeScript
889805886,blasdfaa,fastify-ts-plugin-starter,https://github.com/blasdfaa/fastify-ts-plugin-starter,3,0,2024-11-17T09:34:58Z,2025-01-18T11:21:22Z,TypeScript
495003156,Kwonkunkun,react-boilerplate,https://github.com/Kwonkunkun/react-boilerplate,3,0,2022-05-22T08:35:40Z,2022-08-16T05:29:50Z,TypeScript
838877277,Domogo,t3-supabase-drizzle-app-starter,https://github.com/Domogo/t3-supabase-drizzle-app-starter,3,0,2024-08-06T14:13:57Z,2025-05-18T21:20:09Z,TypeScript
653236520,dhoniaridho,turborepo-template,https://github.com/dhoniaridho/turborepo-template,3,0,2023-06-13T16:55:30Z,2023-10-22T14:12:48Z,TypeScript
596490499,seratch,deno-slack-data-mapper-starter,https://github.com/seratch/deno-slack-data-mapper-starter,3,0,2023-02-02T09:48:38Z,2024-07-08T01:24:17Z,TypeScript
518295624,iamyuu,vitr,https://github.com/iamyuu/vitr,3,0,2022-07-27T03:27:39Z,2024-09-29T13:28:04Z,TypeScript
193697556,DimosthenisK,nest-starter,https://github.com/DimosthenisK/nest-starter,3,1,2019-06-25T11:48:14Z,2020-07-18T18:21:07Z,TypeScript
442261003,misikoff,next-starter-template,https://github.com/misikoff/next-starter-template,3,1,2021-12-27T20:01:19Z,2025-08-07T01:02:08Z,TypeScript
563376978,maxgfr,typescript-react-lib-swc,https://github.com/maxgfr/typescript-react-lib-swc,3,0,2022-11-08T13:42:38Z,2025-08-08T20:58:56Z,TypeScript
932648080,andrew-malisa,next-dashboard-starter,https://github.com/andrew-malisa/next-dashboard-starter,3,0,2025-02-14T09:09:26Z,2025-04-07T15:27:41Z,TypeScript
732831992,real2two,discordeno-template,https://github.com/real2two/discordeno-template,3,0,2023-12-18T00:27:48Z,2024-04-22T14:50:23Z,TypeScript
417489545,inodaf,ts-node-starter,https://github.com/inodaf/ts-node-starter,3,0,2021-10-15T12:21:11Z,2023-04-05T00:07:30Z,TypeScript
447899063,dmoosocool,vite-typescript-starter,https://github.com/dmoosocool/vite-typescript-starter,3,0,2022-01-14T08:45:25Z,2024-04-26T10:56:08Z,TypeScript
516108624,jcstein,vite-tailwind-starter,https://github.com/jcstein/vite-tailwind-starter,3,0,2022-07-20T19:23:43Z,2023-06-11T12:46:32Z,TypeScript
810539847,denishsharma,react-starter-template,https://github.com/denishsharma/react-starter-template,3,1,2024-06-04T22:29:49Z,2025-05-02T16:25:05Z,TypeScript
885434437,threeal,discord-bot-starter,https://github.com/threeal/discord-bot-starter,3,1,2024-11-08T15:21:29Z,2025-08-09T15:32:40Z,TypeScript
482563627,damla,nextjs-dApp-starter,https://github.com/damla/nextjs-dApp-starter,3,0,2022-04-17T15:39:57Z,2022-06-06T20:39:04Z,TypeScript
507628184,zephyrus21,next-ts-tailwind-starter,https://github.com/zephyrus21/next-ts-tailwind-starter,3,0,2022-06-26T16:35:59Z,2023-08-20T20:34:35Z,TypeScript
621323119,Talljack,react-starter,https://github.com/Talljack/react-starter,3,1,2023-03-30T12:40:14Z,2025-03-18T08:29:49Z,TypeScript
498254333,devstack-be,nestjs-jwt-mysql-api,https://github.com/devstack-be/nestjs-jwt-mysql-api,3,1,2022-05-31T08:41:31Z,2023-05-23T20:29:18Z,TypeScript
666970081,thiscaspar,dojo-web-starter,https://github.com/thiscaspar/dojo-web-starter,3,0,2023-07-16T07:42:37Z,2023-07-20T19:38:39Z,TypeScript
271135188,Perdiga,boilerplate-node-api,https://github.com/Perdiga/boilerplate-node-api,3,1,2020-06-10T00:03:14Z,2024-07-06T05:37:16Z,TypeScript
671445128,brandonxiang,vite-antd-mobile-starter,https://github.com/brandonxiang/vite-antd-mobile-starter,3,0,2023-07-27T10:32:06Z,2025-07-15T09:53:19Z,TypeScript
786035854,fisand,remix-starter,https://github.com/fisand/remix-starter,3,0,2024-04-13T08:24:47Z,2025-04-28T13:55:55Z,TypeScript
408629086,toreda,typescript-cli-starter,https://github.com/toreda/typescript-cli-starter,3,0,2021-09-20T23:24:48Z,2025-05-17T02:55:17Z,TypeScript
265110755,turkyden,electron-boilerplate,https://github.com/turkyden/electron-boilerplate,3,0,2020-05-19T01:38:52Z,2020-11-19T05:55:18Z,TypeScript
387498137,rafaabatistas,boilerplate-nextjs,https://github.com/rafaabatistas/boilerplate-nextjs,3,0,2021-07-19T14:45:08Z,2023-03-07T06:54:45Z,TypeScript
822375446,fisand,homepage-starter,https://github.com/fisand/homepage-starter,3,0,2024-07-01T03:10:23Z,2024-12-03T07:43:00Z,TypeScript
516704015,GGAlanSmithee,next-js-starter,https://github.com/GGAlanSmithee/next-js-starter,3,0,2022-07-22T10:14:34Z,2023-03-10T10:34:29Z,TypeScript
570217198,minyma-technologies,typescript-express-starter,https://github.com/minyma-technologies/typescript-express-starter,3,1,2022-11-24T15:56:12Z,2025-07-24T16:01:37Z,TypeScript
700027480,arkologystudio,holochain-stencil-template,https://github.com/arkologystudio/holochain-stencil-template,3,0,2023-10-03T20:00:26Z,2024-03-22T08:50:40Z,TypeScript
929553969,GeorgePadmore,vite-react-ts-tailwind-shadcn-login-dashboard-about,https://github.com/GeorgePadmore/vite-react-ts-tailwind-shadcn-login-dashboard-about,3,2,2025-02-08T20:15:30Z,2025-07-10T11:18:35Z,TypeScript
964879717,ajiohjesse,HONO-API-TEMPLATE,https://github.com/ajiohjesse/HONO-API-TEMPLATE,3,0,2025-04-12T00:28:59Z,2025-07-10T09:18:17Z,TypeScript
763925560,mopts-stack,sveltekit-phaser-template,https://github.com/mopts-stack/sveltekit-phaser-template,3,0,2024-02-27T06:53:51Z,2024-05-29T12:49:55Z,TypeScript
235706633,acmucsd,static-template,https://github.com/acmucsd/static-template,3,0,2020-01-23T02:03:35Z,2021-04-12T04:46:06Z,TypeScript
522992825,hungify,vue-base-complex,https://github.com/hungify/vue-base-complex,3,0,2022-08-09T14:51:16Z,2025-06-08T17:04:04Z,TypeScript
970034878,sparkcanon,Tanstack-betterauth-cloudflare,https://github.com/sparkcanon/Tanstack-betterauth-cloudflare,3,0,2025-04-21T10:59:18Z,2025-06-21T13:09:43Z,TypeScript
464682352,rafae2k,react-vite-ts-styled-boilerplate,https://github.com/rafae2k/react-vite-ts-styled-boilerplate,3,0,2022-02-28T23:51:47Z,2023-09-01T12:00:48Z,TypeScript
301748474,VadimKorobka,electron-parcel-quick-start,https://github.com/VadimKorobka/electron-parcel-quick-start,3,1,2020-10-06T14:08:49Z,2024-04-15T10:51:27Z,TypeScript
612907418,Bside-Team-Four,nextjs-starter,https://github.com/Bside-Team-Four/nextjs-starter,3,1,2023-03-12T10:47:11Z,2023-04-12T00:02:40Z,TypeScript
743653375,juansedom,next-chakra-starter,https://github.com/juansedom/next-chakra-starter,3,1,2024-01-15T17:39:43Z,2024-10-09T19:32:59Z,TypeScript
936608376,divvi-xyz,divvi-app-starter,https://github.com/divvi-xyz/divvi-app-starter,3,1,2025-02-21T11:29:48Z,2025-05-16T04:36:36Z,TypeScript
848333268,BunnyWay,es-empty-script,https://github.com/BunnyWay/es-empty-script,3,5,2024-08-27T15:12:55Z,2025-05-30T17:44:44Z,TypeScript
461532224,wghglory,my-react-library-template,https://github.com/wghglory/my-react-library-template,3,8,2022-02-20T15:37:56Z,2022-03-21T23:00:51Z,TypeScript
399495467,WJCHumble,vite-plugin-starter,https://github.com/WJCHumble/vite-plugin-starter,3,1,2021-08-24T14:27:44Z,2023-03-07T11:04:36Z,TypeScript
245933974,techbless,typescript-express-starter,https://github.com/techbless/typescript-express-starter,3,0,2020-03-09T03:18:17Z,2024-07-28T07:41:55Z,TypeScript
489007575,dylandesrosier,web3-app,https://github.com/dylandesrosier/web3-app,3,1,2022-05-05T14:33:48Z,2025-06-09T14:32:10Z,TypeScript
343049390,walln,nestjs-graphql-sessions-template,https://github.com/walln/nestjs-graphql-sessions-template,3,0,2021-02-28T07:48:39Z,2023-04-28T23:05:23Z,TypeScript
675104735,ibedwi,figma-react-tailwind-webpack-starter,https://github.com/ibedwi/figma-react-tailwind-webpack-starter,3,0,2023-08-05T19:43:40Z,2025-06-19T21:47:37Z,TypeScript
384099670,LucasReinaldo,nextjs-jest-storybook-boilerplate,https://github.com/LucasReinaldo/nextjs-jest-storybook-boilerplate,3,0,2021-07-08T11:21:01Z,2021-08-25T14:17:53Z,TypeScript
507789888,lgoodcode,secure-electron-boilerplate,https://github.com/lgoodcode/secure-electron-boilerplate,3,1,2022-06-27T06:31:41Z,2023-02-03T05:22:01Z,TypeScript
330918692,Arlodotexe,nexpress-boilerplate,https://github.com/Arlodotexe/nexpress-boilerplate,3,0,2021-01-19T08:53:08Z,2021-01-29T11:20:00Z,TypeScript
575466295,artemshchirov,web-starter,https://github.com/artemshchirov/web-starter,3,0,2022-12-07T15:20:06Z,2024-12-21T14:00:15Z,TypeScript
591767386,luizvergennes,fullstack-turbo-template,https://github.com/luizvergennes/fullstack-turbo-template,3,0,2023-01-21T19:56:27Z,2023-04-14T14:02:16Z,TypeScript
859156965,dimadem,lightweight_boilerplate,https://github.com/dimadem/lightweight_boilerplate,3,0,2024-09-18T07:25:25Z,2024-11-22T10:18:32Z,TypeScript
532375398,webrune-tim,monorepo-starter,https://github.com/webrune-tim/monorepo-starter,3,0,2022-09-03T21:14:30Z,2023-04-13T08:41:10Z,TypeScript
425342601,thejfreitas,react-typescript-webpack-boilerplate,https://github.com/thejfreitas/react-typescript-webpack-boilerplate,3,1,2021-11-06T20:32:44Z,2023-05-07T15:03:01Z,TypeScript
373492989,Devtography,typescript-fastify-backend-boilerplate,https://github.com/Devtography/typescript-fastify-backend-boilerplate,3,0,2021-06-03T12:05:51Z,2025-01-19T11:29:52Z,TypeScript
387992648,KonnorRogers,fast-element-typescript-starter,https://github.com/KonnorRogers/fast-element-typescript-starter,3,0,2021-07-21T04:27:33Z,2023-02-28T09:51:06Z,TypeScript
537180102,clxmente,next,https://github.com/clxmente/next,3,0,2022-09-15T19:36:12Z,2023-01-13T16:26:57Z,TypeScript
737952660,agustinusnathaniel,rsbuild-react-chakra-starter,https://github.com/agustinusnathaniel/rsbuild-react-chakra-starter,3,0,2024-01-02T03:49:11Z,2025-05-27T18:01:14Z,TypeScript
513027568,mickasmt,ts-nextjs-tailwind-wordpress-starter,https://github.com/mickasmt/ts-nextjs-tailwind-wordpress-starter,3,2,2022-07-12T06:37:18Z,2024-11-27T04:33:04Z,TypeScript
1022049926,CynicDog,agile-github-starter,https://github.com/CynicDog/agile-github-starter,3,1,2025-07-18T11:17:48Z,2025-07-21T03:52:34Z,TypeScript
601869437,Liyw-liyw,vite-react-boilerplate,https://github.com/Liyw-liyw/vite-react-boilerplate,3,0,2023-02-15T01:58:30Z,2023-04-06T02:27:38Z,TypeScript
927246453,tszhong0411,nextjs-starter,https://github.com/tszhong0411/nextjs-starter,3,1,2025-02-04T16:41:06Z,2025-06-24T08:52:43Z,TypeScript
575291388,jakala-na,next-cms-starterkit,https://github.com/jakala-na/next-cms-starterkit,3,1,2022-12-07T07:16:30Z,2025-04-22T14:03:15Z,TypeScript
569554399,zeyadetman,ts-mui-nextjs-storybook-boilerplate,https://github.com/zeyadetman/ts-mui-nextjs-storybook-boilerplate,3,2,2022-11-23T04:51:27Z,2023-12-07T13:09:21Z,TypeScript
580118233,Zuxaw,stks-starter-kit,https://github.com/Zuxaw/stks-starter-kit,3,0,2022-12-19T19:07:33Z,2023-01-14T00:57:28Z,TypeScript
768656724,AKASHAorg,eth-bucharest,https://github.com/AKASHAorg/eth-bucharest,3,1,2024-03-07T13:48:48Z,2024-05-13T14:54:14Z,TypeScript
366415315,FlavioSant,nextjs-template-with-styled-components,https://github.com/FlavioSant/nextjs-template-with-styled-components,3,0,2021-05-11T14:43:46Z,2022-04-25T13:24:22Z,TypeScript
755340357,Aleowyne,adonis-web-starter-kit,https://github.com/Aleowyne/adonis-web-starter-kit,3,0,2024-02-09T23:23:00Z,2025-07-20T01:30:06Z,TypeScript
393640308,brionmario,gatsby-starter,https://github.com/brionmario/gatsby-starter,3,2,2021-08-07T09:36:17Z,2024-03-04T15:58:04Z,TypeScript
127125076,andrewscwei,react-static-starter-kit,https://github.com/andrewscwei/react-static-starter-kit,3,0,2018-03-28T10:38:53Z,2025-08-01T21:20:59Z,TypeScript
300690597,kevinadhiguna,ant-design-pro-v5-English-boilerplate,https://github.com/kevinadhiguna/ant-design-pro-v5-English-boilerplate,3,3,2020-10-02T17:33:58Z,2023-11-13T01:52:05Z,TypeScript
353522793,Chris-Baker,nextjs-boilerplate,https://github.com/Chris-Baker/nextjs-boilerplate,3,0,2021-04-01T00:06:36Z,2024-05-21T10:51:24Z,TypeScript
214499499,Availity,availity-starter-typescript,https://github.com/Availity/availity-starter-typescript,3,1,2019-10-11T17:58:38Z,2025-07-11T14:07:51Z,TypeScript
628517090,flaming-codes,nextjs13-rsc-windstitch-turbopack-starter,https://github.com/flaming-codes/nextjs13-rsc-windstitch-turbopack-starter,3,0,2023-04-16T07:31:38Z,2023-07-13T04:25:08Z,TypeScript
752860921,martintomov,minimalistic-portfolio,https://github.com/martintomov/minimalistic-portfolio,3,0,2024-02-05T01:19:45Z,2025-01-10T09:45:43Z,TypeScript
356602391,0x29a,web_template,https://github.com/0x29a/web_template,3,0,2021-04-10T14:15:56Z,2024-03-07T06:27:17Z,TypeScript
1026441782,livekit-examples,agent-starter-node,https://github.com/livekit-examples/agent-starter-node,3,0,2025-07-25T22:41:00Z,2025-08-07T10:58:45Z,TypeScript
731357220,fvastu,Chrome-v3-ts-starter,https://github.com/fvastu/Chrome-v3-ts-starter,3,0,2023-12-13T22:44:13Z,2025-04-10T22:09:12Z,TypeScript
1000786968,q0d1r0v,react_starter_kit,https://github.com/q0d1r0v/react_starter_kit,3,0,2025-06-12T10:16:29Z,2025-08-04T06:40:00Z,TypeScript
901861700,memoriesadrift,opnet-starter-template,https://github.com/memoriesadrift/opnet-starter-template,3,0,2024-12-11T13:03:21Z,2025-06-10T04:58:47Z,TypeScript
847585934,continuedev,npm-template,https://github.com/continuedev/npm-template,3,5,2024-08-26T06:38:23Z,2024-12-09T14:00:07Z,TypeScript
190900323,kurierjs,kurier-starter-pack-typescript,https://github.com/kurierjs/kurier-starter-pack-typescript,3,0,2019-06-08T14:55:19Z,2023-06-28T14:31:01Z,TypeScript
766577406,codeagencybe,nestjs-supabase-starter,https://github.com/codeagencybe/nestjs-supabase-starter,3,1,2024-03-03T16:43:45Z,2024-03-13T20:02:30Z,TypeScript
468170793,syigen,react-ts-tailwind-mobx-route,https://github.com/syigen/react-ts-tailwind-mobx-route,3,4,2022-03-10T02:49:50Z,2022-03-23T09:56:17Z,TypeScript
256468952,nikkiselev,pkg,https://github.com/nikkiselev/pkg,3,0,2020-04-17T10:10:42Z,2022-03-26T11:34:25Z,TypeScript
592375573,abrahamcalsin,nextjs-ts-contentlayer-starter-blog,https://github.com/abrahamcalsin/nextjs-ts-contentlayer-starter-blog,3,0,2023-01-23T15:46:41Z,2023-03-26T15:53:38Z,TypeScript
429643594,RichardTMiles,WebGL-React-Starter-Template,https://github.com/RichardTMiles/WebGL-React-Starter-Template,3,0,2021-11-19T02:21:55Z,2024-05-07T22:22:12Z,TypeScript
288387991,Webeleon,NestJS-React-Starter,https://github.com/Webeleon/NestJS-React-Starter,3,0,2020-08-18T07:38:18Z,2025-02-17T04:36:56Z,TypeScript
976572955,gergelyszerovay,aibd-template-react-shadcn,https://github.com/gergelyszerovay/aibd-template-react-shadcn,3,1,2025-05-02T10:56:55Z,2025-05-17T21:26:18Z,TypeScript
899438867,jeziorskilukasz,nestjs-boilerplate,https://github.com/jeziorskilukasz/nestjs-boilerplate,3,1,2024-12-06T09:15:13Z,2024-12-11T17:18:39Z,TypeScript
252609017,Bakon,typescript-nextjs,https://github.com/Bakon/typescript-nextjs,3,0,2020-04-03T01:57:46Z,2025-02-14T01:50:16Z,TypeScript
442184229,Morpa,Remix-Styled-Components-Boilerplate,https://github.com/Morpa/Remix-Styled-Components-Boilerplate,3,0,2021-12-27T14:34:37Z,2023-08-18T14:09:46Z,TypeScript
938402374,ecrindigital,expo-starter-auth-nativewind,https://github.com/ecrindigital/expo-starter-auth-nativewind,3,0,2025-02-24T22:38:48Z,2025-07-09T15:28:57Z,TypeScript
401891407,robertcorponoi,react-template,https://github.com/robertcorponoi/react-template,3,1,2021-09-01T01:22:56Z,2024-11-09T16:27:16Z,TypeScript
326184667,supryantowp,bonext,https://github.com/supryantowp/bonext,3,1,2021-01-02T13:06:03Z,2023-08-28T11:04:44Z,TypeScript
422486545,rizqitsani,next-chakra-ts-starter,https://github.com/rizqitsani/next-chakra-ts-starter,3,0,2021-10-29T07:48:01Z,2022-02-13T19:06:16Z,TypeScript
689785632,bandada-infra,boilerplate,https://github.com/bandada-infra/boilerplate,4,6,2023-09-10T22:15:05Z,2025-03-06T16:33:22Z,TypeScript
405329663,faasjs,starter,https://github.com/faasjs/starter,4,2,2021-09-11T08:51:29Z,2025-06-28T11:57:39Z,TypeScript
706728609,muhammad-fiaz,nextjs-starter-template,https://github.com/muhammad-fiaz/nextjs-starter-template,4,3,2023-10-18T14:01:50Z,2025-08-07T05:21:52Z,TypeScript
397632360,Sridatta19,gatsby-starter-tailwind-mdx-blog,https://github.com/Sridatta19/gatsby-starter-tailwind-mdx-blog,4,4,2021-08-18T14:35:22Z,2024-04-13T22:02:56Z,TypeScript
240271679,jucasoft,ngrx-entity-crud-prime-ng-boilerplate,https://github.com/jucasoft/ngrx-entity-crud-prime-ng-boilerplate,4,8,2020-02-13T13:51:25Z,2024-12-27T12:54:19Z,TypeScript
689196760,Phala-Network,phat-contract-starter-kit,https://github.com/Phala-Network/phat-contract-starter-kit,4,7,2023-09-09T04:10:06Z,2024-12-31T07:23:30Z,TypeScript
772850950,dream-num,univer-sheet-start-kit,https://github.com/dream-num/univer-sheet-start-kit,4,7,2024-03-16T03:52:41Z,2025-08-04T11:53:09Z,TypeScript
102494949,hmcts,expressjs-template,https://github.com/hmcts/expressjs-template,4,9,2017-09-05T14:56:41Z,2025-07-04T17:30:17Z,TypeScript
966748339,OmniS0FT,Minisite,https://github.com/OmniS0FT/Minisite,4,4,2025-04-15T11:53:50Z,2025-07-18T12:29:20Z,TypeScript
957020983,LeadcodeDev,explainer,https://github.com/LeadcodeDev/explainer,4,2,2025-03-29T11:12:28Z,2025-07-04T15:13:45Z,TypeScript
284817442,dashboardphilippines,boilerplate-fullstack,https://github.com/dashboardphilippines/boilerplate-fullstack,4,3,2020-08-03T22:10:07Z,2022-08-01T18:19:03Z,TypeScript
488160763,datorpulcins,p5-template,https://github.com/datorpulcins/p5-template,4,3,2022-05-03T10:13:17Z,2025-05-12T17:26:51Z,TypeScript
284769801,rojcyk,figma-plugin-starter,https://github.com/rojcyk/figma-plugin-starter,4,1,2020-08-03T17:56:18Z,2022-12-22T20:34:09Z,TypeScript
236969510,korniychuk,nestjs-typeorm-starter,https://github.com/korniychuk/nestjs-typeorm-starter,4,3,2020-01-29T11:44:19Z,2024-02-26T09:37:09Z,TypeScript
584661022,harshrawat66,nestjs-boilerplate,https://github.com/harshrawat66/nestjs-boilerplate,4,2,2023-01-03T07:25:33Z,2023-04-06T11:25:05Z,TypeScript
746255912,rikzun,web-template,https://github.com/rikzun/web-template,4,7,2024-01-21T14:37:19Z,2025-07-23T16:54:15Z,TypeScript
632883719,logue,vite-vue3-ts-starter,https://github.com/logue/vite-vue3-ts-starter,4,3,2023-04-26T10:24:00Z,2025-08-08T09:42:07Z,TypeScript
500309544,xituru,typescript-package-boilerplate,https://github.com/xituru/typescript-package-boilerplate,4,0,2022-06-06T05:57:34Z,2025-07-04T08:04:45Z,TypeScript
876395650,notionpresso,nextjs-blog-template,https://github.com/notionpresso/nextjs-blog-template,4,3,2024-10-21T22:37:30Z,2025-01-12T18:28:20Z,TypeScript
911259288,0xn1c0,conflux-eliza-starter,https://github.com/0xn1c0/conflux-eliza-starter,4,3,2025-01-02T15:49:24Z,2025-07-22T06:12:14Z,TypeScript
921101800,latechforce,engine-starter-kit,https://github.com/latechforce/engine-starter-kit,4,1,2025-01-23T10:41:48Z,2025-04-03T18:21:01Z,TypeScript
317513440,pconcurrently,react-nextjs-boilerplate,https://github.com/pconcurrently/react-nextjs-boilerplate,4,1,2020-12-01T11:01:43Z,2021-12-01T03:47:12Z,TypeScript
983011964,reddit,devvit-template-react,https://github.com/reddit/devvit-template-react,4,4,2025-05-13T18:35:20Z,2025-08-05T19:39:12Z,TypeScript
229630230,vanyakulinich,nestjs_postgres_docker_starter,https://github.com/vanyakulinich/nestjs_postgres_docker_starter,4,0,2019-12-22T20:59:21Z,2023-02-16T08:58:53Z,TypeScript
792565842,aws-samples,amplify-backend-template,https://github.com/aws-samples/amplify-backend-template,4,5,2024-04-27T00:16:40Z,2024-11-24T23:21:51Z,TypeScript
592530174,zkSoju,illuminate,https://github.com/zkSoju/illuminate,4,1,2023-01-23T23:18:48Z,2024-06-18T06:36:32Z,TypeScript
144000313,vijaysherekar,angular-architecture-skeleton,https://github.com/vijaysherekar/angular-architecture-skeleton,4,3,2018-08-08T10:51:31Z,2025-04-25T09:30:50Z,TypeScript
803014051,blackmann,gremix,https://github.com/blackmann/gremix,4,2,2024-05-19T21:39:23Z,2025-07-18T10:44:41Z,TypeScript
387275122,leovargasdev,template-nextjs,https://github.com/leovargasdev/template-nextjs,4,2,2021-07-18T21:47:43Z,2023-04-01T20:13:22Z,TypeScript
704552664,dddiggory,vercelians-can-ship,https://github.com/dddiggory/vercelians-can-ship,4,6,2023-10-13T13:59:11Z,2025-01-08T17:59:36Z,TypeScript
512058966,Xavier577,nestjs-restapi-boilerplate,https://github.com/Xavier577/nestjs-restapi-boilerplate,4,1,2022-07-09T00:38:05Z,2024-06-03T18:21:53Z,TypeScript
717398978,galihpermana29,NextJS-Wagmi-Boilerplate-Web3,https://github.com/galihpermana29/NextJS-Wagmi-Boilerplate-Web3,4,2,2023-11-11T11:25:15Z,2025-01-25T21:53:00Z,TypeScript
490682793,sumit03guha,smart-contracts-development-boilerplate,https://github.com/sumit03guha/smart-contracts-development-boilerplate,4,6,2022-05-10T12:17:11Z,2024-01-12T18:30:25Z,TypeScript
487015061,codesandbox,codesandbox-template-next.js,https://github.com/codesandbox/codesandbox-template-next.js,4,28,2022-04-29T15:07:16Z,2025-06-28T03:03:02Z,TypeScript
721610308,Quilljou,figma-react-tailwind-starter,https://github.com/Quilljou/figma-react-tailwind-starter,4,0,2023-11-21T12:17:13Z,2025-04-03T09:30:30Z,TypeScript
564533424,near,boilerplate-template-ipfs,https://github.com/near/boilerplate-template-ipfs,4,1,2022-11-10T23:19:59Z,2024-12-03T14:28:47Z,TypeScript
739083814,kxxoling,nextui-tsr-template,https://github.com/kxxoling/nextui-tsr-template,4,0,2024-01-04T18:25:22Z,2025-02-04T15:32:13Z,TypeScript
953458452,servrox,1337-turbo-starter,https://github.com/servrox/1337-turbo-starter,4,0,2025-03-23T12:22:14Z,2025-07-18T07:47:50Z,TypeScript
338956725,tzmanics,angular-sanity,https://github.com/tzmanics/angular-sanity,4,2,2021-02-15T03:23:16Z,2022-04-02T22:13:32Z,TypeScript
155921139,ruanmartinelli,server-starter-typescript,https://github.com/ruanmartinelli/server-starter-typescript,4,0,2018-11-02T21:01:45Z,2023-09-10T07:14:57Z,TypeScript
411649438,rohansinghrawat99,React-VITE-Tailwind_starter_project,https://github.com/rohansinghrawat99/React-VITE-Tailwind_starter_project,4,1,2021-09-29T11:38:31Z,2022-09-28T04:39:25Z,TypeScript
928141573,AkatsukiLabs,Dojo-Game-Starter,https://github.com/AkatsukiLabs/Dojo-Game-Starter,4,6,2025-02-06T06:06:49Z,2025-07-11T01:28:08Z,TypeScript
382587400,sumdook,react-parcel-web-extension,https://github.com/sumdook/react-parcel-web-extension,4,0,2021-07-03T10:28:30Z,2023-06-08T13:50:18Z,TypeScript
627480400,daya110,starter-next-ts-tailwind,https://github.com/daya110/starter-next-ts-tailwind,4,0,2023-04-13T14:53:32Z,2023-04-17T18:55:51Z,TypeScript
519464163,dayana0425,hola-mundo-starter,https://github.com/dayana0425/hola-mundo-starter,4,7,2022-07-30T08:43:12Z,2023-01-21T06:10:34Z,TypeScript
840091101,KotonoSora,nara-vite-react-boilerplate,https://github.com/KotonoSora/nara-vite-react-boilerplate,4,0,2024-08-09T00:35:44Z,2025-08-10T09:50:00Z,TypeScript
660704420,bhurghundii,aws-vite-react-boilerplate,https://github.com/bhurghundii/aws-vite-react-boilerplate,4,0,2023-06-30T16:21:18Z,2023-09-26T11:14:17Z,TypeScript
288762125,Moonpig,tech-test-node-backend,https://github.com/Moonpig/tech-test-node-backend,4,5,2020-08-19T15:00:37Z,2025-07-02T02:40:43Z,TypeScript
297819014,Thesephi,fullstack-typescript-webapp-starter,https://github.com/Thesephi/fullstack-typescript-webapp-starter,4,0,2020-09-23T01:33:51Z,2025-05-19T06:55:11Z,TypeScript
996601144,zhyd1997,turbo-dapp-starter-kit,https://github.com/zhyd1997/turbo-dapp-starter-kit,4,0,2025-06-05T07:23:10Z,2025-08-04T09:37:34Z,TypeScript
382970893,rafaelytakei,vite-vue3-boilerplate,https://github.com/rafaelytakei/vite-vue3-boilerplate,4,4,2021-07-04T23:59:02Z,2025-02-26T00:55:25Z,TypeScript
831862690,dougwithseismic,frontend-template-turbo-2024,https://github.com/dougwithseismic/frontend-template-turbo-2024,4,1,2024-07-21T20:37:39Z,2024-07-29T06:50:38Z,TypeScript
933284338,CodeGuide-dev,codeguide-nextjs-firebase,https://github.com/CodeGuide-dev/codeguide-nextjs-firebase,4,2,2025-02-15T15:42:04Z,2025-07-08T03:16:21Z,TypeScript
474814350,yuichiroaoki,defi-bot-template,https://github.com/yuichiroaoki/defi-bot-template,4,10,2022-03-28T02:10:29Z,2024-05-29T11:26:33Z,TypeScript
489281477,AlexandreVerhoye,nextjs-strapi-mongo-nginx-docker-starter,https://github.com/AlexandreVerhoye/nextjs-strapi-mongo-nginx-docker-starter,4,0,2022-05-06T08:45:46Z,2024-06-19T05:45:05Z,TypeScript
771219857,valnermedeiros,nestjs-boilerplate,https://github.com/valnermedeiros/nestjs-boilerplate,4,0,2024-03-12T22:43:20Z,2024-12-06T08:15:44Z,TypeScript
461595225,codesandbox,codesandbox-template-remix,https://github.com/codesandbox/codesandbox-template-remix,4,11,2022-02-20T19:35:03Z,2025-03-10T04:46:04Z,TypeScript
935759532,TheMegafuji,fastify-starter-api-template,https://github.com/TheMegafuji/fastify-starter-api-template,4,1,2025-02-20T01:11:42Z,2025-07-16T00:24:44Z,TypeScript
556304112,jellydn,platformatic-starter,https://github.com/jellydn/platformatic-starter,4,1,2022-10-23T14:49:54Z,2025-05-03T04:48:25Z,TypeScript
907377165,the-asad-iqbal,MERN-boilerplate,https://github.com/the-asad-iqbal/MERN-boilerplate,4,0,2024-12-23T12:51:29Z,2025-07-26T02:20:01Z,TypeScript
755612133,tpkee,nextjs-boilerplate,https://github.com/tpkee/nextjs-boilerplate,4,1,2024-02-10T18:30:15Z,2025-01-31T22:17:51Z,TypeScript
472957402,Rykuno,AntiMemer-Boilerplate-Template,https://github.com/Rykuno/AntiMemer-Boilerplate-Template,4,0,2022-03-22T22:27:45Z,2023-07-21T19:39:26Z,TypeScript
620157315,CloudGakkai,nextjs-boilerplate,https://github.com/CloudGakkai/nextjs-boilerplate,4,0,2023-03-28T06:23:26Z,2024-02-07T10:02:19Z,TypeScript
392105163,erdkse,nestjs-api-boilerplate,https://github.com/erdkse/nestjs-api-boilerplate,4,0,2021-08-02T21:57:45Z,2022-03-28T01:10:25Z,TypeScript
381777996,Tsugami,ts-monorepo-boilerplate,https://github.com/Tsugami/ts-monorepo-boilerplate,4,0,2021-06-30T17:09:34Z,2025-02-11T01:16:38Z,TypeScript
335271562,khrj,typescript-starter,https://github.com/khrj/typescript-starter,4,0,2021-02-02T11:50:31Z,2022-03-27T14:30:03Z,TypeScript
927369287,PavelMelnik94,boilerplate-frontend-2025,https://github.com/PavelMelnik94/boilerplate-frontend-2025,4,1,2025-02-04T20:57:19Z,2025-03-30T20:49:44Z,TypeScript
601149634,singlepagestartup,singlepagestartup,https://github.com/singlepagestartup/singlepagestartup,4,2,2023-02-13T13:26:04Z,2025-08-08T21:34:09Z,TypeScript
457434485,kirklin,boot-webext,https://github.com/kirklin/boot-webext,4,2,2022-02-09T16:17:18Z,2025-07-25T03:15:23Z,TypeScript
570720649,leothorp,fullstack-typescript-starter,https://github.com/leothorp/fullstack-typescript-starter,4,0,2022-11-25T23:19:47Z,2025-06-02T06:45:39Z,TypeScript
470334065,rkalis,p5-typescript-starter,https://github.com/rkalis/p5-typescript-starter,4,0,2022-03-15T21:15:21Z,2023-07-29T22:33:15Z,TypeScript
324546628,KimKiHyuk,nest-boilerplate,https://github.com/KimKiHyuk/nest-boilerplate,4,2,2020-12-26T12:04:37Z,2024-01-05T12:40:18Z,TypeScript
929159730,rochiyat,express-typescript-boilerplate,https://github.com/rochiyat/express-typescript-boilerplate,4,2,2025-02-07T23:13:29Z,2025-03-02T18:16:49Z,TypeScript
914448368,annasudol,web3-nextjs-wagmi-starter,https://github.com/annasudol/web3-nextjs-wagmi-starter,4,2,2025-01-09T16:06:28Z,2025-05-22T22:52:55Z,TypeScript
751855907,jyotirmaybarman,nestjs-starter,https://github.com/jyotirmaybarman/nestjs-starter,4,0,2024-02-02T13:30:33Z,2025-07-25T10:05:45Z,TypeScript
455411257,gustavolopesv3,boilerplate-nestjs-typeorm,https://github.com/gustavolopesv3/boilerplate-nestjs-typeorm,4,0,2022-02-04T03:36:56Z,2023-08-09T15:22:32Z,TypeScript
473965139,Alireza-Valizadeh,NodejsFirebaseBoilerplate,https://github.com/Alireza-Valizadeh/NodejsFirebaseBoilerplate,4,0,2022-03-25T10:28:55Z,2025-05-18T10:13:38Z,TypeScript
448288496,xg4,vite-react-template,https://github.com/xg4/vite-react-template,4,1,2022-01-15T13:42:27Z,2024-10-20T11:10:13Z,TypeScript
508902373,nei1ee,starter-ts,https://github.com/nei1ee/starter-ts,4,1,2022-06-30T02:05:17Z,2024-10-10T02:53:00Z,TypeScript
474486733,gakido07,nest-api-starter,https://github.com/gakido07/nest-api-starter,4,1,2022-03-26T23:06:03Z,2023-11-09T09:49:41Z,TypeScript
615846290,sbrannstrom,nestjs-starter,https://github.com/sbrannstrom/nestjs-starter,4,0,2023-03-18T21:04:14Z,2025-04-12T19:25:35Z,TypeScript
202381793,wbroberts,angular-tailwind-starter,https://github.com/wbroberts/angular-tailwind-starter,4,1,2019-08-14T15:52:28Z,2021-02-13T04:09:55Z,TypeScript
773215955,J-Hoplin,NestJS-Prisma-Boilerplate,https://github.com/J-Hoplin/NestJS-Prisma-Boilerplate,4,0,2024-03-17T03:36:05Z,2025-08-01T06:55:03Z,TypeScript
555947399,Tanimodori,viteburner-template,https://github.com/Tanimodori/viteburner-template,4,9,2022-10-22T18:01:14Z,2024-05-28T10:31:24Z,TypeScript
650764359,rvanasa,vite-react-icp-rust,https://github.com/rvanasa/vite-react-icp-rust,4,2,2023-06-07T18:57:00Z,2025-02-19T00:49:35Z,TypeScript
265448644,PenguBot,module-template,https://github.com/PenguBot/module-template,4,0,2020-05-20T04:15:39Z,2020-06-01T00:20:10Z,TypeScript
374432433,cyber-eternal,node-express-typescript-bp,https://github.com/cyber-eternal/node-express-typescript-bp,4,3,2021-06-06T18:15:20Z,2023-03-10T12:09:29Z,TypeScript
524301413,SE-JE,venida,https://github.com/SE-JE/venida,4,4,2022-08-13T04:38:08Z,2024-08-13T03:32:55Z,TypeScript
642178923,rhuangabrielsantos,awesome-react-boilerplate,https://github.com/rhuangabrielsantos/awesome-react-boilerplate,4,0,2023-05-18T02:01:34Z,2023-05-30T19:49:55Z,TypeScript
911547138,pluginpal,strapi-plugin-boilerplate,https://github.com/pluginpal/strapi-plugin-boilerplate,4,0,2025-01-03T09:20:23Z,2025-05-29T14:34:42Z,TypeScript
469013840,arpansaha13,vilectron,https://github.com/arpansaha13/vilectron,4,0,2022-03-12T07:34:47Z,2025-06-30T06:21:18Z,TypeScript
257018379,jvictorfarias,boilerplate-nodejs-typescript,https://github.com/jvictorfarias/boilerplate-nodejs-typescript,4,0,2020-04-19T14:20:09Z,2025-02-20T20:00:40Z,TypeScript
636652670,riad-azz,nextjs-starter,https://github.com/riad-azz/nextjs-starter,4,0,2023-05-05T10:35:42Z,2023-10-01T09:59:35Z,TypeScript
301889669,gabrielreisn,ui-template,https://github.com/gabrielreisn/ui-template,4,1,2020-10-07T00:42:45Z,2023-11-04T02:26:49Z,TypeScript
477416644,joseffffff,hexagonal-google-apps-script,https://github.com/joseffffff/hexagonal-google-apps-script,4,0,2022-04-03T17:35:26Z,2022-07-12T05:50:54Z,TypeScript
711892628,iSyqozz,next-solana-starter,https://github.com/iSyqozz/next-solana-starter,4,1,2023-10-30T11:41:20Z,2024-05-10T19:44:52Z,TypeScript
1024349191,ankushKun,ar-ao-starter,https://github.com/ankushKun/ar-ao-starter,4,2,2025-07-22T14:59:59Z,2025-07-26T21:54:54Z,TypeScript
529083639,so1ve-starters,starter-node-monorepo,https://github.com/so1ve-starters/starter-node-monorepo,4,0,2022-08-26T02:12:30Z,2025-06-24T16:00:46Z,TypeScript
516645179,xparcai,xparcai-starter-vscode,https://github.com/xparcai/xparcai-starter-vscode,4,0,2022-07-22T06:59:23Z,2023-12-01T07:00:07Z,TypeScript
686180733,recallwei,nest-ts-starter-template,https://github.com/recallwei/nest-ts-starter-template,4,0,2023-09-02T00:31:40Z,2024-05-06T07:13:33Z,TypeScript
732957264,wasmer-examples,remix-wasmer-starter,https://github.com/wasmer-examples/remix-wasmer-starter,4,0,2023-12-18T08:45:10Z,2024-08-22T13:41:12Z,TypeScript
921898280,ushan-rx,next-ui-shadcn-starter,https://github.com/ushan-rx/next-ui-shadcn-starter,4,0,2025-01-24T20:36:04Z,2025-02-03T05:37:37Z,TypeScript
770608198,yusuf-yldrm,expo-boilerplate,https://github.com/yusuf-yldrm/expo-boilerplate,4,0,2024-03-11T20:56:28Z,2024-09-05T17:10:14Z,TypeScript
338507151,Zoltu,preact-es2020-template,https://github.com/Zoltu/preact-es2020-template,4,1,2021-02-13T05:49:25Z,2025-06-25T06:26:58Z,TypeScript
299047073,bndynet,admin-template-for-angular,https://github.com/bndynet/admin-template-for-angular,4,2,2020-09-27T14:15:03Z,2025-07-31T13:21:30Z,TypeScript
242183396,thiago4455,typescript-api-boilerplate,https://github.com/thiago4455/typescript-api-boilerplate,4,0,2020-02-21T16:29:42Z,2023-02-05T16:04:45Z,TypeScript
627650186,Murilo-MRS,nodejs-ts-boilerplate,https://github.com/Murilo-MRS/nodejs-ts-boilerplate,4,0,2023-04-13T23:05:21Z,2024-02-20T17:05:32Z,TypeScript
526664431,SkepticMystic,app-starter-template,https://github.com/SkepticMystic/app-starter-template,4,0,2022-08-19T15:45:12Z,2025-08-07T19:05:21Z,TypeScript
506725427,boilertown,react-nostalgia-boilerplate,https://github.com/boilertown/react-nostalgia-boilerplate,4,0,2022-06-23T17:06:17Z,2024-01-29T00:15:13Z,TypeScript
863579915,AnyFlowLabs,hardhat-erc20-template,https://github.com/AnyFlowLabs/hardhat-erc20-template,4,14,2024-09-26T14:36:36Z,2025-04-04T21:16:20Z,TypeScript
644419431,squashfold,mdx-ts-nextjs-starter,https://github.com/squashfold/mdx-ts-nextjs-starter,4,0,2023-05-23T13:31:04Z,2024-12-01T16:05:10Z,TypeScript
726795956,b3hniya,clean-react-vite-boilerplate,https://github.com/b3hniya/clean-react-vite-boilerplate,4,0,2023-12-03T12:35:06Z,2024-03-06T14:01:32Z,TypeScript
400434222,joshxfi,vr2t-boilerplate,https://github.com/joshxfi/vr2t-boilerplate,4,0,2021-08-27T08:00:55Z,2021-11-25T08:59:01Z,TypeScript
520796256,qowns8,react-component-boilerplate,https://github.com/qowns8/react-component-boilerplate,4,1,2022-08-03T08:23:27Z,2023-01-11T23:55:14Z,TypeScript
606483075,moonraker22,r3f-ts-drei-starter,https://github.com/moonraker22/r3f-ts-drei-starter,4,0,2023-02-25T16:21:21Z,2024-04-15T10:03:47Z,TypeScript
181566398,AlexandrKolesnikov,react-boilerplate,https://github.com/AlexandrKolesnikov/react-boilerplate,4,2,2019-04-15T21:10:39Z,2022-01-11T23:18:43Z,TypeScript
161178664,tinymins,vue-boilerplate,https://github.com/tinymins/vue-boilerplate,4,2,2018-12-10T13:23:34Z,2023-01-09T08:02:54Z,TypeScript
638461832,elonehoo-starter,vite-plugin,https://github.com/elonehoo-starter/vite-plugin,4,0,2023-05-09T12:29:34Z,2025-08-01T08:42:00Z,TypeScript
639933812,naz3eh,npm-package-boilerplate,https://github.com/naz3eh/npm-package-boilerplate,4,0,2023-05-12T15:00:31Z,2023-05-16T14:39:36Z,TypeScript
209902170,blakedietz,fastify-typescript-boilerplate,https://github.com/blakedietz/fastify-typescript-boilerplate,4,2,2019-09-21T00:31:55Z,2022-04-26T04:08:13Z,TypeScript
409190071,bcakmakoglu,contentful-vitesse-starter,https://github.com/bcakmakoglu/contentful-vitesse-starter,4,1,2021-09-22T12:09:58Z,2024-11-01T13:03:25Z,TypeScript
167995141,yandeu,ionic-react-typescript-starter,https://github.com/yandeu/ionic-react-typescript-starter,4,1,2019-01-28T16:30:01Z,2022-08-03T12:59:30Z,TypeScript
514865835,jonz94,ionic-angular-tailwindcss-starter,https://github.com/jonz94/ionic-angular-tailwindcss-starter,4,4,2022-07-17T14:26:32Z,2025-06-19T09:31:30Z,TypeScript
463606113,theodo,keiko-serverless,https://github.com/theodo/keiko-serverless,4,28,2022-02-25T16:42:46Z,2024-09-30T13:53:22Z,TypeScript
462851343,getinapp,next-boilerplate,https://github.com/getinapp/next-boilerplate,4,1,2022-02-23T18:06:44Z,2022-11-23T14:48:41Z,TypeScript
887809299,SajjanKarn,next-starter-kit,https://github.com/SajjanKarn/next-starter-kit,4,1,2024-11-13T10:21:31Z,2025-05-15T09:42:14Z,TypeScript
745813808,Glavin001,next-ai-app-starter,https://github.com/Glavin001/next-ai-app-starter,4,1,2024-01-20T08:09:01Z,2025-02-18T07:45:14Z,TypeScript
1002913179,frockett,astro-payload-starter,https://github.com/frockett/astro-payload-starter,4,0,2025-06-16T10:37:29Z,2025-06-28T12:13:40Z,TypeScript
486581610,cjinhuo,mono-sdk-boilerplate,https://github.com/cjinhuo/mono-sdk-boilerplate,4,2,2022-04-28T12:18:13Z,2025-07-25T05:44:06Z,TypeScript
489260625,LimeChain,limeacademy-next-web3-boilerplate,https://github.com/LimeChain/limeacademy-next-web3-boilerplate,4,3,2022-05-06T07:35:24Z,2024-02-19T02:20:43Z,TypeScript
930009499,panntod,Vite-Starter-Template,https://github.com/panntod/Vite-Starter-Template,4,0,2025-02-09T22:24:13Z,2025-05-29T13:19:57Z,TypeScript
848757613,vircoding,nuxt-authentication-starter-template,https://github.com/vircoding/nuxt-authentication-starter-template,4,1,2024-08-28T10:59:21Z,2025-02-24T06:25:30Z,TypeScript
372607795,CitRUSprod,svelte-kit-website-starter,https://github.com/CitRUSprod/svelte-kit-website-starter,4,0,2021-05-31T19:20:54Z,2025-05-04T13:56:11Z,TypeScript
347641643,balazsotakomaiya,ionic5-react-tailwindcss-starter,https://github.com/balazsotakomaiya/ionic5-react-tailwindcss-starter,4,0,2021-03-14T13:16:36Z,2023-04-03T17:59:55Z,TypeScript
703445085,SummerFans,next-dashboard-boilerplate,https://github.com/SummerFans/next-dashboard-boilerplate,4,0,2023-10-11T09:00:31Z,2024-02-27T00:13:40Z,TypeScript
805266307,luc-mo,react-package-starter,https://github.com/luc-mo/react-package-starter,4,0,2024-05-24T08:11:37Z,2024-10-15T20:11:00Z,TypeScript
171600695,wansaleh,next-starter,https://github.com/wansaleh/next-starter,4,0,2019-02-20T04:26:50Z,2023-03-07T14:00:33Z,TypeScript
623061789,Rahat-ch,biconomy-sdk-social-gasless-starter,https://github.com/Rahat-ch/biconomy-sdk-social-gasless-starter,4,3,2023-04-03T16:05:20Z,2023-06-27T06:21:43Z,TypeScript
354669404,kotarella1110,typescript-template-eslint-plugin,https://github.com/kotarella1110/typescript-template-eslint-plugin,4,7,2021-04-04T23:44:46Z,2023-12-14T12:39:27Z,TypeScript
877633863,Victorola-coder,next-template,https://github.com/Victorola-coder/next-template,4,0,2024-10-24T01:14:59Z,2025-06-08T03:15:40Z,TypeScript
692638109,prodioslabs,next-starter,https://github.com/prodioslabs/next-starter,4,1,2023-09-17T05:30:29Z,2025-03-14T14:40:25Z,TypeScript
727467471,lucien-loua,nextjs14-shadcnui-boilerplate,https://github.com/lucien-loua/nextjs14-shadcnui-boilerplate,4,3,2023-12-04T23:20:54Z,2024-11-19T19:38:26Z,TypeScript
978610062,nuxt-ui-pro,starter-adonis,https://github.com/nuxt-ui-pro/starter-adonis,4,0,2025-05-06T08:50:56Z,2025-05-06T13:48:32Z,TypeScript
444760972,PDMLab,turborepo-node-react-tailwind-starter,https://github.com/PDMLab/turborepo-node-react-tailwind-starter,4,0,2022-01-05T10:28:12Z,2024-02-12T11:54:16Z,TypeScript
432797050,iam-rohid,react-tailwindcss-typescript-vite-template,https://github.com/iam-rohid/react-tailwindcss-typescript-vite-template,4,1,2021-11-28T18:49:30Z,2022-05-06T18:29:37Z,TypeScript
716921945,md-redwan-hossain,nestjs-starter,https://github.com/md-redwan-hossain/nestjs-starter,4,0,2023-11-10T06:47:31Z,2025-05-03T02:09:23Z,TypeScript
681447404,TiendaNube,tiendanube-app-standalone-template-node,https://github.com/TiendaNube/tiendanube-app-standalone-template-node,4,12,2023-08-22T03:22:43Z,2025-06-30T19:14:59Z,TypeScript
740908481,chambrin,Next.gold,https://github.com/chambrin/Next.gold,4,0,2024-01-09T10:12:38Z,2025-06-12T09:19:26Z,TypeScript
720020792,kelian9,profiteam-react-boilerplate,https://github.com/kelian9/profiteam-react-boilerplate,4,0,2023-11-17T12:06:44Z,2024-02-19T12:24:48Z,TypeScript
978885526,Salman-Ahamed,Next.js-TypeScript-Starter-Template,https://github.com/Salman-Ahamed/Next.js-TypeScript-Starter-Template,4,0,2025-05-06T16:52:37Z,2025-07-18T17:55:33Z,TypeScript
462454500,alexvoedi,vue-vite-unocss,https://github.com/alexvoedi/vue-vite-unocss,4,1,2022-02-22T19:59:43Z,2025-07-12T06:19:54Z,TypeScript
323114570,bhska,next-ts-materialui,https://github.com/bhska/next-ts-materialui,4,1,2020-12-20T16:24:12Z,2023-10-09T20:25:43Z,TypeScript
841161753,adelrodriguez,wingman,https://github.com/adelrodriguez/wingman,4,0,2024-08-11T20:23:51Z,2025-05-15T03:49:01Z,TypeScript
278118279,rishiosaur,bolt-ts-starter,https://github.com/rishiosaur/bolt-ts-starter,4,1,2020-07-08T14:55:07Z,2024-05-08T09:17:56Z,TypeScript
435249920,BetaHuhn,deta-express-starter,https://github.com/BetaHuhn/deta-express-starter,4,1,2021-12-05T18:43:59Z,2022-08-26T13:30:03Z,TypeScript
229007070,memory-lovers,starter-nuxt-typescript,https://github.com/memory-lovers/starter-nuxt-typescript,4,0,2019-12-19T08:14:35Z,2021-10-05T02:50:15Z,TypeScript
516090785,AlexW00,web-components-ts,https://github.com/AlexW00/web-components-ts,4,0,2022-07-20T18:19:22Z,2025-04-28T08:51:18Z,TypeScript
570049777,mukundshah,nuxt3-starter,https://github.com/mukundshah/nuxt3-starter,4,1,2022-11-24T08:16:49Z,2024-11-12T15:32:31Z,TypeScript
596950831,zhuoooo,ts-lib-starter,https://github.com/zhuoooo/ts-lib-starter,4,0,2023-02-03T09:40:24Z,2023-03-25T03:01:23Z,TypeScript
908069270,Atomic-IT,NuxtStarter,https://github.com/Atomic-IT/NuxtStarter,4,0,2024-12-25T03:31:42Z,2025-07-25T22:35:44Z,TypeScript
403886052,adrianbarbic,astro-forestry-starter,https://github.com/adrianbarbic/astro-forestry-starter,4,0,2021-09-07T07:37:19Z,2023-07-23T10:04:33Z,TypeScript
293075803,rohmanhm,nextjs-starter-chakra-ui,https://github.com/rohmanhm/nextjs-starter-chakra-ui,4,0,2020-09-05T12:55:38Z,2023-03-08T03:35:00Z,TypeScript
648477328,DanielFGray,graphile-starter-slim,https://github.com/DanielFGray/graphile-starter-slim,4,0,2023-06-02T04:12:33Z,2024-07-12T16:04:09Z,TypeScript
486914986,dmoosocool,vite-vue3-tsx-pinia-unocss,https://github.com/dmoosocool/vite-vue3-tsx-pinia-unocss,4,0,2022-04-29T09:33:20Z,2023-12-01T08:54:35Z,TypeScript
699136594,aelew,discord-bot-template,https://github.com/aelew/discord-bot-template,4,0,2023-10-02T02:01:11Z,2025-07-27T08:39:51Z,TypeScript
492806876,developer-plus,starter-ts,https://github.com/developer-plus/starter-ts,4,2,2022-05-16T11:32:59Z,2022-07-07T11:43:40Z,TypeScript
514122129,plasmicapp,nextjs-starter,https://github.com/plasmicapp/nextjs-starter,4,2,2022-07-15T03:30:45Z,2025-06-07T15:51:21Z,TypeScript
499855427,dazalez,vite-ts-react-ssr-express-docker,https://github.com/dazalez/vite-ts-react-ssr-express-docker,4,4,2022-06-04T14:51:28Z,2025-04-10T06:59:34Z,TypeScript
855102939,RoyRao2333,template-rsbuild-react-ts-tailwind,https://github.com/RoyRao2333/template-rsbuild-react-ts-tailwind,4,0,2024-09-10T10:06:50Z,2025-03-27T03:02:29Z,TypeScript
280231571,iluminar-yi,svstudio-typescripting-template,https://github.com/iluminar-yi/svstudio-typescripting-template,4,0,2020-07-16T18:44:00Z,2020-09-05T07:36:53Z,TypeScript
976000121,DanieII,instant-saas,https://github.com/DanieII/instant-saas,4,0,2025-05-01T09:46:09Z,2025-08-10T07:02:56Z,TypeScript
533630676,codemaster727,react17-typescript-eslint-prettier-boilerplate,https://github.com/codemaster727/react17-typescript-eslint-prettier-boilerplate,4,0,2022-09-07T06:10:24Z,2023-03-07T02:13:56Z,TypeScript
948829460,BunsDev,mastra-starter,https://github.com/BunsDev/mastra-starter,4,0,2025-03-15T03:44:14Z,2025-07-28T07:22:12Z,TypeScript
960689024,Certsoftt,faztar,https://github.com/Certsoftt/faztar,4,0,2025-04-04T21:56:30Z,2025-04-24T20:04:30Z,TypeScript
581183432,shubhamkashyapdev,ionic-react-starter,https://github.com/shubhamkashyapdev/ionic-react-starter,4,2,2022-12-22T13:49:15Z,2023-07-25T22:09:55Z,TypeScript
691972025,thomas-rooty,r3f-character-controls,https://github.com/thomas-rooty/r3f-character-controls,4,2,2023-09-15T09:26:36Z,2025-01-28T16:00:04Z,TypeScript
517250684,tqhoughton,aws-cdk-appsync-starter-ts,https://github.com/tqhoughton/aws-cdk-appsync-starter-ts,4,0,2022-07-24T06:58:37Z,2024-11-12T18:00:49Z,TypeScript
609772550,almond-bongbong,node-module-template,https://github.com/almond-bongbong/node-module-template,4,0,2023-03-05T07:25:45Z,2025-06-05T22:44:05Z,TypeScript
644031486,quizardhq,ui-template,https://github.com/quizardhq/ui-template,4,1,2023-05-22T17:01:47Z,2023-09-24T16:49:22Z,TypeScript
625999803,imaginarymachines,langchainjs-template,https://github.com/imaginarymachines/langchainjs-template,4,1,2023-04-10T15:26:15Z,2023-09-24T10:24:41Z,TypeScript
724608203,amkige,gnome-shell-extension-ts-template,https://github.com/amkige/gnome-shell-extension-ts-template,4,0,2023-11-28T12:35:37Z,2025-07-21T05:35:53Z,TypeScript
247498455,softspiders,clean-architecture-react-ts-todo-starter,https://github.com/softspiders/clean-architecture-react-ts-todo-starter,4,1,2020-03-15T15:51:11Z,2022-09-28T00:43:37Z,TypeScript
479810078,willsonart7,nest-ddd-template,https://github.com/willsonart7/nest-ddd-template,4,4,2022-04-09T18:22:56Z,2023-06-05T18:43:17Z,TypeScript
595606433,EveripediaNetwork,ep-template,https://github.com/EveripediaNetwork/ep-template,4,1,2023-01-31T12:43:06Z,2023-02-01T02:03:54Z,TypeScript
608100137,josephgodwinkimani,ionic-react-vite-starter,https://github.com/josephgodwinkimani/ionic-react-vite-starter,4,0,2023-03-01T10:17:21Z,2025-01-13T17:45:26Z,TypeScript
246134477,sweeetland,production-ready-serverless,https://github.com/sweeetland/production-ready-serverless,4,1,2020-03-09T20:23:44Z,2021-12-06T12:16:36Z,TypeScript
675175391,narpatsinghpurohit,react-starter-kit,https://github.com/narpatsinghpurohit/react-starter-kit,4,2,2023-08-06T03:26:06Z,2024-10-01T11:08:32Z,TypeScript
557835110,zenstackhq,nextjs-auth-starter,https://github.com/zenstackhq/nextjs-auth-starter,4,2,2022-10-26T11:52:49Z,2023-10-16T06:53:30Z,TypeScript
740453280,AliKarabulut,nextjs14-boilerplate,https://github.com/AliKarabulut/nextjs14-boilerplate,4,0,2024-01-08T11:30:01Z,2024-09-11T21:23:55Z,TypeScript
502892847,chenc041,angular-nestjs-full-stack,https://github.com/chenc041/angular-nestjs-full-stack,4,0,2022-06-13T09:37:42Z,2024-11-19T05:04:14Z,TypeScript
901987997,ManuelGil,vscode-extension-starter-minimal,https://github.com/ManuelGil/vscode-extension-starter-minimal,4,1,2024-12-11T17:28:39Z,2025-04-12T14:37:52Z,TypeScript
535036930,abilovelchin,react-ts-starter-kit,https://github.com/abilovelchin/react-ts-starter-kit,4,1,2022-09-10T15:22:36Z,2025-02-19T07:44:57Z,TypeScript
600777583,Bernankez,TSTemplateMonorepo,https://github.com/Bernankez/TSTemplateMonorepo,4,0,2023-02-12T15:17:21Z,2025-06-18T03:17:28Z,TypeScript
226358634,atomicojs,base,https://github.com/atomicojs/base,4,3,2019-12-06T15:33:49Z,2025-06-06T11:47:22Z,TypeScript
899930043,fersaikyo,starter-react-ts,https://github.com/fersaikyo/starter-react-ts,4,0,2024-12-07T12:06:29Z,2025-03-02T08:25:49Z,TypeScript
201815065,jednano,lerna-starter,https://github.com/jednano/lerna-starter,4,1,2019-08-11T21:07:58Z,2023-08-15T15:48:54Z,TypeScript
738629937,doinel1a,next-ts-shadcn-ui,https://github.com/doinel1a/next-ts-shadcn-ui,4,0,2024-01-03T17:08:53Z,2025-08-05T20:56:04Z,TypeScript
969490768,vanguard-lab,VanguardNX,https://github.com/vanguard-lab/VanguardNX,4,2,2025-04-20T09:12:26Z,2025-08-10T14:18:54Z,TypeScript
697872168,lytaitruong,nestjs-monolith-boilerplate,https://github.com/lytaitruong/nestjs-monolith-boilerplate,4,1,2023-09-28T16:37:09Z,2024-11-27T21:32:51Z,TypeScript
988526131,firtoz,cf-multiworker-boilerplate,https://github.com/firtoz/cf-multiworker-boilerplate,4,0,2025-05-22T17:15:37Z,2025-08-09T23:11:34Z,TypeScript
687183802,alfed7,react-ssr-ts-scss-rollup,https://github.com/alfed7/react-ssr-ts-scss-rollup,4,1,2023-09-04T20:15:15Z,2024-12-16T17:00:19Z,TypeScript
616827978,hongfaqiu,umijs4-with-antd5-tailwindcss,https://github.com/hongfaqiu/umijs4-with-antd5-tailwindcss,4,1,2023-03-21T06:57:23Z,2024-02-22T06:30:26Z,TypeScript
666066340,rifandani,vue-app,https://github.com/rifandani/vue-app,4,1,2023-07-13T16:20:46Z,2024-08-04T02:26:14Z,TypeScript
922517683,emrancu,hono-remix-cloudflare-boilerplate,https://github.com/emrancu/hono-remix-cloudflare-boilerplate,4,0,2025-01-26T12:38:22Z,2025-03-04T18:26:40Z,TypeScript
669710656,godkingjay,material-next-template-01,https://github.com/godkingjay/material-next-template-01,4,0,2023-07-23T07:11:30Z,2023-10-13T12:30:50Z,TypeScript
714363014,rajput-hemant,qwik-template,https://github.com/rajput-hemant/qwik-template,4,1,2023-11-04T17:25:59Z,2025-08-02T08:09:57Z,TypeScript
975865775,cyberdesk-hq,cyberdesk-ai-sdk-starter,https://github.com/cyberdesk-hq/cyberdesk-ai-sdk-starter,4,1,2025-05-01T03:37:07Z,2025-06-28T02:35:19Z,TypeScript
949521895,apollographql,rover-init-starters,https://github.com/apollographql/rover-init-starters,4,0,2025-03-16T16:41:56Z,2025-06-10T19:58:23Z,TypeScript
776906642,LuchoBazz,express-ts-rest-starter-kit,https://github.com/LuchoBazz/express-ts-rest-starter-kit,4,0,2024-03-24T19:12:02Z,2025-07-25T13:26:09Z,TypeScript
424050093,danicunhac,next-chakra,https://github.com/danicunhac/next-chakra,4,0,2021-11-03T01:13:26Z,2022-10-23T14:09:57Z,TypeScript
577574251,mabry1985,Lit-Storybook-Starter-with-Vite,https://github.com/mabry1985/Lit-Storybook-Starter-with-Vite,4,0,2022-12-13T03:13:46Z,2025-03-20T18:04:42Z,TypeScript
275066107,thinhtran3588,tqt-mobile-starter-kit,https://github.com/thinhtran3588/tqt-mobile-starter-kit,4,0,2020-06-26T03:33:57Z,2021-08-29T09:33:11Z,TypeScript
512226312,CodeDruid13,NextUI-Typescript-template,https://github.com/CodeDruid13/NextUI-Typescript-template,4,0,2022-07-09T15:56:17Z,2024-01-06T05:57:03Z,TypeScript
310050687,DevUnderflow,nx-node-typescript-api,https://github.com/DevUnderflow/nx-node-typescript-api,4,1,2020-11-04T16:00:32Z,2023-10-18T04:39:35Z,TypeScript
495907528,pedrofialho,next-starter,https://github.com/pedrofialho/next-starter,4,0,2022-05-24T16:39:48Z,2024-08-06T03:10:54Z,TypeScript
536338173,deno911,kit,https://github.com/deno911/kit,4,0,2022-09-13T23:09:46Z,2024-05-02T04:41:18Z,TypeScript
1032197267,Natty-7r,Nest-js-Starter,https://github.com/Natty-7r/Nest-js-Starter,4,1,2025-08-05T00:59:27Z,2025-08-08T06:21:57Z,TypeScript
934601286,CTRL-Neo-Studios,NuxtUI-v3-Tauri-App-Template,https://github.com/CTRL-Neo-Studios/NuxtUI-v3-Tauri-App-Template,4,0,2025-02-18T05:19:48Z,2025-08-02T09:19:16Z,TypeScript
257262287,HoukasaurusRex,boilerplate-express-ts-server,https://github.com/HoukasaurusRex/boilerplate-express-ts-server,4,1,2020-04-20T11:39:51Z,2023-02-17T11:56:46Z,TypeScript
851248783,alfonsovgs,vitesse-slices,https://github.com/alfonsovgs/vitesse-slices,4,0,2024-09-02T18:02:46Z,2025-07-31T13:40:20Z,TypeScript
896526724,razvanbaboiucs,hono-cloudflare-workers-api-starter,https://github.com/razvanbaboiucs/hono-cloudflare-workers-api-starter,4,0,2024-11-30T15:47:39Z,2025-02-12T15:40:33Z,TypeScript
375420009,node-projects-znareak,mern-template,https://github.com/node-projects-znareak/mern-template,4,3,2021-06-09T16:24:46Z,2025-08-02T23:06:14Z,TypeScript
524974200,ExposedCat,ts-tg-bot,https://github.com/ExposedCat/ts-tg-bot,4,3,2022-08-15T12:14:40Z,2025-08-06T13:17:33Z,TypeScript
581962826,mail4metablocks,nextjs-scaffolding-template,https://github.com/mail4metablocks/nextjs-scaffolding-template,4,0,2022-12-25T04:10:53Z,2023-10-03T05:58:59Z,TypeScript
459408553,kennarddh,celosiajs-boilerplate,https://github.com/kennarddh/celosiajs-boilerplate,4,1,2022-02-15T03:08:55Z,2025-01-18T18:01:43Z,TypeScript
742132008,ZUR1C4T0,nestjs-fast-template,https://github.com/ZUR1C4T0/nestjs-fast-template,4,0,2024-01-11T20:32:35Z,2025-08-06T16:10:30Z,TypeScript
354230894,ooanishoo,react-ts-boilerplate,https://github.com/ooanishoo/react-ts-boilerplate,4,0,2021-04-03T07:42:32Z,2023-03-08T21:09:00Z,TypeScript
390487772,aavegotchi,nextjs-moralis-aavegotchi,https://github.com/aavegotchi/nextjs-moralis-aavegotchi,4,1,2021-07-28T20:00:46Z,2025-04-20T08:49:04Z,TypeScript
401310335,ccoyotedev,aavegotchi-moralis-phaser,https://github.com/ccoyotedev/aavegotchi-moralis-phaser,4,0,2021-08-30T10:56:06Z,2022-06-14T23:32:20Z,TypeScript
252589255,e2e-boilerplate,cypress-typescript-jest-expect,https://github.com/e2e-boilerplate/cypress-typescript-jest-expect,4,0,2020-04-02T23:44:50Z,2022-03-06T15:32:10Z,TypeScript
899836247,9d8dev,pay-auth,https://github.com/9d8dev/pay-auth,4,0,2024-12-07T06:20:41Z,2025-05-21T05:10:12Z,TypeScript
930965134,Shotix,nextjs-with-auth,https://github.com/Shotix/nextjs-with-auth,4,0,2025-02-11T14:02:05Z,2025-07-08T05:46:43Z,TypeScript
519716091,yuler,element-plus-admin,https://github.com/yuler/element-plus-admin,4,0,2022-07-31T08:10:50Z,2025-05-01T08:35:10Z,TypeScript
662282549,webexpe13,nextjs-tailwind-mdx-blog-template,https://github.com/webexpe13/nextjs-tailwind-mdx-blog-template,4,0,2023-07-04T19:15:22Z,2025-02-16T14:23:28Z,TypeScript
583312020,iNewLegend,react-rollup-boilerplate,https://github.com/iNewLegend/react-rollup-boilerplate,4,0,2022-12-29T11:58:22Z,2023-07-13T11:50:42Z,TypeScript
817118756,up2dul,rvtgb,https://github.com/up2dul/rvtgb,4,0,2024-06-19T04:12:41Z,2025-06-30T08:26:58Z,TypeScript
321422163,edenia,full-stack-boilerplate,https://github.com/edenia/full-stack-boilerplate,5,7,2020-12-14T17:24:59Z,2025-02-12T06:43:56Z,TypeScript
486904676,eDonec,boilerplate,https://github.com/eDonec/boilerplate,5,2,2022-04-29T08:59:43Z,2024-06-13T00:07:06Z,TypeScript
874576690,Phala-Network,phala-cloud-nextjs-starter,https://github.com/Phala-Network/phala-cloud-nextjs-starter,5,5,2024-10-18T04:49:48Z,2025-06-04T17:40:50Z,TypeScript
497126568,yextconsulting,pages-starter-react-consulting,https://github.com/yextconsulting/pages-starter-react-consulting,5,8,2022-05-27T20:17:35Z,2025-05-22T19:21:35Z,TypeScript
515704249,FlatFilers,platform-sdk-starter,https://github.com/FlatFilers/platform-sdk-starter,5,23,2022-07-19T18:45:55Z,2023-09-03T08:04:49Z,TypeScript
754314094,CarlosUlisesOchoa,rollup-react-library-template,https://github.com/CarlosUlisesOchoa/rollup-react-library-template,5,2,2024-02-07T20:06:21Z,2024-11-12T00:20:26Z,TypeScript
669257853,ColinEspinas,starter,https://github.com/ColinEspinas/starter,5,0,2023-07-21T18:32:14Z,2024-11-13T18:42:59Z,TypeScript
332832540,kontent-ai,boilerplate-next-js,https://github.com/kontent-ai/boilerplate-next-js,5,6,2021-01-25T17:46:41Z,2023-08-22T04:05:21Z,TypeScript
573945856,r3ps4J,cfx-angular-boilerplate-lua,https://github.com/r3ps4J/cfx-angular-boilerplate-lua,5,6,2022-12-03T23:26:58Z,2025-01-06T22:21:45Z,TypeScript
562739884,hemengke1997,ts-starter,https://github.com/hemengke1997/ts-starter,5,3,2022-11-07T06:41:55Z,2025-08-07T02:39:40Z,TypeScript
332232003,learnstrapi,boilerplate,https://github.com/learnstrapi/boilerplate,5,0,2021-01-23T14:39:37Z,2023-12-19T09:33:40Z,TypeScript
609486694,scottleechua,tina-ghpages-starter,https://github.com/scottleechua/tina-ghpages-starter,5,3,2023-03-04T10:22:39Z,2025-06-12T01:30:13Z,TypeScript
704238877,seltzerfish,phaser-svelte-template,https://github.com/seltzerfish/phaser-svelte-template,5,1,2023-10-12T20:48:52Z,2024-10-13T06:51:37Z,TypeScript
350149160,WeAreAcademy,mark-fullstack-proj--starter-1,https://github.com/WeAreAcademy/mark-fullstack-proj--starter-1,5,5,2021-03-21T23:43:29Z,2024-07-01T16:26:28Z,TypeScript
320065392,snoh666,react-typescript-template,https://github.com/snoh666/react-typescript-template,5,4,2020-12-09T19:59:14Z,2022-12-21T22:36:32Z,TypeScript
391442699,pijushbarik,gatsby-template-chakra-ui,https://github.com/pijushbarik/gatsby-template-chakra-ui,5,0,2021-07-31T19:06:59Z,2024-02-14T20:26:47Z,TypeScript
768793297,santoshshinde2012,node-ts-sequelize-pg-boilerplate,https://github.com/santoshshinde2012/node-ts-sequelize-pg-boilerplate,5,2,2024-03-07T18:36:44Z,2025-07-29T02:22:22Z,TypeScript
428739428,WeAreAcademy,academy-express-starter-ts,https://github.com/WeAreAcademy/academy-express-starter-ts,5,15,2021-11-16T16:50:56Z,2024-07-12T19:18:56Z,TypeScript
833073532,AmanVarshney01,expo-tamagui-starter,https://github.com/AmanVarshney01/expo-tamagui-starter,5,2,2024-07-24T09:51:49Z,2024-09-28T02:52:12Z,TypeScript
568581829,Mayank-Tripathi32,Express-Starter-with-TS-JWT,https://github.com/Mayank-Tripathi32/Express-Starter-with-TS-JWT,5,3,2022-11-21T00:26:24Z,2024-12-18T14:01:52Z,TypeScript
674289264,didikmulyadi,nextjs-pro,https://github.com/didikmulyadi/nextjs-pro,5,3,2023-08-03T15:19:43Z,2024-06-22T13:20:36Z,TypeScript
628028332,chakra-ui,gatsby-starter-chakra-ui-ts,https://github.com/chakra-ui/gatsby-starter-chakra-ui-ts,5,2,2023-04-14T18:33:56Z,2024-11-25T17:43:40Z,TypeScript
615118332,Wonder0xWeird,siwr-starter-pack,https://github.com/Wonder0xWeird/siwr-starter-pack,5,3,2023-03-17T01:41:56Z,2025-01-19T13:41:08Z,TypeScript
203810978,manwaring,serverless-api-template,https://github.com/manwaring/serverless-api-template,5,4,2019-08-22T14:23:47Z,2023-07-04T12:56:11Z,TypeScript
255320577,lauirvin,reactjs-typescript-boilerplate,https://github.com/lauirvin/reactjs-typescript-boilerplate,5,2,2020-04-13T12:31:16Z,2022-06-20T18:12:47Z,TypeScript
221036064,Paraboly,pwc-web-component-boilerplate,https://github.com/Paraboly/pwc-web-component-boilerplate,5,1,2019-11-11T17:39:36Z,2021-03-18T22:42:30Z,TypeScript
466913130,tshewang-rinzin,turbo-nestjs-boilerplate,https://github.com/tshewang-rinzin/turbo-nestjs-boilerplate,5,2,2022-03-07T02:16:45Z,2024-08-29T11:44:19Z,TypeScript
529424489,namdao2000,nextjs-worker-queue-starter,https://github.com/namdao2000/nextjs-worker-queue-starter,5,2,2022-08-26T22:51:06Z,2024-07-22T12:00:24Z,TypeScript
589488743,anuraglol,next-starter,https://github.com/anuraglol/next-starter,5,2,2023-01-16T08:38:58Z,2023-01-31T06:15:32Z,TypeScript
902689427,strlrd-29,next-shadcn-starter,https://github.com/strlrd-29/next-shadcn-starter,5,3,2024-12-13T04:23:50Z,2025-03-30T19:20:27Z,TypeScript
964648445,EmmettM,super-saas-template,https://github.com/EmmettM/super-saas-template,5,4,2025-04-11T14:55:10Z,2025-05-27T16:58:54Z,TypeScript
194825736,vaadin-component-factory,vcf-element,https://github.com/vaadin-component-factory/vcf-element,5,1,2019-07-02T08:51:26Z,2024-04-15T01:45:36Z,TypeScript
248788245,zlatanpham,nextjs-boilerplate,https://github.com/zlatanpham/nextjs-boilerplate,5,0,2020-03-20T15:23:53Z,2025-08-04T09:11:02Z,TypeScript
597791246,artalar,reatom-react-ts,https://github.com/artalar/reatom-react-ts,5,2,2023-02-05T16:48:48Z,2024-03-24T16:21:52Z,TypeScript
623348420,muneebhashone,next-chakra-starter,https://github.com/muneebhashone/next-chakra-starter,5,0,2023-04-04T07:36:14Z,2023-11-14T12:43:14Z,TypeScript
377857307,seahindeniz,nameless-fullstack-boilerplate,https://github.com/seahindeniz/nameless-fullstack-boilerplate,5,1,2021-06-17T14:22:54Z,2025-08-02T15:20:31Z,TypeScript
987158875,searchcraft-inc,vite-react-searchcraft-template,https://github.com/searchcraft-inc/vite-react-searchcraft-template,5,0,2025-05-20T16:57:48Z,2025-06-17T22:56:02Z,TypeScript
358638726,davidthor,nuxt-tsx-starter,https://github.com/davidthor/nuxt-tsx-starter,5,1,2021-04-16T15:13:45Z,2023-10-20T19:03:58Z,TypeScript
699921045,sultanfariz,bun-api-starter,https://github.com/sultanfariz/bun-api-starter,5,0,2023-10-03T15:44:00Z,2024-07-11T23:42:25Z,TypeScript
418472821,christopher-caldwell,vizzu-vite-demo,https://github.com/christopher-caldwell/vizzu-vite-demo,5,2,2021-10-18T11:36:34Z,2022-02-16T16:32:56Z,TypeScript
410735022,hellotham,hello-gatsby-starter,https://github.com/hellotham/hello-gatsby-starter,5,3,2021-09-27T03:55:56Z,2023-11-16T10:49:22Z,TypeScript
563132762,bigcommerce,netlify-nextjs-starter,https://github.com/bigcommerce/netlify-nextjs-starter,5,8,2022-11-08T01:08:11Z,2025-06-24T15:53:33Z,TypeScript
468635337,fiatconnect,api-starter,https://github.com/fiatconnect/api-starter,5,5,2022-03-11T06:28:03Z,2025-03-11T16:49:49Z,TypeScript
366539398,FreakinWard,nextjs-boilerplate,https://github.com/FreakinWard/nextjs-boilerplate,5,4,2021-05-11T23:40:08Z,2025-05-15T02:04:28Z,TypeScript
671253657,jevu12,template-cypress-bdd-typescript,https://github.com/jevu12/template-cypress-bdd-typescript,5,2,2023-07-26T22:47:09Z,2024-08-05T20:52:04Z,TypeScript
365957310,JJPell,GoogleAdsScriptsStarter,https://github.com/JJPell/GoogleAdsScriptsStarter,5,0,2021-05-10T07:36:11Z,2025-06-25T11:58:55Z,TypeScript
267152814,Kaybarax,react-spa-app-starter-template,https://github.com/Kaybarax/react-spa-app-starter-template,5,2,2020-05-26T21:10:29Z,2025-04-17T05:27:33Z,TypeScript
764143598,RajaRakoto,cli-boilerplate,https://github.com/RajaRakoto/cli-boilerplate,5,0,2024-02-27T14:58:34Z,2025-07-05T14:17:51Z,TypeScript
735693622,Muhammad-Hasham-Khalid,react-typescript-tailwind-starter,https://github.com/Muhammad-Hasham-Khalid/react-typescript-tailwind-starter,5,0,2023-12-25T21:10:13Z,2025-06-10T12:50:47Z,TypeScript
404181166,marceloglacial,snow-wind,https://github.com/marceloglacial/snow-wind,5,0,2021-09-08T02:08:51Z,2025-03-27T11:02:48Z,TypeScript
192431370,midtype,starter-react-apollo-typescript,https://github.com/midtype/starter-react-apollo-typescript,5,6,2019-06-17T23:24:13Z,2022-10-19T13:32:21Z,TypeScript
809101379,artemshchirov,nestjs-starter,https://github.com/artemshchirov/nestjs-starter,5,0,2024-06-01T17:29:48Z,2025-05-26T11:23:52Z,TypeScript
956034266,CopilotKit,coagents-starter-crewai-flows,https://github.com/CopilotKit/coagents-starter-crewai-flows,5,7,2025-03-27T15:36:58Z,2025-06-24T20:21:11Z,TypeScript
939482774,Phala-Network,phala-cloud-bun-starter,https://github.com/Phala-Network/phala-cloud-bun-starter,5,1,2025-02-26T16:00:54Z,2025-06-08T19:10:22Z,TypeScript
312544897,7codeRO,nest-typeorm-rest-api-boilerplate,https://github.com/7codeRO/nest-typeorm-rest-api-boilerplate,5,2,2020-11-13T10:30:57Z,2022-05-18T08:17:49Z,TypeScript
280220391,amoghmadan,TypeScript-Express-GraphQL-Starter,https://github.com/amoghmadan/TypeScript-Express-GraphQL-Starter,5,0,2020-07-16T17:48:49Z,2024-04-15T11:31:16Z,TypeScript
889752501,surelle-ha,Blitz-Boilerplate,https://github.com/surelle-ha/Blitz-Boilerplate,5,3,2024-11-17T06:10:08Z,2025-01-20T02:24:27Z,TypeScript
577700247,occupy5,vue3-ts-pixi-starter,https://github.com/occupy5/vue3-ts-pixi-starter,5,1,2022-12-13T10:28:06Z,2023-04-04T03:01:47Z,TypeScript
624879959,content-app,nuxt-contentapp-boilerplate,https://github.com/content-app/nuxt-contentapp-boilerplate,5,0,2023-04-07T13:41:57Z,2024-12-18T12:48:00Z,TypeScript
405363267,DennisSnijder,nestjs-boilerplate,https://github.com/DennisSnijder/nestjs-boilerplate,5,0,2021-09-11T11:39:34Z,2023-10-26T14:15:30Z,TypeScript
494888592,Savory,Danet-Starter,https://github.com/Savory/Danet-Starter,5,4,2022-05-21T20:30:22Z,2025-01-23T13:55:17Z,TypeScript
791050113,xleron,next-clerk-shadcn-starter,https://github.com/xleron/next-clerk-shadcn-starter,5,5,2024-04-24T02:14:48Z,2025-08-02T19:16:56Z,TypeScript
568967496,NKolva,react-ts-starter-kit,https://github.com/NKolva/react-ts-starter-kit,5,2,2022-11-21T19:51:39Z,2023-02-07T08:02:26Z,TypeScript
401585286,maifeeulasad,react-pipeline,https://github.com/maifeeulasad/react-pipeline,5,4,2021-08-31T05:37:00Z,2025-05-27T11:00:59Z,TypeScript
746787782,uc-cdis,commons-frontend-app,https://github.com/uc-cdis/commons-frontend-app,5,23,2024-01-22T17:14:34Z,2025-07-22T15:30:56Z,TypeScript
683471718,edr3x,express-drizzle-starter,https://github.com/edr3x/express-drizzle-starter,5,0,2023-08-26T17:19:28Z,2025-05-23T14:47:30Z,TypeScript
441095720,nyankahmensah,react-app-template,https://github.com/nyankahmensah/react-app-template,5,1,2021-12-23T07:15:52Z,2023-10-12T10:01:47Z,TypeScript
868281350,booluw,nuxt-fullstack-template,https://github.com/booluw/nuxt-fullstack-template,5,0,2024-10-06T00:35:32Z,2024-12-02T17:32:08Z,TypeScript
535769146,leveorxyz,express-boilerplate-ts,https://github.com/leveorxyz/express-boilerplate-ts,5,1,2022-09-12T17:05:44Z,2025-07-14T23:17:57Z,TypeScript
840923901,rudrodip,nsc-starter,https://github.com/rudrodip/nsc-starter,5,0,2024-08-11T05:27:43Z,2024-10-23T00:14:01Z,TypeScript
975552756,ninejuan,nestjs-starter,https://github.com/ninejuan/nestjs-starter,5,0,2025-04-30T13:57:57Z,2025-06-11T08:40:07Z,TypeScript
434288081,flavionobredev,typescript-boilerplate,https://github.com/flavionobredev/typescript-boilerplate,5,1,2021-12-02T16:06:24Z,2025-06-14T22:06:05Z,TypeScript
444305509,cyberinferno,koa-ts-template,https://github.com/cyberinferno/koa-ts-template,5,0,2022-01-04T06:07:11Z,2025-01-22T07:11:47Z,TypeScript
747259670,browsercat,playwright-automation-starter,https://github.com/browsercat/playwright-automation-starter,5,1,2024-01-23T15:29:29Z,2025-08-08T14:59:55Z,TypeScript
477231755,elonehoo,titem-mini,https://github.com/elonehoo/titem-mini,5,0,2022-04-03T03:51:30Z,2022-11-21T16:37:49Z,TypeScript
465680757,ms-fadaei,vite-lit-library-starter,https://github.com/ms-fadaei/vite-lit-library-starter,5,1,2022-03-03T10:55:05Z,2023-04-10T06:19:03Z,TypeScript
782562796,YextSolutions,pages-visual-editor-starter,https://github.com/YextSolutions/pages-visual-editor-starter,5,4,2024-04-05T14:48:33Z,2025-08-08T20:52:28Z,TypeScript
502076059,m3rashid,templates,https://github.com/m3rashid/templates,5,0,2022-06-10T14:36:40Z,2023-07-01T15:56:28Z,TypeScript
678460633,async3619,turborepo-electron-starter,https://github.com/async3619/turborepo-electron-starter,5,0,2023-08-14T15:53:33Z,2025-05-31T12:33:06Z,TypeScript
1025072684,JohnKHW,khw-website-starter,https://github.com/JohnKHW/khw-website-starter,5,0,2025-07-23T17:16:19Z,2025-07-24T15:47:08Z,TypeScript
959368773,hasaneks,rn-boilerplate,https://github.com/hasaneks/rn-boilerplate,5,2,2025-04-02T17:19:15Z,2025-05-25T12:43:46Z,TypeScript
798092465,MaheshtheDev,fast-pwa,https://github.com/MaheshtheDev/fast-pwa,5,0,2024-05-09T04:41:11Z,2025-05-19T09:42:22Z,TypeScript
199770496,wackhacker,HackathonStarterKit,https://github.com/wackhacker/HackathonStarterKit,5,0,2019-07-31T03:23:33Z,2021-06-03T16:32:48Z,TypeScript
712941802,FrankFang,react-starter,https://github.com/FrankFang/react-starter,5,3,2023-11-01T14:19:20Z,2024-01-08T01:04:15Z,TypeScript
288636572,lifeeric,portfolio-website,https://github.com/lifeeric/portfolio-website,5,0,2020-08-19T04:52:50Z,2024-10-15T15:40:35Z,TypeScript
759862550,glpecile,next-shadcnui-template,https://github.com/glpecile/next-shadcnui-template,5,3,2024-02-19T13:33:08Z,2025-08-04T07:34:24Z,TypeScript
382281216,tanmaymishu,express-ts-starter,https://github.com/tanmaymishu/express-ts-starter,5,1,2021-07-02T08:26:32Z,2025-08-08T15:49:52Z,TypeScript
596641922,onchainguy-btc,web3-starter,https://github.com/onchainguy-btc/web3-starter,5,0,2023-02-02T16:19:12Z,2024-12-24T15:46:21Z,TypeScript
484646139,so1ve-starters,starter-node,https://github.com/so1ve-starters/starter-node,5,0,2022-04-23T04:30:02Z,2025-07-04T07:50:05Z,TypeScript
896485740,PublicHIKKY,vket-boilerplate-nuxt,https://github.com/PublicHIKKY/vket-boilerplate-nuxt,5,2,2024-11-30T13:45:40Z,2025-08-05T10:41:21Z,TypeScript
912916449,ever-works,ever-works-website-template,https://github.com/ever-works/ever-works-website-template,5,2,2025-01-06T16:51:42Z,2025-08-10T05:59:58Z,TypeScript
521887504,chansee97,vite-vue3-starter,https://github.com/chansee97/vite-vue3-starter,5,0,2022-08-06T08:16:32Z,2025-08-05T15:02:58Z,TypeScript
658346873,CleilsonAndrade,nestjs-boilerplate,https://github.com/CleilsonAndrade/nestjs-boilerplate,5,1,2023-06-25T13:38:02Z,2025-07-31T09:42:18Z,TypeScript
606293007,SpellcraftAI,nextjs-openai-template,https://github.com/SpellcraftAI/nextjs-openai-template,5,0,2023-02-25T03:52:24Z,2024-10-07T16:04:07Z,TypeScript
983156636,tariqul420,mongoose-ts-starter,https://github.com/tariqul420/mongoose-ts-starter,5,0,2025-05-14T01:06:41Z,2025-07-06T07:00:10Z,TypeScript
643156561,swiiny,starknext,https://github.com/swiiny/starknext,5,0,2023-05-20T09:19:22Z,2024-11-28T14:23:37Z,TypeScript
942309924,OneLiL05,awesome-backend-starter,https://github.com/OneLiL05/awesome-backend-starter,5,0,2025-03-03T22:54:27Z,2025-08-09T21:03:55Z,TypeScript
677838901,poliath,poliath-refine-boilerplate,https://github.com/poliath/poliath-refine-boilerplate,5,3,2023-08-12T20:06:31Z,2025-03-03T11:08:48Z,TypeScript
191053189,wolfie,ts-react-express-starter,https://github.com/wolfie/ts-react-express-starter,5,0,2019-06-09T20:39:23Z,2019-11-18T16:16:53Z,TypeScript
621344853,ilijaNL,ts-graphql-starter,https://github.com/ilijaNL/ts-graphql-starter,5,0,2023-03-30T13:29:49Z,2024-02-05T09:15:30Z,TypeScript
389754037,rosekamallove,vscode-extension-template,https://github.com/rosekamallove/vscode-extension-template,5,0,2021-07-26T20:01:49Z,2023-04-18T05:38:33Z,TypeScript
261958397,tak-bro,nestjs-typeorm-boilerplate,https://github.com/tak-bro/nestjs-typeorm-boilerplate,5,1,2020-05-07T05:32:46Z,2022-02-14T07:48:49Z,TypeScript
260510776,freddysilber,react-lightning,https://github.com/freddysilber/react-lightning,5,2,2020-05-01T16:51:04Z,2023-03-07T23:51:42Z,TypeScript
920156750,broisnischal,chrome-extension-template,https://github.com/broisnischal/chrome-extension-template,5,0,2025-01-21T16:57:48Z,2025-03-27T11:08:07Z,TypeScript
657833661,aulianza,next-tailwind-starter,https://github.com/aulianza/next-tailwind-starter,5,1,2023-06-24T01:14:17Z,2025-01-26T19:34:39Z,TypeScript
375404543,timfuhrmann,nextjs-typescript-styled-components,https://github.com/timfuhrmann/nextjs-typescript-styled-components,5,0,2021-06-09T15:30:57Z,2024-12-30T17:44:42Z,TypeScript
288507336,narze,thank-u-nextjs,https://github.com/narze/thank-u-nextjs,5,0,2020-08-18T16:27:31Z,2022-06-19T10:06:42Z,TypeScript
1000181398,kerlos,elysia-mcp-starter,https://github.com/kerlos/elysia-mcp-starter,5,0,2025-06-11T11:42:18Z,2025-08-03T07:30:20Z,TypeScript
521644477,1407arjun,react-native-starter,https://github.com/1407arjun/react-native-starter,5,0,2022-08-05T13:15:50Z,2022-08-11T01:26:33Z,TypeScript
420715061,JeremyPercy,nextjs-storyblok,https://github.com/JeremyPercy/nextjs-storyblok,5,0,2021-10-24T15:00:11Z,2024-03-23T11:17:05Z,TypeScript
749889671,javiergold112,react-typescript-starterkit,https://github.com/javiergold112/react-typescript-starterkit,5,2,2024-01-29T15:47:09Z,2024-10-12T18:18:10Z,TypeScript
729962656,bracesproul,typescript-template,https://github.com/bracesproul/typescript-template,5,5,2023-12-10T21:55:12Z,2025-08-10T03:25:28Z,TypeScript
702728041,berkeley-cdss,course-site-quarto,https://github.com/berkeley-cdss/course-site-quarto,5,7,2023-10-09T22:24:39Z,2025-07-17T17:45:44Z,TypeScript
412574094,Elbarae1921,express-typescript-boilerplate,https://github.com/Elbarae1921/express-typescript-boilerplate,5,2,2021-10-01T18:15:23Z,2021-12-13T18:22:36Z,TypeScript
423320443,alitajs,umi4-playground,https://github.com/alitajs/umi4-playground,5,0,2021-11-01T03:03:15Z,2024-06-27T11:27:09Z,TypeScript
534443665,bogdaaamn,deta-typescript-express-starter,https://github.com/bogdaaamn/deta-typescript-express-starter,5,1,2022-09-09T00:38:47Z,2024-12-24T18:17:04Z,TypeScript
875850630,tambo-ai,hydra-controlbar-starter,https://github.com/tambo-ai/hydra-controlbar-starter,5,1,2024-10-21T01:01:44Z,2025-02-09T22:58:15Z,TypeScript
603951346,blaiseAI,ionic-starter-with-login-signup,https://github.com/blaiseAI/ionic-starter-with-login-signup,5,1,2023-02-20T02:24:39Z,2025-02-27T20:33:38Z,TypeScript
793703417,sujayk46,react-boilerplate,https://github.com/sujayk46/react-boilerplate,5,0,2024-04-29T17:57:00Z,2024-12-20T12:00:46Z,TypeScript
730872575,lowisren,hygraph-movie-starter,https://github.com/lowisren/hygraph-movie-starter,5,1,2023-12-12T21:28:57Z,2025-02-09T07:11:14Z,TypeScript
273654560,etienne-bechara,bp-nestjs,https://github.com/etienne-bechara/bp-nestjs,5,1,2020-06-20T06:48:44Z,2024-02-07T19:55:08Z,TypeScript
830128825,islem-boudja,electron-trpc-drizzle-starter,https://github.com/islem-boudja/electron-trpc-drizzle-starter,5,1,2024-07-17T16:41:33Z,2025-08-11T03:28:46Z,TypeScript
785694891,calrloco,astro-aceternity,https://github.com/calrloco/astro-aceternity,5,0,2024-04-12T12:29:18Z,2025-07-17T14:45:40Z,TypeScript
548955165,LordRanchoatos,Bot-Template,https://github.com/LordRanchoatos/Bot-Template,5,0,2022-10-10T12:55:41Z,2023-03-07T10:51:03Z,TypeScript
748370035,josephgodwinkimani,tRPC-fastify-starter,https://github.com/josephgodwinkimani/tRPC-fastify-starter,5,1,2024-01-25T20:37:32Z,2025-05-06T02:24:15Z,TypeScript
214736153,yandeu,react-to-static-or-ssr,https://github.com/yandeu/react-to-static-or-ssr,5,2,2019-10-13T00:29:50Z,2021-03-28T04:13:39Z,TypeScript
925786520,fredmaiaarantes,meteor-shadcn-starter,https://github.com/fredmaiaarantes/meteor-shadcn-starter,5,1,2025-02-01T18:39:41Z,2025-05-06T20:42:45Z,TypeScript
672371843,el-frontend,react-hooks-store-starter,https://github.com/el-frontend/react-hooks-store-starter,5,1,2023-07-29T21:09:05Z,2024-12-04T01:33:25Z,TypeScript
960000110,thesysdev,template-c1-next,https://github.com/thesysdev/template-c1-next,5,5,2025-04-03T17:39:33Z,2025-08-01T09:07:50Z,TypeScript
486955252,cu-cit-cloud-team,azure-function-app-nodejs-starter,https://github.com/cu-cit-cloud-team/azure-function-app-nodejs-starter,5,1,2022-04-29T12:00:04Z,2025-08-08T14:35:56Z,TypeScript
584470247,utsavdotpro,starter-bolt-prisma-ts,https://github.com/utsavdotpro/starter-bolt-prisma-ts,5,0,2023-01-02T16:54:42Z,2023-03-05T15:42:34Z,TypeScript
815138954,MuhammadShahidRaza,React-Native-Boilerplate-0.79.2,https://github.com/MuhammadShahidRaza/React-Native-Boilerplate-0.79.2,5,1,2024-06-14T12:40:33Z,2025-07-06T18:23:18Z,TypeScript
646704926,Pinegrow,pg-nuxt-tailwindcss,https://github.com/Pinegrow/pg-nuxt-tailwindcss,5,2,2023-05-29T06:41:07Z,2025-01-15T21:59:50Z,TypeScript
722582914,tomwray13,nestjs-starter,https://github.com/tomwray13/nestjs-starter,5,0,2023-11-23T13:09:36Z,2025-07-25T03:22:22Z,TypeScript
684435984,coderwyd,vue-starter,https://github.com/coderwyd/vue-starter,5,0,2023-08-29T05:52:15Z,2025-08-10T20:56:57Z,TypeScript
552184634,velascoandres,nestjs-auth-simple-boilerplate,https://github.com/velascoandres/nestjs-auth-simple-boilerplate,5,1,2022-10-16T02:26:57Z,2025-04-05T12:56:32Z,TypeScript
908971783,john-data-chen,next-dnd-starter-kit,https://github.com/john-data-chen/next-dnd-starter-kit,5,0,2024-12-27T12:28:34Z,2025-08-01T11:17:41Z,TypeScript
335057802,CryogenicPlanet,next-typescript-tailwind-eslint-boilerplate,https://github.com/CryogenicPlanet/next-typescript-tailwind-eslint-boilerplate,5,2,2021-02-01T19:17:08Z,2025-07-17T21:42:33Z,TypeScript
471471748,Kazuki-tam,next-stage,https://github.com/Kazuki-tam/next-stage,5,0,2022-03-18T18:13:08Z,2025-07-18T13:32:24Z,TypeScript
766108708,brunotot,mern-monorepo-starter,https://github.com/brunotot/mern-monorepo-starter,5,1,2024-03-02T11:11:27Z,2025-05-04T19:58:50Z,TypeScript
935839833,xijaja,tauri-nextjs-starter,https://github.com/xijaja/tauri-nextjs-starter,5,0,2025-02-20T05:22:42Z,2025-07-20T09:26:38Z,TypeScript
737750087,maxam2017,bun-lib-starter,https://github.com/maxam2017/bun-lib-starter,5,0,2024-01-01T11:02:23Z,2024-10-28T08:36:00Z,TypeScript
531844467,rsuite,rsuite-project-template,https://github.com/rsuite/rsuite-project-template,5,10,2022-09-02T08:30:06Z,2024-09-20T03:26:41Z,TypeScript
617915820,rohanarun,gpt-3-vercel-template,https://github.com/rohanarun/gpt-3-vercel-template,5,14,2023-03-23T11:33:27Z,2024-11-07T20:59:18Z,TypeScript
847763149,greeenboi,nextjs-supabase-template,https://github.com/greeenboi/nextjs-supabase-template,5,0,2024-08-26T13:56:10Z,2025-01-15T09:25:22Z,TypeScript
602498266,AntonioCardenas,AngularSanity,https://github.com/AntonioCardenas/AngularSanity,5,1,2023-02-16T10:41:05Z,2025-03-08T19:03:55Z,TypeScript
892620145,afsh7n,nestStart,https://github.com/afsh7n/nestStart,5,0,2024-11-22T13:09:13Z,2025-04-21T18:39:28Z,TypeScript
320749708,howdy-mj,next-ts-mobx-sc-sb-boilerplate,https://github.com/howdy-mj/next-ts-mobx-sc-sb-boilerplate,5,2,2020-12-12T04:45:17Z,2024-08-22T04:50:48Z,TypeScript
512917580,GovAlta,ui-components-react-template,https://github.com/GovAlta/ui-components-react-template,5,8,2022-07-11T21:47:35Z,2025-04-30T18:12:08Z,TypeScript
477609307,mrmilu,react.base,https://github.com/mrmilu/react.base,5,0,2022-04-04T08:20:03Z,2024-10-07T08:38:42Z,TypeScript
977238121,mytoandeptrai,nextjs-boilerplate,https://github.com/mytoandeptrai/nextjs-boilerplate,5,0,2025-05-03T18:28:45Z,2025-07-14T16:09:59Z,TypeScript
945017964,invalidandnull,better-auth-template,https://github.com/invalidandnull/better-auth-template,5,0,2025-03-08T13:18:58Z,2025-04-13T17:03:54Z,TypeScript
628688586,jcamp-code,starter-vitepress-blog,https://github.com/jcamp-code/starter-vitepress-blog,5,2,2023-04-16T18:07:49Z,2024-11-04T20:24:09Z,TypeScript
682066037,van100j,sveltekit-vite-electron-builder,https://github.com/van100j/sveltekit-vite-electron-builder,5,1,2023-08-23T11:13:18Z,2025-05-06T14:41:25Z,TypeScript
220437986,ra2dev,mono-turbo,https://github.com/ra2dev/mono-turbo,5,1,2019-11-08T09:57:41Z,2025-07-21T19:03:52Z,TypeScript
420547872,renli-tech,hamburger,https://github.com/renli-tech/hamburger,5,0,2021-10-23T23:51:46Z,2023-11-05T11:35:45Z,TypeScript
287232375,Liinkiing,next-ts-graphql-relay-starter,https://github.com/Liinkiing/next-ts-graphql-relay-starter,5,0,2020-08-13T09:07:26Z,2025-01-31T09:14:20Z,TypeScript
622333946,brandtam,sveltekit-sanity-starter,https://github.com/brandtam/sveltekit-sanity-starter,5,0,2023-04-01T19:55:25Z,2024-08-27T19:29:40Z,TypeScript
631029315,ishan-sharma-me,figma-plugin,https://github.com/ishan-sharma-me/figma-plugin,5,1,2023-04-21T18:34:32Z,2023-08-27T15:44:15Z,TypeScript
724452296,0plan,vrtn,https://github.com/0plan/vrtn,5,5,2023-11-28T05:19:45Z,2025-08-08T06:09:46Z,TypeScript
772728849,HAPPYS1NGH,arbitrum-starter-kit,https://github.com/HAPPYS1NGH/arbitrum-starter-kit,5,1,2024-03-15T19:16:59Z,2024-09-25T00:49:41Z,TypeScript
294661594,Zajno,static-site-template,https://github.com/Zajno/static-site-template,5,2,2020-09-11T10:13:23Z,2025-01-02T22:41:59Z,TypeScript
716819144,Zuldruck,apollo-typescript-starter,https://github.com/Zuldruck/apollo-typescript-starter,5,0,2023-11-10T00:03:49Z,2025-08-06T14:20:44Z,TypeScript
305797963,aeksco,openjscad-react-next-starter,https://github.com/aeksco/openjscad-react-next-starter,5,2,2020-10-20T18:24:05Z,2025-01-16T23:24:24Z,TypeScript
591439947,shadab14meb346,serverless-graphql-starter-template,https://github.com/shadab14meb346/serverless-graphql-starter-template,5,0,2023-01-20T19:05:08Z,2023-04-28T10:48:15Z,TypeScript
442447696,ramirezsandin,nextjs-mui-ts,https://github.com/ramirezsandin/nextjs-mui-ts,5,1,2021-12-28T11:52:11Z,2024-09-20T16:37:32Z,TypeScript
610921669,Aerolab,next-sanity-starter,https://github.com/Aerolab/next-sanity-starter,5,0,2023-03-07T18:49:03Z,2025-04-19T12:23:06Z,TypeScript
871382484,rayonstudios,rayon_gcp_express_psql_starter,https://github.com/rayonstudios/rayon_gcp_express_psql_starter,5,2,2024-10-11T21:08:40Z,2025-08-10T19:52:05Z,TypeScript
305494395,SalemAttia,nest-template,https://github.com/SalemAttia/nest-template,5,1,2020-10-19T19:38:10Z,2023-11-14T20:11:05Z,TypeScript
458170901,netgrif,nae-frontend-application-starter,https://github.com/netgrif/nae-frontend-application-starter,5,1,2022-02-11T12:06:45Z,2025-03-21T09:13:26Z,TypeScript
1033362703,productdevbook,better-nuxt-graphql-starter-kit,https://github.com/productdevbook/better-nuxt-graphql-starter-kit,5,1,2025-08-06T17:39:32Z,2025-08-07T05:05:46Z,TypeScript
295560717,Liinkiing,monorepo-lerna-typescript-starter,https://github.com/Liinkiing/monorepo-lerna-typescript-starter,5,1,2020-09-14T23:18:09Z,2023-11-05T11:35:30Z,TypeScript
324010476,nathanchapman,jamstack,https://github.com/nathanchapman/jamstack,5,0,2020-12-23T22:04:44Z,2024-03-26T16:20:52Z,TypeScript
649831455,HigorAlves,next-enterprise,https://github.com/HigorAlves/next-enterprise,5,3,2023-06-05T18:27:29Z,2025-03-10T12:23:42Z,TypeScript
387615846,andresilva-cc,template-api-express,https://github.com/andresilva-cc/template-api-express,5,3,2021-07-19T23:11:42Z,2023-12-13T14:42:35Z,TypeScript
717148309,morewings,ts-redux-next,https://github.com/morewings/ts-redux-next,5,0,2023-11-10T17:06:37Z,2025-07-11T17:49:43Z,TypeScript
846736386,shravan20,neonode-oss-quick-starter,https://github.com/shravan20/neonode-oss-quick-starter,5,0,2024-08-23T21:03:55Z,2024-11-24T21:49:26Z,TypeScript
412808350,leonardocartaxo,nodejs-ts-boilerplate,https://github.com/leonardocartaxo/nodejs-ts-boilerplate,5,0,2021-10-02T13:44:25Z,2022-11-10T13:36:27Z,TypeScript
478373030,yend724,vite-pug-boilerplate,https://github.com/yend724/vite-pug-boilerplate,5,1,2022-04-06T02:25:12Z,2024-08-11T19:32:28Z,TypeScript
614448158,rifandani,svelte-app,https://github.com/rifandani/svelte-app,5,0,2023-03-15T15:50:29Z,2024-09-03T20:59:38Z,TypeScript
541641538,edenia,eden-UI-kit,https://github.com/edenia/eden-UI-kit,5,0,2022-09-26T14:57:03Z,2025-03-29T10:23:43Z,TypeScript
706639712,iliareshetov,react-sqlite-boilerplate,https://github.com/iliareshetov/react-sqlite-boilerplate,5,1,2023-10-18T10:46:22Z,2025-04-19T22:14:03Z,TypeScript
216984507,learn-ark,dapp-core-module-gti-template,https://github.com/learn-ark/dapp-core-module-gti-template,5,1,2019-10-23T06:30:38Z,2022-01-07T03:29:12Z,TypeScript
744728381,kristoferlund,ic-use-internet-identity-demo,https://github.com/kristoferlund/ic-use-internet-identity-demo,5,9,2024-01-17T22:13:10Z,2025-08-06T13:49:34Z,TypeScript
541093049,BearTS,express-typescript,https://github.com/BearTS/express-typescript,5,3,2022-09-25T07:42:10Z,2023-08-10T13:37:14Z,TypeScript
878989544,Inco-fhevm,fhevm-hardhat-template-rivest,https://github.com/Inco-fhevm/fhevm-hardhat-template-rivest,5,2,2024-10-26T16:54:14Z,2025-04-20T10:48:55Z,TypeScript
621650888,ryanntannn,supanext-boilerplate,https://github.com/ryanntannn/supanext-boilerplate,5,1,2023-03-31T05:18:28Z,2025-03-23T03:25:33Z,TypeScript
345388966,joaopaulomoraes,nextjs-tailwindcss-boilerplate,https://github.com/joaopaulomoraes/nextjs-tailwindcss-boilerplate,5,1,2021-03-07T15:59:34Z,2023-03-17T12:35:02Z,TypeScript
209400477,b12k,the-boilerplate-vue,https://github.com/b12k/the-boilerplate-vue,5,0,2019-09-18T20:42:27Z,2025-08-07T22:34:18Z,TypeScript
518463026,richardscarrott,nextjs-shopify-app,https://github.com/richardscarrott/nextjs-shopify-app,5,1,2022-07-27T13:09:19Z,2023-08-03T12:18:17Z,TypeScript
617849755,BishalDali,Express-Typescript-Boilerplate,https://github.com/BishalDali/Express-Typescript-Boilerplate,5,0,2023-03-23T08:41:02Z,2023-05-12T09:24:24Z,TypeScript
322687485,Gabb-c,node-ts-lib-setup,https://github.com/Gabb-c/node-ts-lib-setup,5,1,2020-12-18T19:32:12Z,2024-07-07T18:22:01Z,TypeScript
674919210,BijanProgrammer,boilerno,https://github.com/BijanProgrammer/boilerno,5,1,2023-08-05T06:58:41Z,2025-03-24T07:21:15Z,TypeScript
605346671,JKeroz,discord-bot-boilerplate,https://github.com/JKeroz/discord-bot-boilerplate,5,0,2023-02-23T00:50:43Z,2024-08-09T02:50:04Z,TypeScript
378464635,robertoumbelino,next-pwa,https://github.com/robertoumbelino/next-pwa,5,1,2021-06-19T17:07:31Z,2023-05-25T22:42:36Z,TypeScript
901076562,jpsdm,nestjs-boilerplate,https://github.com/jpsdm/nestjs-boilerplate,5,0,2024-12-10T02:05:57Z,2024-12-27T00:38:04Z,TypeScript
695518379,olabrahmi,next-boilerplate,https://github.com/olabrahmi/next-boilerplate,5,1,2023-09-23T12:41:27Z,2024-05-13T15:55:00Z,TypeScript
882295141,surelle-ha,Hero-Boilerplate,https://github.com/surelle-ha/Hero-Boilerplate,5,1,2024-11-02T12:44:19Z,2024-11-17T08:14:56Z,TypeScript
394961129,sawala-tech,next-boilerplate,https://github.com/sawala-tech/next-boilerplate,5,1,2021-08-11T11:10:39Z,2024-05-20T08:23:21Z,TypeScript
181748916,SimpliRoute,react-boilerplate,https://github.com/SimpliRoute/react-boilerplate,5,0,2019-04-16T18:55:56Z,2020-06-10T15:25:15Z,TypeScript
408630613,crashmax-dev,node-esm,https://github.com/crashmax-dev/node-esm,5,0,2021-09-20T23:32:46Z,2023-10-13T19:26:12Z,TypeScript
343022987,ChainSafe,TypeScript-Cli-Generator,https://github.com/ChainSafe/TypeScript-Cli-Generator,5,2,2021-02-28T04:49:12Z,2021-11-20T20:23:50Z,TypeScript
537923331,yunus-acar,apollo-graphql-boilerplate,https://github.com/yunus-acar/apollo-graphql-boilerplate,5,0,2022-09-17T20:30:16Z,2024-02-11T11:41:01Z,TypeScript
680321492,DomenicoColandrea86,react-vite-typescript-boilerplate,https://github.com/DomenicoColandrea86/react-vite-typescript-boilerplate,5,0,2023-08-18T22:42:11Z,2024-10-18T03:31:30Z,TypeScript
1006752695,CopilotKit,with-langgraph-python,https://github.com/CopilotKit/with-langgraph-python,5,1,2025-06-22T23:41:32Z,2025-08-04T18:07:46Z,TypeScript
571921145,edr3x,ts-express-starter,https://github.com/edr3x/ts-express-starter,5,0,2022-11-29T07:06:10Z,2024-01-05T15:16:40Z,TypeScript
487602458,LukasAndreano,vkma-backend-boilerplate,https://github.com/LukasAndreano/vkma-backend-boilerplate,5,0,2022-05-01T17:43:25Z,2025-03-10T05:17:52Z,TypeScript
459375975,Joaobru,React-CRA,https://github.com/Joaobru/React-CRA,5,0,2022-02-15T00:45:42Z,2023-04-10T22:20:16Z,TypeScript
425082019,blockcoders,nestjs-api-boilerplate,https://github.com/blockcoders/nestjs-api-boilerplate,5,0,2021-11-05T20:55:22Z,2023-10-17T15:03:27Z,TypeScript
779663034,qinsong77,Next-js-Boilerplate,https://github.com/qinsong77/Next-js-Boilerplate,5,1,2024-03-30T13:00:21Z,2025-07-28T13:27:09Z,TypeScript
197910890,SoftwareBrothers,nest-typeorm-boilerplate,https://github.com/SoftwareBrothers/nest-typeorm-boilerplate,5,0,2019-07-20T09:47:34Z,2023-12-25T05:33:00Z,TypeScript
465971109,myungjunChae,hardhat-remix-boilerplate,https://github.com/myungjunChae/hardhat-remix-boilerplate,5,0,2022-03-04T03:37:01Z,2023-10-30T21:36:42Z,TypeScript
469681925,ayungavis,expo-nativebase-boilerplate,https://github.com/ayungavis/expo-nativebase-boilerplate,5,1,2022-03-14T10:21:55Z,2023-10-01T16:25:39Z,TypeScript
465094512,generalui,react-nextjs-boilerplate,https://github.com/generalui/react-nextjs-boilerplate,5,1,2022-03-01T23:52:45Z,2023-04-03T20:14:52Z,TypeScript
280396808,Wolf-Tungsten,tungsten-web-boilerplate,https://github.com/Wolf-Tungsten/tungsten-web-boilerplate,5,0,2020-07-17T10:32:38Z,2021-06-27T04:55:27Z,TypeScript
1011411755,djordje-st,tanstack-start-shopify-app-boilerplate,https://github.com/djordje-st/tanstack-start-shopify-app-boilerplate,5,0,2025-06-30T19:20:40Z,2025-08-03T17:06:57Z,TypeScript
451581520,shreyas-jadhav,next-architecture-template,https://github.com/shreyas-jadhav/next-architecture-template,5,2,2022-01-24T18:18:56Z,2024-02-18T22:40:51Z,TypeScript
690721085,Pinegrow,pg-astro-vuetify,https://github.com/Pinegrow/pg-astro-vuetify,5,0,2023-09-12T18:32:24Z,2025-05-31T13:10:55Z,TypeScript
218773157,9renpoto,.59-node,https://github.com/9renpoto/.59-node,5,2,2019-10-31T13:31:12Z,2025-07-31T06:07:51Z,TypeScript
387808817,IagooCesaar,boilerplate-node-express-typeorm,https://github.com/IagooCesaar/boilerplate-node-express-typeorm,5,0,2021-07-20T13:56:39Z,2022-03-13T14:22:04Z,TypeScript
588366756,PIYoung,node-express-boilerplate-multitenant,https://github.com/PIYoung/node-express-boilerplate-multitenant,5,1,2023-01-13T00:10:10Z,2024-12-27T14:40:34Z,TypeScript
788940282,rashgaroth,node-typeorm-decorator-boilerplate,https://github.com/rashgaroth/node-typeorm-decorator-boilerplate,5,0,2024-04-19T11:43:31Z,2024-09-12T16:37:38Z,TypeScript
493455468,himorishige,remix-cloudflare-workers-boilerplate,https://github.com/himorishige/remix-cloudflare-workers-boilerplate,5,1,2022-05-18T00:30:57Z,2023-10-05T07:01:49Z,TypeScript
228478629,mobixsoftwarestudio,react-native-redux-boilerplate,https://github.com/mobixsoftwarestudio/react-native-redux-boilerplate,5,0,2019-12-16T21:25:36Z,2021-09-28T04:09:46Z,TypeScript
262541797,CONNECT-platform,coding-blog-boilerplate,https://github.com/CONNECT-platform/coding-blog-boilerplate,6,32,2020-05-09T10:02:54Z,2024-04-23T10:27:33Z,TypeScript
360806446,crazyoptimist,nest-starter,https://github.com/crazyoptimist/nest-starter,6,5,2021-04-23T07:53:38Z,2024-12-26T17:54:09Z,TypeScript
387576399,BattlesnakeOfficial,starter-snake-typescript,https://github.com/BattlesnakeOfficial/starter-snake-typescript,6,25,2021-07-19T19:43:34Z,2024-02-28T13:56:00Z,TypeScript
80646408,product-os,balena-typescript-skeleton,https://github.com/product-os/balena-typescript-skeleton,6,3,2017-02-01T17:45:30Z,2022-07-21T14:52:28Z,TypeScript
197708175,tomcastro,react-native-template-goatlab,https://github.com/tomcastro/react-native-template-goatlab,6,2,2019-07-19T05:34:13Z,2020-05-28T05:00:30Z,TypeScript
997034170,Volt-Chat,baileys-starter,https://github.com/Volt-Chat/baileys-starter,6,7,2025-06-05T21:07:04Z,2025-06-13T21:03:38Z,TypeScript
585968849,coda,packs-starter,https://github.com/coda/packs-starter,6,4,2023-01-06T15:28:39Z,2025-05-22T15:59:39Z,TypeScript
612454569,wackerow,next-chakra-rainbow-template,https://github.com/wackerow/next-chakra-rainbow-template,6,4,2023-03-11T01:54:04Z,2025-04-09T11:48:32Z,TypeScript
534767135,dakdevs,boilerplate,https://github.com/dakdevs/boilerplate,6,0,2022-09-09T18:48:00Z,2025-01-04T03:34:03Z,TypeScript
349625579,pixegami,saas-starter,https://github.com/pixegami/saas-starter,6,2,2021-03-20T04:22:24Z,2025-03-10T13:51:44Z,TypeScript
945409206,hidaytrahman,template-rtw,https://github.com/hidaytrahman/template-rtw,6,2,2025-03-09T11:01:38Z,2025-06-21T11:44:28Z,TypeScript
595772424,fastly,compute-starter-kit-typescript-default,https://github.com/fastly/compute-starter-kit-typescript-default,6,6,2023-01-31T19:26:48Z,2025-03-31T10:55:27Z,TypeScript
349201999,Vertexvis,vertex-nextjs-starter,https://github.com/Vertexvis/vertex-nextjs-starter,6,3,2021-03-18T20:00:15Z,2025-08-07T14:03:57Z,TypeScript
602209353,pwa-builder,pwa-starter-basic,https://github.com/pwa-builder/pwa-starter-basic,6,3,2023-02-15T18:17:01Z,2025-06-07T13:03:57Z,TypeScript
786365852,rechenberger,party-starter,https://github.com/rechenberger/party-starter,6,3,2024-04-14T08:28:11Z,2025-06-02T16:37:35Z,TypeScript
765396695,staticwebdev,nextjs-hybrid-starter,https://github.com/staticwebdev/nextjs-hybrid-starter,6,18,2024-02-29T20:52:28Z,2025-04-03T03:42:43Z,TypeScript
703632670,TopTierTools,obsidian-sample-plugin,https://github.com/TopTierTools/obsidian-sample-plugin,6,4,2023-10-11T15:51:15Z,2025-06-07T14:22:38Z,TypeScript
384843930,fariasmateuss,webpack-setup-for-react,https://github.com/fariasmateuss/webpack-setup-for-react,6,2,2021-07-11T02:24:54Z,2024-01-22T01:06:19Z,TypeScript
689153151,Inco-fhevm,fhevm-hardhat-template,https://github.com/Inco-fhevm/fhevm-hardhat-template,6,36,2023-09-09T00:04:20Z,2024-08-27T19:57:42Z,TypeScript
692478650,NamesMT,starter-ts,https://github.com/NamesMT/starter-ts,6,0,2023-09-16T15:50:52Z,2025-08-06T03:11:23Z,TypeScript
540132928,next-dev-team,react-next-admin,https://github.com/next-dev-team/react-next-admin,6,2,2022-09-22T19:12:03Z,2025-07-09T00:45:33Z,TypeScript
898309955,superXdev,tma-starter,https://github.com/superXdev/tma-starter,6,2,2024-12-04T07:01:09Z,2025-08-06T19:18:23Z,TypeScript
221531846,ulisesantana,ts-boilerplate,https://github.com/ulisesantana/ts-boilerplate,6,2,2019-11-13T19:05:08Z,2023-07-24T16:31:54Z,TypeScript
895049915,react-navigation,template,https://github.com/react-navigation/template,6,5,2024-11-27T13:22:32Z,2025-06-27T08:25:01Z,TypeScript
982410010,reddit,devvit-template-threejs,https://github.com/reddit/devvit-template-threejs,6,4,2025-05-12T20:56:42Z,2025-08-05T19:40:15Z,TypeScript
306149568,gnchrv,figma-plugin-boilerplate,https://github.com/gnchrv/figma-plugin-boilerplate,6,2,2020-10-21T21:14:49Z,2025-07-10T16:36:04Z,TypeScript
616520699,nienow,sn-extension-template,https://github.com/nienow/sn-extension-template,6,2,2023-03-20T14:48:54Z,2025-08-02T02:14:37Z,TypeScript
846624183,HasanQQ,openapi-starter,https://github.com/HasanQQ/openapi-starter,6,0,2024-08-23T15:47:58Z,2025-01-14T13:41:46Z,TypeScript
612706117,erdemkosk,typescript-express-boilerplate,https://github.com/erdemkosk/typescript-express-boilerplate,6,4,2023-03-11T18:28:58Z,2024-12-18T22:37:35Z,TypeScript
797115877,Morvix,FiveM-TypeScript-NextJs-Boilerplate,https://github.com/Morvix/FiveM-TypeScript-NextJs-Boilerplate,6,4,2024-05-07T08:19:20Z,2025-02-13T06:07:38Z,TypeScript
327227100,baloise,vue-starter-kit,https://github.com/baloise/vue-starter-kit,6,4,2021-01-06T06:56:53Z,2023-05-17T07:48:29Z,TypeScript
564009672,near,boilerplate-template-rs,https://github.com/near/boilerplate-template-rs,6,1,2022-11-09T19:56:09Z,2024-12-03T14:28:49Z,TypeScript
215579580,zsevic,ts-express-starter,https://github.com/zsevic/ts-express-starter,6,1,2019-10-16T15:15:41Z,2024-07-24T13:56:20Z,TypeScript
740894216,tapeds,next-template,https://github.com/tapeds/next-template,6,2,2024-01-09T09:37:04Z,2025-07-30T04:04:48Z,TypeScript
888390813,PeakPulseSol,pps-boilerplate,https://github.com/PeakPulseSol/pps-boilerplate,6,2,2024-11-14T10:13:52Z,2024-11-15T21:50:25Z,TypeScript
431700259,caiodomingues,adonis-api-boilerplate,https://github.com/caiodomingues/adonis-api-boilerplate,6,0,2021-11-25T03:20:08Z,2023-05-21T15:18:43Z,TypeScript
638761069,melonjs,typescript-boilerplate,https://github.com/melonjs/typescript-boilerplate,6,3,2023-05-10T03:41:21Z,2025-04-01T07:49:01Z,TypeScript
604569292,doinel1a,vite-react-ts,https://github.com/doinel1a/vite-react-ts,6,3,2023-02-21T10:40:07Z,2025-06-10T05:26:37Z,TypeScript
391682722,ZacharyWhiddon,learning-starter,https://github.com/ZacharyWhiddon/learning-starter,6,6,2021-08-01T16:41:48Z,2024-03-29T04:41:06Z,TypeScript
281839637,wigxel,nextjs-tailwind-boilerplate,https://github.com/wigxel/nextjs-tailwind-boilerplate,6,4,2020-07-23T03:21:37Z,2025-06-20T07:59:52Z,TypeScript
846428390,haydenull,nextjs-cloudflare-pages-d1-drizzle,https://github.com/haydenull/nextjs-cloudflare-pages-d1-drizzle,6,3,2024-08-23T07:27:18Z,2025-07-12T06:42:41Z,TypeScript
353256735,otashun,nextjs-typescript-tailwindcss-eslint-prettier,https://github.com/otashun/nextjs-typescript-tailwindcss-eslint-prettier,6,6,2021-03-31T06:53:57Z,2024-06-26T13:26:01Z,TypeScript
794056051,neobrutalism-templates,nextjs-starter-template,https://github.com/neobrutalism-templates/nextjs-starter-template,6,0,2024-04-30T11:22:51Z,2025-02-10T12:39:25Z,TypeScript
759531317,carlos-menezes,altv-typescript-react-starter,https://github.com/carlos-menezes/altv-typescript-react-starter,6,1,2024-02-18T20:52:08Z,2025-06-27T09:55:54Z,TypeScript
204495077,izhengmy,antd-pro-admin-skeleton,https://github.com/izhengmy/antd-pro-admin-skeleton,6,2,2019-08-26T14:35:38Z,2022-09-17T14:58:43Z,TypeScript
597487942,so1ve-starters,starter-nuxt,https://github.com/so1ve-starters/starter-nuxt,6,1,2023-02-04T17:51:21Z,2025-06-24T16:01:33Z,TypeScript
315390002,Sparklytical,Fullstack-Boilerplate,https://github.com/Sparklytical/Fullstack-Boilerplate,6,3,2020-11-23T17:26:33Z,2023-03-09T00:55:10Z,TypeScript
860802121,likui628,node-ts-express-prisma-starter,https://github.com/likui628/node-ts-express-prisma-starter,6,0,2024-09-21T07:52:04Z,2025-08-08T07:36:05Z,TypeScript
260234309,hdorgeval,playwright-fluent-ts-cucumber6-starter,https://github.com/hdorgeval/playwright-fluent-ts-cucumber6-starter,6,2,2020-04-30T14:29:03Z,2023-03-09T01:12:27Z,TypeScript
544731813,yang1206,vue-template,https://github.com/yang1206/vue-template,6,2,2022-10-03T05:58:26Z,2025-06-01T03:40:49Z,TypeScript
381650444,harisco7,nextjs-back4app,https://github.com/harisco7/nextjs-back4app,6,0,2021-06-30T09:41:38Z,2023-02-27T04:53:20Z,TypeScript
524798509,thisalihassan,nestjs-react-boilerplate,https://github.com/thisalihassan/nestjs-react-boilerplate,6,1,2022-08-14T23:01:20Z,2024-11-20T11:17:29Z,TypeScript
412387114,Sivakumar00,react-typescript-npm-boilerplate,https://github.com/Sivakumar00/react-typescript-npm-boilerplate,6,3,2021-10-01T08:25:01Z,2025-03-05T04:50:28Z,TypeScript
307806405,rpidanny,typescript-package-template,https://github.com/rpidanny/typescript-package-template,6,1,2020-10-27T19:27:35Z,2024-07-18T00:27:27Z,TypeScript
612046753,so1ve-starters,starter-unplugin,https://github.com/so1ve-starters/starter-unplugin,6,0,2023-03-10T04:37:54Z,2025-07-31T14:07:35Z,TypeScript
850915588,rolldeep-stepmerrily,rolldeep-nestjs-starter,https://github.com/rolldeep-stepmerrily/rolldeep-nestjs-starter,6,0,2024-09-02T04:40:06Z,2025-07-31T06:54:08Z,TypeScript
500756904,himorishige,remix-cloudflare-workers-module-worker-boilerplate,https://github.com/himorishige/remix-cloudflare-workers-module-worker-boilerplate,6,1,2022-06-07T08:37:04Z,2024-10-06T20:49:52Z,TypeScript
410727758,firmanJS,express-template-typescript,https://github.com/firmanJS/express-template-typescript,6,0,2021-09-27T03:20:13Z,2022-04-26T16:14:50Z,TypeScript
524210671,shiroyasha9,pent-app,https://github.com/shiroyasha9/pent-app,6,0,2022-08-12T20:02:47Z,2023-03-07T17:29:18Z,TypeScript
497632781,Paraboly,react-boilerplate,https://github.com/Paraboly/react-boilerplate,6,1,2022-05-29T15:38:01Z,2022-11-24T23:00:29Z,TypeScript
478606291,satishbabariya,nodejs-prisma-fastify-boilerplate,https://github.com/satishbabariya/nodejs-prisma-fastify-boilerplate,6,3,2022-04-06T14:55:14Z,2025-01-25T01:15:13Z,TypeScript
697074052,blmarquess,nextjs-with-express,https://github.com/blmarquess/nextjs-with-express,6,3,2023-09-27T02:10:43Z,2025-02-01T17:20:01Z,TypeScript
630551851,wendraw,starter-monorepo,https://github.com/wendraw/starter-monorepo,6,1,2023-04-20T16:11:39Z,2025-04-07T07:40:33Z,TypeScript
483683721,PhaserEditor2D,starter-template-capacitorjs,https://github.com/PhaserEditor2D/starter-template-capacitorjs,6,0,2022-04-20T14:16:31Z,2025-02-11T01:25:47Z,TypeScript
490215495,gjuchault,typescript-service-starter,https://github.com/gjuchault/typescript-service-starter,6,1,2022-05-09T09:24:25Z,2025-08-10T19:16:34Z,TypeScript
547505696,HossamMohsen7,express-typescript-template,https://github.com/HossamMohsen7/express-typescript-template,6,0,2022-10-07T19:55:44Z,2025-05-20T18:27:22Z,TypeScript
529669517,vitdocjs,vitdoc-template,https://github.com/vitdocjs/vitdoc-template,6,0,2022-08-27T18:44:17Z,2023-03-10T01:13:46Z,TypeScript
666442275,AndreLuizMag,boilerplate-react-typescript-storybook,https://github.com/AndreLuizMag/boilerplate-react-typescript-storybook,6,0,2023-07-14T14:25:10Z,2024-08-06T20:39:07Z,TypeScript
257124586,paeolo,typestack,https://github.com/paeolo/typestack,6,2,2020-04-19T23:36:07Z,2024-10-16T07:20:23Z,TypeScript
351913463,rocketseat-education,ignite-template-tests-challenge,https://github.com/rocketseat-education/ignite-template-tests-challenge,6,42,2021-03-26T21:13:57Z,2023-05-05T20:44:36Z,TypeScript
674568218,Newt-Inc,newt-starter-nextjs-blog,https://github.com/Newt-Inc/newt-starter-nextjs-blog,6,4,2023-08-04T08:59:56Z,2025-07-17T02:42:04Z,TypeScript
166770584,JeffGuKang,parse-server-aws-eb-boilerplate,https://github.com/JeffGuKang/parse-server-aws-eb-boilerplate,6,1,2019-01-21T07:48:55Z,2023-03-18T09:04:01Z,TypeScript
356243803,audal,audal-boilerplate,https://github.com/audal/audal-boilerplate,6,0,2021-04-09T11:19:08Z,2025-06-30T05:33:34Z,TypeScript
750703253,zeshhaan,nuxt-lucia-turso-drizzle,https://github.com/zeshhaan/nuxt-lucia-turso-drizzle,6,3,2024-01-31T06:32:07Z,2025-04-24T14:01:27Z,TypeScript
472395709,enpitsuLin,react-nodegui-vite-starter,https://github.com/enpitsuLin/react-nodegui-vite-starter,6,0,2022-03-21T15:22:32Z,2023-04-04T19:21:38Z,TypeScript
639035849,ewerx,zksync-starter,https://github.com/ewerx/zksync-starter,6,3,2023-05-10T16:09:21Z,2025-04-12T23:18:49Z,TypeScript
465869549,zishanneno,aws-typescript-lambda-boilerplate,https://github.com/zishanneno/aws-typescript-lambda-boilerplate,6,0,2022-03-03T20:11:39Z,2023-12-23T04:23:04Z,TypeScript
302480830,maxwroc,lovelace-card-boilerplate,https://github.com/maxwroc/lovelace-card-boilerplate,6,0,2020-10-08T23:04:05Z,2024-10-04T18:35:20Z,TypeScript
394850550,wingkwong,gatsby-nocodb-graphql-boilerplate,https://github.com/wingkwong/gatsby-nocodb-graphql-boilerplate,6,0,2021-08-11T03:31:20Z,2025-02-18T17:58:13Z,TypeScript
457923621,Itsnotaka,isnt,https://github.com/Itsnotaka/isnt,6,0,2022-02-10T19:44:07Z,2023-03-24T05:41:51Z,TypeScript
451014932,samhwang,vite-starter-template,https://github.com/samhwang/vite-starter-template,6,0,2022-01-23T05:41:01Z,2025-07-29T08:54:21Z,TypeScript
644782877,ImLunaHey,ts-template,https://github.com/ImLunaHey/ts-template,6,0,2023-05-24T08:46:09Z,2024-08-28T11:31:12Z,TypeScript
386628961,Ninjeneer,nest-user-starter,https://github.com/Ninjeneer/nest-user-starter,6,0,2021-07-16T12:26:52Z,2024-01-05T09:13:54Z,TypeScript
388033340,vhidvz,vscode-typescript-library-boilerplate,https://github.com/vhidvz/vscode-typescript-library-boilerplate,6,2,2021-07-21T07:32:52Z,2025-01-21T10:16:27Z,TypeScript
719014160,devlinepro,react-native-expo-starter-kit,https://github.com/devlinepro/react-native-expo-starter-kit,6,2,2023-11-15T09:10:49Z,2025-07-10T21:29:43Z,TypeScript
729142815,luccasfr,fastify-boilerplate,https://github.com/luccasfr/fastify-boilerplate,6,0,2023-12-08T14:13:56Z,2025-07-21T21:19:34Z,TypeScript
294590392,SoorajSNBlaze333,react-widget-ts-webpack-starter,https://github.com/SoorajSNBlaze333/react-widget-ts-webpack-starter,6,1,2020-09-11T04:04:38Z,2022-03-09T05:51:48Z,TypeScript
524836918,edumaciel10,swc-starter,https://github.com/edumaciel10/swc-starter,6,0,2022-08-15T02:53:35Z,2023-09-20T15:16:05Z,TypeScript
338123323,orhanors,React-Redux-Typescript-Starterkit,https://github.com/orhanors/React-Redux-Typescript-Starterkit,6,0,2021-02-11T18:58:12Z,2021-03-28T12:26:45Z,TypeScript
899139066,Polycraft-Software,glootie-starter,https://github.com/Polycraft-Software/glootie-starter,6,0,2024-12-05T17:35:19Z,2025-03-31T21:25:02Z,TypeScript
245772064,pranjalnadhani,node-ts-starter-kit,https://github.com/pranjalnadhani/node-ts-starter-kit,6,1,2020-03-08T07:38:13Z,2024-07-16T07:16:40Z,TypeScript
354824576,lstkz,typescript-nextjs-graphql-mongo-starter,https://github.com/lstkz/typescript-nextjs-graphql-mongo-starter,6,1,2021-04-05T12:18:50Z,2025-06-09T13:52:37Z,TypeScript
256284214,alex289,NextJs-Boilerplate,https://github.com/alex289/NextJs-Boilerplate,6,1,2020-04-16T17:30:11Z,2025-08-01T07:37:02Z,TypeScript
535754014,hakeemullahjan,dapp-template,https://github.com/hakeemullahjan/dapp-template,6,1,2022-09-12T16:25:40Z,2025-06-27T21:14:54Z,TypeScript
451984314,teo-garcia,react-template-next,https://github.com/teo-garcia/react-template-next,6,0,2022-01-25T17:54:24Z,2025-07-20T17:17:24Z,TypeScript
793727818,eduardoRoth,analog-ionic-capacitor-template,https://github.com/eduardoRoth/analog-ionic-capacitor-template,6,1,2024-04-29T18:53:12Z,2025-02-28T07:23:40Z,TypeScript
890659697,mguzman20,next-supa-starter,https://github.com/mguzman20/next-supa-starter,6,0,2024-11-19T00:37:48Z,2025-07-08T10:29:41Z,TypeScript
646627709,tmc,hackathon-starter,https://github.com/tmc/hackathon-starter,6,1,2023-05-29T01:19:26Z,2025-03-20T15:46:50Z,TypeScript
246690165,DLMousey,Node-TS-Auth-API-Starter,https://github.com/DLMousey/Node-TS-Auth-API-Starter,6,0,2020-03-11T22:12:50Z,2020-08-16T20:14:43Z,TypeScript
541245373,nya1,ts-api-boilerplate,https://github.com/nya1/ts-api-boilerplate,6,0,2022-09-25T17:00:59Z,2022-10-01T05:26:57Z,TypeScript
799535776,kettei-sproutty,nextjs-modern-template,https://github.com/kettei-sproutty/nextjs-modern-template,6,0,2024-05-12T12:45:28Z,2025-07-16T07:44:54Z,TypeScript
510405030,yusongh,vue3-ts-vite-template,https://github.com/yusongh/vue3-ts-vite-template,6,8,2022-07-04T15:08:38Z,2023-10-29T07:58:29Z,TypeScript
862963605,WHEREISDAN,NJS-Firebase-SaaS-Boilerplate,https://github.com/WHEREISDAN/NJS-Firebase-SaaS-Boilerplate,6,2,2024-09-25T13:38:50Z,2025-08-06T07:53:51Z,TypeScript
460207430,afrittella,fastify-typescript-starter,https://github.com/afrittella/fastify-typescript-starter,6,0,2022-02-16T23:04:47Z,2025-07-16T06:43:27Z,TypeScript
434283157,lzm0x219,template-vite-solid-ts,https://github.com/lzm0x219/template-vite-solid-ts,6,0,2021-12-02T15:52:57Z,2025-08-08T17:26:33Z,TypeScript
205327721,Pepijn98,discord-bot-template,https://github.com/Pepijn98/discord-bot-template,6,0,2019-08-30T07:21:28Z,2023-05-02T18:23:56Z,TypeScript
841344017,emamalias,expo-rnr-starter,https://github.com/emamalias/expo-rnr-starter,6,0,2024-08-12T08:10:48Z,2025-07-08T10:11:55Z,TypeScript
953338129,subhamBharadwaz,nexora,https://github.com/subhamBharadwaz/nexora,6,0,2025-03-23T05:46:23Z,2025-07-15T12:47:18Z,TypeScript
306663644,jessety,boilerplate-typescript-package,https://github.com/jessety/boilerplate-typescript-package,6,0,2020-10-23T14:38:48Z,2025-02-24T07:00:17Z,TypeScript
453244986,oliverstreissi,next-storyblok-typescript-boilerplate,https://github.com/oliverstreissi/next-storyblok-typescript-boilerplate,6,2,2022-01-28T23:18:27Z,2024-05-15T10:57:29Z,TypeScript
813504147,event-driven-io,emmett-starter-esdb,https://github.com/event-driven-io/emmett-starter-esdb,6,0,2024-06-11T08:05:12Z,2025-05-06T15:22:47Z,TypeScript
533347184,Wattenberger,svelte-starter,https://github.com/Wattenberger/svelte-starter,6,1,2022-09-06T13:52:37Z,2023-03-08T23:26:37Z,TypeScript
480081208,maximilianberndt,ogl-starter,https://github.com/maximilianberndt/ogl-starter,6,1,2022-04-10T16:54:42Z,2025-04-09T17:10:15Z,TypeScript
575361021,sanity-io,sanity-ui-workshop-starter,https://github.com/sanity-io/sanity-ui-workshop-starter,6,0,2022-12-07T10:41:42Z,2025-05-22T11:23:44Z,TypeScript
751097591,imevanc,nextjs-starter,https://github.com/imevanc/nextjs-starter,6,1,2024-01-31T23:19:36Z,2025-08-07T23:00:32Z,TypeScript
416799014,el3um4s,svelte-component-package-starter,https://github.com/el3um4s/svelte-component-package-starter,6,1,2021-10-13T15:29:16Z,2023-06-22T20:18:53Z,TypeScript
842907908,nousantx,starter-template-tenoxui,https://github.com/nousantx/starter-template-tenoxui,6,0,2024-08-15T11:12:32Z,2024-09-17T02:29:42Z,TypeScript
661852162,Benanna2019,Next_Migration,https://github.com/Benanna2019/Next_Migration,6,18,2023-07-03T20:01:46Z,2023-11-13T15:06:26Z,TypeScript
392402695,rocketseat-education,ignite-template-otimizando-a-aplicacao,https://github.com/rocketseat-education/ignite-template-otimizando-a-aplicacao,6,17,2021-08-03T17:39:09Z,2023-06-05T04:22:11Z,TypeScript
565948978,stackoutput-com,vite-electron-react-boilerplate,https://github.com/stackoutput-com/vite-electron-react-boilerplate,6,1,2022-11-14T16:58:00Z,2025-08-06T23:41:17Z,TypeScript
942635827,m6io,m6-react-starter,https://github.com/m6io/m6-react-starter,6,1,2025-03-04T12:25:49Z,2025-04-14T12:47:19Z,TypeScript
922100870,Musanna-al-akil,cloudflare-hono-drizzle-zod-starter-pack,https://github.com/Musanna-al-akil/cloudflare-hono-drizzle-zod-starter-pack,6,0,2025-01-25T10:16:06Z,2025-08-09T15:55:56Z,TypeScript
948328513,everton-dgn,clean_arch_nextjs,https://github.com/everton-dgn/clean_arch_nextjs,6,0,2025-03-14T06:15:11Z,2025-06-28T19:21:29Z,TypeScript
616740727,hongfaqiu,nextjs13-with-semiUI-tailwindcss,https://github.com/hongfaqiu/nextjs13-with-semiUI-tailwindcss,6,2,2023-03-21T01:34:21Z,2025-07-02T05:23:29Z,TypeScript
469318602,ms-fadaei,typescript-library-starter,https://github.com/ms-fadaei/typescript-library-starter,6,2,2022-03-13T08:58:58Z,2023-10-22T14:38:30Z,TypeScript
89365017,SuhushinAS,react-starter-kit,https://github.com/SuhushinAS/react-starter-kit,6,2,2017-04-25T13:40:19Z,2025-08-09T05:00:22Z,TypeScript
423946549,lem0nle,vpage,https://github.com/lem0nle/vpage,6,1,2021-11-02T17:57:57Z,2022-10-27T19:57:18Z,TypeScript
515951178,ryanf10,breeze-next-ts,https://github.com/ryanf10/breeze-next-ts,6,0,2022-07-20T11:19:23Z,2023-08-12T04:23:47Z,TypeScript
653719207,fixie-ai,ai-jsx-template,https://github.com/fixie-ai/ai-jsx-template,6,5,2023-06-14T15:31:28Z,2024-03-04T05:11:10Z,TypeScript
342190852,matthieu-locussol,starter-tauri-next-typescript,https://github.com/matthieu-locussol/starter-tauri-next-typescript,6,1,2021-02-25T09:29:05Z,2024-12-19T02:34:15Z,TypeScript
715511521,godkingjay,ionic-react-shadcn-starter,https://github.com/godkingjay/ionic-react-shadcn-starter,6,2,2023-11-07T09:43:33Z,2025-03-18T08:24:40Z,TypeScript
552000610,vanillacode314,solid-start-trpc-turborepo,https://github.com/vanillacode314/solid-start-trpc-turborepo,6,1,2022-10-15T15:32:32Z,2024-04-12T15:51:02Z,TypeScript
814057369,Xeven777,vite-shadcn-template,https://github.com/Xeven777/vite-shadcn-template,6,1,2024-06-12T09:02:30Z,2025-02-26T10:05:45Z,TypeScript
763460576,corbado,nextjs-template-vercel,https://github.com/corbado/nextjs-template-vercel,6,0,2024-02-26T10:39:44Z,2025-01-10T10:36:02Z,TypeScript
593743262,aiherrera,turborepo-template,https://github.com/aiherrera/turborepo-template,6,0,2023-01-26T18:35:42Z,2025-04-18T04:44:04Z,TypeScript
883873594,basestack-co,nextjs-hono-clerk-cf-starter,https://github.com/basestack-co/nextjs-hono-clerk-cf-starter,6,0,2024-11-05T18:13:32Z,2025-04-05T20:49:24Z,TypeScript
608915423,project-magnesium,railgun,https://github.com/project-magnesium/railgun,6,1,2023-03-03T01:40:09Z,2023-10-30T20:25:27Z,TypeScript
278696980,vtex-trainings,service-course-template,https://github.com/vtex-trainings/service-course-template,6,9,2020-07-10T17:41:17Z,2025-05-02T16:53:47Z,TypeScript
639061223,kothing,vite-react-typescript-library-template,https://github.com/kothing/vite-react-typescript-library-template,6,0,2023-05-10T17:15:32Z,2024-11-13T00:45:09Z,TypeScript
68473956,bendevorg,node_boilerplate,https://github.com/bendevorg/node_boilerplate,6,0,2016-09-17T19:32:13Z,2023-03-13T05:15:50Z,TypeScript
986869109,yangyangxian,react-fullstack-starter,https://github.com/yangyangxian/react-fullstack-starter,6,0,2025-05-20T08:37:16Z,2025-07-25T08:22:31Z,TypeScript
826312493,focusreactive,cms-kit,https://github.com/focusreactive/cms-kit,6,2,2024-07-09T13:14:22Z,2025-07-30T07:58:44Z,TypeScript
1023794778,namanbarkiya,niya-saas-template,https://github.com/namanbarkiya/niya-saas-template,6,0,2025-07-21T17:49:25Z,2025-08-10T12:57:08Z,TypeScript
83247454,maxmonax,phaser-ce-ts-template,https://github.com/maxmonax/phaser-ce-ts-template,6,3,2017-02-26T23:09:57Z,2024-08-27T19:26:48Z,TypeScript
216563325,Lightning-Chart,lcjs-react-template,https://github.com/Lightning-Chart/lcjs-react-template,6,3,2019-10-21T12:32:19Z,2025-05-24T07:42:43Z,TypeScript
618406609,NoxelS,scraper,https://github.com/NoxelS/scraper,6,4,2023-03-24T11:59:55Z,2025-03-04T18:03:50Z,TypeScript
318978464,victorcmarinho,archref-react,https://github.com/victorcmarinho/archref-react,6,1,2020-12-06T07:42:01Z,2022-02-24T20:11:26Z,TypeScript
521188050,boilertown,react-monorepo-boilerplate,https://github.com/boilertown/react-monorepo-boilerplate,6,1,2022-08-04T08:37:59Z,2024-02-14T15:44:21Z,TypeScript
816501678,leandroercoli,SaasterKit-Backend-Nestjs,https://github.com/leandroercoli/SaasterKit-Backend-Nestjs,6,1,2024-06-17T22:17:20Z,2025-05-06T17:26:01Z,TypeScript
152579602,breadhead,next-app,https://github.com/breadhead/next-app,6,0,2018-10-11T11:18:51Z,2020-02-17T06:26:37Z,TypeScript
772929069,egdev6,react-boilerplate,https://github.com/egdev6/react-boilerplate,6,0,2024-03-16T09:10:47Z,2025-07-19T11:44:05Z,TypeScript
488581459,nikelborm,project-boilerplate,https://github.com/nikelborm/project-boilerplate,6,0,2022-05-04T12:34:27Z,2025-06-26T15:03:27Z,TypeScript
389093063,joshxfi,vret-boilerplate,https://github.com/joshxfi/vret-boilerplate,6,1,2021-07-24T12:24:52Z,2023-10-13T19:43:26Z,TypeScript
903201799,SocketSomeone,nextjs-telegram-mini-app-template,https://github.com/SocketSomeone/nextjs-telegram-mini-app-template,6,4,2024-12-14T01:33:15Z,2025-08-08T21:24:44Z,TypeScript
412805334,raulanatol,template-base-ts,https://github.com/raulanatol/template-base-ts,6,2,2021-10-02T13:32:25Z,2023-03-07T15:28:00Z,TypeScript
309067812,crashmax-dev,webpack-userscript-template,https://github.com/crashmax-dev/webpack-userscript-template,6,2,2020-11-01T10:07:16Z,2023-06-04T13:10:09Z,TypeScript
191417578,joshferrell,adobexd-react-typescript,https://github.com/joshferrell/adobexd-react-typescript,6,0,2019-06-11T17:20:11Z,2023-06-05T02:39:51Z,TypeScript
315909719,pixiumdigital,typescript-package-boilerplate,https://github.com/pixiumdigital/typescript-package-boilerplate,6,0,2020-11-25T10:51:00Z,2022-08-08T15:54:39Z,TypeScript
282456462,gongdongho12,react-ainize-boilerplate,https://github.com/gongdongho12/react-ainize-boilerplate,6,0,2020-07-25T14:08:32Z,2024-02-27T16:44:08Z,TypeScript
453016832,hankei6km,my-starter-gas-lib-ts,https://github.com/hankei6km/my-starter-gas-lib-ts,6,0,2022-01-28T09:55:46Z,2025-08-05T09:25:47Z,TypeScript
182250046,bervProject,FeathersJS-Boilerplate,https://github.com/bervProject/FeathersJS-Boilerplate,6,1,2019-04-19T10:46:56Z,2025-08-01T01:54:37Z,TypeScript
463108308,Yusfuu,graphql-typescript-boilerplate,https://github.com/Yusfuu/graphql-typescript-boilerplate,6,1,2022-02-24T10:41:19Z,2025-06-09T08:47:05Z,TypeScript
152074380,Vivify-Ideas,react-native-boilerplate,https://github.com/Vivify-Ideas/react-native-boilerplate,6,1,2018-10-08T12:15:39Z,2022-06-26T19:06:07Z,TypeScript
814557415,travis-r6s,shopify-app-nuxt,https://github.com/travis-r6s/shopify-app-nuxt,6,0,2024-06-13T08:39:33Z,2025-04-05T13:39:06Z,TypeScript
294634053,bmxpiku,express-ts-base,https://github.com/bmxpiku/express-ts-base,6,0,2020-09-11T08:09:07Z,2025-06-24T02:30:27Z,TypeScript
469374045,Joaobru,BoilerPlate-React-Vite,https://github.com/Joaobru/BoilerPlate-React-Vite,6,0,2022-03-13T13:06:38Z,2023-04-10T22:20:20Z,TypeScript
471470442,dimasmds,hapi-typescript-ddd-boilerplate,https://github.com/dimasmds/hapi-typescript-ddd-boilerplate,6,0,2022-03-18T18:08:53Z,2023-10-02T12:59:47Z,TypeScript
260560696,uriell,firebase-lerna-typescript-boilerplate,https://github.com/uriell/firebase-lerna-typescript-boilerplate,6,0,2020-05-01T21:20:55Z,2023-11-05T11:25:00Z,TypeScript
605381534,wujiantao123,web3-wallet-template,https://github.com/wujiantao123/web3-wallet-template,6,4,2023-02-23T03:05:04Z,2023-10-07T01:11:38Z,TypeScript
762675756,RomaLetodiani,React-TypeScript-Vite-BoilerPlate,https://github.com/RomaLetodiani/React-TypeScript-Vite-BoilerPlate,6,0,2024-02-24T11:28:40Z,2024-07-01T08:02:21Z,TypeScript
620531493,AraManjon,typescript-tdd-template,https://github.com/AraManjon/typescript-tdd-template,6,8,2023-03-28T21:42:19Z,2023-09-21T08:01:18Z,TypeScript
884300690,dougwithseismic,turbo-2025,https://github.com/dougwithseismic/turbo-2025,6,1,2024-11-06T14:03:01Z,2025-06-01T08:52:34Z,TypeScript
758796830,dleeftink,observable-python-codespace,https://github.com/dleeftink/observable-python-codespace,6,0,2024-02-17T05:21:06Z,2025-07-19T00:36:17Z,TypeScript
713838839,Green-Software-Foundation,if-plugin-template,https://github.com/Green-Software-Foundation/if-plugin-template,6,5,2023-11-03T10:44:33Z,2024-12-16T13:20:18Z,TypeScript
596332357,zeus901001,template-node-typescript-webapi,https://github.com/zeus901001/template-node-typescript-webapi,6,0,2023-02-02T00:22:32Z,2023-09-13T12:12:31Z,TypeScript
494650572,coderdiaz,nestjs-fastify-graphql,https://github.com/coderdiaz/nestjs-fastify-graphql,6,3,2022-05-21T01:32:09Z,2025-03-29T01:15:08Z,TypeScript
752587990,Dahkenangnon,typescript-express-mongoose-api-boilerplate,https://github.com/Dahkenangnon/typescript-express-mongoose-api-boilerplate,6,1,2024-02-04T09:36:53Z,2024-02-05T21:02:56Z,TypeScript
775467508,DRincs-Productions,pixi-vn-react-template,https://github.com/DRincs-Productions/pixi-vn-react-template,6,6,2024-03-21T12:54:19Z,2025-08-10T16:32:59Z,TypeScript
229468754,oracle-commerce-cloud,occ-react-components.ts,https://github.com/oracle-commerce-cloud/occ-react-components.ts,6,3,2019-12-21T18:42:03Z,2024-08-24T21:32:35Z,TypeScript
422894083,ilkaydnc,fe-starter,https://github.com/ilkaydnc/fe-starter,6,0,2021-10-30T13:49:50Z,2023-06-18T11:28:19Z,TypeScript
147256319,bradgarropy,gatsby-starter,https://github.com/bradgarropy/gatsby-starter,6,0,2018-09-03T21:42:45Z,2023-04-21T18:03:59Z,TypeScript
458721277,expressd3v-engineers,nnm-starter,https://github.com/expressd3v-engineers/nnm-starter,6,1,2022-02-13T05:42:45Z,2024-11-14T23:02:51Z,TypeScript
663896568,hakimov-dev,nefa-react,https://github.com/hakimov-dev/nefa-react,6,2,2023-07-08T11:34:20Z,2025-02-03T18:56:16Z,TypeScript
950962435,Aerolab,next-starter,https://github.com/Aerolab/next-starter,6,0,2025-03-19T00:32:01Z,2025-07-30T20:10:28Z,TypeScript
982567304,atproto-os,atproto-os,https://github.com/atproto-os/atproto-os,6,0,2025-05-13T04:54:32Z,2025-07-12T08:57:53Z,TypeScript
193863097,januswel,node-template,https://github.com/januswel/node-template,6,2,2019-06-26T08:28:40Z,2023-08-22T00:34:48Z,TypeScript
340597972,vantuan88291,WebRTC_React_Native,https://github.com/vantuan88291/WebRTC_React_Native,6,2,2021-02-20T08:03:43Z,2025-06-25T19:10:56Z,TypeScript
336449087,bradgarropy,node-library-starter,https://github.com/bradgarropy/node-library-starter,6,0,2021-02-06T03:45:03Z,2022-12-30T10:39:26Z,TypeScript
636475279,ongkay,mantine-tailwind,https://github.com/ongkay/mantine-tailwind,6,3,2023-05-04T23:50:55Z,2024-06-07T10:03:49Z,TypeScript
502603985,gabrielmaialva33,node-ts-app,https://github.com/gabrielmaialva33/node-ts-app,6,3,2022-06-12T12:02:53Z,2025-05-31T17:18:01Z,TypeScript
943493737,khakbazan-io,nextjs-starter-template,https://github.com/khakbazan-io/nextjs-starter-template,6,0,2025-03-05T19:49:41Z,2025-03-08T10:15:33Z,TypeScript
439288672,damla,cra-ts-starter,https://github.com/damla/cra-ts-starter,6,1,2021-12-17T10:05:21Z,2024-10-16T18:24:34Z,TypeScript
242997378,EdixonAlberto,template-node-ts,https://github.com/EdixonAlberto/template-node-ts,6,2,2020-02-25T12:43:57Z,2023-02-16T00:12:21Z,TypeScript
537120695,pythonpete32,lens-starter-kit,https://github.com/pythonpete32/lens-starter-kit,6,1,2022-09-15T16:47:23Z,2024-04-11T08:15:18Z,TypeScript
330992067,gnomeria,preact-vite-starter,https://github.com/gnomeria/preact-vite-starter,6,1,2021-01-19T13:38:24Z,2024-07-03T15:44:35Z,TypeScript
660970978,Mutesa-Cedric,node-ts-starter,https://github.com/Mutesa-Cedric/node-ts-starter,6,1,2023-07-01T11:31:08Z,2025-05-20T08:46:30Z,TypeScript
440624925,digitallyinduced,thin-next-starter,https://github.com/digitallyinduced/thin-next-starter,6,0,2021-12-21T19:11:38Z,2023-09-06T22:12:01Z,TypeScript
462948328,clerk,clerk-redwood-starter,https://github.com/clerk/clerk-redwood-starter,6,4,2022-02-24T00:06:25Z,2024-07-24T20:08:29Z,TypeScript
895066784,FradSer,next-ai-starter,https://github.com/FradSer/next-ai-starter,6,1,2024-11-27T13:56:01Z,2025-05-16T02:04:26Z,TypeScript
441901031,mazipan,next-app-starter,https://github.com/mazipan/next-app-starter,6,0,2021-12-26T13:45:50Z,2025-02-08T12:36:41Z,TypeScript
947570301,YousifAbozid,template-react-ts,https://github.com/YousifAbozid/template-react-ts,6,1,2025-03-12T22:42:06Z,2025-08-10T01:11:42Z,TypeScript
260268139,ThomasVuillaume,alexa-skill-typescript-boilerplate-ask-v2,https://github.com/ThomasVuillaume/alexa-skill-typescript-boilerplate-ask-v2,6,0,2020-04-30T16:56:38Z,2025-01-05T16:01:38Z,TypeScript
648812373,eni4sure,expo-boilertemplate,https://github.com/eni4sure/expo-boilertemplate,6,4,2023-06-02T22:02:44Z,2024-03-27T07:32:56Z,TypeScript
669765091,zcf0508,trpc-full-stack-starter,https://github.com/zcf0508/trpc-full-stack-starter,6,1,2023-07-23T11:03:32Z,2024-09-04T07:33:02Z,TypeScript
383341133,monstar-lab-oss,nestjs-starter-graphql-api,https://github.com/monstar-lab-oss/nestjs-starter-graphql-api,6,1,2021-07-06T04:40:46Z,2022-02-02T05:11:47Z,TypeScript
730277475,teamhanko,hanko-hono-react-starter,https://github.com/teamhanko/hanko-hono-react-starter,6,0,2023-12-11T15:22:09Z,2025-05-27T13:47:37Z,TypeScript
1015415300,Foysal50x,zenith,https://github.com/Foysal50x/zenith,6,5,2025-07-07T13:18:50Z,2025-08-06T17:34:07Z,TypeScript
532514560,wighawag,template-on-chain-art,https://github.com/wighawag/template-on-chain-art,6,1,2022-09-04T11:04:29Z,2023-01-04T01:34:41Z,TypeScript
337576616,Shift3,boilerplate-client-react,https://github.com/Shift3/boilerplate-client-react,7,10,2021-02-10T00:39:05Z,2023-05-16T22:51:45Z,TypeScript
402451275,PhaserEditor2D,starter-template-webpack,https://github.com/PhaserEditor2D/starter-template-webpack,7,9,2021-09-02T14:28:51Z,2024-05-31T00:49:45Z,TypeScript
774662163,sagarmusabbir,thirdbracket-flowbite-next.js-saas-landing,https://github.com/sagarmusabbir/thirdbracket-flowbite-next.js-saas-landing,7,5,2024-03-20T00:09:35Z,2024-12-02T18:48:29Z,TypeScript
197873170,develohpanda,react-component-library-starter,https://github.com/develohpanda/react-component-library-starter,7,3,2019-07-20T03:14:11Z,2024-12-07T06:37:44Z,TypeScript
271954250,goibibo-labs,stencil-starter-kit,https://github.com/goibibo-labs/stencil-starter-kit,7,4,2020-06-13T06:31:33Z,2022-10-15T18:12:22Z,TypeScript
281077812,governance-foundation,template-electron-vuex-vuetify,https://github.com/governance-foundation/template-electron-vuex-vuetify,7,5,2020-07-20T09:49:44Z,2023-11-24T01:57:53Z,TypeScript
612551258,inputstudio,nuxt3-starter,https://github.com/inputstudio/nuxt3-starter,7,2,2023-03-11T09:35:41Z,2025-06-20T10:40:40Z,TypeScript
586684285,thirdweb-example,node-starter,https://github.com/thirdweb-example/node-starter,7,7,2023-01-09T00:49:10Z,2025-08-07T04:27:38Z,TypeScript
457303079,Aztriltus,nextjs-ts-tailwind-template,https://github.com/Aztriltus/nextjs-ts-tailwind-template,7,7,2022-02-09T10:03:38Z,2025-04-20T10:23:42Z,TypeScript
590076351,near,boilerplate-template-keypom,https://github.com/near/boilerplate-template-keypom,7,2,2023-01-17T15:55:13Z,2024-12-03T14:28:44Z,TypeScript
196653902,SamuelPinho,react-firebase-auth-boilerplate,https://github.com/SamuelPinho/react-firebase-auth-boilerplate,7,4,2019-07-12T22:39:31Z,2024-02-04T03:09:02Z,TypeScript
444727001,Refaelbenzvi24,Viterect-vite-react-boilerplate,https://github.com/Refaelbenzvi24/Viterect-vite-react-boilerplate,7,0,2022-01-05T08:40:18Z,2024-09-28T09:08:27Z,TypeScript
339832166,ESBuildTemplates,pixi.ts,https://github.com/ESBuildTemplates/pixi.ts,7,5,2021-02-17T19:23:07Z,2024-11-29T14:46:39Z,TypeScript
639420427,hackbg,web3-starter,https://github.com/hackbg/web3-starter,7,5,2023-05-11T12:47:17Z,2025-01-28T23:15:36Z,TypeScript
430688640,windranger-io,react-next-template,https://github.com/windranger-io/react-next-template,7,6,2021-11-22T11:59:29Z,2023-06-25T18:42:04Z,TypeScript
645257653,sismo-core,sismo-connect-boilerplate-onchain,https://github.com/sismo-core/sismo-connect-boilerplate-onchain,7,3,2023-05-25T09:00:12Z,2025-08-07T03:10:30Z,TypeScript
218498593,Open-Attestation,decentralized-renderer-react-template,https://github.com/Open-Attestation/decentralized-renderer-react-template,7,9,2019-10-30T10:12:41Z,2024-07-21T07:33:25Z,TypeScript
970632129,silverthreadlabs,bloggen-seo-starter,https://github.com/silverthreadlabs/bloggen-seo-starter,7,5,2025-04-22T09:54:43Z,2025-08-05T07:47:34Z,TypeScript
539483552,Rock-n-Prog,web-ts-monorepo-starter-pack,https://github.com/Rock-n-Prog/web-ts-monorepo-starter-pack,7,2,2022-09-21T12:44:08Z,2023-07-02T11:21:28Z,TypeScript
905886986,lumeland,theme-boilerplate,https://github.com/lumeland/theme-boilerplate,7,3,2024-12-19T18:10:45Z,2025-07-27T20:50:14Z,TypeScript
638769713,Daydreamer-riri,starter-lib,https://github.com/Daydreamer-riri/starter-lib,7,2,2023-05-10T04:17:45Z,2025-06-03T12:18:10Z,TypeScript
507421899,nsdonato,boilerplate_vitetsreact,https://github.com/nsdonato/boilerplate_vitetsreact,7,2,2022-06-25T21:37:26Z,2024-05-17T10:49:45Z,TypeScript
317399194,izexi,aoc-ts-template,https://github.com/izexi/aoc-ts-template,7,7,2020-12-01T02:11:14Z,2023-12-19T23:28:35Z,TypeScript
884962679,alignui,alignui-remix-typescript-starter,https://github.com/alignui/alignui-remix-typescript-starter,7,2,2024-11-07T17:44:02Z,2025-08-10T10:27:45Z,TypeScript
282693000,vitaliemiron,Insomniac-NextJS-boilerplate,https://github.com/vitaliemiron/Insomniac-NextJS-boilerplate,7,7,2020-07-26T16:50:53Z,2022-04-13T16:28:31Z,TypeScript
897807102,wirtzdan,project-rocket,https://github.com/wirtzdan/project-rocket,7,1,2024-12-03T09:21:02Z,2025-05-18T16:46:37Z,TypeScript
690193838,Kaviarasan-R,shopify-react-nest-boilerplate,https://github.com/Kaviarasan-R/shopify-react-nest-boilerplate,7,1,2023-09-11T18:02:51Z,2025-01-07T03:20:50Z,TypeScript
404997445,clade-ventures,nextjs-boilerplate,https://github.com/clade-ventures/nextjs-boilerplate,7,5,2021-09-10T07:40:27Z,2023-12-19T10:46:41Z,TypeScript
485946821,jbaubree,vue3-vite-login-template,https://github.com/jbaubree/vue3-vite-login-template,7,3,2022-04-26T21:03:17Z,2025-06-01T17:44:21Z,TypeScript
491689273,jessekelly881,webapp,https://github.com/jessekelly881/webapp,7,2,2022-05-12T22:47:09Z,2024-10-03T05:16:19Z,TypeScript
447874148,fabianferno,express-typescript-prisma-boilerplate,https://github.com/fabianferno/express-typescript-prisma-boilerplate,7,6,2022-01-14T07:07:51Z,2024-12-19T04:06:46Z,TypeScript
832357118,SciPhi-AI,r2r-webdev-template,https://github.com/SciPhi-AI/r2r-webdev-template,7,4,2024-07-22T21:27:32Z,2025-07-01T14:38:19Z,TypeScript
372155258,9oelM,react-typescript-monorepo-boilerplate,https://github.com/9oelM/react-typescript-monorepo-boilerplate,7,2,2021-05-30T07:51:57Z,2025-04-06T22:41:11Z,TypeScript
381915316,plibither8,typescript,https://github.com/plibither8/typescript,7,2,2021-07-01T05:04:17Z,2025-05-21T16:10:09Z,TypeScript
295407971,shapeshed,hardhat-boilerplate,https://github.com/shapeshed/hardhat-boilerplate,7,4,2020-09-14T12:23:32Z,2024-01-05T13:18:39Z,TypeScript
325255391,William9923,Express-Quickstart,https://github.com/William9923/Express-Quickstart,7,0,2020-12-29T10:24:19Z,2025-01-15T19:17:34Z,TypeScript
758246104,hamlim,template-monorepo,https://github.com/hamlim/template-monorepo,7,3,2024-02-15T22:54:50Z,2025-04-03T06:22:20Z,TypeScript
720493561,mhmdsami,shadcn-prisma-stack,https://github.com/mhmdsami/shadcn-prisma-stack,7,2,2023-11-18T16:52:13Z,2024-12-03T03:27:44Z,TypeScript
158569063,vaadin,base-starter-flow-osgi,https://github.com/vaadin/base-starter-flow-osgi,7,7,2018-11-21T15:29:25Z,2025-06-06T11:39:43Z,TypeScript
410602802,ederssouza,reactjs-redux-boilerplate,https://github.com/ederssouza/reactjs-redux-boilerplate,7,4,2021-09-26T16:25:22Z,2024-06-19T20:52:06Z,TypeScript
164531887,goldcaddy77,warthog-starter,https://github.com/goldcaddy77/warthog-starter,7,5,2019-01-08T01:48:17Z,2024-06-26T19:52:46Z,TypeScript
570269921,franklinjavier,remix-starter-template,https://github.com/franklinjavier/remix-starter-template,7,1,2022-11-24T18:43:36Z,2024-04-24T20:48:50Z,TypeScript
249967445,amoghmadan,TypeScript-Express-REST-Starter,https://github.com/amoghmadan/TypeScript-Express-REST-Starter,7,0,2020-03-25T12:03:59Z,2024-11-05T07:28:28Z,TypeScript
827345155,Adedoyin-Emmanuel,telebot,https://github.com/Adedoyin-Emmanuel/telebot,7,0,2024-07-11T13:21:54Z,2025-04-12T17:05:36Z,TypeScript
787876488,gnosisguild,permissions-starter-kit,https://github.com/gnosisguild/permissions-starter-kit,7,1,2024-04-17T10:56:48Z,2025-07-02T22:28:41Z,TypeScript
286346890,MatthausZillig,next_boilerplate,https://github.com/MatthausZillig/next_boilerplate,7,3,2020-08-10T01:19:24Z,2021-09-03T16:34:14Z,TypeScript
278053031,HackPlan,uui-admin-template,https://github.com/HackPlan/uui-admin-template,7,1,2020-07-08T09:56:31Z,2025-04-08T08:33:20Z,TypeScript
210012190,snurby7,typescript-express-vue-starter,https://github.com/snurby7/typescript-express-vue-starter,7,1,2019-09-21T15:50:39Z,2023-11-05T11:01:42Z,TypeScript
593401580,rajtslegr,vite-react-starter,https://github.com/rajtslegr/vite-react-starter,7,0,2023-01-25T22:49:05Z,2025-08-11T01:24:08Z,TypeScript
762760542,themesberg,flowbite-react-template-vite,https://github.com/themesberg/flowbite-react-template-vite,7,16,2024-02-24T16:07:43Z,2025-07-27T18:56:19Z,TypeScript
648985036,gadingnst,fullstack-next-template-turbo,https://github.com/gadingnst/fullstack-next-template-turbo,7,0,2023-06-03T12:15:07Z,2024-01-22T07:48:45Z,TypeScript
348322250,react-sprint,gatsby-blog-starter-with-typescript,https://github.com/react-sprint/gatsby-blog-starter-with-typescript,7,5,2021-03-16T11:30:33Z,2024-10-17T06:27:59Z,TypeScript
643053699,fleekxyz,react-template,https://github.com/fleekxyz/react-template,7,12,2023-05-20T01:18:35Z,2024-05-22T01:05:55Z,TypeScript
578992252,HugoRCD,nestjs-boilerplate,https://github.com/HugoRCD/nestjs-boilerplate,7,1,2022-12-16T11:43:23Z,2025-07-10T09:38:05Z,TypeScript
259445782,leonma333,CampaignGenerator,https://github.com/leonma333/CampaignGenerator,7,2,2020-04-27T20:36:06Z,2025-01-12T05:54:25Z,TypeScript
1030788406,alexanderop,mcp-server-starter-ts,https://github.com/alexanderop/mcp-server-starter-ts,7,2,2025-08-02T10:24:07Z,2025-08-10T21:00:43Z,TypeScript
684378675,yugasun,vite-monorepo-starter,https://github.com/yugasun/vite-monorepo-starter,7,0,2023-08-29T02:37:37Z,2025-06-24T00:50:12Z,TypeScript
862357273,Kanahiro,sveltekit-amplify-starter,https://github.com/Kanahiro/sveltekit-amplify-starter,7,1,2024-09-24T13:17:47Z,2025-07-02T02:54:44Z,TypeScript
808793048,damianostre,aufy-starters,https://github.com/damianostre/aufy-starters,7,1,2024-05-31T20:41:18Z,2025-03-13T16:27:01Z,TypeScript
763109221,trydma,nextjs-strapi-nginx-docker,https://github.com/trydma/nextjs-strapi-nginx-docker,7,3,2024-02-25T15:30:13Z,2025-05-20T15:38:37Z,TypeScript
543413481,denes16,nestjs-grapql-prisma-mongodb-template,https://github.com/denes16/nestjs-grapql-prisma-mongodb-template,7,2,2022-09-30T03:23:07Z,2023-11-12T17:37:11Z,TypeScript
360934265,Tsugami,nextjs-monorepo-boilerplate,https://github.com/Tsugami/nextjs-monorepo-boilerplate,7,0,2021-04-23T15:50:29Z,2024-02-22T15:39:30Z,TypeScript
662443154,aulianza,vite-react-starter,https://github.com/aulianza/vite-react-starter,7,1,2023-07-05T06:40:41Z,2025-04-18T21:51:16Z,TypeScript
304892930,kalwabed,nextwind,https://github.com/kalwabed/nextwind,7,0,2020-10-17T14:13:32Z,2023-03-07T16:17:40Z,TypeScript
596427346,Nauxscript,vitesse-lite-solid,https://github.com/Nauxscript/vitesse-lite-solid,7,0,2023-02-02T06:42:54Z,2025-07-05T09:45:54Z,TypeScript
453916807,chenc041,nestjs-starter,https://github.com/chenc041/nestjs-starter,7,0,2022-01-31T07:37:12Z,2025-07-27T06:38:40Z,TypeScript
525213323,boilertown,node-cli-boilerplate,https://github.com/boilertown/node-cli-boilerplate,7,0,2022-08-16T03:06:38Z,2024-07-02T02:57:32Z,TypeScript
808040557,hoangdevnull,nextjs-boilerplate-2024,https://github.com/hoangdevnull/nextjs-boilerplate-2024,7,0,2024-05-30T09:06:25Z,2024-12-30T07:56:38Z,TypeScript
616103688,ramBlanco,fastify-ts-api-boilerplate,https://github.com/ramBlanco/fastify-ts-api-boilerplate,7,1,2023-03-19T16:12:05Z,2025-05-09T23:24:27Z,TypeScript
789824655,MateoCerquetella,serverless-lambda-boilerplate,https://github.com/MateoCerquetella/serverless-lambda-boilerplate,8,0,2024-04-21T16:49:42Z,2025-06-09T05:15:35Z,TypeScript
612066002,cyber-eternal,express-template,https://github.com/cyber-eternal/express-template,7,1,2023-03-10T05:54:33Z,2025-02-16T09:58:37Z,TypeScript
613303612,MaadAli,nest-mongoose-starter,https://github.com/MaadAli/nest-mongoose-starter,7,1,2023-03-13T10:04:52Z,2023-11-12T20:42:11Z,TypeScript
746623703,inclinedadarsh,nextjs-starter,https://github.com/inclinedadarsh/nextjs-starter,7,0,2024-01-22T11:35:53Z,2024-10-21T14:35:17Z,TypeScript
953156028,Aniket-508,turborepo-nextjs-wxt-shadcn-boilerplate,https://github.com/Aniket-508/turborepo-nextjs-wxt-shadcn-boilerplate,7,3,2025-03-22T17:39:44Z,2025-08-01T10:48:38Z,TypeScript
745693237,rayonstudios,rayon_react_starter,https://github.com/rayonstudios/rayon_react_starter,7,3,2024-01-19T22:16:02Z,2025-08-10T19:52:00Z,TypeScript
978955902,robertlinde,next-nest-turbo-auth-boilerplate,https://github.com/robertlinde/next-nest-turbo-auth-boilerplate,7,0,2025-05-06T19:07:44Z,2025-08-09T03:47:57Z,TypeScript
943848872,machidevdev,t3-web3-starter,https://github.com/machidevdev/t3-web3-starter,7,1,2025-03-06T11:15:24Z,2025-05-30T06:10:52Z,TypeScript
726611882,spence-s,spence-s-starter-template,https://github.com/spence-s/spence-s-starter-template,7,0,2023-12-02T21:44:18Z,2025-07-08T22:10:06Z,TypeScript
857769470,ToneAr,wolfram-react-boilerplate,https://github.com/ToneAr/wolfram-react-boilerplate,7,1,2024-09-15T15:09:45Z,2025-02-03T08:45:23Z,TypeScript
479300093,kalideir,Express-REST-Starter-TypeScript,https://github.com/kalideir/Express-REST-Starter-TypeScript,7,0,2022-04-08T08:03:04Z,2023-09-14T10:02:22Z,TypeScript
749554046,vonojs,vono-trpc-tanstackrouter,https://github.com/vonojs/vono-trpc-tanstackrouter,7,1,2024-01-28T22:30:35Z,2024-08-27T07:40:13Z,TypeScript
699454780,selemondev,ReactJs-Kenya-Starter-Template,https://github.com/selemondev/ReactJs-Kenya-Starter-Template,7,1,2023-10-02T17:04:54Z,2023-12-21T17:36:49Z,TypeScript
887596470,orliesaurus,toolhouse-starter,https://github.com/orliesaurus/toolhouse-starter,7,1,2024-11-13T00:20:51Z,2025-01-18T19:59:54Z,TypeScript
267169867,max10rogerio,react-ui-boilerplate,https://github.com/max10rogerio/react-ui-boilerplate,7,2,2020-05-26T23:01:40Z,2021-04-07T11:22:16Z,TypeScript
699717726,TABASCOatw,particle-rainbowkit-boilerplate,https://github.com/TABASCOatw/particle-rainbowkit-boilerplate,7,3,2023-10-03T07:43:36Z,2025-01-27T15:22:45Z,TypeScript
614739730,caisy-io,starter-template-svelte-simple-blog,https://github.com/caisy-io/starter-template-svelte-simple-blog,7,0,2023-03-16T08:11:55Z,2025-02-14T03:19:11Z,TypeScript
728232714,teziapp,node-react-vite-trpc-pwa-turbo-monorepo,https://github.com/teziapp/node-react-vite-trpc-pwa-turbo-monorepo,7,0,2023-12-06T14:06:09Z,2025-07-15T09:36:40Z,TypeScript
191842330,fivethree-team,ionic4-capacitor-starter,https://github.com/fivethree-team/ionic4-capacitor-starter,7,3,2019-06-13T22:40:57Z,2020-12-28T17:21:09Z,TypeScript
716503351,IT4Change,boilerplate-frontend,https://github.com/IT4Change/boilerplate-frontend,7,1,2023-11-09T09:24:55Z,2025-07-31T17:50:34Z,TypeScript
474348444,gnosisguild,zodiac-mod-starter-kit,https://github.com/gnosisguild/zodiac-mod-starter-kit,7,3,2022-03-26T12:59:01Z,2025-07-02T16:33:17Z,TypeScript
481734068,alephao,solidity-template,https://github.com/alephao/solidity-template,7,0,2022-04-14T20:02:38Z,2025-04-14T17:53:56Z,TypeScript
452798382,codesandbox,project-template-next.js,https://github.com/codesandbox/project-template-next.js,7,7,2022-01-27T18:29:32Z,2025-03-10T05:00:00Z,TypeScript
921372068,rodrigo-miranda18,nextjs-mdx-intl-blog-starter,https://github.com/rodrigo-miranda18/nextjs-mdx-intl-blog-starter,7,0,2025-01-23T20:36:59Z,2025-07-21T02:31:33Z,TypeScript
437356568,parssak,nextjs-tailwind-ts,https://github.com/parssak/nextjs-tailwind-ts,7,0,2021-12-11T18:16:35Z,2023-03-07T04:46:58Z,TypeScript
943637159,dishwasher-detergent,appwrite-nextjs-starter,https://github.com/dishwasher-detergent/appwrite-nextjs-starter,7,1,2025-03-06T03:04:25Z,2025-06-19T09:04:43Z,TypeScript
667086482,ninthsun91,turborepo-nestjs-starter,https://github.com/ninthsun91/turborepo-nestjs-starter,7,1,2023-07-16T15:41:15Z,2025-07-28T16:52:12Z,TypeScript
420086962,AR10Dev,solid-tailwind-ts-vite,https://github.com/AR10Dev/solid-tailwind-ts-vite,7,0,2021-10-22T12:17:33Z,2025-08-10T21:59:18Z,TypeScript
418123800,susomejias,nextjs-skeleton,https://github.com/susomejias/nextjs-skeleton,7,0,2021-10-17T12:25:03Z,2024-05-16T07:29:01Z,TypeScript
402843432,dustinrouillard,cloudflare-worker,https://github.com/dustinrouillard/cloudflare-worker,7,0,2021-09-03T17:06:29Z,2023-08-01T22:07:36Z,TypeScript
527026507,Aakash1103Jha,node-express-docker,https://github.com/Aakash1103Jha/node-express-docker,7,2,2022-08-20T19:55:48Z,2024-04-05T13:57:03Z,TypeScript
122169523,andrewscwei,react-isomorphic-starter-kit,https://github.com/andrewscwei/react-isomorphic-starter-kit,7,0,2018-02-20T07:54:18Z,2025-08-01T21:22:19Z,TypeScript
661629523,dwarvesf,monorepo-deploy-gh-actions-template,https://github.com/dwarvesf/monorepo-deploy-gh-actions-template,7,0,2023-07-03T09:48:05Z,2025-07-04T22:57:57Z,TypeScript
223777428,Liinkiing,react-extension-webpack-typescript-starter,https://github.com/Liinkiing/react-extension-webpack-typescript-starter,7,0,2019-11-24T16:49:24Z,2021-09-02T09:44:57Z,TypeScript
762155391,pages-cms,nextjs-blog-template,https://github.com/pages-cms/nextjs-blog-template,7,2,2024-02-23T07:37:38Z,2025-07-12T07:46:36Z,TypeScript
663335596,Zalo-MiniApp,zaui-egovernment,https://github.com/Zalo-MiniApp/zaui-egovernment,7,11,2023-07-07T04:34:04Z,2025-04-16T07:42:19Z,TypeScript
221638569,beaker-project,dandelion,https://github.com/beaker-project/dandelion,7,3,2019-11-14T07:36:42Z,2023-01-31T17:42:26Z,TypeScript
445615621,PuruVJ,fastly-compute-edge-typescript-esbuild-template,https://github.com/PuruVJ/fastly-compute-edge-typescript-esbuild-template,7,0,2022-01-07T18:24:01Z,2023-02-02T03:19:27Z,TypeScript
641744116,lucasig11,solana-next-template,https://github.com/lucasig11/solana-next-template,7,6,2023-05-17T04:43:49Z,2025-01-08T06:56:03Z,TypeScript
478112019,subsquid-labs,squid-frontier-evm-template,https://github.com/subsquid-labs/squid-frontier-evm-template,7,9,2022-04-05T12:09:19Z,2024-10-30T15:50:15Z,TypeScript
424869703,amamov,typeorm-in-the-nest,https://github.com/amamov/typeorm-in-the-nest,7,2,2021-11-05T08:01:12Z,2025-03-15T07:55:35Z,TypeScript
993546501,orsenthil,django-react-starter-project,https://github.com/orsenthil/django-react-starter-project,7,0,2025-05-31T01:52:15Z,2025-06-11T21:21:09Z,TypeScript
305329429,SalemAttia,next-start-template,https://github.com/SalemAttia/next-start-template,7,0,2020-10-19T09:21:48Z,2022-08-11T06:21:52Z,TypeScript
385378330,brunos3d,express-typescript-docker-template,https://github.com/brunos3d/express-typescript-docker-template,7,0,2021-07-12T20:43:29Z,2021-07-13T23:27:57Z,TypeScript
414264199,ATQQ,web-lib-template,https://github.com/ATQQ/web-lib-template,7,4,2021-10-06T15:17:12Z,2025-01-03T09:31:26Z,TypeScript
558473096,chapter-three,next-drupal-graphql-starter,https://github.com/chapter-three/next-drupal-graphql-starter,7,2,2022-10-27T16:04:23Z,2025-06-14T05:47:21Z,TypeScript
712337089,dmytro-komlyk,fullstack-boilerplate-next-nest-vps,https://github.com/dmytro-komlyk/fullstack-boilerplate-next-nest-vps,7,1,2023-10-31T09:15:14Z,2025-08-09T03:52:44Z,TypeScript
591911032,Kazuki-tam,gas-gpt-starter,https://github.com/Kazuki-tam/gas-gpt-starter,7,1,2023-01-22T10:16:36Z,2025-04-24T19:18:12Z,TypeScript
514922940,carledwardfp,next-redux-ts-starter,https://github.com/carledwardfp/next-redux-ts-starter,7,2,2022-07-17T18:22:23Z,2024-03-29T14:17:19Z,TypeScript
284435525,jagmitg,pern-template,https://github.com/jagmitg/pern-template,7,0,2020-08-02T10:02:47Z,2025-02-07T13:11:39Z,TypeScript
609524387,divlook,ts-library-starter,https://github.com/divlook/ts-library-starter,7,0,2023-03-04T12:47:55Z,2023-11-21T06:26:36Z,TypeScript
949316010,ZeusNetworkHQ,orpheus,https://github.com/ZeusNetworkHQ/orpheus,7,7,2025-03-16T06:59:06Z,2025-06-30T16:55:52Z,TypeScript
225749891,HADMARINE,quick-nodejs-backend,https://github.com/HADMARINE/quick-nodejs-backend,7,1,2019-12-04T01:14:10Z,2021-11-21T02:01:42Z,TypeScript
388559276,rocketseat-education,ignite-template-react-native-savepass,https://github.com/rocketseat-education/ignite-template-react-native-savepass,7,9,2021-07-22T18:23:17Z,2023-10-23T03:49:19Z,TypeScript
971565810,runtipi,example-appstore,https://github.com/runtipi/example-appstore,7,4,2025-04-23T18:03:31Z,2025-07-09T15:01:31Z,TypeScript
455999037,ederssouza,nextjs-boilerplate,https://github.com/ederssouza/nextjs-boilerplate,7,0,2022-02-05T22:19:04Z,2025-07-03T12:40:58Z,TypeScript
758985453,refactorian,nestjs-typeorm-docker,https://github.com/refactorian/nestjs-typeorm-docker,7,4,2024-02-17T16:47:05Z,2025-05-16T10:02:19Z,TypeScript
390470755,rocketseat-education,ignite-template-react-native-stream-data,https://github.com/rocketseat-education/ignite-template-react-native-stream-data,7,8,2021-07-28T19:01:24Z,2022-06-16T15:30:58Z,TypeScript
124848296,shamofu,electron-vue-parcel-boilerplate,https://github.com/shamofu/electron-vue-parcel-boilerplate,7,0,2018-03-12T07:11:15Z,2021-04-14T00:21:50Z,TypeScript
685619639,brandtam,sanity-sveltekit-shopify-starter,https://github.com/brandtam/sanity-sveltekit-shopify-starter,7,1,2023-08-31T16:26:13Z,2025-03-01T17:21:16Z,TypeScript
814345457,Ahmed-Mouzoune,nextjs-strapi-boilerplate,https://github.com/Ahmed-Mouzoune/nextjs-strapi-boilerplate,7,1,2024-06-12T20:36:54Z,2025-06-24T14:33:05Z,TypeScript
489259552,locol23,monorepo-boilerplate,https://github.com/locol23/monorepo-boilerplate,7,0,2022-05-06T07:32:07Z,2024-11-11T02:06:32Z,TypeScript
940023747,productdevbook,nuxt-4-graphql-yoga,https://github.com/productdevbook/nuxt-4-graphql-yoga,7,0,2025-02-27T13:46:23Z,2025-07-16T17:37:09Z,TypeScript
640295707,chris-hendrix,nextjs-boilerplate,https://github.com/chris-hendrix/nextjs-boilerplate,7,1,2023-05-13T16:04:40Z,2025-06-02T03:59:21Z,TypeScript
851505173,street-devs,nest-monorepos,https://github.com/street-devs/nest-monorepos,7,0,2024-09-03T08:11:13Z,2024-10-10T16:12:45Z,TypeScript
880530820,GibsonAI,next-app,https://github.com/GibsonAI/next-app,7,4,2024-10-29T22:23:18Z,2025-07-29T21:48:12Z,TypeScript
642862380,denoland,oak_template,https://github.com/denoland/oak_template,7,3,2023-05-19T14:08:14Z,2023-11-17T17:41:53Z,TypeScript
857337374,tilap,expo-minimal-boilerplate,https://github.com/tilap/expo-minimal-boilerplate,7,0,2024-09-14T11:42:24Z,2025-07-18T19:30:35Z,TypeScript
717464972,teovlt,MERN-BoilerPlate,https://github.com/teovlt/MERN-BoilerPlate,7,0,2023-11-11T15:03:56Z,2025-08-01T09:03:32Z,TypeScript
700089687,TABASCOatw,particle-connect-boilerplate,https://github.com/TABASCOatw/particle-connect-boilerplate,7,0,2023-10-03T23:27:56Z,2025-04-10T09:17:11Z,TypeScript
405046930,StudioKarsa,express-vue-boilerplate,https://github.com/StudioKarsa/express-vue-boilerplate,7,0,2021-09-10T10:46:45Z,2023-11-05T11:00:12Z,TypeScript
196263440,platypusrex,next-ts-apollo,https://github.com/platypusrex/next-ts-apollo,7,0,2019-07-10T19:25:12Z,2023-03-07T07:42:20Z,TypeScript
724369589,yesfedor,nuxt-core-template,https://github.com/yesfedor/nuxt-core-template,7,1,2023-11-27T23:58:29Z,2025-07-17T19:49:25Z,TypeScript
415545951,nixgram,nixng,https://github.com/nixgram/nixng,7,1,2021-10-10T09:56:16Z,2024-10-03T18:16:38Z,TypeScript
806558544,mohamedelbachir,my-portofolio,https://github.com/mohamedelbachir/my-portofolio,7,0,2024-05-27T12:31:12Z,2025-07-01T18:46:52Z,TypeScript
456657885,CodeMeAPixel,Bot-Dashboard,https://github.com/CodeMeAPixel/Bot-Dashboard,7,4,2022-02-07T20:02:01Z,2023-09-02T20:06:04Z,TypeScript
311867698,michealparks,babylon-template,https://github.com/michealparks/babylon-template,7,3,2020-11-11T05:01:20Z,2025-03-03T22:26:20Z,TypeScript
567223017,TheOtterlord,sveltekit-trpc,https://github.com/TheOtterlord/sveltekit-trpc,7,0,2022-11-17T10:37:30Z,2025-01-23T09:32:36Z,TypeScript
516608165,hyochan,react-typescript-vite,https://github.com/hyochan/react-typescript-vite,7,0,2022-07-22T04:22:00Z,2024-09-29T03:41:45Z,TypeScript
564195142,tinybudgie,workspace,https://github.com/tinybudgie/workspace,7,0,2022-11-10T07:38:23Z,2024-12-12T06:09:31Z,TypeScript
732244685,pphatdev,pphat.netlify.app,https://github.com/pphatdev/pphat.netlify.app,7,2,2023-12-16T03:18:10Z,2025-08-01T16:58:32Z,TypeScript
522437528,SaeedYasin,shopify-app-template,https://github.com/SaeedYasin/shopify-app-template,7,1,2022-08-08T06:52:42Z,2025-05-23T02:19:57Z,TypeScript
417364607,MiCurran,Nextjs-Cardano-DappWallet-Boilerplate,https://github.com/MiCurran/Nextjs-Cardano-DappWallet-Boilerplate,7,0,2021-10-15T04:08:16Z,2022-09-29T18:28:33Z,TypeScript
357838103,amitojsingh366,nextwind,https://github.com/amitojsingh366/nextwind,7,3,2021-04-14T08:53:19Z,2022-10-08T18:08:41Z,TypeScript
516722609,funnyzak,vue-starter,https://github.com/funnyzak/vue-starter,7,1,2022-07-22T11:19:47Z,2024-05-10T10:46:33Z,TypeScript
783280148,falkomerr,sveltekit-starter,https://github.com/falkomerr/sveltekit-starter,7,1,2024-04-07T13:00:51Z,2025-07-06T11:10:34Z,TypeScript
376603827,gitpod-samples,template-typescript-deno,https://github.com/gitpod-samples/template-typescript-deno,7,4,2021-06-13T17:36:08Z,2024-11-04T19:02:10Z,TypeScript
385623298,beygee,next-tailwind-emotion-antd-bolierplate,https://github.com/beygee/next-tailwind-emotion-antd-bolierplate,7,0,2021-07-13T13:59:46Z,2021-12-22T08:29:00Z,TypeScript
236784004,jongwooo,gatsby-starter-typescript,https://github.com/jongwooo/gatsby-starter-typescript,7,1,2020-01-28T16:40:13Z,2025-08-09T22:41:10Z,TypeScript
590838107,ThomasGysemans,sveltemongo,https://github.com/ThomasGysemans/sveltemongo,7,4,2023-01-19T10:33:10Z,2024-06-12T17:06:29Z,TypeScript
899581814,netlify,react-router-template,https://github.com/netlify/react-router-template,7,4,2024-12-06T15:06:57Z,2025-06-17T03:55:06Z,TypeScript
529931762,Pettor,template-web-app-react,https://github.com/Pettor/template-web-app-react,7,3,2022-08-28T17:27:31Z,2025-08-10T22:00:18Z,TypeScript
268256662,HorusGoul,next-ts-starter,https://github.com/HorusGoul/next-ts-starter,7,0,2020-05-31T10:26:48Z,2023-11-28T09:03:56Z,TypeScript
429410996,losefor,entity-node-starter,https://github.com/losefor/entity-node-starter,7,0,2021-11-18T11:54:38Z,2023-07-09T07:46:15Z,TypeScript
512115942,saasblocks,nextjs-saasblocks-starter,https://github.com/saasblocks/nextjs-saasblocks-starter,7,0,2022-07-09T06:52:50Z,2023-06-21T13:08:13Z,TypeScript
443791275,slopez93,serverless-express-starter,https://github.com/slopez93/serverless-express-starter,7,0,2022-01-02T14:50:27Z,2022-09-04T13:37:26Z,TypeScript
647813702,skyward-digital,sanity-next-starter,https://github.com/skyward-digital/sanity-next-starter,7,0,2023-05-31T15:14:51Z,2024-10-20T13:13:43Z,TypeScript
491848644,developer-plus,starter-nuxt3,https://github.com/developer-plus/starter-nuxt3,7,0,2022-05-13T10:07:54Z,2022-09-09T09:13:48Z,TypeScript
198841316,j-xzy,TS-React-Starter,https://github.com/j-xzy/TS-React-Starter,7,0,2019-07-25T13:55:24Z,2020-06-27T16:33:54Z,TypeScript
633890860,virtualidentityag,storyblok-app-starter,https://github.com/virtualidentityag/storyblok-app-starter,7,0,2023-04-28T14:16:02Z,2023-09-21T16:09:10Z,TypeScript
594743748,fuma-nama,discord-bot-starter,https://github.com/fuma-nama/discord-bot-starter,7,0,2023-01-29T14:10:57Z,2025-07-31T14:30:10Z,TypeScript
382054865,ilsubyeega,discord-serverless-template,https://github.com/ilsubyeega/discord-serverless-template,7,4,2021-07-01T14:10:35Z,2024-01-05T06:11:39Z,TypeScript
802436997,Mohmdev,medusa-backend-template,https://github.com/Mohmdev/medusa-backend-template,7,0,2024-05-18T09:42:40Z,2025-04-04T05:15:55Z,TypeScript
484600488,DhivinX,monorepo-svelte-nestjs,https://github.com/DhivinX/monorepo-svelte-nestjs,7,0,2022-04-22T23:42:45Z,2025-02-25T12:09:06Z,TypeScript
947584312,wlding-blocks,wld-mini-apps-101,https://github.com/wlding-blocks/wld-mini-apps-101,7,8,2025-03-12T23:28:20Z,2025-07-30T05:40:53Z,TypeScript
766886207,LastWhiteRabbit,nestjs-clean-architecture-starter,https://github.com/LastWhiteRabbit/nestjs-clean-architecture-starter,7,0,2024-03-04T10:09:00Z,2025-05-07T21:15:32Z,TypeScript
701581062,ebubeanyiam,node-express-auth-starter,https://github.com/ebubeanyiam/node-express-auth-starter,7,0,2023-10-07T01:15:13Z,2024-11-29T01:52:34Z,TypeScript
339552095,danangekal,next-typescript-tailwind-starter,https://github.com/danangekal/next-typescript-tailwind-starter,7,0,2021-02-16T22:47:51Z,2025-08-02T00:00:13Z,TypeScript
387040063,jonashoyer,better-saas-starter-kit,https://github.com/jonashoyer/better-saas-starter-kit,7,1,2021-07-17T21:32:12Z,2023-04-24T08:44:11Z,TypeScript
452101669,pulumi,fullstack-pulumi-mern-digitalocean,https://github.com/pulumi/fullstack-pulumi-mern-digitalocean,7,6,2022-01-26T01:30:02Z,2023-12-14T16:35:30Z,TypeScript
925925451,SouthBridgeAI,next-cursor-base,https://github.com/SouthBridgeAI/next-cursor-base,7,0,2025-02-02T04:40:39Z,2025-08-04T06:59:20Z,TypeScript
399693362,zhixiangyao,vite-vue-ts-monorepo-starter,https://github.com/zhixiangyao/vite-vue-ts-monorepo-starter,7,0,2021-08-25T04:51:45Z,2025-07-19T17:38:36Z,TypeScript
570995823,dennohpeter,mempool,https://github.com/dennohpeter/mempool,7,3,2022-11-26T20:13:48Z,2025-04-05T20:28:09Z,TypeScript
754503945,kazimkayhan,nextjs-shadcnui-turborepo,https://github.com/kazimkayhan/nextjs-shadcnui-turborepo,7,1,2024-02-08T07:35:38Z,2025-06-03T12:16:24Z,TypeScript
307215023,arvinxx,airtable-app-template,https://github.com/arvinxx/airtable-app-template,7,1,2020-10-25T23:38:06Z,2025-08-07T03:07:37Z,TypeScript
378954809,vtex,mkp-app-template,https://github.com/vtex/mkp-app-template,7,2,2021-06-21T14:15:33Z,2025-02-14T19:09:32Z,TypeScript
861315361,AlmostEfficient,consumer-template,https://github.com/AlmostEfficient/consumer-template,7,3,2024-09-22T15:16:58Z,2025-05-28T10:33:30Z,TypeScript
561906636,PoProstuWitold,node-ts-template,https://github.com/PoProstuWitold/node-ts-template,7,2,2022-11-04T19:07:55Z,2025-07-29T23:26:41Z,TypeScript
432860350,pixelass,pwa-template,https://github.com/pixelass/pwa-template,7,2,2021-11-29T00:36:03Z,2025-03-27T07:09:21Z,TypeScript
326896729,TradeIdeasPhilip,deno-client-server-typescript-template,https://github.com/TradeIdeasPhilip/deno-client-server-typescript-template,7,2,2021-01-05T05:32:05Z,2024-04-02T17:40:20Z,TypeScript
931983632,ironheart122,react-router-7-x-sst-template,https://github.com/ironheart122/react-router-7-x-sst-template,7,2,2025-02-13T07:07:56Z,2025-04-09T05:27:08Z,TypeScript
848110428,tegonal,cv-manager,https://github.com/tegonal/cv-manager,7,0,2024-08-27T06:36:43Z,2025-05-19T08:48:19Z,TypeScript
729300002,trytoolify,starter,https://github.com/trytoolify/starter,8,2,2023-12-08T21:00:18Z,2024-09-04T19:25:14Z,TypeScript
825838030,0xsequence-demos,kit-embedded-wallet-react-boilerplate,https://github.com/0xsequence-demos/kit-embedded-wallet-react-boilerplate,8,6,2024-07-08T15:41:56Z,2025-06-23T20:54:57Z,TypeScript
854805881,davidculemann,remix-shadcn-supabase-boilerplate,https://github.com/davidculemann/remix-shadcn-supabase-boilerplate,9,4,2024-09-09T20:06:17Z,2025-06-06T13:22:26Z,TypeScript
775890568,hanifrev,nextjs-redux-starter,https://github.com/hanifrev/nextjs-redux-starter,8,3,2024-03-22T08:50:44Z,2025-08-01T18:26:35Z,TypeScript
819307517,teziapp,fastify-react-starter,https://github.com/teziapp/fastify-react-starter,8,4,2024-06-24T08:46:11Z,2025-04-23T19:40:14Z,TypeScript
376368092,WeAreAcademy,academy-react-starter,https://github.com/WeAreAcademy/academy-react-starter,8,68,2021-06-12T19:20:48Z,2025-07-21T10:46:22Z,TypeScript
378236144,JomoPipi,svelte_socket_starter,https://github.com/JomoPipi/svelte_socket_starter,8,1,2021-06-18T18:33:11Z,2024-03-01T17:32:11Z,TypeScript
231631430,zenghongtu,electron-starter,https://github.com/zenghongtu/electron-starter,8,5,2020-01-03T17:10:21Z,2024-11-03T11:58:28Z,TypeScript
466803370,agcty,web3-starter,https://github.com/agcty/web3-starter,8,3,2022-03-06T17:11:13Z,2024-01-05T07:03:32Z,TypeScript
792563858,aws-samples,amplify-next-pages-template,https://github.com/aws-samples/amplify-next-pages-template,8,5,2024-04-27T00:06:05Z,2025-06-27T11:22:55Z,TypeScript
823872469,kimizuy,electron-boilerplate,https://github.com/kimizuy/electron-boilerplate,8,3,2024-07-03T22:49:42Z,2025-08-09T06:59:07Z,TypeScript
314853825,splitbee,cloudflare-worker-ts-starter,https://github.com/splitbee/cloudflare-worker-ts-starter,8,4,2020-11-21T16:25:02Z,2025-02-11T21:35:11Z,TypeScript
768631809,dangvanthanh,remix-turborepo-boilerplate,https://github.com/dangvanthanh/remix-turborepo-boilerplate,8,1,2024-03-07T12:54:10Z,2025-05-06T06:23:00Z,TypeScript
266357053,damianperera,deno-starter,https://github.com/damianperera/deno-starter,8,2,2020-05-23T14:48:47Z,2023-05-06T10:51:35Z,TypeScript
493082557,carlosdp,starter-web3,https://github.com/carlosdp/starter-web3,8,0,2022-05-17T03:34:57Z,2024-02-05T14:52:23Z,TypeScript
420554740,Ra1NuX,electron-react-ts-vite-tailwind-boilerplate,https://github.com/Ra1NuX/electron-react-ts-vite-tailwind-boilerplate,8,3,2021-10-24T00:44:29Z,2025-06-19T18:08:23Z,TypeScript
370108159,sudipstha08,next-ts-template,https://github.com/sudipstha08/next-ts-template,8,2,2021-05-23T16:56:22Z,2025-01-19T14:21:16Z,TypeScript
561190858,shadcn,next-app-tailwind-template,https://github.com/shadcn/next-app-tailwind-template,8,3,2022-11-03T06:33:48Z,2024-07-24T04:39:18Z,TypeScript
752349486,the76devs,solana-web-starter,https://github.com/the76devs/solana-web-starter,8,3,2024-02-03T17:21:37Z,2024-08-07T14:59:08Z,TypeScript
525501898,sourcefuse,react-boilerplate-ts-ui,https://github.com/sourcefuse/react-boilerplate-ts-ui,8,5,2022-08-16T18:39:29Z,2025-04-07T11:35:38Z,TypeScript
340178614,hhimanshu,create-react-ts-starter,https://github.com/hhimanshu/create-react-ts-starter,8,3,2021-02-18T21:11:25Z,2025-07-31T06:53:46Z,TypeScript
373759463,smartface,helloworld-boilerplate,https://github.com/smartface/helloworld-boilerplate,8,6,2021-06-04T07:34:51Z,2025-03-27T09:21:56Z,TypeScript
434701570,jfranciscosousa,react-router-starter,https://github.com/jfranciscosousa/react-router-starter,8,4,2021-12-03T18:51:52Z,2025-08-09T14:20:33Z,TypeScript
255034598,NodeFactoryIo,node-ts-starter-fastify,https://github.com/NodeFactoryIo/node-ts-starter-fastify,8,2,2020-04-12T07:52:50Z,2024-02-26T04:39:22Z,TypeScript
261205445,michielbouw,react-typescript-eslint-prettier-boilerplate,https://github.com/michielbouw/react-typescript-eslint-prettier-boilerplate,8,7,2020-05-04T14:30:39Z,2023-08-27T13:22:56Z,TypeScript
168958867,wearetheledger,react-starter-v2,https://github.com/wearetheledger/react-starter-v2,8,1,2019-02-03T15:17:14Z,2022-10-05T20:18:42Z,TypeScript
513274114,JonnysCode,hardhat-nextjs-starter-dashboard,https://github.com/JonnysCode/hardhat-nextjs-starter-dashboard,8,3,2022-07-12T19:51:02Z,2025-04-17T12:29:19Z,TypeScript
684043562,tfkfan,phaser3-react-template,https://github.com/tfkfan/phaser3-react-template,8,2,2023-08-28T10:36:35Z,2025-04-30T17:04:45Z,TypeScript
346002902,BetaHuhn,cf-worker-starter,https://github.com/BetaHuhn/cf-worker-starter,8,2,2021-03-09T12:44:54Z,2023-09-15T02:07:58Z,TypeScript
823589050,agus-darmawan,adonis-api-pg-starter,https://github.com/agus-darmawan/adonis-api-pg-starter,8,0,2024-07-03T10:14:10Z,2025-07-22T14:06:46Z,TypeScript
598612874,BUR4KBEY,fivem-typescript-template,https://github.com/BUR4KBEY/fivem-typescript-template,8,3,2023-02-07T13:23:02Z,2025-01-31T23:41:24Z,TypeScript
910285203,castrogusttavo,nextjs-boilerplate,https://github.com/castrogusttavo/nextjs-boilerplate,8,0,2024-12-30T22:07:55Z,2025-07-07T20:26:40Z,TypeScript
97274636,bstaruk,starbase-react,https://github.com/bstaruk/starbase-react,8,4,2017-07-14T21:39:42Z,2022-10-03T14:29:45Z,TypeScript
389310108,RohitLakh,node-ejs-with-typescript-starter-project,https://github.com/RohitLakh/node-ejs-with-typescript-starter-project,8,2,2021-07-25T09:33:22Z,2023-06-18T18:25:47Z,TypeScript
107542502,vaadin,npm-addon-template,https://github.com/vaadin/npm-addon-template,8,3,2017-10-19T12:21:53Z,2025-07-31T15:33:07Z,TypeScript
250849330,cmacdonnacha,react-boilerplate,https://github.com/cmacdonnacha/react-boilerplate,8,3,2020-03-28T17:04:00Z,2022-10-23T08:54:13Z,TypeScript
608976425,hqasmei,nextjs13.2-blog,https://github.com/hqasmei/nextjs13.2-blog,8,3,2023-03-03T05:32:44Z,2024-09-24T05:52:47Z,TypeScript
933289834,CodeGuide-dev,codeguide-expo-firebase,https://github.com/CodeGuide-dev/codeguide-expo-firebase,8,4,2025-02-15T15:56:30Z,2025-07-08T03:16:23Z,TypeScript
324199489,KASTINpl,react-next-starter,https://github.com/KASTINpl/react-next-starter,8,4,2020-12-24T16:48:53Z,2025-04-05T14:21:04Z,TypeScript
838368193,hmnajam,GenAI-SaaS-Boilerplate,https://github.com/hmnajam/GenAI-SaaS-Boilerplate,8,0,2024-08-05T13:52:29Z,2025-06-07T17:37:53Z,TypeScript
456149906,debych,hardhat_boilerplate,https://github.com/debych/hardhat_boilerplate,8,3,2022-02-06T12:51:50Z,2024-08-29T12:38:36Z,TypeScript
535795688,thisalihassan,nestjs-nextjs-boilerplate,https://github.com/thisalihassan/nestjs-nextjs-boilerplate,8,0,2022-09-12T18:18:16Z,2025-07-23T10:53:29Z,TypeScript
830327161,intentjs,new-app-starter,https://github.com/intentjs/new-app-starter,8,1,2024-07-18T04:16:37Z,2025-06-07T12:28:17Z,TypeScript
610440760,guilhiz,React-Boilerplate,https://github.com/guilhiz/React-Boilerplate,8,0,2023-03-06T19:27:28Z,2023-06-20T16:49:32Z,TypeScript
729521029,Angoliuk,nx-starter,https://github.com/Angoliuk/nx-starter,8,0,2023-12-09T13:49:32Z,2024-08-06T07:53:21Z,TypeScript
377996318,pablopunk,next-starter,https://github.com/pablopunk/next-starter,8,1,2021-06-18T00:52:46Z,2023-03-02T06:30:42Z,TypeScript
359530692,vprado-dev,express-starter,https://github.com/vprado-dev/express-starter,8,0,2021-04-19T16:43:15Z,2023-02-27T07:23:26Z,TypeScript
625069032,guilhiz,Node-Boilerplate,https://github.com/guilhiz/Node-Boilerplate,8,0,2023-04-08T01:33:34Z,2024-09-19T07:25:30Z,TypeScript
922795477,ARG-Software,Nx-Monorepo-Boilerplate,https://github.com/ARG-Software/Nx-Monorepo-Boilerplate,8,1,2025-01-27T04:42:31Z,2025-08-08T21:06:45Z,TypeScript
689119356,defi-wonderland,web3-nextjs-boilerplate,https://github.com/defi-wonderland/web3-nextjs-boilerplate,8,3,2023-09-08T21:12:12Z,2025-06-19T13:53:14Z,TypeScript
445995223,daotl,vue-component-library-starter,https://github.com/daotl/vue-component-library-starter,8,0,2022-01-09T04:45:21Z,2024-12-30T12:47:55Z,TypeScript
827453348,amanpreet-dev,nestjs-rbac-starter,https://github.com/amanpreet-dev/nestjs-rbac-starter,8,3,2024-07-11T17:16:56Z,2025-07-16T02:12:29Z,TypeScript
698641368,rishitxyz,Express-Prisma-Boilerplate,https://github.com/rishitxyz/Express-Prisma-Boilerplate,8,0,2023-09-30T14:21:55Z,2025-04-29T14:19:52Z,TypeScript
592694435,Leizhenpeng,qwikest,https://github.com/Leizhenpeng/qwikest,8,2,2023-01-24T10:25:57Z,2024-10-20T19:15:45Z,TypeScript
288084360,Pradnyana28,dafis-nodejs-boilerplate,https://github.com/Pradnyana28/dafis-nodejs-boilerplate,8,1,2020-08-17T04:37:42Z,2023-09-01T09:59:43Z,TypeScript
616994255,moh1434,nest-prisma-casl-starter,https://github.com/moh1434/nest-prisma-casl-starter,8,4,2023-03-21T13:49:39Z,2025-06-23T19:14:18Z,TypeScript
717045272,starter-collective,starter-vite-vue3,https://github.com/starter-collective/starter-vite-vue3,8,1,2023-11-10T12:38:40Z,2025-05-09T01:33:07Z,TypeScript
730236383,nandanito,browser-extension-template-bun-vite-react,https://github.com/nandanito/browser-extension-template-bun-vite-react,8,0,2023-12-11T13:47:38Z,2025-02-10T23:05:22Z,TypeScript
245741565,arevi,electron-react-typescript-boilerplate,https://github.com/arevi/electron-react-typescript-boilerplate,8,0,2020-03-08T02:52:02Z,2025-07-05T21:51:06Z,TypeScript
679779033,PyaeSoneAungRgn,vitepress-pilgrim-starter,https://github.com/PyaeSoneAungRgn/vitepress-pilgrim-starter,8,0,2023-08-17T15:43:16Z,2024-04-18T14:04:12Z,TypeScript
699105518,juansedom,nextui-v2-starter-template,https://github.com/juansedom/nextui-v2-starter-template,8,2,2023-10-01T23:29:40Z,2024-10-18T12:28:02Z,TypeScript
441605266,yehezkielgunawan,yehez-nexttailwind-starter,https://github.com/yehezkielgunawan/yehez-nexttailwind-starter,8,1,2021-12-25T04:44:01Z,2024-01-12T18:25:31Z,TypeScript
722962942,Siddhesh-Agarwal,next-fastapi-daisy-starter,https://github.com/Siddhesh-Agarwal/next-fastapi-daisy-starter,8,0,2023-11-24T11:04:52Z,2025-07-16T09:46:20Z,TypeScript
411839465,jirevwe,ts-starter,https://github.com/jirevwe/ts-starter,8,0,2021-09-29T21:51:17Z,2021-10-15T01:39:46Z,TypeScript
452861309,yearn,web-template,https://github.com/yearn/web-template,8,12,2022-01-27T22:10:01Z,2024-02-07T04:02:45Z,TypeScript
512075986,RodrigoRVSN,next-boilerplate-bunny,https://github.com/RodrigoRVSN/next-boilerplate-bunny,8,0,2022-07-09T02:38:57Z,2023-10-22T14:45:01Z,TypeScript
664074115,angeloricardoweb,boilerplate-expo,https://github.com/angeloricardoweb/boilerplate-expo,8,2,2023-07-08T21:01:24Z,2025-07-15T22:57:50Z,TypeScript
668104934,pedrydev,react-fluent,https://github.com/pedrydev/react-fluent,8,0,2023-07-19T03:28:46Z,2025-07-14T13:39:10Z,TypeScript
714419845,meowyx,Next-MetaMask-Template,https://github.com/meowyx/Next-MetaMask-Template,8,17,2023-11-04T21:04:11Z,2024-10-19T01:27:49Z,TypeScript
837677163,ivstudio,react-ts-tailwind-starter,https://github.com/ivstudio/react-ts-tailwind-starter,8,0,2024-08-03T17:21:02Z,2025-07-27T22:45:31Z,TypeScript
539705700,Azure-Samples,todo-java-mongo-aca,https://github.com/Azure-Samples/todo-java-mongo-aca,8,15,2022-09-21T22:23:25Z,2025-07-07T17:27:51Z,TypeScript
564810980,webtretech,restart,https://github.com/webtretech/restart,8,0,2022-11-11T14:54:16Z,2025-03-11T22:08:05Z,TypeScript
526423207,namdao2000,ultimate-nextjs-starter,https://github.com/namdao2000/ultimate-nextjs-starter,8,0,2022-08-19T01:19:36Z,2024-06-26T17:48:34Z,TypeScript
414411004,alexandprivate,alice-component-library-starter,https://github.com/alexandprivate/alice-component-library-starter,8,3,2021-10-07T00:16:48Z,2023-04-21T17:09:33Z,TypeScript
499743749,dangphu2412,nestjs-templates,https://github.com/dangphu2412/nestjs-templates,8,1,2022-06-04T06:22:22Z,2025-01-22T09:07:54Z,TypeScript
603898645,adamjq,t3-graphql-starter,https://github.com/adamjq/t3-graphql-starter,8,0,2023-02-19T22:01:12Z,2024-08-01T13:23:08Z,TypeScript
519684498,yang1206,react-template,https://github.com/yang1206/react-template,8,1,2022-07-31T05:04:47Z,2024-12-01T07:35:52Z,TypeScript
681453761,TiendaNube,tiendanube-app-native-template-node,https://github.com/TiendaNube/tiendanube-app-native-template-node,8,14,2023-08-22T03:50:01Z,2025-07-15T08:38:44Z,TypeScript
317949961,fliegwerk,electron-react-boilerplate,https://github.com/fliegwerk/electron-react-boilerplate,8,0,2020-12-02T18:08:03Z,2023-02-24T18:54:30Z,TypeScript
806654232,thindHarminder,webflow-cloudflare-starter,https://github.com/thindHarminder/webflow-cloudflare-starter,8,1,2024-05-27T16:05:31Z,2025-07-05T04:34:52Z,TypeScript
487909637,Envl,sveltekit-starter,https://github.com/Envl/sveltekit-starter,8,1,2022-05-02T16:13:08Z,2024-05-12T17:38:23Z,TypeScript
999040521,topmass,react-vite-hono-ssr-starter,https://github.com/topmass/react-vite-hono-ssr-starter,8,2,2025-06-09T16:40:20Z,2025-08-08T16:32:47Z,TypeScript
818383894,Ivanruii,ragemp-monorepo-boilerplate,https://github.com/Ivanruii/ragemp-monorepo-boilerplate,8,1,2024-06-21T18:19:41Z,2025-05-19T11:16:45Z,TypeScript
704397223,americano212,nestjs-rest-api-boilerplate,https://github.com/americano212/nestjs-rest-api-boilerplate,8,1,2023-10-13T07:09:52Z,2025-04-29T00:34:04Z,TypeScript
581868073,yazaldefilimone,clean-arch-react-native-starter,https://github.com/yazaldefilimone/clean-arch-react-native-starter,8,1,2022-12-24T16:47:06Z,2024-09-21T20:00:23Z,TypeScript
747734899,dotnize,svelte-starter,https://github.com/dotnize/svelte-starter,8,2,2024-01-24T14:38:50Z,2025-07-28T22:17:12Z,TypeScript
777757065,mugnavo,next-starter,https://github.com/mugnavo/next-starter,8,0,2024-03-26T13:03:41Z,2025-04-07T05:12:53Z,TypeScript
672760142,stacksjs,ts-starter,https://github.com/stacksjs/ts-starter,8,1,2023-07-31T05:29:10Z,2025-08-09T15:35:54Z,TypeScript
1005717257,bagusedghar,nest-backend-starter,https://github.com/bagusedghar/nest-backend-starter,8,0,2025-06-20T17:31:14Z,2025-08-05T07:53:16Z,TypeScript
754441083,Askarov5,playwright-automation-template,https://github.com/Askarov5/playwright-automation-template,8,6,2024-02-08T03:50:10Z,2025-08-07T09:14:17Z,TypeScript
610411178,productdevbookcom,vue-ts-bundle-template,https://github.com/productdevbookcom/vue-ts-bundle-template,8,0,2023-03-06T18:09:08Z,2025-06-23T06:20:01Z,TypeScript
554736465,hallucinogen,firebase-react-dashboard-template,https://github.com/hallucinogen/firebase-react-dashboard-template,8,1,2022-10-20T09:59:01Z,2025-07-15T04:08:39Z,TypeScript
968219181,janwilmake,x-dorm-template,https://github.com/janwilmake/x-dorm-template,8,0,2025-04-17T17:49:29Z,2025-06-03T04:49:08Z,TypeScript
624814952,TheNaubit,Minimal-Express-Zod-Api-Boilerplate,https://github.com/TheNaubit/Minimal-Express-Zod-Api-Boilerplate,8,0,2023-04-07T10:19:41Z,2024-06-26T14:08:18Z,TypeScript
825967576,mo-hassann,next-hono-starter,https://github.com/mo-hassann/next-hono-starter,8,1,2024-07-08T21:19:25Z,2025-05-13T13:33:11Z,TypeScript
264700361,skvark,react-redux-rest-ts-template,https://github.com/skvark/react-redux-rest-ts-template,8,1,2020-05-17T15:38:52Z,2025-06-11T05:53:23Z,TypeScript
217750088,e2e-boilerplate,puppeteer-typescript-ts-jest-jest-expect,https://github.com/e2e-boilerplate/puppeteer-typescript-ts-jest-jest-expect,8,0,2019-10-26T18:11:02Z,2023-05-04T04:13:20Z,TypeScript
264650891,radiium,angular-chrome-extension,https://github.com/radiium/angular-chrome-extension,8,5,2020-05-17T11:38:47Z,2025-05-24T14:31:46Z,TypeScript
521082742,secretuniversity,secret-template,https://github.com/secretuniversity/secret-template,8,1,2022-08-04T01:23:28Z,2023-12-13T02:43:39Z,TypeScript
333694941,Rubix982,ASP.NET-ReactJS-Template,https://github.com/Rubix982/ASP.NET-ReactJS-Template,8,1,2021-01-28T08:32:15Z,2024-12-24T11:03:17Z,TypeScript
538846082,jdelauney,ultimate-vite-ts-react-docker-starter-kit,https://github.com/jdelauney/ultimate-vite-ts-react-docker-starter-kit,8,0,2022-09-20T06:43:23Z,2024-06-11T17:04:50Z,TypeScript
678586930,nelsongutidev,analog-blog,https://github.com/nelsongutidev/analog-blog,8,3,2023-08-14T22:47:15Z,2025-04-17T10:40:54Z,TypeScript
257042262,mhmdtshref,typescript-express-sequelize-template,https://github.com/mhmdtshref/typescript-express-sequelize-template,8,5,2020-04-19T16:03:41Z,2025-02-25T03:45:23Z,TypeScript
540203333,oddsdk,odd-app-template-react,https://github.com/oddsdk/odd-app-template-react,8,5,2022-09-22T23:19:19Z,2024-02-06T20:45:28Z,TypeScript
530627827,avilabiel,clean-architecture-nest-ts,https://github.com/avilabiel/clean-architecture-nest-ts,8,0,2022-08-30T11:34:04Z,2024-07-12T02:05:48Z,TypeScript
212998806,dotansimha,typescript-node-boilerplate,https://github.com/dotansimha/typescript-node-boilerplate,8,0,2019-10-05T12:51:40Z,2023-01-05T22:36:33Z,TypeScript
512191653,dwarvesf,monorepo-boilerplate,https://github.com/dwarvesf/monorepo-boilerplate,8,2,2022-07-09T13:23:19Z,2024-03-08T17:45:14Z,TypeScript
473613405,MetisProtocol,metis-hardhat-template,https://github.com/MetisProtocol/metis-hardhat-template,8,3,2022-03-24T13:16:12Z,2025-07-29T00:50:44Z,TypeScript
301319254,TRIPTYK,ember-boilerplate,https://github.com/TRIPTYK/ember-boilerplate,8,1,2020-10-05T06:57:45Z,2025-01-09T08:19:21Z,TypeScript
170620458,meganetaaan,moddable-boilerplate,https://github.com/meganetaaan/moddable-boilerplate,8,1,2019-02-14T03:24:50Z,2021-10-17T13:21:38Z,TypeScript
630437653,winstxnhdw,cloudflare-worker-boilerplate,https://github.com/winstxnhdw/cloudflare-worker-boilerplate,8,1,2023-04-20T11:33:03Z,2025-08-10T08:48:35Z,TypeScript
1001535336,pt-icp-hub,IC-Vibe-Coding-Template-Motoko,https://github.com/pt-icp-hub/IC-Vibe-Coding-Template-Motoko,8,9,2025-06-13T14:47:13Z,2025-08-09T02:36:46Z,TypeScript
878983280,tajbinkhan,express-authentication-boilerplate,https://github.com/tajbinkhan/express-authentication-boilerplate,8,0,2024-10-26T16:36:13Z,2025-07-31T08:00:01Z,TypeScript
857295127,dodycode,nextjs-trpc-boilerplate,https://github.com/dodycode/nextjs-trpc-boilerplate,8,1,2024-09-14T09:16:08Z,2025-03-29T23:40:11Z,TypeScript
372486034,shhdharmen,angular-app-boilerplate,https://github.com/shhdharmen/angular-app-boilerplate,8,1,2021-05-31T11:40:58Z,2023-08-19T20:24:45Z,TypeScript
847436781,thebatclaudio,ton-dapp-vue-template,https://github.com/thebatclaudio/ton-dapp-vue-template,8,3,2024-08-25T20:17:20Z,2025-07-10T13:59:26Z,TypeScript
358333937,solpayments,solana-svelte-template,https://github.com/solpayments/solana-svelte-template,8,2,2021-04-15T17:04:38Z,2022-07-31T22:51:49Z,TypeScript
687788843,holochain,kangaroo-electron,https://github.com/holochain/kangaroo-electron,8,9,2023-09-06T02:24:13Z,2025-07-31T10:36:25Z,TypeScript
936281081,ThePawlow,fivem-ts-svelte-boilerplate,https://github.com/ThePawlow/fivem-ts-svelte-boilerplate,7,1,2025-02-20T20:30:42Z,2025-06-08T09:37:03Z,TypeScript
911806678,sugarforever,plasmo-tailwind-shadcn-boilerplate,https://github.com/sugarforever/plasmo-tailwind-shadcn-boilerplate,8,0,2025-01-03T22:39:18Z,2025-02-22T16:39:08Z,TypeScript
704236087,gabbelobo,vite-mui-dashboard-template,https://github.com/gabbelobo/vite-mui-dashboard-template,8,3,2023-10-12T20:38:33Z,2025-06-05T10:43:39Z,TypeScript
759611524,wasmer-examples,hono-wasmer-starter,https://github.com/wasmer-examples/hono-wasmer-starter,8,1,2024-02-19T01:43:39Z,2025-06-08T21:43:06Z,TypeScript
632039323,canisminor1990,canisminor-template,https://github.com/canisminor1990/canisminor-template,8,4,2023-04-24T15:25:44Z,2024-09-15T00:33:09Z,TypeScript
609916915,productdevbookcom,ts-bundle-template,https://github.com/productdevbookcom/ts-bundle-template,8,2,2023-03-05T16:14:11Z,2025-01-15T06:02:53Z,TypeScript
853738190,nathanrenard3,next-easy,https://github.com/nathanrenard3/next-easy,8,0,2024-09-07T11:55:44Z,2025-01-10T20:42:06Z,TypeScript
588642001,multiversx,mx-template-dapp-nextjs,https://github.com/multiversx/mx-template-dapp-nextjs,8,8,2023-01-13T16:15:17Z,2025-07-23T08:19:39Z,TypeScript
841894896,RicardoGEsteves,react-with-vite-on-steroids,https://github.com/RicardoGEsteves/react-with-vite-on-steroids,8,0,2024-08-13T09:02:42Z,2025-02-28T12:04:23Z,TypeScript
331276264,serenity-js,serenity-js-cucumber-template,https://github.com/serenity-js/serenity-js-cucumber-template,8,7,2021-01-20T10:48:52Z,2025-08-09T01:04:54Z,TypeScript
444758826,abhijhacodes,linkhub,https://github.com/abhijhacodes/linkhub,8,5,2022-01-05T10:21:29Z,2024-09-03T09:30:21Z,TypeScript
458608173,SaraVieira,next-starter-template,https://github.com/SaraVieira/next-starter-template,8,0,2022-02-12T18:38:02Z,2023-09-08T08:22:58Z,TypeScript
627607733,Pokeyo-AB,relay-starter-next,https://github.com/Pokeyo-AB/relay-starter-next,8,0,2023-04-13T20:24:32Z,2024-05-06T16:27:01Z,TypeScript
799325008,permaweb,aos-test-kit,https://github.com/permaweb/aos-test-kit,8,3,2024-05-11T19:42:15Z,2025-04-27T03:16:38Z,TypeScript
299654817,TheDudeFromCI,mineflayer-plugin-template,https://github.com/TheDudeFromCI/mineflayer-plugin-template,8,3,2020-09-29T15:12:23Z,2024-07-22T11:36:41Z,TypeScript
608748488,Sitecore,Sitecore.Commerce.Headstart.ReactAdmin,https://github.com/Sitecore/Sitecore.Commerce.Headstart.ReactAdmin,8,29,2023-03-02T16:53:13Z,2025-02-05T22:20:06Z,TypeScript
472589093,intuji,nextjs-tailwindcss-typescript-starter-kit,https://github.com/intuji/nextjs-tailwindcss-typescript-starter-kit,8,0,2022-03-22T02:36:02Z,2022-08-07T00:15:12Z,TypeScript
260504772,smoke-trees,node-template-ts,https://github.com/smoke-trees/node-template-ts,8,2,2020-05-01T16:21:43Z,2025-08-03T09:15:42Z,TypeScript
284354345,Bunabun,screeps-async-typescript-starter,https://github.com/Bunabun/screeps-async-typescript-starter,8,1,2020-08-01T23:15:16Z,2023-09-26T08:10:49Z,TypeScript
319317504,Binabh,react-ts-starter-kit,https://github.com/Binabh/react-ts-starter-kit,8,3,2020-12-07T12:46:41Z,2024-11-17T02:50:50Z,TypeScript
905392477,sesto-dev,next-shadcn-twa-starter,https://github.com/sesto-dev/next-shadcn-twa-starter,8,0,2024-12-18T18:23:14Z,2025-02-21T15:54:22Z,TypeScript
417356846,MileTwo,nextjs-ts,https://github.com/MileTwo/nextjs-ts,8,3,2021-10-15T03:26:19Z,2023-11-01T10:49:14Z,TypeScript
118566496,evanshortiss,openshift-typescript-example,https://github.com/evanshortiss/openshift-typescript-example,8,7,2018-01-23T06:14:34Z,2022-02-22T03:31:38Z,TypeScript
765278118,sekeidesign,r3f-shader-starter,https://github.com/sekeidesign/r3f-shader-starter,8,1,2024-02-29T16:05:50Z,2025-06-23T09:23:52Z,TypeScript
959694382,Takeshi1998,next-authjs-supabase-liff-starter,https://github.com/Takeshi1998/next-authjs-supabase-liff-starter,8,0,2025-04-03T07:47:43Z,2025-04-24T05:32:53Z,TypeScript
436246310,grammyjs,plugin-template,https://github.com/grammyjs/plugin-template,8,3,2021-12-08T12:51:53Z,2024-08-15T21:09:55Z,TypeScript
139633093,JohnnyDevNull,express-api-typescript-template,https://github.com/JohnnyDevNull/express-api-typescript-template,8,3,2018-07-03T20:16:45Z,2024-07-17T05:30:48Z,TypeScript
874525421,thangdevalone,react-shadcn-redux,https://github.com/thangdevalone/react-shadcn-redux,8,0,2024-10-18T01:44:26Z,2025-02-03T14:42:04Z,TypeScript
190984006,tuanlc,typescript-expressjs-template,https://github.com/tuanlc/typescript-expressjs-template,8,2,2019-06-09T08:50:41Z,2023-04-01T03:38:20Z,TypeScript
388336786,MRdevX,nestjs-microservice-kit,https://github.com/MRdevX/nestjs-microservice-kit,8,0,2021-07-22T05:21:33Z,2024-10-02T19:00:54Z,TypeScript
309108959,rishiosaur,perfect-next,https://github.com/rishiosaur/perfect-next,8,0,2020-11-01T14:04:31Z,2022-05-12T05:10:17Z,TypeScript
589455751,satria1697,vue-clean-architecture,https://github.com/satria1697/vue-clean-architecture,8,5,2023-01-16T06:45:44Z,2024-11-21T01:14:43Z,TypeScript
932851548,manusanchev,vue3-hexagonal-architecture,https://github.com/manusanchev/vue3-hexagonal-architecture,8,2,2025-02-14T16:30:21Z,2025-05-27T18:48:57Z,TypeScript
720504083,aarkue,slide-template,https://github.com/aarkue/slide-template,8,4,2023-11-18T17:29:24Z,2025-02-15T04:20:48Z,TypeScript
169385726,pringon,express-auto-route,https://github.com/pringon/express-auto-route,8,5,2019-02-06T10:05:00Z,2022-07-15T13:49:20Z,TypeScript
273807495,kmaida,template-slackbot,https://github.com/kmaida/template-slackbot,8,2,2020-06-21T00:34:14Z,2024-12-10T19:59:17Z,TypeScript
373873558,RaZeSloth,bot-template-ts,https://github.com/RaZeSloth/bot-template-ts,8,0,2021-06-04T14:49:06Z,2022-07-05T14:22:34Z,TypeScript
834287301,jakmaz,elynext,https://github.com/jakmaz/elynext,8,0,2024-07-26T21:13:04Z,2025-03-19T13:07:57Z,TypeScript
442754902,timelessco,next-ts-app-template,https://github.com/timelessco/next-ts-app-template,8,1,2021-12-29T11:42:18Z,2025-07-08T09:39:19Z,TypeScript
360389583,shavo007,k6-demo,https://github.com/shavo007/k6-demo,8,0,2021-04-22T04:16:45Z,2024-10-26T10:12:24Z,TypeScript
866788736,langchain-ai,memory-template-js,https://github.com/langchain-ai/memory-template-js,8,6,2024-10-02T21:54:35Z,2025-06-22T20:54:29Z,TypeScript
963057069,siyuan-note,plugin-sample-vite-vue,https://github.com/siyuan-note/plugin-sample-vite-vue,8,2,2025-04-09T05:04:15Z,2025-07-23T13:31:58Z,TypeScript
327960704,pacyL2K19,portfolio-mine,https://github.com/pacyL2K19/portfolio-mine,8,2,2021-01-08T16:51:31Z,2024-04-02T20:52:33Z,TypeScript
795600160,ambilykk,copilot-dashboard,https://github.com/ambilykk/copilot-dashboard,8,3,2024-05-03T16:18:00Z,2025-04-21T09:36:22Z,TypeScript
210767178,crutchcorn,firebase-react-typescript-template,https://github.com/crutchcorn/firebase-react-typescript-template,8,2,2019-09-25T06:02:24Z,2023-03-07T02:33:20Z,TypeScript
407335795,Tirondzo,ts-webgl-template,https://github.com/Tirondzo/ts-webgl-template,8,2,2021-09-16T22:50:52Z,2023-12-01T21:20:50Z,TypeScript
514138103,TMTecnologia,turborepo-tmtecnologia,https://github.com/TMTecnologia/turborepo-tmtecnologia,8,0,2022-07-15T04:52:42Z,2023-10-22T14:46:05Z,TypeScript
605407880,helmturner,t3-mongo-template,https://github.com/helmturner/t3-mongo-template,8,2,2023-02-23T04:47:02Z,2024-09-10T03:33:34Z,TypeScript
470299936,kortkamp,template-node-api,https://github.com/kortkamp/template-node-api,8,1,2022-03-15T19:16:30Z,2022-11-25T13:34:48Z,TypeScript
725696078,Kenzo-Wada,vike-mantine-template,https://github.com/Kenzo-Wada/vike-mantine-template,8,0,2023-11-30T17:23:02Z,2025-03-11T05:41:50Z,TypeScript
771095839,methupaPerera,ts-for-express,https://github.com/methupaPerera/ts-for-express,8,0,2024-03-12T17:19:50Z,2025-01-12T02:42:41Z,TypeScript
453513870,bytefilp,create-app,https://github.com/bytefilp/create-app,8,2,2022-01-29T20:42:54Z,2022-05-03T18:41:31Z,TypeScript
644954899,donmccurdy,assemblyscript-library-template,https://github.com/donmccurdy/assemblyscript-library-template,8,1,2023-05-24T15:45:30Z,2024-11-25T16:01:22Z,TypeScript
656314478,waelio,nuxt-template,https://github.com/waelio/nuxt-template,8,1,2023-06-20T17:37:28Z,2025-07-24T06:35:16Z,TypeScript
587663867,vexip-ui,admin,https://github.com/vexip-ui/admin,8,1,2023-01-11T09:37:48Z,2025-01-29T15:22:44Z,TypeScript
334405285,kit48,electron-pro,https://github.com/kit48/electron-pro,8,1,2021-01-30T12:17:16Z,2022-03-09T06:04:37Z,TypeScript
633504761,darioTecchia,nuxt3-ghpages,https://github.com/darioTecchia/nuxt3-ghpages,8,2,2023-04-27T16:37:18Z,2025-03-19T12:05:07Z,TypeScript
543845065,virapture,firebase-monorepo-template,https://github.com/virapture/firebase-monorepo-template,8,1,2022-10-01T01:05:05Z,2023-10-11T12:31:23Z,TypeScript
236254513,harrysolovay,node-package-template,https://github.com/harrysolovay/node-package-template,8,0,2020-01-26T01:44:21Z,2023-07-29T12:55:16Z,TypeScript
830989597,husniadil,cloudflare-workers-monorepo-project-template,https://github.com/husniadil/cloudflare-workers-monorepo-project-template,8,1,2024-07-19T12:07:26Z,2025-07-26T17:58:37Z,TypeScript
685018446,stefanwittwer,webflow-app-template-react,https://github.com/stefanwittwer/webflow-app-template-react,8,1,2023-08-30T10:39:55Z,2025-05-04T00:57:26Z,TypeScript
383736417,pohunchn,vite-react-quick,https://github.com/pohunchn/vite-react-quick,8,2,2021-07-07T09:01:02Z,2023-06-09T06:45:13Z,TypeScript
595525164,cosmiclasagnadev,supa-mantine,https://github.com/cosmiclasagnadev/supa-mantine,8,0,2023-01-31T09:04:45Z,2024-11-08T07:52:05Z,TypeScript
515042508,Kir93,next-page-zustand-reactQuery-template,https://github.com/Kir93/next-page-zustand-reactQuery-template,8,0,2022-07-18T05:09:53Z,2025-08-07T04:00:01Z,TypeScript
583782326,BalogunofAfrica,expo-templates,https://github.com/BalogunofAfrica/expo-templates,9,4,2022-12-30T22:42:08Z,2023-12-11T10:24:37Z,TypeScript
825577196,cameronking4,next-tailwind-vapi-starter,https://github.com/cameronking4/next-tailwind-vapi-starter,9,14,2024-07-08T05:44:18Z,2025-07-31T22:47:46Z,TypeScript
938137544,netlify-templates,remix-admin-template,https://github.com/netlify-templates/remix-admin-template,9,20,2025-02-24T13:35:12Z,2025-08-09T05:30:03Z,TypeScript
841139909,2002Bishwajeet,rn-auth-ui,https://github.com/2002Bishwajeet/rn-auth-ui,9,5,2024-08-11T18:52:42Z,2025-07-21T17:47:31Z,TypeScript
545840564,angeloricardoweb,boilerplate-prismic-next,https://github.com/angeloricardoweb/boilerplate-prismic-next,9,4,2022-10-05T04:11:17Z,2025-07-25T17:54:38Z,TypeScript
419452495,jalantechnologies,node-react-template,https://github.com/jalantechnologies/node-react-template,9,30,2021-10-20T18:49:30Z,2025-08-07T08:24:28Z,TypeScript
661325599,kingchun1991,nextjs-chakra-starter-blog,https://github.com/kingchun1991/nextjs-chakra-starter-blog,9,5,2023-07-02T13:50:55Z,2025-08-10T01:40:56Z,TypeScript
952977205,zera-app,nest-11-starter,https://github.com/zera-app/nest-11-starter,9,4,2025-03-22T09:33:41Z,2025-07-10T15:12:51Z,TypeScript
149673830,beaussan,nest-onion-boilerplate,https://github.com/beaussan/nest-onion-boilerplate,9,2,2018-09-20T21:40:34Z,2024-12-10T17:34:19Z,TypeScript
473219110,caiulucas,basic-electron-react-typescript,https://github.com/caiulucas/basic-electron-react-typescript,9,3,2022-03-23T14:15:23Z,2025-06-02T08:50:35Z,TypeScript
765097646,focusreactive,cms-kit-sanity,https://github.com/focusreactive/cms-kit-sanity,9,2,2024-02-29T09:25:45Z,2025-01-20T12:48:40Z,TypeScript
685058736,losefor,nest-starter,https://github.com/losefor/nest-starter,9,2,2023-08-30T12:33:44Z,2025-08-01T07:15:50Z,TypeScript
258531178,staticwebdev,vanilla-api,https://github.com/staticwebdev/vanilla-api,9,52,2020-04-24T14:13:04Z,2024-09-21T12:45:09Z,TypeScript
418894965,sonjoydatta,react-boilerplate,https://github.com/sonjoydatta/react-boilerplate,9,6,2021-10-19T11:30:05Z,2025-06-04T08:43:34Z,TypeScript
675036608,antoinemcx,React-Nextjs-Boilerplate,https://github.com/antoinemcx/React-Nextjs-Boilerplate,9,1,2023-08-05T15:08:07Z,2024-05-29T08:10:42Z,TypeScript
363256961,thenaim,ionic-ngxs-capacitorjs-starter,https://github.com/thenaim/ionic-ngxs-capacitorjs-starter,9,3,2021-04-30T20:56:05Z,2024-12-14T11:56:54Z,TypeScript
507383318,AxiomeCG,ng-three-starter-kit,https://github.com/AxiomeCG/ng-three-starter-kit,9,1,2022-06-25T18:06:00Z,2025-01-01T09:26:00Z,TypeScript
729689581,lleryo,expressjs-vercel-starter,https://github.com/lleryo/expressjs-vercel-starter,9,2,2023-12-10T02:59:23Z,2025-03-01T05:41:25Z,TypeScript
744510999,RajaRakoto,react-boilerplate,https://github.com/RajaRakoto/react-boilerplate,9,0,2024-01-17T12:59:26Z,2025-02-18T21:23:21Z,TypeScript
722897827,gabrielstoica,hardhat-upgrades,https://github.com/gabrielstoica/hardhat-upgrades,9,2,2023-11-24T08:03:18Z,2025-06-26T12:55:54Z,TypeScript
784792980,Gilbertly,cf-next-hono,https://github.com/Gilbertly/cf-next-hono,9,2,2024-04-10T15:10:53Z,2025-05-09T02:46:23Z,TypeScript
769390546,webdiego,next.js-drizzle-turso-lucia,https://github.com/webdiego/next.js-drizzle-turso-lucia,9,0,2024-03-09T00:26:40Z,2025-07-23T14:14:22Z,TypeScript
625473983,Bluzzi,NextJS-Template,https://github.com/Bluzzi/NextJS-Template,9,2,2023-04-09T08:07:53Z,2024-07-14T09:34:32Z,TypeScript
799870361,KieronWiltshire,nestjs-starter,https://github.com/KieronWiltshire/nestjs-starter,9,2,2024-05-13T09:03:55Z,2025-08-04T18:32:02Z,TypeScript
220088070,maximebrugel,nodeplate,https://github.com/maximebrugel/nodeplate,9,2,2019-11-06T20:55:13Z,2023-03-04T21:28:51Z,TypeScript
236677455,ChainSafe,dapp-boilerplate,https://github.com/ChainSafe/dapp-boilerplate,9,4,2020-01-28T07:06:44Z,2024-01-22T15:58:22Z,TypeScript
394604533,tomwray13,graphql-typescript-api-starter,https://github.com/tomwray13/graphql-typescript-api-starter,9,3,2021-08-10T10:00:06Z,2025-01-08T08:06:08Z,TypeScript
354389153,hagelstam,postgres-node-starter,https://github.com/hagelstam/postgres-node-starter,9,1,2021-04-03T20:35:04Z,2023-08-19T00:16:35Z,TypeScript
378979982,agboolaidris,next-ts-mui-bolerplate,https://github.com/agboolaidris/next-ts-mui-bolerplate,9,5,2021-06-21T15:35:05Z,2023-06-30T12:05:04Z,TypeScript
998307575,muddledluck,express-template,https://github.com/muddledluck/express-template,9,5,2025-06-08T10:31:23Z,2025-07-06T04:17:34Z,TypeScript
369848005,psalaets,p5-template,https://github.com/psalaets/p5-template,9,2,2021-05-22T15:51:57Z,2024-10-28T15:09:09Z,TypeScript
724541988,XOP,design-system-starter,https://github.com/XOP/design-system-starter,9,0,2023-11-28T09:43:47Z,2025-03-13T10:15:02Z,TypeScript
349602574,mtxr,vsc-sqltools-driver-template,https://github.com/mtxr/vsc-sqltools-driver-template,9,8,2021-03-20T01:58:35Z,2024-09-05T09:21:34Z,TypeScript
312493453,toondaey,nestjs-module-boilerplate,https://github.com/toondaey/nestjs-module-boilerplate,9,4,2020-11-13T06:37:19Z,2024-04-29T19:29:28Z,TypeScript
798708473,Dinuda,next-authenication-google-facebook-credential-shadcn-auth-routes-,https://github.com/Dinuda/next-authenication-google-facebook-credential-shadcn-auth-routes-,9,1,2024-05-10T10:19:52Z,2025-07-07T11:25:10Z,TypeScript
468804736,Y-Foundry-Dao,terra-dapp-template,https://github.com/Y-Foundry-Dao/terra-dapp-template,9,2,2022-03-11T15:33:56Z,2022-09-06T07:16:38Z,TypeScript
419913039,sunwoo0706,Gatsby_Starter_Aestura,https://github.com/sunwoo0706/Gatsby_Starter_Aestura,9,0,2021-10-22T00:07:24Z,2025-02-23T12:28:20Z,TypeScript
431594984,realamirhe,vite-bulletproof-react,https://github.com/realamirhe/vite-bulletproof-react,9,2,2021-11-24T18:49:12Z,2025-06-16T00:54:31Z,TypeScript
586656867,theaungmyatmoe,express-typescript-boilerplate,https://github.com/theaungmyatmoe/express-typescript-boilerplate,9,3,2023-01-08T22:03:03Z,2024-05-21T16:11:09Z,TypeScript
349237452,ptkdev-boilerplate,node-module-boilerplate,https://github.com/ptkdev-boilerplate/node-module-boilerplate,9,1,2021-03-18T22:46:52Z,2023-02-22T13:11:55Z,TypeScript
509246245,hellodemola,nextjs-base-tailwind-ts,https://github.com/hellodemola/nextjs-base-tailwind-ts,9,7,2022-06-30T22:07:47Z,2022-09-15T08:48:19Z,TypeScript
671524535,0xTaker,nymphe,https://github.com/0xTaker/nymphe,9,0,2023-07-27T14:11:34Z,2024-03-08T20:06:28Z,TypeScript
921553052,chetanverma16,nextjs-shopify-starter,https://github.com/chetanverma16/nextjs-shopify-starter,9,4,2025-01-24T06:54:38Z,2025-07-28T07:36:49Z,TypeScript
225217626,jonahsnider,typescript-starter,https://github.com/jonahsnider/typescript-starter,9,0,2019-12-01T19:30:16Z,2025-08-08T20:29:11Z,TypeScript
748765932,PierreBerger,fastify-starter,https://github.com/PierreBerger/fastify-starter,9,0,2024-01-26T18:05:19Z,2024-08-13T15:45:52Z,TypeScript
494090192,himorishige,remix-cloudflare-workers-do-boilerplate,https://github.com/himorishige/remix-cloudflare-workers-do-boilerplate,9,0,2022-05-19T13:46:37Z,2025-02-18T07:52:43Z,TypeScript
469313062,jilio,react-starter,https://github.com/jilio/react-starter,9,0,2022-03-13T08:31:53Z,2025-04-12T16:31:44Z,TypeScript
474379488,MahmonirB,react-native-RTK-boilerplate,https://github.com/MahmonirB/react-native-RTK-boilerplate,9,0,2022-03-26T14:58:03Z,2024-03-29T20:19:35Z,TypeScript
885152839,starter-collective,starter-lib-vue3,https://github.com/starter-collective/starter-lib-vue3,9,0,2024-11-08T03:48:17Z,2025-08-02T14:41:20Z,TypeScript
818515968,EndlessReform,claude-artifacts-starter,https://github.com/EndlessReform/claude-artifacts-starter,9,1,2024-06-22T03:53:55Z,2025-07-06T20:39:53Z,TypeScript
509540052,decentraland,sdk7-scene-template,https://github.com/decentraland/sdk7-scene-template,9,6,2022-07-01T17:36:24Z,2025-07-25T18:32:16Z,TypeScript
607810498,Azure-Samples,todo-nodejs-mongo-aks,https://github.com/Azure-Samples/todo-nodejs-mongo-aks,9,22,2023-02-28T18:12:34Z,2025-07-07T17:28:11Z,TypeScript
826941818,alchemyplatform,smart-wallets-quickstart,https://github.com/alchemyplatform/smart-wallets-quickstart,9,23,2024-07-10T17:30:12Z,2025-08-04T10:31:58Z,TypeScript
481834985,Twinklebear,webgpu-webpack-typescript-starter,https://github.com/Twinklebear/webgpu-webpack-typescript-starter,9,1,2022-04-15T04:22:17Z,2024-10-16T06:03:59Z,TypeScript
291322693,ranjeetsinghbnl,stencil-firebase,https://github.com/ranjeetsinghbnl/stencil-firebase,9,3,2020-08-29T18:01:57Z,2022-11-14T00:05:12Z,TypeScript
782062830,GrandeVx,T3MobileBoilerplate,https://github.com/GrandeVx/T3MobileBoilerplate,9,0,2024-04-04T15:09:43Z,2025-04-30T11:48:44Z,TypeScript
101248064,voodoocreation,react-redux-boilerplate,https://github.com/voodoocreation/react-redux-boilerplate,9,0,2017-08-24T03:03:17Z,2021-01-05T05:56:14Z,TypeScript
611430866,devaccent,mvx-dapp-template,https://github.com/devaccent/mvx-dapp-template,9,6,2023-03-08T20:13:42Z,2024-08-27T09:56:32Z,TypeScript
673621305,kwhitley,cloudflare-template-gpt,https://github.com/kwhitley/cloudflare-template-gpt,9,0,2023-08-02T03:49:38Z,2024-12-27T14:58:09Z,TypeScript
453723882,headwindz,nextjs-windi-typescript-starter-blog,https://github.com/headwindz/nextjs-windi-typescript-starter-blog,9,0,2022-01-30T15:49:21Z,2025-04-03T10:31:56Z,TypeScript
785956735,quincarter,component-library-starter,https://github.com/quincarter/component-library-starter,9,1,2024-04-13T02:20:17Z,2025-06-05T21:29:25Z,TypeScript
1026916591,fluid-design-io,payload-better-auth-starter,https://github.com/fluid-design-io/payload-better-auth-starter,9,0,2025-07-26T22:34:48Z,2025-08-09T05:29:33Z,TypeScript
246662672,nya1,rest-api-boilerplate,https://github.com/nya1/rest-api-boilerplate,9,0,2020-03-11T19:31:30Z,2024-09-10T20:14:48Z,TypeScript
513066718,Yusfuu,react-template-starter,https://github.com/Yusfuu/react-template-starter,9,1,2022-07-12T08:49:36Z,2025-06-09T08:47:06Z,TypeScript
634862692,hanielu,turbo-sk-payload,https://github.com/hanielu/turbo-sk-payload,9,0,2023-05-01T12:01:39Z,2025-05-25T17:16:06Z,TypeScript
331999268,hdorgeval,playwright-fluent-ts-cucumber7-starter,https://github.com/hdorgeval/playwright-fluent-ts-cucumber7-starter,9,4,2021-01-22T16:19:54Z,2025-05-20T11:53:48Z,TypeScript
931587345,wix,headless-templates,https://github.com/wix/headless-templates,9,11,2025-02-12T14:29:00Z,2025-08-04T15:20:45Z,TypeScript
364992871,rocketseat-education,ignite-template-reactjs-upload-de-imagens,https://github.com/rocketseat-education/ignite-template-reactjs-upload-de-imagens,9,31,2021-05-06T17:49:32Z,2023-06-05T04:22:31Z,TypeScript
453703812,lxsmnsyc,solid-sfc-styled-labels-starter,https://github.com/lxsmnsyc/solid-sfc-styled-labels-starter,9,0,2022-01-30T14:33:18Z,2022-03-25T19:38:28Z,TypeScript
723278861,teba-isea,next-starter,https://github.com/teba-isea/next-starter,9,0,2023-11-25T06:41:07Z,2024-07-26T17:10:44Z,TypeScript
762752602,themesberg,flowbite-react-template-nextjs,https://github.com/themesberg/flowbite-react-template-nextjs,9,9,2024-02-24T15:42:39Z,2025-07-27T18:55:14Z,TypeScript
582345225,kiranojhanp,fullstack-typescript-turborepo-starter,https://github.com/kiranojhanp/fullstack-typescript-turborepo-starter,9,3,2022-12-26T14:27:49Z,2025-01-16T04:34:49Z,TypeScript
434326109,monkjuice,contracts-boilerplate,https://github.com/monkjuice/contracts-boilerplate,9,1,2021-12-02T18:09:04Z,2024-09-05T15:20:30Z,TypeScript
953402066,KelvinQiu802,ts-node-esm-template,https://github.com/KelvinQiu802/ts-node-esm-template,9,9,2025-03-23T09:29:11Z,2025-07-08T11:26:55Z,TypeScript
505828010,jasper7466,Boilerplate-amoCRM-Widget,https://github.com/jasper7466/Boilerplate-amoCRM-Widget,9,2,2022-06-21T12:11:58Z,2025-03-02T08:25:35Z,TypeScript
416778891,krung2,nest_boiler_template,https://github.com/krung2/nest_boiler_template,9,0,2021-10-13T14:33:26Z,2023-02-24T07:17:35Z,TypeScript
944359340,behnamrhp,Next-clean-boilerplate,https://github.com/behnamrhp/Next-clean-boilerplate,9,1,2025-03-07T07:59:59Z,2025-06-20T07:44:50Z,TypeScript
598364149,Disruptive-Kiwi,gpt-starter,https://github.com/Disruptive-Kiwi/gpt-starter,9,2,2023-02-07T00:23:38Z,2024-10-03T14:47:58Z,TypeScript
720879041,aragon,gov-app-template,https://github.com/aragon/gov-app-template,9,11,2023-11-19T21:35:58Z,2025-08-10T05:29:52Z,TypeScript
510402715,jsjoeio,react-ts-vitest-template,https://github.com/jsjoeio/react-ts-vitest-template,9,9,2022-07-04T15:01:49Z,2025-03-05T22:25:22Z,TypeScript
211194360,dm-p,powerbi-visuals-custom-template,https://github.com/dm-p/powerbi-visuals-custom-template,9,0,2019-09-26T22:54:10Z,2025-07-22T14:19:36Z,TypeScript
800972025,boomerang-io,remix-docs-template,https://github.com/boomerang-io/remix-docs-template,9,2,2024-05-15T10:57:57Z,2025-08-05T07:55:00Z,TypeScript
935611689,rufatalv,next-feature-based,https://github.com/rufatalv/next-feature-based,9,0,2025-02-19T18:16:53Z,2025-08-03T12:09:46Z,TypeScript
445589489,ItzDerock,discord.js-typescript-bot-core,https://github.com/ItzDerock/discord.js-typescript-bot-core,9,0,2022-01-07T16:48:05Z,2025-07-31T14:29:03Z,TypeScript
542194684,domoritz,D3-App-Template,https://github.com/domoritz/D3-App-Template,9,7,2022-09-27T16:54:58Z,2025-07-28T20:19:01Z,TypeScript
591687709,collectif-dao,collectif-fevm-frontend-template,https://github.com/collectif-dao/collectif-fevm-frontend-template,9,1,2023-01-21T14:48:04Z,2023-05-28T02:11:46Z,TypeScript
458854161,karpolan,nextjs-with-pages-mui-starter-ts,https://github.com/karpolan/nextjs-with-pages-mui-starter-ts,9,1,2022-02-13T15:47:39Z,2024-01-15T11:45:48Z,TypeScript
990567867,shape-network,builder-kit,https://github.com/shape-network/builder-kit,9,1,2025-05-26T10:04:52Z,2025-08-05T15:00:16Z,TypeScript
144958760,lovelope,react-project,https://github.com/lovelope/react-project,9,3,2018-08-16T08:19:49Z,2023-01-31T17:03:30Z,TypeScript
856619989,t-rhex,OpenSourceChurchTemplate,https://github.com/t-rhex/OpenSourceChurchTemplate,9,4,2024-09-12T22:33:49Z,2025-07-04T18:26:39Z,TypeScript
306042001,adam-cowley,nestjs-neo4j-starter,https://github.com/adam-cowley/nestjs-neo4j-starter,9,2,2020-10-21T13:57:03Z,2024-02-23T10:07:21Z,TypeScript
859819224,builders-garden,privy-smart-wallet-nextjs-starter,https://github.com/builders-garden/privy-smart-wallet-nextjs-starter,9,2,2024-09-19T10:34:19Z,2025-07-28T22:56:01Z,TypeScript
958903309,barisgit,nextjs-nestjs-expo-template,https://github.com/barisgit/nextjs-nestjs-expo-template,9,0,2025-04-02T00:31:12Z,2025-06-20T10:58:48Z,TypeScript
496652519,anolilab,resume,https://github.com/anolilab/resume,9,0,2022-05-26T14:28:23Z,2025-02-22T01:44:13Z,TypeScript
496575409,DhivinX,monorepo-ts-vue-nestjs,https://github.com/DhivinX/monorepo-ts-vue-nestjs,9,3,2022-05-26T10:26:48Z,2025-02-25T12:09:04Z,TypeScript
516953213,BurakYs,bot-template,https://github.com/BurakYs/bot-template,9,5,2022-07-23T04:03:08Z,2025-08-06T21:06:57Z,TypeScript
655657374,jjunior96,next13-template,https://github.com/jjunior96/next13-template,9,1,2023-06-19T10:32:44Z,2025-05-25T08:36:34Z,TypeScript
594377088,jjunior96,youtube-template,https://github.com/jjunior96/youtube-template,9,1,2023-01-28T11:08:21Z,2024-05-21T12:46:28Z,TypeScript
238831045,incizzle,electron-boilerplate,https://github.com/incizzle/electron-boilerplate,9,1,2020-02-07T02:53:41Z,2025-05-23T13:21:39Z,TypeScript
423189975,fgerschau,mern-boilerplate,https://github.com/fgerschau/mern-boilerplate,9,0,2021-10-31T15:46:04Z,2024-05-12T18:39:03Z,TypeScript
718928818,cfatrane,nextjs-boilerplate,https://github.com/cfatrane/nextjs-boilerplate,9,1,2023-11-15T04:29:31Z,2025-05-09T21:20:49Z,TypeScript
969739068,alemoraru,nextjs-portofolio-website,https://github.com/alemoraru/nextjs-portofolio-website,9,0,2025-04-20T20:30:58Z,2025-07-30T16:24:59Z,TypeScript
802885619,priyankarpal,tep2,https://github.com/priyankarpal/tep2,9,1,2024-05-19T14:33:48Z,2024-06-18T11:28:48Z,TypeScript
279226561,NNNaix,web-fullstack-boilerplate,https://github.com/NNNaix/web-fullstack-boilerplate,9,0,2020-07-13T06:10:59Z,2023-11-05T10:51:57Z,TypeScript
542548286,JoBenEtuk,next-lenis-boilerplate,https://github.com/JoBenEtuk/next-lenis-boilerplate,9,1,2022-09-28T11:09:51Z,2024-12-28T19:18:10Z,TypeScript
880930165,elljs,core,https://github.com/elljs/core,9,3,2024-10-30T16:04:29Z,2025-07-11T05:57:48Z,TypeScript
774674786,METR,task-template,https://github.com/METR/task-template,9,6,2024-03-20T00:58:00Z,2024-10-02T22:11:34Z,TypeScript
452720514,syropian,vue-3-package-skeleton,https://github.com/syropian/vue-3-package-skeleton,9,0,2022-01-27T14:44:13Z,2025-02-21T08:07:51Z,TypeScript
786420081,crper,vscode-webview-vite-vue-boilerplate,https://github.com/crper/vscode-webview-vite-vue-boilerplate,9,1,2024-04-14T12:11:02Z,2025-02-27T02:17:03Z,TypeScript
451512013,ardalanamini,express-api-template,https://github.com/ardalanamini/express-api-template,9,1,2022-01-24T15:07:18Z,2025-06-02T21:40:55Z,TypeScript
568325939,fastwa,typescript-starter,https://github.com/fastwa/typescript-starter,9,1,2022-11-20T06:51:17Z,2023-07-14T13:32:48Z,TypeScript
333303713,bradgarropy,react-library-starter,https://github.com/bradgarropy/react-library-starter,9,0,2021-01-27T04:34:09Z,2024-05-20T03:20:25Z,TypeScript
339792895,khrj,blueprint,https://github.com/khrj/blueprint,9,0,2021-02-17T16:53:57Z,2021-10-04T14:52:33Z,TypeScript
260635606,Webeleon,discord-bot-starter,https://github.com/Webeleon/discord-bot-starter,9,0,2020-05-02T07:24:12Z,2025-01-19T10:30:43Z,TypeScript
860865045,aliceisjustplaying,ts-starter-repo,https://github.com/aliceisjustplaying/ts-starter-repo,9,1,2024-09-21T11:25:25Z,2025-07-19T07:25:00Z,TypeScript
378749464,thejustinwalsh,uxp-starter-react,https://github.com/thejustinwalsh/uxp-starter-react,9,1,2021-06-20T22:12:29Z,2024-12-06T12:17:05Z,TypeScript
577210650,piovischioh,nextjs-blog-starter,https://github.com/piovischioh/nextjs-blog-starter,9,1,2022-12-12T08:21:56Z,2025-06-10T03:17:16Z,TypeScript
627504260,olivercaine,ui-component-library,https://github.com/olivercaine/ui-component-library,9,0,2023-04-13T15:49:51Z,2025-08-10T10:12:51Z,TypeScript
257986104,GoodPraxis,gp-gatsby-starter-ts-sass-jest,https://github.com/GoodPraxis/gp-gatsby-starter-ts-sass-jest,9,1,2020-04-22T18:26:52Z,2024-11-17T14:43:24Z,TypeScript
762337223,aburio,remix-supabase,https://github.com/aburio/remix-supabase,9,0,2024-02-23T15:13:12Z,2025-05-27T11:33:47Z,TypeScript
429542420,Stigganod,test,https://github.com/Stigganod/test,9,0,2021-11-18T18:46:11Z,2024-11-19T22:40:22Z,TypeScript
581910377,joesobo,Vue3BaseExtension,https://github.com/joesobo/Vue3BaseExtension,9,3,2022-12-24T20:38:20Z,2024-10-16T01:57:12Z,TypeScript
809492163,OpenOceanHQ,payloadcms-website-template,https://github.com/OpenOceanHQ/payloadcms-website-template,9,3,2024-06-02T20:50:47Z,2025-06-26T22:56:26Z,TypeScript
634519712,phmz,nx-nest-react-monorepo-template,https://github.com/phmz/nx-nest-react-monorepo-template,9,2,2023-04-30T11:54:20Z,2025-06-29T18:58:20Z,TypeScript
606924672,roblouie,js13k-typescript-starter-webgl,https://github.com/roblouie/js13k-typescript-starter-webgl,9,1,2023-02-26T23:50:47Z,2025-03-08T08:06:29Z,TypeScript
320408119,jonamat,pure-react-ssr-hmr,https://github.com/jonamat/pure-react-ssr-hmr,9,2,2020-12-10T22:45:21Z,2024-10-20T10:31:49Z,TypeScript
835903534,voi99,modern-angular-template,https://github.com/voi99/modern-angular-template,9,1,2024-07-30T18:53:07Z,2025-05-17T19:12:03Z,TypeScript
656229824,jbilcke-hf,template-node-llama-express,https://github.com/jbilcke-hf/template-node-llama-express,9,1,2023-06-20T14:10:11Z,2024-12-18T18:45:39Z,TypeScript
613473635,dariuspasca,react-express-trpc-turborepo,https://github.com/dariuspasca/react-express-trpc-turborepo,9,0,2023-03-13T16:28:26Z,2025-07-20T11:03:35Z,TypeScript
549458285,w3hc,gov,https://github.com/w3hc/gov,9,6,2022-10-11T08:08:16Z,2025-02-06T23:09:47Z,TypeScript
776489708,Silon,turborepo-nextjs,https://github.com/Silon/turborepo-nextjs,9,0,2024-03-23T16:47:18Z,2024-11-01T14:29:20Z,TypeScript
335145459,tzmanics,angular-universal-pre-render,https://github.com/tzmanics/angular-universal-pre-render,9,0,2021-02-02T02:31:40Z,2022-06-06T22:54:55Z,TypeScript
55330811,albertyw,base-flask,https://github.com/albertyw/base-flask,9,1,2016-04-03T05:12:15Z,2025-07-20T19:59:43Z,TypeScript
941632750,AllanOricil,node-red-vue-template,https://github.com/AllanOricil/node-red-vue-template,9,2,2025-03-02T18:36:40Z,2025-08-09T13:06:53Z,TypeScript
465701317,nordhealth,vue-example-project,https://github.com/nordhealth/vue-example-project,9,2,2022-03-03T12:01:18Z,2025-05-19T09:17:12Z,TypeScript
254727875,ollita7,vikings-seed,https://github.com/ollita7/vikings-seed,9,3,2020-04-10T20:18:07Z,2022-08-18T14:50:24Z,TypeScript
768971760,SerenityJS,sample-plugin,https://github.com/SerenityJS/sample-plugin,9,4,2024-03-08T04:32:34Z,2025-04-10T09:19:30Z,TypeScript
358486473,donmccurdy,typescript-library-template,https://github.com/donmccurdy/typescript-library-template,9,1,2021-04-16T05:32:43Z,2025-08-04T15:23:03Z,TypeScript
280815016,qlawmarq,next-markdown-blog-YoRHa,https://github.com/qlawmarq/next-markdown-blog-YoRHa,9,2,2020-07-19T07:28:39Z,2025-08-01T05:15:03Z,TypeScript
646106770,hunghg255,microbundle-package-react-template,https://github.com/hunghg255/microbundle-package-react-template,9,1,2023-05-27T10:00:54Z,2024-10-07T02:28:01Z,TypeScript
927851487,ArnavK-09,sveltekit-encore,https://github.com/ArnavK-09/sveltekit-encore,9,1,2025-02-05T16:43:34Z,2025-08-02T05:42:48Z,TypeScript
491694170,zeevo,t3-shadcn-ui,https://github.com/zeevo/t3-shadcn-ui,9,1,2022-05-12T23:15:13Z,2025-07-25T18:56:30Z,TypeScript
897801701,clerk,clerk-react-router-quickstart,https://github.com/clerk/clerk-react-router-quickstart,9,4,2024-12-03T09:09:51Z,2025-07-07T15:37:13Z,TypeScript
740428983,NicoZweifel,vike-docs-template,https://github.com/NicoZweifel/vike-docs-template,9,1,2024-01-08T10:27:21Z,2025-02-26T19:03:24Z,TypeScript
192206421,chanlito,untitled-nuxt,https://github.com/chanlito/untitled-nuxt,9,0,2019-06-16T15:22:11Z,2024-06-20T15:02:06Z,TypeScript
475587210,0xflair,evm-contract-scaffold,https://github.com/0xflair/evm-contract-scaffold,9,2,2022-03-29T19:17:35Z,2024-11-16T06:13:02Z,TypeScript
811171306,meiazero,fastify-nextjs-turbo,https://github.com/meiazero/fastify-nextjs-turbo,9,0,2024-06-06T04:41:48Z,2025-07-02T22:08:13Z,TypeScript
676654470,TipLink,opos-outliers,https://github.com/TipLink/opos-outliers,9,7,2023-08-09T17:38:35Z,2024-03-29T00:14:16Z,TypeScript
324780140,open-template-hub,analytics-server-template,https://github.com/open-template-hub/analytics-server-template,9,0,2020-12-27T14:33:52Z,2025-08-04T04:59:02Z,TypeScript
815756110,lucasbecker,widget-vite-react-template,https://github.com/lucasbecker/widget-vite-react-template,9,1,2024-06-16T03:56:21Z,2025-07-16T04:45:53Z,TypeScript
635588450,phucvinh57,fastify-template,https://github.com/phucvinh57/fastify-template,9,0,2023-05-03T02:45:28Z,2024-12-27T01:15:11Z,TypeScript
280512534,stacc-dev,next-typescript-swr-watercss-serverless-firebase-auth-template,https://github.com/stacc-dev/next-typescript-swr-watercss-serverless-firebase-auth-template,9,0,2020-07-17T19:51:22Z,2021-09-02T09:15:36Z,TypeScript
802658575,titsex,nest-template,https://github.com/titsex/nest-template,9,0,2024-05-18T22:42:27Z,2025-02-19T21:43:59Z,TypeScript
238449934,LinbuduLab,Parcel-Tsx-Template,https://github.com/LinbuduLab/Parcel-Tsx-Template,9,4,2020-02-05T12:54:26Z,2023-07-18T03:39:01Z,TypeScript
910850139,codemod-com,codemod-template,https://github.com/codemod-com/codemod-template,9,0,2025-01-01T16:16:04Z,2025-04-19T13:43:21Z,TypeScript
414910760,gabrielopeyemi,React-webpack-template,https://github.com/gabrielopeyemi/React-webpack-template,9,1,2021-10-08T08:43:30Z,2024-02-06T10:50:11Z,TypeScript
838587053,Maua-Dev,hexagonal_arch_react_template,https://github.com/Maua-Dev/hexagonal_arch_react_template,9,1,2024-08-06T00:42:02Z,2025-05-21T19:20:23Z,TypeScript
363359265,yuiseki,next-benri-template,https://github.com/yuiseki/next-benri-template,9,0,2021-05-01T08:22:46Z,2024-05-29T21:36:45Z,TypeScript
884730430,AgentProtocol,Starknet-AgentKit,https://github.com/AgentProtocol/Starknet-AgentKit,9,1,2024-11-07T09:35:43Z,2025-02-25T19:47:11Z,TypeScript
819683493,ldw-templates,nextjs-mui-zustand-template,https://github.com/ldw-templates/nextjs-mui-zustand-template,9,0,2024-06-25T02:15:44Z,2025-03-13T06:21:23Z,TypeScript
338791901,nl-design-system,example,https://github.com/nl-design-system/example,9,1,2021-02-14T11:40:27Z,2025-07-21T07:27:45Z,TypeScript
759616959,cdbrw,bun-elysia-drizzle-base,https://github.com/cdbrw/bun-elysia-drizzle-base,9,1,2024-02-19T02:06:47Z,2025-06-29T18:54:18Z,TypeScript
724176044,lukso-network,tools-dapp-boilerplate,https://github.com/lukso-network/tools-dapp-boilerplate,10,18,2023-11-27T14:49:43Z,2025-01-02T21:21:46Z,TypeScript
630437405,adonisjs,api-starter-kit,https://github.com/adonisjs/api-starter-kit,10,13,2023-04-20T11:32:23Z,2025-07-29T15:25:10Z,TypeScript
464092587,RSurya99,vue3-vite-starter,https://github.com/RSurya99/vue3-vite-starter,10,4,2022-02-27T09:33:28Z,2024-09-18T06:33:39Z,TypeScript
504445388,thetutlage,boilerplate,https://github.com/thetutlage/boilerplate,10,1,2022-06-17T08:01:26Z,2023-12-13T17:05:52Z,TypeScript
688959115,unocss-community,unocss-preset-starter,https://github.com/unocss-community/unocss-preset-starter,10,5,2023-09-08T13:20:54Z,2025-06-25T08:15:24Z,TypeScript
479410365,checkpoint-labs,checkpoint-template,https://github.com/checkpoint-labs/checkpoint-template,10,12,2022-04-08T13:54:42Z,2025-03-04T14:49:53Z,TypeScript
754036118,FelixFern,React-Starter-Project,https://github.com/FelixFern/React-Starter-Project,10,6,2024-02-07T09:20:49Z,2025-07-20T15:55:40Z,TypeScript
467876440,aacevski,chakra-remix-boilerplate,https://github.com/aacevski/chakra-remix-boilerplate,10,5,2022-03-09T10:17:10Z,2025-05-04T15:32:17Z,TypeScript
832355466,HAPPYS1NGH,tg-mini-app-nextjs,https://github.com/HAPPYS1NGH/tg-mini-app-nextjs,10,6,2024-07-22T21:21:55Z,2025-05-15T20:44:22Z,TypeScript
244543458,shrujalshah28,node-typescript-express-mongo,https://github.com/shrujalshah28/node-typescript-express-mongo,10,5,2020-03-03T04:43:16Z,2025-04-22T02:06:42Z,TypeScript
457878151,Moumouls,parse-next-mono-starter,https://github.com/Moumouls/parse-next-mono-starter,10,5,2022-02-10T17:23:38Z,2023-11-05T10:49:28Z,TypeScript
395891545,azakharo,react-ts-starter-2023,https://github.com/azakharo/react-ts-starter-2023,10,2,2021-08-14T04:41:51Z,2023-10-30T06:13:55Z,TypeScript
144042346,wechaty,heroku-wechaty-getting-started,https://github.com/wechaty/heroku-wechaty-getting-started,10,7,2018-08-08T16:48:43Z,2024-06-14T07:04:57Z,TypeScript
651629985,MdWahiduzzamanEmon,next.js-15-Stable-starter-template,https://github.com/MdWahiduzzamanEmon/next.js-15-Stable-starter-template,10,3,2023-06-09T17:12:46Z,2025-06-01T14:42:26Z,TypeScript
526337166,ulivz,ts-lib-starter,https://github.com/ulivz/ts-lib-starter,10,2,2022-08-18T18:53:38Z,2025-08-07T15:39:03Z,TypeScript
700077522,remotion-dev,library-starter,https://github.com/remotion-dev/library-starter,10,2,2023-10-03T22:38:07Z,2025-08-06T17:30:41Z,TypeScript
619302571,JalelTounsi,DappBoilerplate,https://github.com/JalelTounsi/DappBoilerplate,10,9,2023-03-26T20:52:36Z,2024-08-05T23:48:45Z,TypeScript
463828559,cjuega,typescript-fullstack-skeleton,https://github.com/cjuega/typescript-fullstack-skeleton,10,4,2022-02-26T11:03:37Z,2025-03-19T11:23:31Z,TypeScript
446539863,kaiser-9527,silk,https://github.com/kaiser-9527/silk,10,4,2022-01-10T18:35:01Z,2023-09-02T03:19:43Z,TypeScript
607368989,Melak12,react-modular-boilerplate,https://github.com/Melak12/react-modular-boilerplate,10,0,2023-02-27T21:02:07Z,2025-07-29T12:49:01Z,TypeScript
476396595,DeSoDog,Social-App-Starter-Pack,https://github.com/DeSoDog/Social-App-Starter-Pack,10,10,2022-03-31T16:49:51Z,2023-11-07T12:16:10Z,TypeScript
420261150,githubnext,vscode-react-webviews,https://github.com/githubnext/vscode-react-webviews,10,3,2021-10-22T22:50:16Z,2025-04-01T20:43:54Z,TypeScript
739836827,HyperFunctor,next-app-plus,https://github.com/HyperFunctor/next-app-plus,10,4,2024-01-06T17:37:30Z,2024-10-11T20:04:10Z,TypeScript
606833465,nanlabs,ts-monorepo-boilerplate,https://github.com/nanlabs/ts-monorepo-boilerplate,10,1,2023-02-26T17:47:10Z,2025-02-17T15:39:40Z,TypeScript
403122206,CloudGakkai,adonis-boilerplate,https://github.com/CloudGakkai/adonis-boilerplate,10,5,2021-09-04T17:53:52Z,2024-07-25T23:07:11Z,TypeScript
566044380,moeidsaleem,nodejs-ts-boilerplate,https://github.com/moeidsaleem/nodejs-ts-boilerplate,10,4,2022-11-14T21:19:41Z,2024-06-25T06:55:50Z,TypeScript
256757508,mariofonteles,react-redux-typescript-boilerplate,https://github.com/mariofonteles/react-redux-typescript-boilerplate,10,4,2020-04-18T13:13:49Z,2023-06-14T15:32:06Z,TypeScript
693695940,app-generator,rocket-nextjs,https://github.com/app-generator/rocket-nextjs,10,3,2023-09-19T14:26:41Z,2025-04-12T18:27:12Z,TypeScript
485383972,vtex-sites,gatsby.store,https://github.com/vtex-sites/gatsby.store,10,14,2022-04-25T13:31:10Z,2024-08-16T15:13:36Z,TypeScript
540719594,xiziliang,vite-lite,https://github.com/xiziliang/vite-lite,10,0,2022-09-24T05:30:49Z,2022-12-15T00:44:28Z,TypeScript
607950978,hocptit,nest-boilerplate-cqrs,https://github.com/hocptit/nest-boilerplate-cqrs,10,0,2023-03-01T02:07:51Z,2025-06-19T04:38:57Z,TypeScript
612027790,prasathmani,vitejs-react-ts-redux-mui-boilerplate,https://github.com/prasathmani/vitejs-react-ts-redux-mui-boilerplate,10,4,2023-03-10T03:19:49Z,2025-05-15T20:17:38Z,TypeScript
664524928,adonisjs,slim-starter-kit,https://github.com/adonisjs/slim-starter-kit,10,5,2023-07-10T07:12:05Z,2025-08-01T04:30:43Z,TypeScript
349580600,rocketseat-education,ignite-template-database-queries,https://github.com/rocketseat-education/ignite-template-database-queries,10,55,2021-03-19T23:31:51Z,2023-05-05T20:44:28Z,TypeScript
778569636,britzdylan,adonis-hyper,https://github.com/britzdylan/adonis-hyper,10,2,2024-03-28T00:57:28Z,2025-08-06T18:15:47Z,TypeScript
676456574,web3,web3.js-plugin-template,https://github.com/web3/web3.js-plugin-template,11,15,2023-08-09T08:39:22Z,2025-06-08T22:47:05Z,TypeScript
339079910,danangekal,next-typescript-pwa-starter,https://github.com/danangekal/next-typescript-pwa-starter,10,4,2021-02-15T13:03:35Z,2023-10-20T16:24:20Z,TypeScript
643233400,HamedBahram,next-starter-kit-ts,https://github.com/HamedBahram/next-starter-kit-ts,10,3,2023-05-20T14:13:47Z,2024-03-22T15:27:13Z,TypeScript
689281037,ShiiRochi,telegraf-cloudflare-telegram-bot-boilerplate,https://github.com/ShiiRochi/telegraf-cloudflare-telegram-bot-boilerplate,10,4,2023-09-09T10:15:32Z,2025-02-10T12:34:58Z,TypeScript
234589963,cuongndc9,node-kit,https://github.com/cuongndc9/node-kit,10,3,2020-01-17T16:31:57Z,2024-04-02T17:42:42Z,TypeScript
576575030,surjithctly,jamstack-starter,https://github.com/surjithctly/jamstack-starter,10,1,2022-12-10T09:27:36Z,2025-08-04T13:18:56Z,TypeScript
571571923,Mutesa-Cedric,Fullstack-typesafe-monorepo,https://github.com/Mutesa-Cedric/Fullstack-typesafe-monorepo,10,2,2022-11-28T12:27:01Z,2024-01-28T13:22:18Z,TypeScript
572718173,dayblox,node-ts,https://github.com/dayblox/node-ts,10,2,2022-11-30T22:05:11Z,2025-03-12T18:29:46Z,TypeScript
533278181,ah2k-dev,Be-boilerplate,https://github.com/ah2k-dev/Be-boilerplate,10,4,2022-09-06T10:42:54Z,2025-01-21T16:35:15Z,TypeScript
270626730,abedzantout,nest-authentication-and-user-management-starter,https://github.com/abedzantout/nest-authentication-and-user-management-starter,10,4,2020-06-08T10:32:22Z,2025-07-09T19:33:05Z,TypeScript
285892745,MathiasKandelborg,TRUE-framework,https://github.com/MathiasKandelborg/TRUE-framework,10,1,2020-08-07T18:09:58Z,2021-04-19T06:52:07Z,TypeScript
373749906,kutia-software-company,react-js-starter,https://github.com/kutia-software-company/react-js-starter,10,1,2021-06-04T06:56:21Z,2024-06-28T15:50:34Z,TypeScript
194327820,whichwit,angular-bazel-template,https://github.com/whichwit/angular-bazel-template,10,0,2019-06-28T20:01:32Z,2023-11-05T10:51:18Z,TypeScript
322330275,LucasReinaldo,node-typescript-eslint-prettier-boilerplate,https://github.com/LucasReinaldo/node-typescript-eslint-prettier-boilerplate,10,1,2020-12-17T15:08:18Z,2024-06-19T22:56:48Z,TypeScript
876586502,event-driven-io,emmett-starter-postgresql,https://github.com/event-driven-io/emmett-starter-postgresql,10,1,2024-10-22T08:15:54Z,2025-06-24T16:27:15Z,TypeScript
135582207,khaledosman,typescript-node-jest-starter,https://github.com/khaledosman/typescript-node-jest-starter,10,1,2018-05-31T12:42:14Z,2023-05-02T01:16:56Z,TypeScript
528309549,dusknguyen,nestjs-ts-mysql-boilerplate,https://github.com/dusknguyen/nestjs-ts-mysql-boilerplate,10,1,2022-08-24T07:18:16Z,2025-07-21T10:05:49Z,TypeScript
392427449,balancer,balancer-examples,https://github.com/balancer/balancer-examples,10,10,2021-08-03T19:09:50Z,2024-10-24T19:09:01Z,TypeScript
589664220,rokibhasansagar,reflare-cdn-template,https://github.com/rokibhasansagar/reflare-cdn-template,10,14,2023-01-16T16:40:25Z,2025-03-18T13:50:56Z,TypeScript
713184947,ajayvignesh01,Nextjs-14-Supabase-Starter,https://github.com/ajayvignesh01/Nextjs-14-Supabase-Starter,10,1,2023-11-02T02:16:25Z,2025-05-25T02:58:26Z,TypeScript
776045840,yashgo0018,maci-wrapper,https://github.com/yashgo0018/maci-wrapper,10,6,2024-03-22T15:12:29Z,2025-02-18T18:34:40Z,TypeScript
264248005,Taerarenai,node-ts-express-jwt-boilerplate,https://github.com/Taerarenai/node-ts-express-jwt-boilerplate,10,2,2020-05-15T16:47:07Z,2025-03-13T11:24:03Z,TypeScript
765069543,gio-del,Astro-Theme-Astroway,https://github.com/gio-del/Astro-Theme-Astroway,10,5,2024-02-29T08:18:08Z,2025-06-13T21:30:13Z,TypeScript
888622073,RajMazumder18110,Hono-Postgres-Template,https://github.com/RajMazumder18110/Hono-Postgres-Template,10,2,2024-11-14T18:02:22Z,2025-03-30T02:33:27Z,TypeScript
603096755,acidiney,monolith-adonis5-boilerplate,https://github.com/acidiney/monolith-adonis5-boilerplate,10,0,2023-02-17T15:59:08Z,2025-01-18T19:09:03Z,TypeScript
407010652,windranger-io,windranger-solidity-template,https://github.com/windranger-io/windranger-solidity-template,10,9,2021-09-16T03:49:30Z,2022-09-02T02:29:28Z,TypeScript
372946331,tzmanics,scully-template-project,https://github.com/tzmanics/scully-template-project,10,6,2021-06-01T19:53:46Z,2023-05-13T16:03:45Z,TypeScript
733814540,regmicmahesh,nestjs-starter-template,https://github.com/regmicmahesh/nestjs-starter-template,10,2,2023-12-20T07:29:07Z,2024-07-10T09:50:36Z,TypeScript
821704923,arifszn,velvet,https://github.com/arifszn/velvet,10,2,2024-06-29T07:45:10Z,2025-06-29T15:16:47Z,TypeScript
267692134,mm0202-template,next-js,https://github.com/mm0202-template/next-js,10,3,2020-05-28T20:41:17Z,2023-05-02T10:25:38Z,TypeScript
643851920,hariadiarief,react-vite-shadcn-dashboard-starter-kit,https://github.com/hariadiarief/react-vite-shadcn-dashboard-starter-kit,10,2,2023-05-22T09:38:48Z,2025-07-03T01:13:54Z,TypeScript
503880442,botpress,custom-module-template,https://github.com/botpress/custom-module-template,10,13,2022-06-15T18:30:21Z,2025-02-27T12:30:10Z,TypeScript
467486012,IDuxFE,idux-setup,https://github.com/IDuxFE/idux-setup,10,5,2022-03-08T11:36:04Z,2025-06-03T02:46:15Z,TypeScript
219104871,yushimatenjin,next-js-chrome-extension-starterkit,https://github.com/yushimatenjin/next-js-chrome-extension-starterkit,10,2,2019-11-02T04:48:27Z,2024-06-03T02:28:46Z,TypeScript
802669396,jaypyles,webapp-template,https://github.com/jaypyles/webapp-template,10,5,2024-05-18T23:45:49Z,2025-05-21T21:48:20Z,TypeScript
923741140,Bondar-Academy,playwright-api-testing-framework,https://github.com/Bondar-Academy/playwright-api-testing-framework,10,4,2025-01-28T19:00:22Z,2025-08-02T11:18:38Z,TypeScript
189280438,mrWh1te,ngLibrary,https://github.com/mrWh1te/ngLibrary,10,4,2019-05-29T18:45:09Z,2023-03-25T20:07:00Z,TypeScript
615971059,mdskrumi,react-dashboard-template,https://github.com/mdskrumi/react-dashboard-template,10,5,2023-03-19T08:23:32Z,2025-07-26T10:14:55Z,TypeScript
312227106,ministryofjustice,hmpps-template-typescript,https://github.com/ministryofjustice/hmpps-template-typescript,10,5,2020-11-12T09:25:50Z,2025-08-08T07:43:35Z,TypeScript
856857272,geldata,nextjs-replicache-gel-template,https://github.com/geldata/nextjs-replicache-gel-template,10,1,2024-09-13T10:40:31Z,2025-05-26T06:38:09Z,TypeScript
562409745,Notekunn,nest-boilerplate,https://github.com/Notekunn/nest-boilerplate,10,1,2022-11-06T09:11:15Z,2025-08-08T01:54:12Z,TypeScript
681658054,mkopa,nestjs-boilerplate,https://github.com/mkopa/nestjs-boilerplate,10,0,2023-08-22T13:33:07Z,2024-10-28T10:03:45Z,TypeScript
155399734,bacali95,personal-website,https://github.com/bacali95/personal-website,10,4,2018-10-30T14:30:31Z,2024-09-06T06:44:49Z,TypeScript
371267503,cyber-eternal,nestjs-template,https://github.com/cyber-eternal/nestjs-template,10,6,2021-05-27T06:19:49Z,2025-02-16T09:58:30Z,TypeScript
613632673,ncrmro,remix-supabase-playwright,https://github.com/ncrmro/remix-supabase-playwright,10,0,2023-03-14T00:39:46Z,2024-11-16T09:50:53Z,TypeScript
882686703,Rundll86,fs-context,https://github.com/Rundll86/fs-context,10,3,2024-11-03T13:51:42Z,2025-08-07T04:15:33Z,TypeScript
231479543,alii,electron-webpack-obfuscation,https://github.com/alii/electron-webpack-obfuscation,10,0,2020-01-03T00:02:59Z,2024-07-02T20:01:59Z,TypeScript
970209670,vietanhdev,tailblaze,https://github.com/vietanhdev/tailblaze,10,1,2025-04-21T16:50:04Z,2025-07-29T17:22:29Z,TypeScript
447337238,Santosl2,project-next-base,https://github.com/Santosl2/project-next-base,10,0,2022-01-12T18:59:51Z,2024-02-19T22:33:38Z,TypeScript
874463575,nextjs,deploy-flightcontrol,https://github.com/nextjs/deploy-flightcontrol,10,4,2024-10-17T21:48:59Z,2025-08-05T08:27:32Z,TypeScript
746603358,wasmer-examples,next-wasmer-starter,https://github.com/wasmer-examples/next-wasmer-starter,10,1,2024-01-22T10:42:19Z,2024-08-22T13:33:31Z,TypeScript
737543629,yogyy,hono-api-starter,https://github.com/yogyy/hono-api-starter,10,0,2023-12-31T13:05:11Z,2025-04-22T13:20:35Z,TypeScript
272629260,seratch,bolt-starter-ts,https://github.com/seratch/bolt-starter-ts,10,0,2020-06-16T06:37:30Z,2025-07-24T07:05:12Z,TypeScript
567847589,toptal126,hardhat-typechain-starter,https://github.com/toptal126/hardhat-typechain-starter,10,0,2022-11-18T18:13:47Z,2025-07-15T05:40:10Z,TypeScript
754774927,fanatic75,nestjs-starter-template,https://github.com/fanatic75/nestjs-starter-template,10,1,2024-02-08T18:39:39Z,2025-03-23T09:56:43Z,TypeScript
212821897,aulasoftwarelibre,nestjs-ddd-cqrs-es,https://github.com/aulasoftwarelibre/nestjs-ddd-cqrs-es,10,3,2019-10-04T13:31:47Z,2025-07-05T17:45:51Z,TypeScript
785774961,zett-8,hono-react-router,https://github.com/zett-8/hono-react-router,10,4,2024-04-12T15:41:50Z,2025-08-05T10:39:02Z,TypeScript
786228615,basehub-ai,help-center-template,https://github.com/basehub-ai/help-center-template,10,4,2024-04-13T20:05:32Z,2025-06-13T03:09:36Z,TypeScript
956246325,eldinor,bp800,https://github.com/eldinor/bp800,10,4,2025-03-27T23:56:37Z,2025-07-14T16:49:16Z,TypeScript
598889435,ansh,express-prisma-trpc-starter,https://github.com/ansh/express-prisma-trpc-starter,10,1,2023-02-08T02:14:18Z,2025-04-05T12:42:52Z,TypeScript
629198806,matteocelani,next-dApp,https://github.com/matteocelani/next-dApp,10,4,2023-04-17T20:41:05Z,2025-08-07T03:01:35Z,TypeScript
588476923,MoomFE-Starter-Template,UniApp-Base,https://github.com/MoomFE-Starter-Template/UniApp-Base,10,2,2023-01-13T08:05:11Z,2025-07-24T02:40:06Z,TypeScript
660988048,ThijnK,discord-bot-template-ts,https://github.com/ThijnK/discord-bot-template-ts,10,3,2023-07-01T12:39:10Z,2025-05-20T02:06:56Z,TypeScript
186357522,ukonpower,three-template-ts,https://github.com/ukonpower/three-template-ts,10,3,2019-05-13T06:20:55Z,2023-06-19T18:10:58Z,TypeScript
163966822,web-steel,koa-api-skeleton,https://github.com/web-steel/koa-api-skeleton,10,1,2019-01-03T11:53:50Z,2022-09-28T17:15:52Z,TypeScript
387071478,gianko,vite-threejs-ts,https://github.com/gianko/vite-threejs-ts,10,1,2021-07-18T02:06:47Z,2023-08-12T14:51:11Z,TypeScript
214811459,alepacheco,expo-zeit,https://github.com/alepacheco/expo-zeit,10,2,2019-10-13T11:53:59Z,2020-04-05T18:27:37Z,TypeScript
320681157,jasonsturges,babylonjs-sveltekit,https://github.com/jasonsturges/babylonjs-sveltekit,10,4,2020-12-11T20:50:16Z,2024-01-24T02:03:34Z,TypeScript
715160690,tinacms,tina-self-hosted-ssg-demo,https://github.com/tinacms/tina-self-hosted-ssg-demo,10,4,2023-11-06T15:41:07Z,2025-06-19T01:32:07Z,TypeScript
809718145,Nagarehazh,skeleton-ddd-bun-hono-typescript,https://github.com/Nagarehazh/skeleton-ddd-bun-hono-typescript,10,0,2024-06-03T10:12:16Z,2025-05-30T12:08:51Z,TypeScript
979609611,Crazytieguy,fullstack-vibe-coding-template,https://github.com/Crazytieguy/fullstack-vibe-coding-template,10,3,2025-05-07T19:31:38Z,2025-07-24T12:15:12Z,TypeScript
543993233,ahmedali8,foundry-hardhat-template,https://github.com/ahmedali8/foundry-hardhat-template,10,2,2022-10-01T10:58:38Z,2025-08-02T11:49:45Z,TypeScript
174318949,LegacyTemplates,vue-lite,https://github.com/LegacyTemplates/vue-lite,10,4,2019-03-07T10:01:37Z,2023-11-20T03:01:45Z,TypeScript
261029872,ldiego73,node-microservices-template,https://github.com/ldiego73/node-microservices-template,10,2,2020-05-03T22:06:22Z,2023-07-13T15:56:31Z,TypeScript
458387623,nicklima,strapi-blog-frontend-next,https://github.com/nicklima/strapi-blog-frontend-next,10,0,2022-02-12T01:13:18Z,2025-06-15T07:35:07Z,TypeScript
100124069,TaitoUnited,react-native-template,https://github.com/TaitoUnited/react-native-template,10,1,2017-08-12T16:23:04Z,2025-07-28T08:16:14Z,TypeScript
299091953,jetbridge,typescript-cdk-template,https://github.com/jetbridge/typescript-cdk-template,10,1,2020-09-27T18:17:53Z,2025-06-24T04:57:45Z,TypeScript
520252535,dblodorn,blocksyncer,https://github.com/dblodorn/blocksyncer,10,2,2022-08-01T20:25:06Z,2022-08-14T20:35:27Z,TypeScript
267020799,alaadotsol,next-typescript-tailwind,https://github.com/alaadotsol/next-typescript-tailwind,10,2,2020-05-26T11:08:27Z,2023-04-24T01:24:07Z,TypeScript
851308820,ilyichv,shadcn-registry-template,https://github.com/ilyichv/shadcn-registry-template,10,1,2024-09-02T21:04:40Z,2025-04-01T23:51:48Z,TypeScript
918698676,StalkerRaftik,cloudflare-web-app-template,https://github.com/StalkerRaftik/cloudflare-web-app-template,10,3,2025-01-18T16:17:22Z,2025-06-20T21:50:01Z,TypeScript
554796134,sankeyangshu,galaxy-admin-react,https://github.com/sankeyangshu/galaxy-admin-react,10,2,2022-10-20T12:11:17Z,2025-07-09T03:31:47Z,TypeScript
782077501,danimai-org,nestjs-series,https://github.com/danimai-org/nestjs-series,10,2,2024-04-04T15:39:06Z,2025-03-12T05:05:10Z,TypeScript
650734961,codescouts-academy,react-clean-architecture,https://github.com/codescouts-academy/react-clean-architecture,10,1,2023-06-07T17:37:05Z,2025-06-12T14:43:49Z,TypeScript
646089558,hunghg255,microbundle-package-template,https://github.com/hunghg255/microbundle-package-template,10,1,2023-05-27T08:49:33Z,2024-02-07T03:23:13Z,TypeScript
203397787,tsedio,tsed-example-aws,https://github.com/tsedio/tsed-example-aws,10,3,2019-08-20T14:53:49Z,2025-04-16T19:02:16Z,TypeScript
522209746,Eudritch,clean-tauri-sveltekit,https://github.com/Eudritch/clean-tauri-sveltekit,10,1,2022-08-07T12:42:11Z,2025-04-16T05:48:32Z,TypeScript
918818125,craft-code-club,blog-c3,https://github.com/craft-code-club/blog-c3,10,4,2025-01-18T23:38:29Z,2025-08-07T20:45:49Z,TypeScript
655054003,Pfed-prog,Mantine-Web3-Template,https://github.com/Pfed-prog/Mantine-Web3-Template,10,1,2023-06-17T18:29:51Z,2025-03-25T11:31:59Z,TypeScript
525967763,winstonrc,threejs-typescript-template,https://github.com/winstonrc/threejs-typescript-template,10,2,2022-08-17T22:06:08Z,2024-06-06T00:44:12Z,TypeScript
442910395,vue-bridge,template-monorepo,https://github.com/vue-bridge/template-monorepo,10,0,2021-12-29T22:59:04Z,2024-12-16T11:55:24Z,TypeScript
847326329,Tekipeps,chrome-extension-template,https://github.com/Tekipeps/chrome-extension-template,10,0,2024-08-25T14:05:59Z,2024-08-30T21:05:53Z,TypeScript
388662997,KingOKarma,discord.js-v13TS-template,https://github.com/KingOKarma/discord.js-v13TS-template,10,1,2021-07-23T03:13:30Z,2022-11-19T03:08:58Z,TypeScript
441356551,hiterm,web-ext-react-template,https://github.com/hiterm/web-ext-react-template,11,0,2021-12-24T03:34:20Z,2025-06-08T15:57:16Z,TypeScript
751948210,Quinntas,express-template,https://github.com/Quinntas/express-template,10,0,2024-02-02T17:17:43Z,2024-10-29T04:41:43Z,TypeScript
439609833,open-template-hub,sms-server-template,https://github.com/open-template-hub/sms-server-template,10,1,2021-12-18T12:30:57Z,2025-05-17T21:33:48Z,TypeScript
236309794,SquashConsulting,foxx_typescript,https://github.com/SquashConsulting/foxx_typescript,10,1,2020-01-26T12:34:09Z,2022-06-05T23:34:32Z,TypeScript
642806037,CodelyTV,typescript-react_library-vite_template,https://github.com/CodelyTV/typescript-react_library-vite_template,10,1,2023-05-19T11:41:54Z,2025-07-14T09:46:46Z,TypeScript
990491156,Pandoks,svelteplex,https://github.com/Pandoks/svelteplex,10,1,2025-05-26T07:39:26Z,2025-08-04T16:17:36Z,TypeScript
465699285,nordhealth,react-example-project,https://github.com/nordhealth/react-example-project,10,2,2022-03-03T11:54:53Z,2025-05-19T09:17:14Z,TypeScript
949090217,carlosazaustre,vite-template-react-czstr,https://github.com/carlosazaustre/vite-template-react-czstr,10,1,2025-03-15T16:49:12Z,2025-03-23T16:17:52Z,TypeScript
884030994,wellwelwel,google-sheets-giveaway-template,https://github.com/wellwelwel/google-sheets-giveaway-template,10,0,2024-11-06T02:26:39Z,2024-11-13T14:32:12Z,TypeScript
363464025,YernarT,react_template,https://github.com/YernarT/react_template,10,0,2021-05-01T17:05:51Z,2024-09-02T06:26:31Z,TypeScript
428081303,jakes-git,StacksNFTBot,https://github.com/jakes-git/StacksNFTBot,10,2,2021-11-15T01:03:43Z,2024-12-14T21:25:43Z,TypeScript
825753279,harshil1712,remix-d1-auth-template,https://github.com/harshil1712/remix-d1-auth-template,10,1,2024-07-08T12:33:20Z,2025-05-07T14:29:09Z,TypeScript
844056493,noxify,renoun-docs-template,https://github.com/noxify/renoun-docs-template,10,1,2024-08-18T08:43:41Z,2025-06-04T17:39:15Z,TypeScript
813497509,yunglocokid,FSD-Pure-React-Template,https://github.com/yunglocokid/FSD-Pure-React-Template,10,1,2024-06-11T07:48:52Z,2025-08-08T15:34:17Z,TypeScript
519905001,dgelineau,next-mantine-blog-template,https://github.com/dgelineau/next-mantine-blog-template,10,1,2022-07-31T22:59:51Z,2024-06-15T04:06:18Z,TypeScript
338387714,nayeem-17,express-api-template,https://github.com/nayeem-17/express-api-template,10,0,2021-02-12T17:33:23Z,2024-12-30T15:42:25Z,TypeScript
464891257,grepsedawk,horseshoe,https://github.com/grepsedawk/horseshoe,10,1,2022-03-01T12:50:33Z,2024-11-16T18:28:23Z,TypeScript
232540776,zendesk,sell-zaf-app-scaffold,https://github.com/zendesk/sell-zaf-app-scaffold,10,3,2020-01-08T10:44:17Z,2024-11-16T08:33:20Z,TypeScript
552462324,xsalazar,project-template,https://github.com/xsalazar/project-template,10,0,2022-10-16T16:46:03Z,2025-08-08T16:45:47Z,TypeScript
308432043,secundant,ts-monorepo-template,https://github.com/secundant/ts-monorepo-template,10,0,2020-10-29T19:40:22Z,2025-02-01T09:34:41Z,TypeScript
709546648,clerk,clerk-nextjs-demo-pages-router,https://github.com/clerk/clerk-nextjs-demo-pages-router,10,2,2023-10-24T22:45:10Z,2025-04-11T15:04:52Z,TypeScript
628934006,xiaopengRUNNING,vite-vue3-template,https://github.com/xiaopengRUNNING/vite-vue3-template,10,4,2023-04-17T09:28:50Z,2024-12-30T06:51:19Z,TypeScript
985217248,namhustle,nestjs-template,https://github.com/namhustle/nestjs-template,10,1,2025-05-17T09:56:43Z,2025-07-24T06:47:07Z,TypeScript
307523304,reime005,ReactNativeAnimatedBase,https://github.com/reime005/ReactNativeAnimatedBase,10,1,2020-10-26T22:44:35Z,2025-04-21T01:38:07Z,TypeScript
911685538,sergical,ai-chatbot-aws,https://github.com/sergical/ai-chatbot-aws,10,2,2025-01-03T15:51:10Z,2025-05-27T10:27:00Z,TypeScript
808733407,conorluddy,Residents,https://github.com/conorluddy/Residents,10,2,2024-05-31T17:41:47Z,2025-08-10T14:34:38Z,TypeScript
779515333,FurryR,scratch-ext,https://github.com/FurryR/scratch-ext,10,3,2024-03-30T02:59:44Z,2025-06-21T11:53:30Z,TypeScript
412849260,idea2app,Taro-Vant-MobX-ts,https://github.com/idea2app/Taro-Vant-MobX-ts,10,3,2021-10-02T16:22:03Z,2025-07-14T08:45:37Z,TypeScript
823668519,reallongnguyen,nestjs-vibe-coding,https://github.com/reallongnguyen/nestjs-vibe-coding,10,1,2024-07-03T13:27:50Z,2025-06-02T15:47:03Z,TypeScript
647265798,oliver3109,8thwall-vue3-threejs-boilerplate,https://github.com/oliver3109/8thwall-vue3-threejs-boilerplate,11,3,2023-05-30T12:13:28Z,2025-04-20T10:11:24Z,TypeScript
387805881,app-generator,api-server-nodejs-mongo,https://github.com/app-generator/api-server-nodejs-mongo,11,6,2021-07-20T13:46:03Z,2024-01-12T13:09:14Z,TypeScript
224700011,mmarinovic,react-typescript-boilerplate,https://github.com/mmarinovic/react-typescript-boilerplate,11,3,2019-11-28T17:20:43Z,2023-09-10T15:31:26Z,TypeScript
863648195,divineniiquaye,pho-monorepo,https://github.com/divineniiquaye/pho-monorepo,11,2,2024-09-26T16:55:28Z,2025-07-07T22:26:11Z,TypeScript
845189518,langchain-ai,langgraphjs-starter-template,https://github.com/langchain-ai/langgraphjs-starter-template,11,6,2024-08-20T18:57:00Z,2025-08-07T12:20:39Z,TypeScript
285651357,thisismydesign,cra-typescript-starter,https://github.com/thisismydesign/cra-typescript-starter,11,1,2020-08-06T19:13:05Z,2024-01-22T20:41:16Z,TypeScript
518840101,yunsii,starter-vite-react-library,https://github.com/yunsii/starter-vite-react-library,11,3,2022-07-28T12:36:53Z,2025-03-25T22:18:22Z,TypeScript
476568302,eth-salt-lake,web3-starter-kit,https://github.com/eth-salt-lake/web3-starter-kit,11,3,2022-04-01T04:03:42Z,2024-01-04T03:12:10Z,TypeScript
723022078,bryopsida,nextjs-mui-starter-template,https://github.com/bryopsida/nextjs-mui-starter-template,11,3,2023-11-24T13:47:24Z,2025-08-10T00:52:02Z,TypeScript
193070027,47ng,typescript-library-starter,https://github.com/47ng/typescript-library-starter,11,2,2019-06-21T09:25:50Z,2025-03-27T21:51:46Z,TypeScript
267695051,redimpulz,nextjs-typescript-starter,https://github.com/redimpulz/nextjs-typescript-starter,11,3,2020-05-28T20:57:09Z,2023-08-23T09:35:25Z,TypeScript
731498850,Ho-s,NextJS15-GraphQL-Boilerplate,https://github.com/Ho-s/NextJS15-GraphQL-Boilerplate,11,3,2023-12-14T08:11:57Z,2025-07-23T08:50:28Z,TypeScript
408775352,el3um4s,typescript-npm-package-starter,https://github.com/el3um4s/typescript-npm-package-starter,11,3,2021-09-21T10:24:32Z,2024-12-25T19:48:43Z,TypeScript
602141856,Archetipo95,my-nuxt-starter,https://github.com/Archetipo95/my-nuxt-starter,11,3,2023-02-15T15:28:51Z,2025-07-22T13:32:51Z,TypeScript
683739054,h-vien,react-ts-tailwind-vitest-boilerplate,https://github.com/h-vien/react-ts-tailwind-vitest-boilerplate,11,2,2023-08-27T14:52:36Z,2024-02-21T06:56:17Z,TypeScript
515947466,gjuchault,typescript-functional-service-starter,https://github.com/gjuchault/typescript-functional-service-starter,11,2,2022-07-20T11:06:51Z,2024-12-14T07:19:44Z,TypeScript
386996884,charliewilco,esm-ts-starter,https://github.com/charliewilco/esm-ts-starter,11,0,2021-07-17T17:12:45Z,2023-01-23T09:37:50Z,TypeScript
885669637,Slyker,svelte5-fivem-template,https://github.com/Slyker/svelte5-fivem-template,11,4,2024-11-09T04:35:49Z,2025-07-19T02:22:35Z,TypeScript
811920221,romancitodev,realtime-kit-nextjs,https://github.com/romancitodev/realtime-kit-nextjs,11,5,2024-06-07T15:05:53Z,2025-06-16T04:04:11Z,TypeScript
575179179,ttarnowski,ts-serverless-openapi-template,https://github.com/ttarnowski/ts-serverless-openapi-template,11,7,2022-12-06T23:39:55Z,2024-08-24T03:49:36Z,TypeScript
420063403,denis-avakov,worker-typescript-template,https://github.com/denis-avakov/worker-typescript-template,11,1,2021-10-22T10:52:42Z,2024-06-03T23:42:22Z,TypeScript
366122424,aavegotchi,aavegotchi-phaser-template,https://github.com/aavegotchi/aavegotchi-phaser-template,11,4,2021-05-10T17:21:32Z,2024-12-19T07:13:45Z,TypeScript
933262797,CodeGuide-dev,codeguide-vite-supabase,https://github.com/CodeGuide-dev/codeguide-vite-supabase,11,6,2025-02-15T14:45:56Z,2025-07-08T03:16:27Z,TypeScript
429929207,iainnash,example-gwei-optimized-minting-contract,https://github.com/iainnash/example-gwei-optimized-minting-contract,11,3,2021-11-19T20:43:26Z,2022-12-09T03:22:47Z,TypeScript
735162507,nickytonline,astro-partykit-starter,https://github.com/nickytonline/astro-partykit-starter,11,9,2023-12-23T22:16:24Z,2025-05-05T01:48:37Z,TypeScript
672956721,becem-gharbi,directus-starter,https://github.com/becem-gharbi/directus-starter,11,2,2023-07-31T14:41:32Z,2025-04-28T04:17:12Z,TypeScript
472839245,nirnejak,nextjs-typescript-saas,https://github.com/nirnejak/nextjs-typescript-saas,11,3,2022-03-22T16:08:17Z,2025-08-09T21:09:40Z,TypeScript
900258699,anoopkarnik,turborepo-saas-boilerplate-code,https://github.com/anoopkarnik/turborepo-saas-boilerplate-code,11,5,2024-12-08T10:05:31Z,2025-07-26T19:51:47Z,TypeScript
178261846,stressGC,ExpressJS-TypeScript-Starter-Kit,https://github.com/stressGC/ExpressJS-TypeScript-Starter-Kit,11,2,2019-03-28T18:34:34Z,2024-01-18T11:04:02Z,TypeScript
1011107875,novinbukannopin,nextjs-booster-starter,https://github.com/novinbukannopin/nextjs-booster-starter,11,3,2025-06-30T10:07:14Z,2025-07-13T11:23:46Z,TypeScript
973276734,cartel-sh,lens-starter,https://github.com/cartel-sh/lens-starter,11,1,2025-04-26T16:38:40Z,2025-07-22T18:12:52Z,TypeScript
434268347,terra-money,smart-contract-webapp-template,https://github.com/terra-money/smart-contract-webapp-template,11,16,2021-12-02T15:10:13Z,2024-01-21T22:29:02Z,TypeScript
490541601,mostafizurhimself,microservice-starter,https://github.com/mostafizurhimself/microservice-starter,11,1,2022-05-10T04:30:26Z,2023-02-09T11:43:31Z,TypeScript
466966229,hajimism,Next-daisy-Boilerplate,https://github.com/hajimism/Next-daisy-Boilerplate,11,1,2022-03-07T06:12:58Z,2024-06-29T12:29:18Z,TypeScript
370502333,HelioSilva,template-node-typescript,https://github.com/HelioSilva/template-node-typescript,11,13,2021-05-24T22:41:33Z,2024-11-04T18:29:56Z,TypeScript
957297167,vkuprin,lynx-tailwind-starter,https://github.com/vkuprin/lynx-tailwind-starter,11,0,2025-03-30T02:25:42Z,2025-06-27T12:24:22Z,TypeScript
471022352,yorickshan,three.js-vue3-template,https://github.com/yorickshan/three.js-vue3-template,11,0,2022-03-17T14:25:03Z,2025-01-16T01:31:08Z,TypeScript
919393592,rjvim,react-component-library-starter,https://github.com/rjvim/react-component-library-starter,11,1,2025-01-20T10:05:55Z,2025-07-01T15:53:17Z,TypeScript
225255740,adenh93,react-graphql-typescript-boilerplate,https://github.com/adenh93/react-graphql-typescript-boilerplate,11,2,2019-12-02T00:59:00Z,2021-12-22T14:17:39Z,TypeScript
579225635,wds4,electron-react-boilerplate-sqlite3,https://github.com/wds4/electron-react-boilerplate-sqlite3,11,0,2022-12-17T01:35:01Z,2024-06-26T21:00:28Z,TypeScript
749750529,code-hike,v1-starter,https://github.com/code-hike/v1-starter,11,3,2024-01-29T10:20:11Z,2025-04-15T17:47:18Z,TypeScript
463290482,rajgoesout,hardhat-foundry-starter,https://github.com/rajgoesout/hardhat-foundry-starter,11,1,2022-02-24T20:23:22Z,2023-12-24T17:43:43Z,TypeScript
194477591,abyssparanoia,nextjs-firebase-boilerplate,https://github.com/abyssparanoia/nextjs-firebase-boilerplate,11,2,2019-06-30T05:11:37Z,2024-09-29T06:42:03Z,TypeScript
730295438,FullStacksDev,angular-and-firebase-template,https://github.com/FullStacksDev/angular-and-firebase-template,11,5,2023-12-11T16:05:41Z,2025-07-24T14:37:19Z,TypeScript
401048555,snowdreamtech,vite-vue3-tsx-starter,https://github.com/snowdreamtech/vite-vue3-tsx-starter,11,1,2021-08-29T13:28:02Z,2025-02-14T11:07:29Z,TypeScript
333056075,linbudu599,Midway-GraphQL-Starter,https://github.com/linbudu599/Midway-GraphQL-Starter,11,3,2021-01-26T10:58:08Z,2023-05-20T18:38:47Z,TypeScript
907361464,tylerbarker,tanstack-bun-wasm-starter,https://github.com/tylerbarker/tanstack-bun-wasm-starter,11,1,2024-12-23T12:10:48Z,2025-08-07T01:23:36Z,TypeScript
417698466,filename24,djs-template,https://github.com/filename24/djs-template,11,5,2021-10-16T02:57:53Z,2024-03-18T04:44:36Z,TypeScript
449618078,markthree,node-lib-starter,https://github.com/markthree/node-lib-starter,11,2,2022-01-19T09:01:32Z,2025-02-18T08:24:13Z,TypeScript
522307725,yazaldefilimone,clean-arch-express-starter,https://github.com/yazaldefilimone/clean-arch-express-starter,11,0,2022-08-07T19:40:34Z,2025-07-08T14:56:26Z,TypeScript
1000184550,thaitype,react-spa-hono-template,https://github.com/thaitype/react-spa-hono-template,11,0,2025-06-11T11:48:29Z,2025-06-22T07:14:23Z,TypeScript
652490121,mantinedev,vite-vanilla-extract-template,https://github.com/mantinedev/vite-vanilla-extract-template,11,4,2023-06-12T07:18:27Z,2025-08-07T09:37:33Z,TypeScript
797073006,tushar1866,NTEM-Boilerplate,https://github.com/tushar1866/NTEM-Boilerplate,11,0,2024-05-07T06:32:17Z,2025-07-08T13:23:16Z,TypeScript
1027166955,udecode,better-convex,https://github.com/udecode/better-convex,11,1,2025-07-27T13:07:28Z,2025-08-08T13:09:59Z,TypeScript
748933380,kadetXx,tr-stack,https://github.com/kadetXx/tr-stack,11,1,2024-01-27T04:37:40Z,2025-01-25T09:34:06Z,TypeScript
398911478,alecdewitz,nestjs-typeorm-postgres-passport-starter,https://github.com/alecdewitz/nestjs-typeorm-postgres-passport-starter,11,2,2021-08-22T22:11:12Z,2024-07-31T13:31:31Z,TypeScript
272443697,norskeld,serpent,https://github.com/norskeld/serpent,11,0,2020-06-15T13:16:53Z,2024-09-03T20:45:47Z,TypeScript
636384616,sanity-io,sanity-template-angular-clean,https://github.com/sanity-io/sanity-template-angular-clean,11,6,2023-05-04T18:21:07Z,2025-07-24T14:37:03Z,TypeScript
987092567,pt-icp-hub,IC-Vibe-Coding-Template-Rust,https://github.com/pt-icp-hub/IC-Vibe-Coding-Template-Rust,11,17,2025-05-20T15:03:28Z,2025-07-19T12:39:40Z,TypeScript
377898813,nileshkant,type-express,https://github.com/nileshkant/type-express,11,3,2021-06-17T16:40:58Z,2025-05-21T01:26:48Z,TypeScript
517446374,jmlweb,tsnextstarter,https://github.com/jmlweb/tsnextstarter,11,0,2022-07-24T22:01:17Z,2024-02-22T04:22:41Z,TypeScript
548041266,ybrusentsov,react-ts-npm-package-boilerplate,https://github.com/ybrusentsov/react-ts-npm-package-boilerplate,11,1,2022-10-08T20:19:45Z,2023-07-18T12:44:41Z,TypeScript
834347991,bebeal,vite-amplify,https://github.com/bebeal/vite-amplify,11,6,2024-07-27T02:39:40Z,2025-07-08T18:17:05Z,TypeScript
882757938,dtedesco1,nextjs-markdown-boilerplate,https://github.com/dtedesco1/nextjs-markdown-boilerplate,11,0,2024-11-03T17:23:55Z,2025-04-09T18:30:11Z,TypeScript
624055484,alvinwilta,cloudflare-worker-boilerplate,https://github.com/alvinwilta/cloudflare-worker-boilerplate,11,0,2023-04-05T16:44:22Z,2025-07-02T10:01:42Z,TypeScript
471467294,savager,pnpm-monorepo-boilerplate,https://github.com/savager/pnpm-monorepo-boilerplate,11,2,2022-03-18T17:58:03Z,2025-03-02T12:02:25Z,TypeScript
472067579,milliorn,landing-page,https://github.com/milliorn/landing-page,11,5,2022-03-20T18:27:42Z,2025-04-13T18:55:22Z,TypeScript
210540494,uetchy,create-react-app-assembly-script,https://github.com/uetchy/create-react-app-assembly-script,11,2,2019-09-24T07:34:40Z,2025-07-24T23:13:02Z,TypeScript
394567943,Byndyusoft,nest-template,https://github.com/Byndyusoft/nest-template,11,2,2021-08-10T07:46:52Z,2025-01-31T10:27:53Z,TypeScript
748027598,zakiego,scraper-starter,https://github.com/zakiego/scraper-starter,11,0,2024-01-25T05:44:53Z,2024-11-16T19:04:29Z,TypeScript
883850653,Oungseik,ts-starter,https://github.com/Oungseik/ts-starter,11,1,2024-11-05T17:22:48Z,2025-08-07T09:42:32Z,TypeScript
984147670,wslyvh,fapp-starter,https://github.com/wslyvh/fapp-starter,11,0,2025-05-15T13:21:07Z,2025-06-25T18:46:34Z,TypeScript
779348495,qlaffont,starter-elysia,https://github.com/qlaffont/starter-elysia,11,0,2024-03-29T16:17:43Z,2025-08-03T21:50:57Z,TypeScript
469193091,unlock-protocol,unlock-with-next,https://github.com/unlock-protocol/unlock-with-next,11,4,2022-03-12T20:29:33Z,2023-05-29T06:00:35Z,TypeScript
553133783,tiagoboeing,nestjs-graphql-k8s-boilerplate,https://github.com/tiagoboeing/nestjs-graphql-k8s-boilerplate,11,1,2022-10-17T19:13:27Z,2025-08-10T19:48:54Z,TypeScript
420720624,nbilalis,react-vite-ts-eslint-prettier-template,https://github.com/nbilalis/react-vite-ts-eslint-prettier-template,11,3,2021-10-24T15:23:10Z,2024-08-22T07:55:15Z,TypeScript
322533501,andeya,TRRW-Chrome-Extension-Template,https://github.com/andeya/TRRW-Chrome-Extension-Template,11,5,2020-12-18T08:22:48Z,2024-01-17T14:51:51Z,TypeScript
366182111,ZeframLou,hardhat-template,https://github.com/ZeframLou/hardhat-template,11,2,2021-05-10T21:39:02Z,2022-11-13T09:04:12Z,TypeScript
808953017,Shreyas-29,nextjs-clerk-auth-starter,https://github.com/Shreyas-29/nextjs-clerk-auth-starter,11,0,2024-06-01T09:00:56Z,2025-02-03T01:30:29Z,TypeScript
262648773,urban-bot,urban-bot-starter-typescript,https://github.com/urban-bot/urban-bot-starter-typescript,11,2,2020-05-09T19:59:35Z,2025-01-21T11:29:10Z,TypeScript
330062859,midi-mixer,plugin-template,https://github.com/midi-mixer/plugin-template,11,2,2021-01-16T01:52:31Z,2024-07-31T04:02:36Z,TypeScript
482210175,Rickyoung221,chrome-extension-mv3-react-ts-hotReload-template,https://github.com/Rickyoung221/chrome-extension-mv3-react-ts-hotReload-template,11,4,2022-04-16T09:24:16Z,2025-01-28T07:04:32Z,TypeScript
647773300,inkdevhub,magink-dapp,https://github.com/inkdevhub/magink-dapp,11,3,2023-05-31T13:44:24Z,2025-05-22T18:13:32Z,TypeScript
694334968,Anmol-Baranwal,Nextjs-TypeScript-Tailwind-Template,https://github.com/Anmol-Baranwal/Nextjs-TypeScript-Tailwind-Template,11,5,2023-09-20T19:42:44Z,2025-03-12T21:50:12Z,TypeScript
651360385,WomB0ComB0,portfolio,https://github.com/WomB0ComB0/portfolio,11,0,2023-06-09T04:32:57Z,2025-07-27T07:38:29Z,TypeScript
461914327,jgunnink,typescript-cloud-function-template,https://github.com/jgunnink/typescript-cloud-function-template,11,3,2022-02-21T15:13:06Z,2025-08-04T19:50:13Z,TypeScript
493635114,Huniko519,Typescript-React-Template,https://github.com/Huniko519/Typescript-React-Template,11,0,2022-05-18T11:32:16Z,2024-09-24T18:36:28Z,TypeScript
918381034,podcodar,fullstack-template,https://github.com/podcodar/fullstack-template,11,1,2025-01-17T20:14:09Z,2025-07-29T16:55:46Z,TypeScript
376191122,int128,typescript-action,https://github.com/int128/typescript-action,11,2,2021-06-12T03:12:37Z,2025-08-10T14:08:39Z,TypeScript
983671744,ressiws,typescript-template-pnpm,https://github.com/ressiws/typescript-template-pnpm,11,1,2025-05-14T18:26:52Z,2025-08-03T10:27:33Z,TypeScript
354543762,efd1006,nestjs-scaffold,https://github.com/efd1006/nestjs-scaffold,11,2,2021-04-04T12:57:46Z,2025-02-04T04:39:45Z,TypeScript
690015944,ws-rush,reactive,https://github.com/ws-rush/reactive,11,2,2023-09-11T11:24:19Z,2025-06-20T21:24:14Z,TypeScript
214456420,lightbasenl,scaffold,https://github.com/lightbasenl/scaffold,11,2,2019-10-11T14:25:26Z,2025-07-22T19:05:54Z,TypeScript
532533245,maykonsousa,template-react,https://github.com/maykonsousa/template-react,11,2,2022-09-04T12:25:41Z,2022-10-13T17:11:26Z,TypeScript
533844852,arklnk,ark-admin-vuenext-pure,https://github.com/arklnk/ark-admin-vuenext-pure,11,3,2022-09-07T16:17:27Z,2025-04-06T19:29:07Z,TypeScript
980397484,9d8dev,ishi,https://github.com/9d8dev/ishi,11,0,2025-05-09T04:11:22Z,2025-07-31T13:26:02Z,TypeScript
849655055,mateoroldos,sveltekit-effect-template,https://github.com/mateoroldos/sveltekit-effect-template,11,0,2024-08-30T01:57:42Z,2025-08-05T00:42:28Z,TypeScript
847863850,Faire,next.js-localized,https://github.com/Faire/next.js-localized,11,1,2024-08-26T17:33:52Z,2025-05-21T12:22:19Z,TypeScript
924283747,morewings,next-card,https://github.com/morewings/next-card,11,1,2025-01-29T18:25:08Z,2025-07-15T15:08:44Z,TypeScript
454834526,cTux,vitejs-react-ts-template,https://github.com/cTux/vitejs-react-ts-template,11,0,2022-02-02T15:43:17Z,2025-07-22T16:47:27Z,TypeScript
803909203,phaserjs,template-remix,https://github.com/phaserjs/template-remix,11,2,2024-05-21T15:35:16Z,2025-05-23T16:05:14Z,TypeScript
836365963,yuheiy,internal-library-reference-stats,https://github.com/yuheiy/internal-library-reference-stats,11,0,2024-07-31T17:35:21Z,2024-10-20T11:29:22Z,TypeScript
835074518,MaddyGuthridge,1531-template,https://github.com/MaddyGuthridge/1531-template,11,0,2024-07-29T05:37:35Z,2025-06-23T01:26:23Z,TypeScript
838396479,clerk,clerk-tanstack-react-start-quickstart,https://github.com/clerk/clerk-tanstack-react-start-quickstart,11,4,2024-08-05T14:56:35Z,2025-07-16T20:22:33Z,TypeScript
308142667,vilsonfcastilho,tsexpress,https://github.com/vilsonfcastilho/tsexpress,11,0,2020-10-28T21:15:18Z,2024-06-16T15:38:43Z,TypeScript
464004883,dustinsgoodman,serverless-microservices-graphql-template,https://github.com/dustinsgoodman/serverless-microservices-graphql-template,11,0,2022-02-27T01:01:33Z,2023-07-27T12:08:01Z,TypeScript
644972277,yumemi-inc,typescript-action-template,https://github.com/yumemi-inc/typescript-action-template,11,0,2023-05-24T16:32:01Z,2023-10-23T15:49:54Z,TypeScript
464438594,RainySystems,RS-Webapp-Template-Nextjs,https://github.com/RainySystems/RS-Webapp-Template-Nextjs,11,0,2022-02-28T10:34:35Z,2025-02-17T16:35:13Z,TypeScript
689785673,fellipeutaka,next-template,https://github.com/fellipeutaka/next-template,11,0,2023-09-10T22:15:17Z,2025-04-03T20:34:42Z,TypeScript
778361029,VictorBDias,mobile-tmp,https://github.com/VictorBDias/mobile-tmp,11,1,2024-03-27T15:21:55Z,2025-05-16T00:23:28Z,TypeScript
664795873,satelllte,remotion-template,https://github.com/satelllte/remotion-template,11,0,2023-07-10T19:09:25Z,2024-10-27T16:42:14Z,TypeScript
808299631,liwoo,cell-connect,https://github.com/liwoo/cell-connect,11,4,2024-05-30T19:27:50Z,2025-06-25T10:42:51Z,TypeScript
364865751,casperiv0,discord-bot-template,https://github.com/casperiv0/discord-bot-template,11,0,2021-05-06T10:05:14Z,2024-10-06T20:27:13Z,TypeScript
1033638953,ytton,ai-mcp-web-template,https://github.com/ytton/ai-mcp-web-template,11,0,2025-08-07T06:03:30Z,2025-08-10T05:07:43Z,TypeScript
659897925,jovicon,nestjs-clean-architecture-event-driven-template,https://github.com/jovicon/nestjs-clean-architecture-event-driven-template,11,1,2023-06-28T20:03:21Z,2025-06-15T13:02:18Z,TypeScript
293641157,arevi,express-mongo-license-api-template,https://github.com/arevi/express-mongo-license-api-template,11,0,2020-09-07T22:02:31Z,2025-04-23T19:48:13Z,TypeScript
183850434,mizdra,npm-package-template,https://github.com/mizdra/npm-package-template,11,0,2019-04-28T03:26:47Z,2025-06-18T03:48:29Z,TypeScript
640649057,rtivital,fastify-template,https://github.com/rtivital/fastify-template,11,1,2023-05-14T19:22:40Z,2024-10-27T11:03:14Z,TypeScript
748047540,gluestack,gluestack-expo-nativewind-v4-template,https://github.com/gluestack/gluestack-expo-nativewind-v4-template,11,0,2024-01-25T06:51:37Z,2025-06-23T20:17:10Z,TypeScript
955182662,Xazu001,react-router-cf,https://github.com/Xazu001/react-router-cf,11,1,2025-03-26T08:37:29Z,2025-08-08T16:13:35Z,TypeScript
509539748,kazura233,react-monorepo-project-template,https://github.com/kazura233/react-monorepo-project-template,11,1,2022-07-01T17:35:29Z,2025-08-02T20:23:35Z,TypeScript
592101485,public-assembly,caisson,https://github.com/public-assembly/caisson,11,1,2023-01-22T22:50:21Z,2025-04-26T17:49:08Z,TypeScript
702405506,menloresearch,extension-template,https://github.com/menloresearch/extension-template,11,1,2023-10-09T08:59:33Z,2025-07-08T14:33:31Z,TypeScript
267513802,PubNubDevelopers,chat-component-app-live-event,https://github.com/PubNubDevelopers/chat-component-app-live-event,11,2,2020-05-28T06:40:58Z,2025-03-13T15:33:06Z,TypeScript
507372166,yumikodev,discord.ts-bot,https://github.com/yumikodev/discord.ts-bot,11,1,2022-06-25T17:14:36Z,2025-06-04T11:52:06Z,TypeScript
515522439,riipandi,remix-start,https://github.com/riipandi/remix-start,11,1,2022-07-19T09:39:15Z,2025-01-29T21:11:47Z,TypeScript
565550507,blazejsewera,pocketbase-mantine-template,https://github.com/blazejsewera/pocketbase-mantine-template,11,0,2022-11-13T18:59:09Z,2025-04-09T13:34:49Z,TypeScript
742664884,bbcvc,monorepo,https://github.com/bbcvc/monorepo,11,3,2024-01-13T02:06:06Z,2025-08-10T11:01:33Z,TypeScript
394479546,TOKTOKHAN-DEV,next-init-2.0,https://github.com/TOKTOKHAN-DEV/next-init-2.0,11,3,2021-08-10T00:28:52Z,2025-06-20T07:27:24Z,TypeScript
577517345,ebg1223,t3-tamagui,https://github.com/ebg1223/t3-tamagui,11,1,2022-12-12T23:04:03Z,2025-07-02T07:44:01Z,TypeScript
1007866281,wolfgames,ModuleTemplate,https://github.com/wolfgames/ModuleTemplate,11,0,2025-06-24T16:47:11Z,2025-07-31T02:15:46Z,TypeScript
624350488,rojiwon123,safe-nest-template,https://github.com/rojiwon123/safe-nest-template,11,1,2023-04-06T09:19:59Z,2025-03-11T07:39:58Z,TypeScript
821598340,s-shemmee,My-Portfolio-Website,https://github.com/s-shemmee/My-Portfolio-Website,11,1,2024-06-28T23:23:00Z,2025-06-17T18:01:31Z,TypeScript
541880457,lightningrodlabs,electron-holochain-template,https://github.com/lightningrodlabs/electron-holochain-template,11,1,2022-09-27T03:06:59Z,2024-04-10T13:19:11Z,TypeScript
767033624,xleron,next-auth-v5-boilerplate,https://github.com/xleron/next-auth-v5-boilerplate,12,6,2024-03-04T15:30:20Z,2025-08-02T02:53:58Z,TypeScript
896274642,D3Portillo,arbitrum-stylus-starter-c,https://github.com/D3Portillo/arbitrum-stylus-starter-c,12,28,2024-11-29T23:50:40Z,2025-02-04T20:50:13Z,TypeScript
449892687,hack4impact-upenn,boilerplate-s2022,https://github.com/hack4impact-upenn/boilerplate-s2022,12,11,2022-01-19T23:49:13Z,2025-04-08T16:26:26Z,TypeScript
432353686,Black-Axe,TSMongoExpressTokensBoiler,https://github.com/Black-Axe/TSMongoExpressTokensBoiler,12,9,2021-11-27T02:58:56Z,2024-08-07T08:11:33Z,TypeScript
441145642,sahli-interactive,next-storyblok-template,https://github.com/sahli-interactive/next-storyblok-template,12,2,2021-12-23T10:34:13Z,2025-06-27T08:11:13Z,TypeScript
483030531,mbirali,angular-starter,https://github.com/mbirali/angular-starter,12,6,2022-04-18T23:39:11Z,2025-08-02T06:04:31Z,TypeScript
483565702,saisilinus,react-redux-typescript-boilerplate,https://github.com/saisilinus/react-redux-typescript-boilerplate,12,8,2022-04-20T08:14:19Z,2024-08-18T21:00:41Z,TypeScript
452089944,tuanlc,express-prisma-postgresql-boilerplate,https://github.com/tuanlc/express-prisma-postgresql-boilerplate,12,5,2022-01-26T00:33:24Z,2025-08-08T11:47:26Z,TypeScript
408677755,avneesh0612,next-starter,https://github.com/avneesh0612/next-starter,12,3,2021-09-21T03:40:16Z,2024-08-25T21:46:27Z,TypeScript
870895962,hex-digital,lucidity-next-sanity-starter,https://github.com/hex-digital/lucidity-next-sanity-starter,12,4,2024-10-10T21:35:33Z,2025-08-06T19:52:57Z,TypeScript
581230121,use-cardano,cardano-starter-kit,https://github.com/use-cardano/cardano-starter-kit,12,6,2022-12-22T16:06:34Z,2024-12-01T07:52:54Z,TypeScript
860086894,basementstudio,ogl-starter,https://github.com/basementstudio/ogl-starter,12,3,2024-09-19T19:49:46Z,2025-06-28T03:57:55Z,TypeScript
630684548,helpscout,app-template,https://github.com/helpscout/app-template,12,8,2023-04-20T23:28:29Z,2025-08-09T04:26:12Z,TypeScript
857808369,hgabor,nestjs-keret-2024,https://github.com/hgabor/nestjs-keret-2024,12,6,2024-09-15T17:00:05Z,2025-06-01T08:04:05Z,TypeScript
529895031,Flower-F,vitesse-react,https://github.com/Flower-F/vitesse-react,12,3,2022-08-28T15:02:38Z,2024-12-06T06:26:38Z,TypeScript
500923003,iamdevmarcos,Nextjs-Boilerplate,https://github.com/iamdevmarcos/Nextjs-Boilerplate,12,3,2022-06-07T16:38:04Z,2024-03-12T22:52:32Z,TypeScript
731793870,strudel-science,strudel-kit,https://github.com/strudel-science/strudel-kit,12,9,2023-12-14T22:30:52Z,2025-06-27T03:44:45Z,TypeScript
366898990,ChamsBouzaiene,react-component-lib-boilerplate,https://github.com/ChamsBouzaiene/react-component-lib-boilerplate,12,1,2021-05-13T01:25:13Z,2024-08-21T13:07:37Z,TypeScript
557358620,subsquid-labs,squid-evm-template,https://github.com/subsquid-labs/squid-evm-template,12,7,2022-10-25T14:43:37Z,2024-10-30T15:50:12Z,TypeScript
346870622,scale-tone,durable-mvc-starter,https://github.com/scale-tone/durable-mvc-starter,12,3,2021-03-11T23:36:17Z,2024-07-16T21:13:21Z,TypeScript
476312690,AlexSwtlsk,nuxt4-custom,https://github.com/AlexSwtlsk/nuxt4-custom,12,3,2022-03-31T13:14:55Z,2025-05-21T14:52:53Z,TypeScript
773957285,BootNodeDev,dAppBooster,https://github.com/BootNodeDev/dAppBooster,12,3,2024-03-18T17:35:49Z,2025-06-27T19:27:16Z,TypeScript
332213469,nusr,react-esbuild-boilerplate,https://github.com/nusr/react-esbuild-boilerplate,12,3,2021-01-23T13:12:02Z,2024-05-21T03:54:19Z,TypeScript
384375260,tjx666,electron-vue-vite-boilerplate,https://github.com/tjx666/electron-vue-vite-boilerplate,12,0,2021-07-09T08:39:28Z,2025-03-12T00:59:59Z,TypeScript
375470499,gitpod-samples,template-typescript-react,https://github.com/gitpod-samples/template-typescript-react,12,93,2021-06-09T19:39:37Z,2023-02-23T12:34:41Z,TypeScript
465333346,SahanAmarsha,react-materialui-starter-app,https://github.com/SahanAmarsha/react-materialui-starter-app,12,5,2022-03-02T14:12:03Z,2024-12-19T05:45:51Z,TypeScript
891517727,OreQr,next-clean-boilerplate,https://github.com/OreQr/next-clean-boilerplate,12,0,2024-11-20T13:31:35Z,2025-05-31T19:13:28Z,TypeScript
825407458,bonniss,refine-mantine-v7,https://github.com/bonniss/refine-mantine-v7,12,2,2024-07-07T17:22:05Z,2025-05-22T21:57:50Z,TypeScript
728082057,gluestack,gluestack-ui-design-system,https://github.com/gluestack/gluestack-ui-design-system,12,3,2023-12-06T07:31:51Z,2025-04-22T22:59:39Z,TypeScript
846394260,austinm911,tanstack-monorepo,https://github.com/austinm911/tanstack-monorepo,12,1,2024-08-23T05:43:11Z,2025-08-10T19:15:08Z,TypeScript
713570116,sametcn99,nextui-blog-template,https://github.com/sametcn99/nextui-blog-template,12,4,2023-11-02T19:40:43Z,2025-07-22T19:49:06Z,TypeScript
842340658,Mihir2423,next-js-auth-starter,https://github.com/Mihir2423/next-js-auth-starter,12,0,2024-08-14T06:41:30Z,2025-07-30T17:06:36Z,TypeScript
677063029,teamhanko,hanko-nextjs-starter,https://github.com/teamhanko/hanko-nextjs-starter,12,4,2023-08-10T16:41:31Z,2025-05-27T13:46:08Z,TypeScript
832006389,onlyjscom,express-jwt-refresh-boilerplate,https://github.com/onlyjscom/express-jwt-refresh-boilerplate,12,2,2024-07-22T07:01:05Z,2025-07-23T19:00:22Z,TypeScript
412372824,yehezkielgunawan,yehez-nextchakra-starter,https://github.com/yehezkielgunawan/yehez-nextchakra-starter,12,0,2021-10-01T07:34:34Z,2024-07-18T13:37:24Z,TypeScript
462668137,project-error,npwd-app-template,https://github.com/project-error/npwd-app-template,12,11,2022-02-23T09:33:40Z,2024-12-30T11:39:47Z,TypeScript
563054936,nirtamir2,solid-start-starter,https://github.com/nirtamir2/solid-start-starter,12,1,2022-11-07T20:14:26Z,2023-10-06T14:13:25Z,TypeScript
384915077,lmachens,overwolf-boilerplate,https://github.com/lmachens/overwolf-boilerplate,12,0,2021-07-11T10:06:42Z,2025-02-12T14:25:36Z,TypeScript
643564304,productdevbookcom,nuxt-bundle-template,https://github.com/productdevbookcom/nuxt-bundle-template,12,1,2023-05-21T15:06:49Z,2025-06-22T13:21:09Z,TypeScript
333084610,HackYourFuture,Assignments,https://github.com/HackYourFuture/Assignments,12,133,2021-01-26T12:54:16Z,2025-07-11T22:26:33Z,TypeScript
330880295,willhennessy,eth-app-typescript,https://github.com/willhennessy/eth-app-typescript,12,0,2021-01-19T06:02:45Z,2021-07-22T15:04:12Z,TypeScript
805657246,2skydev,electron-nestjs-react-vite-template,https://github.com/2skydev/electron-nestjs-react-vite-template,12,0,2024-05-25T05:13:12Z,2025-05-30T12:04:06Z,TypeScript
210552616,classmethod,liff-app-template,https://github.com/classmethod/liff-app-template,12,5,2019-09-24T08:34:32Z,2022-05-11T12:07:09Z,TypeScript
264668147,frandiox,cf-workers-boilerplate,https://github.com/frandiox/cf-workers-boilerplate,12,2,2020-05-17T13:05:49Z,2023-07-02T14:41:52Z,TypeScript
197806273,vtex-apps,example-payment-authorization-app,https://github.com/vtex-apps/example-payment-authorization-app,12,9,2019-07-19T16:13:41Z,2024-12-19T11:40:59Z,TypeScript
839549996,intentuilabs,remix,https://github.com/intentuilabs/remix,12,5,2024-08-07T20:59:50Z,2025-05-26T18:27:13Z,TypeScript
638734960,flippedcoder,dashboard-server,https://github.com/flippedcoder/dashboard-server,12,6,2023-05-10T01:58:02Z,2025-08-04T10:40:41Z,TypeScript
844007619,rochiyat,express-typescript-postgres-boilerplate,https://github.com/rochiyat/express-typescript-postgres-boilerplate,12,2,2024-08-18T05:04:42Z,2025-03-15T09:06:47Z,TypeScript
147360352,vickylance,phaser3-parcel-ts-starter,https://github.com/vickylance/phaser3-parcel-ts-starter,12,1,2018-09-04T14:36:15Z,2025-03-30T00:44:58Z,TypeScript
735097354,j1m-ryan,threejs-starter-bun,https://github.com/j1m-ryan/threejs-starter-bun,12,0,2023-12-23T16:48:38Z,2025-04-10T10:39:34Z,TypeScript
765913920,pAIrprogio,nestjs-gpt-action-api-template,https://github.com/pAIrprogio/nestjs-gpt-action-api-template,12,0,2024-03-01T21:43:32Z,2025-03-05T01:28:23Z,TypeScript
444266147,wangkaiwd,typescript-library-template,https://github.com/wangkaiwd/typescript-library-template,12,9,2022-01-04T02:52:40Z,2024-11-04T18:35:45Z,TypeScript
240087679,ofhouse,storybook-stencil-example,https://github.com/ofhouse/storybook-stencil-example,12,6,2020-02-12T18:41:32Z,2024-08-27T17:38:29Z,TypeScript
602680005,digisquad,react-toolbox,https://github.com/digisquad/react-toolbox,12,2,2023-02-16T18:07:34Z,2025-07-28T19:27:21Z,TypeScript
469395920,bakiwebdev,express-js-starter,https://github.com/bakiwebdev/express-js-starter,12,2,2022-03-13T14:29:35Z,2024-03-20T06:53:13Z,TypeScript
459552331,tobyab,conifer,https://github.com/tobyab/conifer,12,8,2022-02-15T11:36:29Z,2024-07-23T09:14:28Z,TypeScript
942258412,vibecode,mobile-template-1,https://github.com/vibecode/mobile-template-1,12,8,2025-03-03T20:35:15Z,2025-07-10T21:30:10Z,TypeScript
126377758,localyost3000,AngularPWASeed,https://github.com/localyost3000/AngularPWASeed,12,4,2018-03-22T18:19:46Z,2023-10-26T17:43:27Z,TypeScript
211659278,rayyildiz,go-react-template,https://github.com/rayyildiz/go-react-template,12,3,2019-09-29T12:25:45Z,2024-06-01T18:08:40Z,TypeScript
497196279,entwurfhaus,vite-vanilla-ts-module,https://github.com/entwurfhaus/vite-vanilla-ts-module,12,0,2022-05-28T02:54:42Z,2025-02-14T13:54:23Z,TypeScript
532396422,diegosilvadigital,template--next-ts,https://github.com/diegosilvadigital/template--next-ts,12,1,2022-09-03T23:34:13Z,2023-03-17T13:13:41Z,TypeScript
196955823,JoshuaToth,serverless-api-typescript-template,https://github.com/JoshuaToth/serverless-api-typescript-template,12,9,2019-07-15T08:20:38Z,2025-05-25T03:21:15Z,TypeScript
198008863,RainEggplant,express-mongoose-template,https://github.com/RainEggplant/express-mongoose-template,12,8,2019-07-21T03:46:21Z,2025-06-30T13:10:38Z,TypeScript
803682086,luqmanoop,bun-chrome-extension,https://github.com/luqmanoop/bun-chrome-extension,12,1,2024-05-21T07:34:04Z,2025-07-21T17:04:07Z,TypeScript
294697027,pshaddel,ts-express-prisma,https://github.com/pshaddel/ts-express-prisma,12,2,2020-09-11T13:03:41Z,2025-06-02T15:17:27Z,TypeScript
738009677,JDIZM,supabase-express-api,https://github.com/JDIZM/supabase-express-api,12,2,2024-01-02T07:42:06Z,2025-08-05T07:55:35Z,TypeScript
1001345984,depsimon,tanstack-start-cf,https://github.com/depsimon/tanstack-start-cf,12,1,2025-06-13T08:15:40Z,2025-08-03T10:06:24Z,TypeScript
917032252,Scrapybara,scrapybara-ts-template,https://github.com/Scrapybara/scrapybara-ts-template,12,5,2025-01-15T08:18:00Z,2025-08-06T06:23:23Z,TypeScript
917788425,danielreinhard1129,express-prisma-boilerplate,https://github.com/danielreinhard1129/express-prisma-boilerplate,12,1,2025-01-16T16:42:28Z,2025-06-26T11:44:02Z,TypeScript
384108304,MassivDash,typescript-react-express-esbuild,https://github.com/MassivDash/typescript-react-express-esbuild,12,0,2021-07-08T11:55:15Z,2024-05-06T11:22:43Z,TypeScript
428170283,gaoshang212,electron-vite-react-typescript,https://github.com/gaoshang212/electron-vite-react-typescript,12,1,2021-11-15T07:52:48Z,2023-06-05T12:31:25Z,TypeScript
356154515,eungyeole,typescript-next-recoil-boilerplate,https://github.com/eungyeole/typescript-next-recoil-boilerplate,12,0,2021-04-09T06:01:53Z,2022-06-10T06:47:09Z,TypeScript
766628027,kuraykaraaslan,expo-react-native-boilerplate,https://github.com/kuraykaraaslan/expo-react-native-boilerplate,12,1,2024-03-03T19:25:17Z,2025-07-18T14:15:46Z,TypeScript
393195953,serenity-js,serenity-js-mocha-webdriverio-template,https://github.com/serenity-js/serenity-js-mocha-webdriverio-template,12,6,2021-08-05T23:42:52Z,2025-08-08T21:36:40Z,TypeScript
536732881,TeemuKoivisto,sveltekit-monorepo-template,https://github.com/TeemuKoivisto/sveltekit-monorepo-template,12,0,2022-09-14T19:35:49Z,2025-03-30T15:59:59Z,TypeScript
560881518,nljms,aws-trbrp,https://github.com/nljms/aws-trbrp,12,2,2022-11-02T13:29:50Z,2025-01-28T05:43:07Z,TypeScript
879505201,cameronb23,tanstack-starter,https://github.com/cameronb23/tanstack-starter,12,1,2024-10-28T03:09:10Z,2025-07-08T17:17:53Z,TypeScript
730758778,DimplesY,nest-api-starter,https://github.com/DimplesY/nest-api-starter,12,1,2023-12-12T15:58:51Z,2025-07-09T16:12:43Z,TypeScript
621130303,BLamy,nextjs-ai-starter,https://github.com/BLamy/nextjs-ai-starter,12,0,2023-03-30T03:38:25Z,2023-10-19T17:13:32Z,TypeScript
342389861,marshallswain,feathers-vuex-vite-spa,https://github.com/marshallswain/feathers-vuex-vite-spa,12,4,2021-02-25T21:56:46Z,2023-07-27T21:28:21Z,TypeScript
786147700,TheSmartMonkey,create-hono-cloudflare-workers-rest-api,https://github.com/TheSmartMonkey/create-hono-cloudflare-workers-rest-api,12,5,2024-04-13T15:23:46Z,2025-08-09T04:53:06Z,TypeScript
172390920,Liinkiing,react-typescript-apollo-starter,https://github.com/Liinkiing/react-typescript-apollo-starter,12,0,2019-02-24T21:12:35Z,2020-04-14T23:34:10Z,TypeScript
472869532,eggheadio,portfolio-template-and-challenge,https://github.com/eggheadio/portfolio-template-and-challenge,12,4,2022-03-22T17:33:27Z,2025-03-24T22:45:52Z,TypeScript
300013030,Botcopy,dialogflow-custom-webhook-template,https://github.com/Botcopy/dialogflow-custom-webhook-template,12,4,2020-09-30T18:18:50Z,2025-04-30T04:17:50Z,TypeScript
840033968,nestjs-mod,nestjs-mod-fullstack,https://github.com/nestjs-mod/nestjs-mod-fullstack,12,1,2024-08-08T20:43:15Z,2025-07-29T05:18:50Z,TypeScript
459475643,wednesday-solutions,react-graphql-ts-template,https://github.com/wednesday-solutions/react-graphql-ts-template,12,13,2022-02-15T07:38:21Z,2024-08-21T06:27:45Z,TypeScript
668161944,hunghg255,unbuild-package-template,https://github.com/hunghg255/unbuild-package-template,12,1,2023-07-19T07:04:26Z,2024-10-07T02:24:34Z,TypeScript
632715311,R-unic,flamework-template,https://github.com/R-unic/flamework-template,12,1,2023-04-26T01:35:12Z,2025-07-31T09:48:24Z,TypeScript
522762841,rossrobino,blog,https://github.com/rossrobino/blog,12,2,2022-08-09T01:32:20Z,2025-07-10T12:56:29Z,TypeScript
278669528,Izoxy,adonis-nuxt-template,https://github.com/Izoxy/adonis-nuxt-template,12,3,2020-07-10T15:29:29Z,2025-01-19T18:01:56Z,TypeScript
591626512,massun-onibakuchi,hardhat-foundry-template,https://github.com/massun-onibakuchi/hardhat-foundry-template,12,2,2023-01-21T10:32:42Z,2023-02-12T17:35:24Z,TypeScript
922993987,ArvensisSystems,eth-template,https://github.com/ArvensisSystems/eth-template,12,1,2025-01-27T13:13:39Z,2025-04-29T01:43:56Z,TypeScript
614780614,VIPSHAKH,FreeUZ,https://github.com/VIPSHAKH/FreeUZ,12,0,2023-03-16T10:00:03Z,2025-02-18T07:04:35Z,TypeScript
512073035,SuhyeonP,Bun-Vite-React-Template,https://github.com/SuhyeonP/Bun-Vite-React-Template,12,1,2022-07-09T02:19:58Z,2024-07-13T02:07:12Z,TypeScript
364811539,vadxq,vite-vue-prod-template,https://github.com/vadxq/vite-vue-prod-template,12,0,2021-05-06T06:46:15Z,2024-01-31T09:47:19Z,TypeScript
344449750,kporten,template-react,https://github.com/kporten/template-react,12,1,2021-03-04T11:24:20Z,2023-11-05T10:43:57Z,TypeScript
495019975,hyodoblog,liff-nextjs-template,https://github.com/hyodoblog/liff-nextjs-template,12,3,2022-05-22T09:55:37Z,2024-06-12T02:21:25Z,TypeScript
179011769,remarkablegames,button-clicker,https://github.com/remarkablegames/button-clicker,12,6,2019-04-02T06:19:16Z,2025-08-11T01:16:32Z,TypeScript
610562532,arthur-rs,typescript-clean-arch-template,https://github.com/arthur-rs/typescript-clean-arch-template,12,1,2023-03-07T02:39:30Z,2024-07-31T00:39:39Z,TypeScript
648762826,tinyplex,vite-tinybase-ts,https://github.com/tinyplex/vite-tinybase-ts,12,1,2023-06-02T18:46:40Z,2025-08-09T23:07:09Z,TypeScript
407428956,app-generator,full-stack-generator,https://github.com/app-generator/full-stack-generator,12,3,2021-09-17T06:20:17Z,2023-07-09T23:42:31Z,TypeScript
648778103,tinyplex,vite-tinybase-ts-react,https://github.com/tinyplex/vite-tinybase-ts-react,12,0,2023-06-02T19:41:25Z,2025-04-01T15:36:09Z,TypeScript
646545669,dan5py,discordjs-template-ts,https://github.com/dan5py/discordjs-template-ts,12,0,2023-05-28T18:32:05Z,2025-05-20T02:06:02Z,TypeScript
366139912,kognise,next-barebones-template,https://github.com/kognise/next-barebones-template,12,1,2021-05-10T18:28:43Z,2024-11-29T12:48:58Z,TypeScript
303539101,Senofy,next-atomic-design,https://github.com/Senofy/next-atomic-design,12,0,2020-10-12T23:44:46Z,2025-07-15T16:33:24Z,TypeScript
749005918,woliveiras,vite-react-template,https://github.com/woliveiras/vite-react-template,12,1,2024-01-27T10:00:20Z,2024-12-04T10:38:14Z,TypeScript
653505537,worksofliam,nodejs-ibmi-app,https://github.com/worksofliam/nodejs-ibmi-app,12,1,2023-06-14T07:29:58Z,2025-06-25T14:31:43Z,TypeScript
407088407,open-template-hub,mail-server-template,https://github.com/open-template-hub/mail-server-template,12,0,2021-09-16T08:40:06Z,2023-12-17T04:46:12Z,TypeScript
836830333,frontendweb3,nextify,https://github.com/frontendweb3/nextify,12,1,2024-08-01T16:38:27Z,2025-08-08T15:03:28Z,TypeScript
731486940,cindersax,htmx-bun-login,https://github.com/cindersax/htmx-bun-login,12,0,2023-12-14T07:36:47Z,2025-05-31T05:04:32Z,TypeScript
797202307,neobrutalism-templates,windowed-portfolio,https://github.com/neobrutalism-templates/windowed-portfolio,12,0,2024-05-07T11:47:49Z,2025-06-26T21:37:19Z,TypeScript
616009839,CodeCompanionBE,code-companion-node-ts-template,https://github.com/CodeCompanionBE/code-companion-node-ts-template,12,1,2023-03-19T11:02:07Z,2025-07-06T05:18:34Z,TypeScript
470751763,tlaceby,electron-svelte,https://github.com/tlaceby/electron-svelte,12,1,2022-03-16T21:07:07Z,2025-07-17T22:09:00Z,TypeScript
657462430,Podskio,djs-next-dashboard,https://github.com/Podskio/djs-next-dashboard,12,1,2023-06-23T05:48:29Z,2025-07-22T23:30:15Z,TypeScript
468209853,resir014,remix-typescript-tailwind-quickstart,https://github.com/resir014/remix-typescript-tailwind-quickstart,12,1,2022-03-10T05:43:57Z,2022-03-16T01:03:21Z,TypeScript
497409745,franz-fletcher,tauri-react-native-web-template,https://github.com/franz-fletcher/tauri-react-native-web-template,12,0,2022-05-28T19:22:05Z,2025-04-01T14:58:18Z,TypeScript
326191025,alii,discord-landing-page,https://github.com/alii/discord-landing-page,12,0,2021-01-02T13:41:03Z,2025-03-18T11:37:25Z,TypeScript
399482400,idea2app,Next-Bootstrap-ts,https://github.com/idea2app/Next-Bootstrap-ts,12,3,2021-08-24T13:48:58Z,2025-06-17T17:57:57Z,TypeScript
479019356,anubra266,chakra-remix-stack-blues,https://github.com/anubra266/chakra-remix-stack-blues,12,1,2022-04-07T14:25:22Z,2023-07-16T05:30:13Z,TypeScript
810750652,yuangwei,mint-kit,https://github.com/yuangwei/mint-kit,12,0,2024-06-05T09:36:35Z,2025-08-02T06:42:38Z,TypeScript
522695777,dfdao,lightforest,https://github.com/dfdao/lightforest,12,1,2022-08-08T20:22:40Z,2023-09-10T13:54:04Z,TypeScript
448186739,eddedd88,nextjs-template,https://github.com/eddedd88/nextjs-template,12,1,2022-01-15T05:09:15Z,2025-08-02T03:59:39Z,TypeScript
337668234,wwwsolutions,solutions-nx-react-redux-template,https://github.com/wwwsolutions/solutions-nx-react-redux-template,12,2,2021-02-10T08:59:25Z,2025-02-01T19:19:18Z,TypeScript
657555442,stevan06v,portable-hidden-service,https://github.com/stevan06v/portable-hidden-service,12,0,2023-06-23T10:16:46Z,2025-01-24T03:08:12Z,TypeScript
740299003,seratch,slack-new-emoji-notification,https://github.com/seratch/slack-new-emoji-notification,12,1,2024-01-08T03:56:24Z,2025-07-24T07:05:16Z,TypeScript
829897297,mingi3314,blog-factory,https://github.com/mingi3314/blog-factory,12,2,2024-07-17T07:58:13Z,2025-06-03T03:39:38Z,TypeScript
816648498,myltx,Vue3-Screen,https://github.com/myltx/Vue3-Screen,12,1,2024-06-18T06:37:53Z,2025-08-05T16:10:23Z,TypeScript
1020442779,gracemann365,epiphany-cli-awaitFunding,https://github.com/gracemann365/epiphany-cli-awaitFunding,12,1,2025-07-15T22:00:55Z,2025-08-05T15:29:34Z,TypeScript
104633451,santoshshinde2012,react-redux-typescript-boilerplate,https://github.com/santoshshinde2012/react-redux-typescript-boilerplate,13,5,2017-09-24T09:40:23Z,2025-07-04T06:32:44Z,TypeScript
943855735,SelfMadeEngineerCode,microservices-go-starter,https://github.com/SelfMadeEngineerCode/microservices-go-starter,13,5,2025-03-06T11:30:03Z,2025-08-09T18:58:50Z,TypeScript
674759028,ensdomains,frontend-template,https://github.com/ensdomains/frontend-template,13,6,2023-08-04T17:45:35Z,2025-08-07T03:10:50Z,TypeScript
515960347,arviinmo,TNT-boilerplate,https://github.com/arviinmo/TNT-boilerplate,13,3,2022-07-20T11:49:13Z,2024-10-24T08:06:49Z,TypeScript
754186801,kimchouard,expo-nativewind-storybook-template,https://github.com/kimchouard/expo-nativewind-storybook-template,13,4,2024-02-07T15:12:29Z,2025-07-03T19:24:57Z,TypeScript
524102033,flexdinesh,keystone-static-blog,https://github.com/flexdinesh/keystone-static-blog,13,7,2022-08-12T13:40:26Z,2025-06-11T13:40:41Z,TypeScript
585741165,nuxt-themes,alpine-starter,https://github.com/nuxt-themes/alpine-starter,13,2,2023-01-06T00:23:41Z,2025-06-10T01:56:20Z,TypeScript
995577408,bakate,astro-theme-starter,https://github.com/bakate/astro-theme-starter,13,5,2025-06-03T17:39:36Z,2025-07-31T11:03:09Z,TypeScript
247895715,regisBafutwabo,react-apollo-client-boilerplate,https://github.com/regisBafutwabo/react-apollo-client-boilerplate,13,3,2020-03-17T06:27:35Z,2025-03-18T22:37:03Z,TypeScript
326435061,LimeChain,react-web3-boilerplate,https://github.com/LimeChain/react-web3-boilerplate,13,12,2021-01-03T15:12:22Z,2023-07-24T19:50:22Z,TypeScript
207181057,msallent,gatsby-starter-skeleton,https://github.com/msallent/gatsby-starter-skeleton,13,0,2019-09-08T22:23:10Z,2025-08-01T00:23:47Z,TypeScript
353118480,rodydavis,vite-lit-element-starter,https://github.com/rodydavis/vite-lit-element-starter,13,2,2021-03-30T19:29:11Z,2024-04-13T15:36:14Z,TypeScript
535541403,citizenll,godot-typescript-starter,https://github.com/citizenll/godot-typescript-starter,13,2,2022-09-12T06:39:58Z,2025-06-12T01:19:54Z,TypeScript
855458614,genzj,bun-ts-userscript-starter,https://github.com/genzj/bun-ts-userscript-starter,13,1,2024-09-10T22:43:23Z,2025-05-31T18:12:31Z,TypeScript
628472961,philparzer,builder-next-boilerplate,https://github.com/philparzer/builder-next-boilerplate,13,3,2023-04-16T03:42:43Z,2025-07-14T00:51:57Z,TypeScript
218690642,burner-wallet,sample-plugin,https://github.com/burner-wallet/sample-plugin,13,21,2019-10-31T05:26:03Z,2025-08-07T08:45:27Z,TypeScript
736050813,doinel1a,vite-react-ts-shadcn-ui,https://github.com/doinel1a/vite-react-ts-shadcn-ui,13,4,2023-12-26T21:04:51Z,2025-07-30T19:56:35Z,TypeScript
259492963,beeman,nx-nest-graphql,https://github.com/beeman/nx-nest-graphql,13,3,2020-04-28T00:52:32Z,2025-02-15T15:00:32Z,TypeScript
148480970,thingworx-field-work,ThingworxDemoWebpackWidget,https://github.com/thingworx-field-work/ThingworxDemoWebpackWidget,13,10,2018-09-12T13:00:44Z,2025-08-05T20:20:51Z,TypeScript
404256434,zhixiangyao,vite-react-ts-antd-starter,https://github.com/zhixiangyao/vite-react-ts-antd-starter,13,4,2021-09-08T07:42:45Z,2025-07-06T07:18:28Z,TypeScript
439661398,tbdsux,erb-tailwind,https://github.com/tbdsux/erb-tailwind,13,5,2021-12-18T16:22:42Z,2024-04-25T17:38:40Z,TypeScript
693637792,LanVukusic,mantine-supabase-template,https://github.com/LanVukusic/mantine-supabase-template,13,3,2023-09-19T12:23:53Z,2025-08-06T15:53:28Z,TypeScript
580817942,jdg2896,aws-sam-template-node-ts,https://github.com/jdg2896/aws-sam-template-node-ts,13,2,2022-12-21T14:25:32Z,2025-02-09T10:16:55Z,TypeScript
633982765,wrappid,wrappid-service,https://github.com/wrappid/wrappid-service,13,2,2023-04-28T18:27:10Z,2025-03-19T07:38:39Z,TypeScript
631099223,Chasty,expo-router-auth-navigation-template,https://github.com/Chasty/expo-router-auth-navigation-template,13,2,2023-04-21T23:47:42Z,2025-05-10T12:57:08Z,TypeScript
775057702,arpittiwari24,YourNextSaas.online,https://github.com/arpittiwari24/YourNextSaas.online,13,9,2024-03-20T17:22:28Z,2024-11-18T04:19:37Z,TypeScript
689332340,dayblox,bun,https://github.com/dayblox/bun,13,1,2023-09-09T13:28:28Z,2025-07-20T17:53:58Z,TypeScript
916839287,Gerome-Elassaad,nuxt-saas-template,https://github.com/Gerome-Elassaad/nuxt-saas-template,13,2,2025-01-14T21:17:42Z,2025-07-12T23:48:51Z,TypeScript
652501478,mantinedev,next-vanilla-extract-template,https://github.com/mantinedev/next-vanilla-extract-template,13,11,2023-06-12T07:48:51Z,2025-08-07T09:37:21Z,TypeScript
770209161,story-has-you,reavid-nextjs-template,https://github.com/story-has-you/reavid-nextjs-template,14,5,2024-03-11T06:22:27Z,2025-06-09T02:15:38Z,TypeScript
535003199,proudust,gas-deno-starter,https://github.com/proudust/gas-deno-starter,13,1,2022-09-10T13:16:19Z,2025-05-01T00:11:01Z,TypeScript
637684953,AbstractSDK,templates,https://github.com/AbstractSDK/templates,13,9,2023-05-08T07:39:41Z,2025-05-31T18:37:31Z,TypeScript
1005692520,Khidir-Karawita,nestjs-saas-tenant-boilerplate,https://github.com/Khidir-Karawita/nestjs-saas-tenant-boilerplate,13,1,2025-06-20T16:39:12Z,2025-08-07T22:46:30Z,TypeScript
843389989,John-pels,react-native-starter-template,https://github.com/John-pels/react-native-starter-template,13,1,2024-08-16T12:10:02Z,2025-07-27T09:30:01Z,TypeScript
444515533,GuptaSiddhant,remix-firebase-template,https://github.com/GuptaSiddhant/remix-firebase-template,13,1,2022-01-04T17:57:55Z,2024-12-22T17:17:54Z,TypeScript
552652833,FrankFang,micro-frontend-starter,https://github.com/FrankFang/micro-frontend-starter,13,2,2022-10-17T02:29:37Z,2023-11-21T10:31:54Z,TypeScript
284771844,Anitorious,electron-forge-typescript-webpack-react-starter,https://github.com/Anitorious/electron-forge-typescript-webpack-react-starter,13,1,2020-08-03T18:05:33Z,2025-04-10T04:47:04Z,TypeScript
683199343,fredygerman,next-js-directus-starter,https://github.com/fredygerman/next-js-directus-starter,13,3,2023-08-25T20:51:00Z,2025-05-22T20:55:38Z,TypeScript
266890956,rocketseat-education,gostack-template-reactjs-crud,https://github.com/rocketseat-education/gostack-template-reactjs-crud,13,29,2020-05-25T22:18:09Z,2023-05-05T20:39:17Z,TypeScript
712530986,jevakallio,cloudflare-pages-react-sqlite-starter,https://github.com/jevakallio/cloudflare-pages-react-sqlite-starter,13,1,2023-10-31T16:45:24Z,2025-03-13T05:57:47Z,TypeScript
263222035,rocketseat-education,gostack-template-typeorm-relations,https://github.com/rocketseat-education/gostack-template-typeorm-relations,13,28,2020-05-12T03:25:10Z,2023-05-05T20:39:15Z,TypeScript
751542901,umka-co,nextjs-website-starter,https://github.com/umka-co/nextjs-website-starter,13,0,2024-02-01T20:16:49Z,2025-02-25T17:29:45Z,TypeScript
533828910,whitenois3,rainplate,https://github.com/whitenois3/rainplate,13,1,2022-09-07T15:35:11Z,2024-06-18T06:33:53Z,TypeScript
462037343,ansonlichtfuss,remix-tailwind-threejs-template,https://github.com/ansonlichtfuss/remix-tailwind-threejs-template,13,1,2022-02-21T21:27:59Z,2025-07-05T10:44:00Z,TypeScript
752500433,ManuelGil,vscode-extension-starter-advanced,https://github.com/ManuelGil/vscode-extension-starter-advanced,13,1,2024-02-04T02:41:20Z,2025-05-19T12:19:57Z,TypeScript
525219935,zpm683,react-template-next,https://github.com/zpm683/react-template-next,13,5,2022-08-16T03:38:10Z,2025-07-25T05:52:11Z,TypeScript
434227371,eni4sure,nodejs-boilertemplate,https://github.com/eni4sure/nodejs-boilertemplate,13,10,2021-12-02T13:16:35Z,2025-02-14T20:31:48Z,TypeScript
405273013,remarkablemark,lerna-template,https://github.com/remarkablemark/lerna-template,13,4,2021-09-11T03:26:44Z,2025-01-23T11:44:22Z,TypeScript
460975811,pietrzakadrian,nestjs-authentication-full,https://github.com/pietrzakadrian/nestjs-authentication-full,13,6,2022-02-18T19:12:42Z,2025-03-24T15:19:53Z,TypeScript
871075761,AkashRajpurohit,go-react-typescript-template,https://github.com/AkashRajpurohit/go-react-typescript-template,13,1,2024-10-11T08:15:27Z,2025-08-06T19:38:49Z,TypeScript
172369294,hsyndeniz,react-native-ethereum-boilerplate,https://github.com/hsyndeniz/react-native-ethereum-boilerplate,13,1,2019-02-24T17:43:11Z,2023-12-03T14:31:29Z,TypeScript
749483585,FullProduct-dev,universal-app-router,https://github.com/FullProduct-dev/universal-app-router,13,0,2024-01-28T18:00:37Z,2025-06-10T06:39:59Z,TypeScript
618143450,pixel-point,nextjs-typescript-tailwind-starter,https://github.com/pixel-point/nextjs-typescript-tailwind-starter,13,1,2023-03-23T20:58:28Z,2024-09-09T08:35:12Z,TypeScript
725883422,OliverSpeir,astro-decap-starter-ssr,https://github.com/OliverSpeir/astro-decap-starter-ssr,13,3,2023-12-01T04:16:17Z,2025-03-30T18:49:33Z,TypeScript
85419169,markfknight,vscode-typescript-node-starter,https://github.com/markfknight/vscode-typescript-node-starter,13,2,2017-03-18T17:23:45Z,2023-10-22T10:19:58Z,TypeScript
749756793,phaserjs,template-rollup-ts,https://github.com/phaserjs/template-rollup-ts,13,7,2024-01-29T10:35:59Z,2025-05-23T16:05:14Z,TypeScript
847188840,ArjunCodess,starfall,https://github.com/ArjunCodess/starfall,13,1,2024-08-25T05:27:23Z,2025-07-25T09:30:18Z,TypeScript
524857915,eddjnr,boilerplate-vite-react,https://github.com/eddjnr/boilerplate-vite-react,13,1,2022-08-15T04:46:41Z,2023-01-19T16:56:35Z,TypeScript
575713320,xditya,GrammyCloneableBot,https://github.com/xditya/GrammyCloneableBot,14,7,2022-12-08T06:04:00Z,2025-06-06T21:28:03Z,TypeScript
533365901,BringingFire,foundry-module-ts-template,https://github.com/BringingFire/foundry-module-ts-template,13,5,2022-09-06T14:36:03Z,2025-07-27T14:51:26Z,TypeScript
512056310,freekrai,remix-blog,https://github.com/freekrai/remix-blog,13,2,2022-07-09T00:18:20Z,2025-05-01T06:50:36Z,TypeScript
230750529,tarlepp,angular-ngrx-frontend,https://github.com/tarlepp/angular-ngrx-frontend,13,4,2019-12-29T12:58:00Z,2025-08-09T14:09:25Z,TypeScript
320219678,xcatliu,pagic_template_docs,https://github.com/xcatliu/pagic_template_docs,13,3,2020-12-10T09:18:24Z,2024-11-07T08:23:27Z,TypeScript
765730041,connorp987,vite-firebase-tanstack-router-template,https://github.com/connorp987/vite-firebase-tanstack-router-template,13,4,2024-03-01T14:00:49Z,2025-08-10T12:09:50Z,TypeScript
479724734,YeonV,Vitron,https://github.com/YeonV/Vitron,13,4,2022-04-09T12:49:58Z,2025-06-24T02:26:16Z,TypeScript
917592876,johnsoncodehk,alien-signals-starter,https://github.com/johnsoncodehk/alien-signals-starter,13,0,2025-01-16T09:31:30Z,2025-08-10T16:17:38Z,TypeScript
557741014,toptal126,react-typechain-wagmi-rainbowkit-ethers.js-boilerplate,https://github.com/toptal126/react-typechain-wagmi-rainbowkit-ethers.js-boilerplate,13,1,2022-10-26T08:05:26Z,2025-07-15T05:40:11Z,TypeScript
802493267,nousantx,vite-react-tenoxui,https://github.com/nousantx/vite-react-tenoxui,13,0,2024-05-18T12:58:46Z,2024-11-15T00:33:50Z,TypeScript
388387674,mattiaz9,vite-react-tanstack-tailwind-shadcn-starter,https://github.com/mattiaz9/vite-react-tanstack-tailwind-shadcn-starter,13,1,2021-07-22T08:36:00Z,2025-07-20T15:13:33Z,TypeScript
949861382,dougwithseismic,withseismic-mcp,https://github.com/dougwithseismic/withseismic-mcp,13,1,2025-03-17T09:01:26Z,2025-08-10T21:02:31Z,TypeScript
508522563,igdev116,next-ts-eslint-prettier,https://github.com/igdev116/next-ts-eslint-prettier,13,3,2022-06-29T02:42:30Z,2023-01-16T20:53:32Z,TypeScript
428053864,cnrad,next-template,https://github.com/cnrad/next-template,13,2,2021-11-14T22:14:20Z,2023-03-30T14:21:42Z,TypeScript
245696982,open-template-hub,web-ui-template,https://github.com/open-template-hub/web-ui-template,13,2,2020-03-07T19:59:41Z,2025-08-04T04:58:02Z,TypeScript
194739207,loconav-tech,cargo-react,https://github.com/loconav-tech/cargo-react,13,0,2019-07-01T20:34:03Z,2022-04-14T11:47:04Z,TypeScript
366120503,kristianfreeman,esbuild-typescript-modules-workers-template,https://github.com/kristianfreeman/esbuild-typescript-modules-workers-template,13,2,2021-05-10T17:14:17Z,2023-11-26T20:38:35Z,TypeScript
961837165,arhamkhnz,next-colocation-template,https://github.com/arhamkhnz/next-colocation-template,13,2,2025-04-07T08:41:43Z,2025-08-10T14:57:19Z,TypeScript
397466636,tzmanics,angular-shopify,https://github.com/tzmanics/angular-shopify,13,3,2021-08-18T03:58:56Z,2025-04-20T01:49:40Z,TypeScript
396787225,multiversx,mx-template-service,https://github.com/multiversx/mx-template-service,13,5,2021-08-16T12:34:30Z,2024-11-21T19:32:14Z,TypeScript
834952312,sujjeee,next-lucia-drizzle-auth,https://github.com/sujjeee/next-lucia-drizzle-auth,13,0,2024-07-28T19:57:29Z,2025-06-28T12:14:08Z,TypeScript
670281622,remusris,t3_supabase_scaffold,https://github.com/remusris/t3_supabase_scaffold,13,3,2023-07-24T17:37:03Z,2025-03-27T16:47:04Z,TypeScript
586223905,tgrassl,solid-vite-electron,https://github.com/tgrassl/solid-vite-electron,13,1,2023-01-07T11:37:59Z,2025-06-10T05:36:07Z,TypeScript
899757826,FerMPY,react-ts-template,https://github.com/FerMPY/react-ts-template,13,3,2024-12-07T00:21:54Z,2025-07-09T20:20:44Z,TypeScript
257959428,scottdurow,dataverse-jswebresource-template,https://github.com/scottdurow/dataverse-jswebresource-template,13,2,2020-04-22T16:34:51Z,2024-04-04T19:25:08Z,TypeScript
291246178,mohammadou1,nextcrazy,https://github.com/mohammadou1/nextcrazy,13,1,2020-08-29T10:04:44Z,2025-01-09T09:41:06Z,TypeScript
528214068,giovannalinda,next-typescript-template,https://github.com/giovannalinda/next-typescript-template,13,1,2022-08-24T00:54:59Z,2023-09-01T12:10:04Z,TypeScript
873989838,privacy-scaling-explorations,mpc-hello,https://github.com/privacy-scaling-explorations/mpc-hello,13,2,2024-10-17T04:19:23Z,2025-07-31T09:18:10Z,TypeScript
885363214,Hetari,vue-and-react-library-template,https://github.com/Hetari/vue-and-react-library-template,13,2,2024-11-08T12:50:41Z,2025-04-26T01:40:38Z,TypeScript
846391326,MetaMask,hello-gator,https://github.com/MetaMask/hello-gator,13,4,2024-08-23T05:32:26Z,2025-08-07T03:02:42Z,TypeScript
827435544,nsarrazin,sveltekit-universal,https://github.com/nsarrazin/sveltekit-universal,13,2,2024-07-11T16:33:45Z,2025-05-05T15:29:23Z,TypeScript
350858701,marcelomorgado,defi-hardhat-template,https://github.com/marcelomorgado/defi-hardhat-template,13,1,2021-03-23T21:11:47Z,2023-04-07T09:49:12Z,TypeScript
508507317,rodrigocode4,node-fastify-template,https://github.com/rodrigocode4/node-fastify-template,13,0,2022-06-29T01:33:13Z,2024-03-29T15:21:09Z,TypeScript
284061355,nanojsx,template,https://github.com/nanojsx/template,13,1,2020-07-31T14:55:41Z,2024-10-17T02:40:30Z,TypeScript
802242078,sui-foundation,enoki-example-app,https://github.com/sui-foundation/enoki-example-app,13,8,2024-05-17T20:03:21Z,2025-07-28T06:34:32Z,TypeScript
824172931,avibn,electron-vite-remotion,https://github.com/avibn/electron-vite-remotion,13,3,2024-07-04T14:05:10Z,2025-07-18T04:32:50Z,TypeScript
255213020,Benricheson101,discord.js-typescript,https://github.com/Benricheson101/discord.js-typescript,13,0,2020-04-13T02:29:08Z,2024-12-03T21:31:02Z,TypeScript
221217135,jdanil,skunkworks,https://github.com/jdanil/skunkworks,13,1,2019-11-12T12:51:39Z,2025-08-11T00:48:29Z,TypeScript
244211570,stefanpenner,template-ts,https://github.com/stefanpenner/template-ts,13,0,2020-03-01T19:36:55Z,2021-12-17T03:20:13Z,TypeScript
313360344,guildenstern70,SmartDeno,https://github.com/guildenstern70/SmartDeno,13,0,2020-11-16T16:21:39Z,2025-05-19T10:08:20Z,TypeScript
803649874,zoubingwu,cf-worker-hono-template,https://github.com/zoubingwu/cf-worker-hono-template,13,0,2024-05-21T06:12:14Z,2025-06-12T07:15:48Z,TypeScript
909434038,Roblox-Duck-Studios,multiplace-template,https://github.com/Roblox-Duck-Studios/multiplace-template,13,0,2024-12-28T17:33:55Z,2025-08-08T16:25:34Z,TypeScript
772433997,innei-template,rc-library-template,https://github.com/innei-template/rc-library-template,13,0,2024-03-15T07:21:47Z,2025-04-18T03:11:28Z,TypeScript
490449928,IMXNOOBX,discord.bot,https://github.com/IMXNOOBX/discord.bot,13,1,2022-05-09T21:28:36Z,2025-07-06T19:08:57Z,TypeScript
536048651,SharfShiplo,simple-next-skeleton,https://github.com/SharfShiplo/simple-next-skeleton,13,0,2022-09-13T09:19:34Z,2025-04-26T03:02:04Z,TypeScript
530964020,johnpapa,cloud-coding-with-codespaces,https://github.com/johnpapa/cloud-coding-with-codespaces,13,7,2022-08-31T06:39:49Z,2025-07-19T00:35:08Z,TypeScript
523603594,GZ315200,quickstart-react-admin,https://github.com/GZ315200/quickstart-react-admin,13,1,2022-08-11T06:00:25Z,2025-01-10T06:27:32Z,TypeScript
169159117,cremalab,app-web,https://github.com/cremalab/app-web,13,7,2019-02-04T22:22:13Z,2025-06-28T13:55:16Z,TypeScript
717482723,gigitux,omnivore-newsletter,https://github.com/gigitux/omnivore-newsletter,13,0,2023-11-11T15:59:02Z,2024-11-20T12:07:54Z,TypeScript
289766916,josephspurrier,mithril-template,https://github.com/josephspurrier/mithril-template,13,1,2020-08-23T21:10:00Z,2025-01-13T21:01:27Z,TypeScript
745513921,itsyoboieltr,bender-stack,https://github.com/itsyoboieltr/bender-stack,13,1,2024-01-19T13:57:05Z,2025-08-02T09:06:00Z,TypeScript
310911607,Open-Source-Bazaar,OrgServer,https://github.com/Open-Source-Bazaar/OrgServer,13,2,2020-11-07T18:53:39Z,2025-07-01T17:17:09Z,TypeScript
563279050,rookie-luochao,create-vite-react-app,https://github.com/rookie-luochao/create-vite-react-app,13,0,2022-11-08T09:31:03Z,2025-04-07T15:18:40Z,TypeScript
748339052,bcanfield,nextjs-pwa-webpush-template,https://github.com/bcanfield/nextjs-pwa-webpush-template,13,2,2024-01-25T19:09:06Z,2025-08-08T21:12:04Z,TypeScript
236360111,zero-plus-x,unity-monorepo-template,https://github.com/zero-plus-x/unity-monorepo-template,13,0,2020-01-26T18:55:48Z,2024-07-24T23:37:08Z,TypeScript
777868261,brijr,starter,https://github.com/brijr/starter,14,4,2024-03-26T16:46:52Z,2025-01-22T12:14:06Z,TypeScript
398514654,hmake98,nestjs-starter,https://github.com/hmake98/nestjs-starter,14,7,2021-08-21T09:12:48Z,2025-07-12T04:00:02Z,TypeScript
471929798,Mohammad-Faisal,express-typescript-skeleton-boilerplate,https://github.com/Mohammad-Faisal/express-typescript-skeleton-boilerplate,14,8,2022-03-20T09:11:38Z,2025-01-04T19:49:03Z,TypeScript
912579289,Tomilola-ng,nextjs15-starter,https://github.com/Tomilola-ng/nextjs15-starter,14,4,2025-01-06T00:35:15Z,2025-07-03T14:53:08Z,TypeScript
595930244,abridged,collabland-action-express,https://github.com/abridged/collabland-action-express,14,36,2023-02-01T05:08:26Z,2025-03-30T23:05:23Z,TypeScript
620440084,wpengine,faust-scaffold-ts,https://github.com/wpengine/faust-scaffold-ts,14,5,2023-03-28T17:26:19Z,2025-06-03T09:24:29Z,TypeScript
787585973,pwa-builder,pwa-whisper-starter,https://github.com/pwa-builder/pwa-whisper-starter,14,5,2024-04-16T20:01:06Z,2025-04-05T02:04:27Z,TypeScript
1008054038,vercel-labs,botid-nextjs-starter,https://github.com/vercel-labs/botid-nextjs-starter,14,6,2025-06-25T00:41:22Z,2025-08-02T03:06:53Z,TypeScript
239367095,BrunnerLivio,deno-module-starter,https://github.com/BrunnerLivio/deno-module-starter,14,4,2020-02-09T20:11:05Z,2024-01-16T16:27:35Z,TypeScript
654588684,prisma,prisma-client-extension-starter,https://github.com/prisma/prisma-client-extension-starter,14,4,2023-06-16T13:10:05Z,2025-01-22T17:38:32Z,TypeScript
308428688,earvinpiamonte,nextjs-tailwindcss-template,https://github.com/earvinpiamonte/nextjs-tailwindcss-template,14,5,2020-10-29T19:25:11Z,2025-05-31T19:54:14Z,TypeScript
807567386,liect,tma-nextjs-starter,https://github.com/liect/tma-nextjs-starter,14,4,2024-05-29T10:53:50Z,2025-06-27T11:24:00Z,TypeScript
889618127,ahmed-dinar,chrome-extension-react-vite-tailwind-boilerplate,https://github.com/ahmed-dinar/chrome-extension-react-vite-tailwind-boilerplate,14,3,2024-11-16T19:31:18Z,2025-08-07T13:36:59Z,TypeScript
340167468,workspace-studio,nextjs-wordpress-boilerplate,https://github.com/workspace-studio/nextjs-wordpress-boilerplate,14,4,2021-02-18T20:19:22Z,2024-03-08T16:35:14Z,TypeScript
713549406,netlify,hydrogen-template,https://github.com/netlify/hydrogen-template,14,6,2023-11-02T18:42:35Z,2025-08-04T21:28:15Z,TypeScript
951759156,mwolf1989,tanstack-starter,https://github.com/mwolf1989/tanstack-starter,14,1,2025-03-20T07:42:41Z,2025-07-27T16:19:31Z,TypeScript
498972551,braebo,svelte-starter,https://github.com/braebo/svelte-starter,14,2,2022-06-02T03:02:56Z,2025-04-06T16:54:57Z,TypeScript
769641748,doinel1a,next-ts-shadcn-hero-ui,https://github.com/doinel1a/next-ts-shadcn-hero-ui,14,4,2024-03-09T16:42:19Z,2025-08-05T20:52:28Z,TypeScript
351097081,madeiramadeirabr,template-nest-service-javascript,https://github.com/madeiramadeirabr/template-nest-service-javascript,14,3,2021-03-24T13:50:40Z,2024-10-21T16:30:44Z,TypeScript
327088976,NikSchaefer,nextjs-boilerplate,https://github.com/NikSchaefer/nextjs-boilerplate,14,7,2021-01-05T18:45:53Z,2025-04-01T18:23:10Z,TypeScript
273972833,caelinsutch,typescript-eslint-prettier-boilerplate,https://github.com/caelinsutch/typescript-eslint-prettier-boilerplate,14,8,2020-06-21T19:45:08Z,2024-06-19T15:10:07Z,TypeScript
85188844,PetrNikolas,marley,https://github.com/PetrNikolas/marley,14,10,2017-03-16T11:34:46Z,2025-06-26T04:16:01Z,TypeScript
505395090,sxzz,unplugin-starter,https://github.com/sxzz/unplugin-starter,14,1,2022-06-20T10:30:08Z,2025-08-06T04:13:27Z,TypeScript
481253861,ramniel,react-ts-vite-tailwind-template,https://github.com/ramniel/react-ts-vite-tailwind-template,14,4,2022-04-13T14:39:16Z,2024-11-05T18:38:25Z,TypeScript
347188786,rocketseat-education,ignite-template-introducao-ao-SOLID,https://github.com/rocketseat-education/ignite-template-introducao-ao-SOLID,14,84,2021-03-12T20:24:41Z,2023-05-05T20:44:17Z,TypeScript
677842574,poliath,nestjs-poliath-boilerplate,https://github.com/poliath/nestjs-poliath-boilerplate,14,2,2023-08-12T20:25:38Z,2025-03-03T11:09:17Z,TypeScript
916899237,joyco-studio,rrv7-starter,https://github.com/joyco-studio/rrv7-starter,14,0,2025-01-15T00:56:53Z,2025-07-20T03:08:32Z,TypeScript
934224359,thebipul,nextjs-mantine-starter-template,https://github.com/thebipul/nextjs-mantine-starter-template,14,0,2025-02-17T13:32:10Z,2025-04-21T04:30:56Z,TypeScript
435735608,awesome-starter,vue3-ts-vite-starter,https://github.com/awesome-starter/vue3-ts-vite-starter,14,2,2021-12-07T03:55:18Z,2024-04-05T06:30:06Z,TypeScript
639486896,HohShenYien,next-power-starter,https://github.com/HohShenYien/next-power-starter,14,0,2023-05-11T14:50:20Z,2025-01-31T03:22:16Z,TypeScript
1019133278,luislucena16,midnight-quick-starter,https://github.com/luislucena16/midnight-quick-starter,14,1,2025-07-13T20:09:08Z,2025-08-01T18:41:05Z,TypeScript
773906182,timscodebase,Svelte-5-Starter,https://github.com/timscodebase/Svelte-5-Starter,14,0,2024-03-18T15:52:31Z,2025-06-03T12:59:43Z,TypeScript
714555140,cbnsndwch,ghl-app-template,https://github.com/cbnsndwch/ghl-app-template,14,15,2023-11-05T07:44:32Z,2025-06-07T19:59:59Z,TypeScript
354568850,techarshgupta,vue3-boilerplate,https://github.com/techarshgupta/vue3-boilerplate,14,1,2021-04-04T14:46:38Z,2024-05-14T16:34:41Z,TypeScript
288358718,Richienb,scratch-extension-boilerplate,https://github.com/Richienb/scratch-extension-boilerplate,14,2,2020-08-18T04:58:23Z,2023-08-04T04:42:10Z,TypeScript
698709958,amorriscode,elysia-starter,https://github.com/amorriscode/elysia-starter,14,1,2023-09-30T18:12:22Z,2024-08-05T00:55:52Z,TypeScript
673111860,dcaponi,sveltekit-pocketbase-starter,https://github.com/dcaponi/sveltekit-pocketbase-starter,14,0,2023-07-31T22:45:44Z,2025-07-10T02:42:41Z,TypeScript
321046783,V-Wong,pern-stack-template,https://github.com/V-Wong/pern-stack-template,14,1,2020-12-13T11:17:37Z,2025-07-05T10:27:17Z,TypeScript
683380260,miljan-code,next-trpc-drizzle-starter,https://github.com/miljan-code/next-trpc-drizzle-starter,14,0,2023-08-26T11:39:01Z,2025-04-11T18:54:29Z,TypeScript
282000493,shfshanyue,next-app,https://github.com/shfshanyue/next-app,14,2,2020-07-23T16:19:41Z,2024-04-12T05:41:54Z,TypeScript
587427643,swing-xyz,examples,https://github.com/swing-xyz/examples,14,12,2023-01-10T18:19:49Z,2025-02-27T15:18:21Z,TypeScript
334729218,imadatyatalah,cna-chakra-ui-template,https://github.com/imadatyatalah/cna-chakra-ui-template,14,6,2021-01-31T18:39:49Z,2024-05-24T02:21:42Z,TypeScript
513169355,sinedied,ng-lite-starter,https://github.com/sinedied/ng-lite-starter,14,0,2022-07-12T14:12:21Z,2023-03-28T00:34:47Z,TypeScript
448170328,workwithpact,cf-pages-shopify-app-starter,https://github.com/workwithpact/cf-pages-shopify-app-starter,14,1,2022-01-15T03:23:22Z,2025-05-25T15:45:16Z,TypeScript
116533227,remarkablegames,phaser-template,https://github.com/remarkablegames/phaser-template,14,4,2018-01-07T03:10:38Z,2025-08-08T23:46:40Z,TypeScript
776442042,tegarimansyah,astro-pocketbase-template,https://github.com/tegarimansyah/astro-pocketbase-template,14,1,2024-03-23T14:19:40Z,2025-08-09T09:04:41Z,TypeScript
823607564,RioChndr,nestjs-boilerplate,https://github.com/RioChndr/nestjs-boilerplate,14,1,2024-07-03T11:02:11Z,2024-10-04T14:28:05Z,TypeScript
489239111,fsubal,nestjs-docker-prisma-mysql,https://github.com/fsubal/nestjs-docker-prisma-mysql,14,6,2022-05-06T06:17:41Z,2024-09-20T02:30:27Z,TypeScript
256410884,hmmhmmhm,serverless-ts-template,https://github.com/hmmhmmhm/serverless-ts-template,14,3,2020-04-17T05:36:47Z,2025-08-02T08:02:06Z,TypeScript
667040038,zama-ai,fhevm-react-template,https://github.com/zama-ai/fhevm-react-template,14,13,2023-07-16T12:50:53Z,2025-07-16T04:22:19Z,TypeScript
962221415,wyattm14,saas-template,https://github.com/wyattm14/saas-template,14,1,2025-04-07T20:42:32Z,2025-06-21T21:09:58Z,TypeScript
599077778,rocketseat-education,ignitequiz_template,https://github.com/rocketseat-education/ignitequiz_template,14,17,2023-02-08T12:07:45Z,2025-06-15T22:36:39Z,TypeScript
586223492,zkcrossteam,zk-2048,https://github.com/zkcrossteam/zk-2048,14,25,2023-01-07T11:36:04Z,2025-07-25T16:23:38Z,TypeScript
499190737,GetJobber,Jobber-AppTemplate-React,https://github.com/GetJobber/Jobber-AppTemplate-React,14,8,2022-06-02T15:29:31Z,2025-07-01T17:06:11Z,TypeScript
369469422,Azure-Samples,digital-integration-hub,https://github.com/Azure-Samples/digital-integration-hub,14,8,2021-05-21T08:35:43Z,2024-02-23T05:28:40Z,TypeScript
464689589,apollographql,typescript-repo-template,https://github.com/apollographql/typescript-repo-template,14,7,2022-03-01T00:26:34Z,2025-04-04T03:48:47Z,TypeScript
406632695,tim-richter,next-boiler,https://github.com/tim-richter/next-boiler,14,2,2021-09-15T06:02:02Z,2023-04-28T10:59:30Z,TypeScript
627309453,thecmdrunner,remotion-gtts-template,https://github.com/thecmdrunner/remotion-gtts-template,14,6,2023-04-13T07:47:29Z,2025-07-24T09:51:50Z,TypeScript
654663748,schardev,nextjs-contentlayer-blog,https://github.com/schardev/nextjs-contentlayer-blog,14,1,2023-06-16T16:27:17Z,2025-06-29T08:53:36Z,TypeScript
937167399,jonghyo,nextjs-roocode-template,https://github.com/jonghyo/nextjs-roocode-template,14,5,2025-02-22T13:54:45Z,2025-07-17T05:16:05Z,TypeScript
251320956,daphnesmit,next-react-typescript-boilerplate,https://github.com/daphnesmit/next-react-typescript-boilerplate,14,0,2020-03-30T13:55:39Z,2023-07-17T23:07:18Z,TypeScript
777642490,remotion-dev,recorder,https://github.com/remotion-dev/recorder,14,9,2024-03-26T08:41:47Z,2025-08-06T17:39:08Z,TypeScript
174933355,alphaolomi,alphaolomi.dev,https://github.com/alphaolomi/alphaolomi.dev,14,5,2019-03-11T05:45:33Z,2025-02-20T10:01:27Z,TypeScript
284596253,TeXmeijin,nextjs-microcms-tsx-jamstack-aspida-boilerplate,https://github.com/TeXmeijin/nextjs-microcms-tsx-jamstack-aspida-boilerplate,14,1,2020-08-03T03:41:33Z,2023-10-20T16:08:24Z,TypeScript
506473591,pure-admin,pure-admin-descriptions,https://github.com/pure-admin/pure-admin-descriptions,14,9,2022-06-23T02:38:09Z,2025-02-25T06:25:37Z,TypeScript
96629829,unkleho,next-starter-kit,https://github.com/unkleho/next-starter-kit,14,1,2017-07-08T16:12:35Z,2025-03-24T02:02:56Z,TypeScript
881106302,edgefirst-dev,starter-ai-chat,https://github.com/edgefirst-dev/starter-ai-chat,14,0,2024-10-30T23:11:13Z,2025-07-22T01:56:02Z,TypeScript
172993377,lexffe,lit-element-webpack-ts-sample,https://github.com/lexffe/lit-element-webpack-ts-sample,14,1,2019-02-27T21:30:20Z,2024-03-19T12:42:57Z,TypeScript
689103328,drewcook,nextjs-web3-template,https://github.com/drewcook/nextjs-web3-template,14,4,2023-09-08T20:07:55Z,2025-04-14T17:55:30Z,TypeScript
694093134,microcmsio,simple-blog-with-microcms,https://github.com/microcmsio/simple-blog-with-microcms,14,6,2023-09-20T10:12:51Z,2025-07-31T05:29:06Z,TypeScript
363930090,ActionsDesk,admin-support-issueops-actions,https://github.com/ActionsDesk/admin-support-issueops-actions,14,10,2021-05-03T12:57:39Z,2025-05-24T19:30:44Z,TypeScript
646103577,shadcn,next-template-debug,https://github.com/shadcn/next-template-debug,14,1,2023-05-27T09:47:46Z,2025-07-21T00:21:51Z,TypeScript
521826063,rifandani,solid-app,https://github.com/rifandani/solid-app,14,1,2022-08-06T02:27:02Z,2025-03-02T06:49:46Z,TypeScript
690091740,denoland,deno-nuxt-template,https://github.com/denoland/deno-nuxt-template,14,1,2023-09-11T14:10:16Z,2025-02-22T00:24:45Z,TypeScript
624083258,heliomarpm,electron-vuevite-quick-start,https://github.com/heliomarpm/electron-vuevite-quick-start,14,3,2023-04-05T17:55:35Z,2025-04-18T18:34:35Z,TypeScript
591939657,wednesday-solutions,cloudnative-template,https://github.com/wednesday-solutions/cloudnative-template,14,0,2023-01-22T12:24:12Z,2024-06-28T12:47:16Z,TypeScript
783471179,Doubleshotjs,template-react-nest,https://github.com/Doubleshotjs/template-react-nest,14,1,2024-04-08T00:33:33Z,2025-02-13T13:32:57Z,TypeScript
795704354,sergiodxa,package,https://github.com/sergiodxa/package,14,0,2024-05-03T21:12:21Z,2025-05-31T08:55:48Z,TypeScript
965377126,kston83,react-ai-template,https://github.com/kston83/react-ai-template,14,2,2025-04-13T02:57:09Z,2025-07-17T04:46:17Z,TypeScript
754228853,nikolailehbrink,shiki-next,https://github.com/nikolailehbrink/shiki-next,14,3,2024-02-07T16:43:12Z,2025-06-18T04:31:13Z,TypeScript
785688143,karmaniverous,npm-package-template-ts,https://github.com/karmaniverous/npm-package-template-ts,14,1,2024-04-12T12:11:47Z,2025-07-16T19:22:30Z,TypeScript
643208472,PioneerSquareLabs,otto-playground,https://github.com/PioneerSquareLabs/otto-playground,14,0,2023-05-20T12:45:02Z,2025-07-21T06:17:03Z,TypeScript
536400000,avneesh0612,next-fullstack-template,https://github.com/avneesh0612/next-fullstack-template,14,1,2022-09-14T03:33:36Z,2025-08-06T03:01:05Z,TypeScript
447764884,raisiqueira,react-lib-template,https://github.com/raisiqueira/react-lib-template,14,1,2022-01-13T22:00:11Z,2024-02-22T04:22:40Z,TypeScript
656766251,jbilcke-hf,template-node-wizardcoder-express,https://github.com/jbilcke-hf/template-node-wizardcoder-express,14,1,2023-06-21T15:37:28Z,2024-09-03T03:37:35Z,TypeScript
366381352,potato4d,vite-template-vue3-library,https://github.com/potato4d/vite-template-vue3-library,14,1,2021-05-11T12:53:40Z,2022-08-15T23:36:50Z,TypeScript
741426643,senathenu,link-orchard,https://github.com/senathenu/link-orchard,14,3,2024-01-10T11:23:41Z,2025-05-06T04:26:18Z,TypeScript
986975324,src-thk,ding-dong,https://github.com/src-thk/ding-dong,14,0,2025-05-20T11:49:39Z,2025-07-28T17:30:47Z,TypeScript
773716891,MisaLiu,LiteLoaderQQNT-PluginTemplate-Vite,https://github.com/MisaLiu/LiteLoaderQQNT-PluginTemplate-Vite,14,2,2024-03-18T09:18:27Z,2025-03-31T11:38:32Z,TypeScript
287543484,mxjoly,react-ssr-setup,https://github.com/mxjoly/react-ssr-setup,14,1,2020-08-14T13:48:05Z,2022-12-22T14:58:06Z,TypeScript
719574742,MyraxByte,react-vite-template,https://github.com/MyraxByte/react-vite-template,14,1,2023-11-16T13:11:01Z,2025-08-02T20:43:01Z,TypeScript
628386350,woniesong92,humanjobs,https://github.com/woniesong92/humanjobs,14,2,2023-04-15T19:34:48Z,2024-08-05T08:46:44Z,TypeScript
594525750,clementlebas,light-image-gallery,https://github.com/clementlebas/light-image-gallery,14,0,2023-01-28T20:21:11Z,2025-07-19T01:59:55Z,TypeScript
856499290,mugencraft,turbobun,https://github.com/mugencraft/turbobun,14,0,2024-09-12T17:17:31Z,2025-07-18T15:40:04Z,TypeScript
658391707,emadgit,create-t3-mobile-app,https://github.com/emadgit/create-t3-mobile-app,14,1,2023-06-25T15:54:16Z,2025-05-18T09:22:43Z,TypeScript
543727870,gumiranda,CrazyStackReact,https://github.com/gumiranda/CrazyStackReact,14,1,2022-09-30T18:04:57Z,2025-03-30T12:23:15Z,TypeScript
594568753,tobyscott25,vite-react-chakra-zustand-starter,https://github.com/tobyscott25/vite-react-chakra-zustand-starter,15,6,2023-01-29T00:05:09Z,2025-04-09T10:23:54Z,TypeScript
389086109,ccoyotedev,nextjs-moralis,https://github.com/ccoyotedev/nextjs-moralis,15,7,2021-07-24T11:53:02Z,2023-02-16T01:13:47Z,TypeScript
198512454,bondz,node-express-react-ts,https://github.com/bondz/node-express-react-ts,15,23,2019-07-23T21:43:23Z,2024-08-01T22:27:53Z,TypeScript
392705512,next-dev-team,nestjs-next-boilerplate,https://github.com/next-dev-team/nestjs-next-boilerplate,15,4,2021-08-04T13:48:39Z,2024-10-05T14:31:23Z,TypeScript
718547262,karthickthankyou,foundationX,https://github.com/karthickthankyou/foundationX,15,6,2023-11-14T10:05:28Z,2024-11-30T12:59:18Z,TypeScript
633091845,MetroStar,comet-starter,https://github.com/MetroStar/comet-starter,15,8,2023-04-26T19:03:47Z,2025-08-04T17:52:53Z,TypeScript
345702973,apideck-io,next-starter-kit,https://github.com/apideck-io/next-starter-kit,15,3,2021-03-08T15:30:22Z,2025-02-05T17:57:23Z,TypeScript
717695529,godkingjay,turborepo-shadcn-starter,https://github.com/godkingjay/turborepo-shadcn-starter,15,4,2023-11-12T09:32:46Z,2025-05-03T14:12:09Z,TypeScript
574896673,noir-lang,noir-web-starter-next,https://github.com/noir-lang/noir-web-starter-next,16,2,2022-12-06T10:10:40Z,2025-06-05T16:15:07Z,TypeScript
586789598,shzam,node-express-starter-kit,https://github.com/shzam/node-express-starter-kit,15,5,2023-01-09T08:32:23Z,2023-07-08T08:11:42Z,TypeScript
981127624,vincenttran99,react-native-mono-template,https://github.com/vincenttran99/react-native-mono-template,15,2,2025-05-10T12:01:49Z,2025-07-29T21:18:46Z,TypeScript
984809174,tariqul420,next-ts-starter,https://github.com/tariqul420/next-ts-starter,15,5,2025-05-16T14:41:43Z,2025-06-23T10:20:56Z,TypeScript
635076277,takuyadev,node-express-typescript,https://github.com/takuyadev/node-express-typescript,15,8,2023-05-01T23:09:04Z,2025-07-14T15:08:25Z,TypeScript
237113663,gaboesquivel,node-template,https://github.com/gaboesquivel/node-template,15,2,2020-01-30T00:58:46Z,2023-09-11T19:24:13Z,TypeScript
471957918,Jordan-Hall,vite-angular-template,https://github.com/Jordan-Hall/vite-angular-template,15,2,2022-03-20T11:22:51Z,2024-04-27T07:09:23Z,TypeScript
970391910,aavetis,ui-prototyper,https://github.com/aavetis/ui-prototyper,15,4,2025-04-22T00:23:18Z,2025-08-06T13:37:05Z,TypeScript
495657271,elgharabawy,node-express-typescript-starter,https://github.com/elgharabawy/node-express-typescript-starter,15,10,2022-05-24T03:35:24Z,2025-01-21T14:46:05Z,TypeScript
722120064,JonasTischer,django-next-template,https://github.com/JonasTischer/django-next-template,15,3,2023-11-22T13:31:19Z,2025-08-07T19:06:26Z,TypeScript
518187269,AxelTahmid,fastify_typescript_starter,https://github.com/AxelTahmid/fastify_typescript_starter,15,2,2022-07-26T19:11:31Z,2025-05-22T07:50:35Z,TypeScript
538594049,public-assembly,assemble-package,https://github.com/public-assembly/assemble-package,15,2,2022-09-19T16:27:34Z,2024-01-20T14:19:29Z,TypeScript
534520324,mezielabs,adonis-package-skeleton,https://github.com/mezielabs/adonis-package-skeleton,15,1,2022-09-09T06:09:24Z,2024-03-18T19:39:23Z,TypeScript
100292850,hyldmo,typescript-react-starter-kit,https://github.com/hyldmo/typescript-react-starter-kit,15,1,2017-08-14T17:30:25Z,2023-08-14T10:36:45Z,TypeScript
481634091,functndev,nx-nestjs-starter,https://github.com/functndev/nx-nestjs-starter,15,2,2022-04-14T14:23:57Z,2025-07-16T07:17:06Z,TypeScript
686742665,ByteHolic,TelePlate,https://github.com/ByteHolic/TelePlate,15,2,2023-09-03T19:43:43Z,2025-07-28T01:48:44Z,TypeScript
727920828,Inalegwu,ElectroStatic,https://github.com/Inalegwu/ElectroStatic,15,0,2023-12-05T21:12:14Z,2025-05-15T02:15:55Z,TypeScript
283216106,victorlcm,node-ts-lib,https://github.com/victorlcm/node-ts-lib,15,0,2020-07-28T13:10:52Z,2021-11-24T20:38:49Z,TypeScript
618005552,drewlyton,react-native-expo-typescript-template,https://github.com/drewlyton/react-native-expo-typescript-template,15,1,2023-03-23T15:00:32Z,2025-05-08T09:05:58Z,TypeScript
497092464,Azure-Samples,todo-nodejs-mongo-swa-func,https://github.com/Azure-Samples/todo-nodejs-mongo-swa-func,15,26,2022-05-27T18:03:42Z,2025-07-07T17:28:19Z,TypeScript
648259427,jondot,react-rust-chrome-starter,https://github.com/jondot/react-rust-chrome-starter,15,0,2023-06-01T14:57:54Z,2025-07-03T06:37:40Z,TypeScript
258320193,rocketseat-education,gostack-template-fundamentos-react-native,https://github.com/rocketseat-education/gostack-template-fundamentos-react-native,15,41,2020-04-23T20:17:04Z,2023-11-01T16:35:49Z,TypeScript
588655330,NoisyTrumpet,headless-wp-template,https://github.com/NoisyTrumpet/headless-wp-template,15,0,2023-01-13T16:53:22Z,2025-04-09T10:23:44Z,TypeScript
427401808,BerkeKaragoz,next-ts-tailwindcss-i18n,https://github.com/BerkeKaragoz/next-ts-tailwindcss-i18n,15,2,2021-11-12T15:10:19Z,2024-04-21T23:15:24Z,TypeScript
453533826,MercerK,grakkit-boilerplate,https://github.com/MercerK/grakkit-boilerplate,15,1,2022-01-29T22:28:48Z,2023-07-29T21:46:06Z,TypeScript
694053633,RoyRao2333,template-tauri-vite-react-ts-tailwind,https://github.com/RoyRao2333/template-tauri-vite-react-ts-tailwind,15,0,2023-09-20T08:35:31Z,2025-05-29T09:28:32Z,TypeScript
366153574,millsp,prisma-serverless-nextjs,https://github.com/millsp/prisma-serverless-nextjs,15,1,2021-05-10T19:25:37Z,2023-06-11T01:32:29Z,TypeScript
493728182,tanishqsh,nextjs-tailwind-rainbowkit-starter,https://github.com/tanishqsh/nextjs-tailwind-rainbowkit-starter,15,2,2022-05-18T15:47:59Z,2024-10-05T20:39:38Z,TypeScript
945468067,thaitype,typescript-clean-architecture,https://github.com/thaitype/typescript-clean-architecture,15,2,2025-03-09T13:53:30Z,2025-07-20T12:27:41Z,TypeScript
828517737,HamedMP,ArtifactbinTemplate,https://github.com/HamedMP/ArtifactbinTemplate,15,8,2024-07-14T11:52:55Z,2025-07-11T13:09:51Z,TypeScript
277428685,aaronpowell,aswa-react-template,https://github.com/aaronpowell/aswa-react-template,15,6,2020-07-06T02:56:51Z,2025-07-24T19:41:35Z,TypeScript
357561526,GalloDaSballo,hardhat-next-subgraph-mono,https://github.com/GalloDaSballo/hardhat-next-subgraph-mono,15,4,2021-04-13T13:22:10Z,2022-02-02T15:53:21Z,TypeScript
884014550,salamaashoush,tanstack-template,https://github.com/salamaashoush/tanstack-template,15,5,2024-11-06T01:26:38Z,2025-06-30T14:28:48Z,TypeScript
221504359,fluuuid,extended-cra,https://github.com/fluuuid/extended-cra,15,1,2019-11-13T16:31:26Z,2024-08-09T18:56:57Z,TypeScript
221955042,okotoki,figma-plugin-starter,https://github.com/okotoki/figma-plugin-starter,15,1,2019-11-15T15:49:29Z,2025-07-26T13:30:51Z,TypeScript
412031982,dappforce,subsocial-react-template,https://github.com/dappforce/subsocial-react-template,15,19,2021-09-30T11:09:08Z,2025-07-16T16:51:11Z,TypeScript
185306673,metonym,parcel-preact-typescript,https://github.com/metonym/parcel-preact-typescript,15,4,2019-05-07T02:34:09Z,2023-06-14T17:17:16Z,TypeScript
485053688,Hossein13M,nextjs-tailwind-dark-theme,https://github.com/Hossein13M/nextjs-tailwind-dark-theme,15,3,2022-04-24T14:43:35Z,2025-04-17T08:30:52Z,TypeScript
430392275,tsbbjs,vue-monorepo-template,https://github.com/tsbbjs/vue-monorepo-template,15,2,2021-11-21T14:39:30Z,2025-08-07T12:26:55Z,TypeScript
278178790,MidasXIV,hive-greeter,https://github.com/MidasXIV/hive-greeter,15,4,2020-07-08T19:37:53Z,2025-06-17T14:58:42Z,TypeScript
282494368,reshamas,deploying-mobile-app,https://github.com/reshamas/deploying-mobile-app,15,10,2020-07-25T17:40:13Z,2024-10-30T04:40:27Z,TypeScript
794242294,neobrutalism-templates,bento,https://github.com/neobrutalism-templates/bento,15,2,2024-04-30T18:21:53Z,2025-08-10T13:51:22Z,TypeScript
594130814,lxsmnsyc,astro-solid-spa,https://github.com/lxsmnsyc/astro-solid-spa,15,0,2023-01-27T17:10:58Z,2024-09-15T20:58:32Z,TypeScript
210569353,uetchy,create-react-app-wasm,https://github.com/uetchy/create-react-app-wasm,15,1,2019-09-24T09:54:57Z,2023-06-26T15:37:21Z,TypeScript
524735621,Intevel,vue-composable-template,https://github.com/Intevel/vue-composable-template,15,0,2022-08-14T17:24:43Z,2023-04-24T12:13:12Z,TypeScript
566312940,ThijmenGThN,next-leaflet,https://github.com/ThijmenGThN/next-leaflet,15,0,2022-11-15T12:13:37Z,2025-08-01T00:12:46Z,TypeScript
362577353,kush-daga,Next-Prisma-GraphQL-Template,https://github.com/kush-daga/Next-Prisma-GraphQL-Template,15,0,2021-04-28T19:00:19Z,2024-02-26T20:05:16Z,TypeScript
272126941,ispec-inc,monorepo,https://github.com/ispec-inc/monorepo,15,2,2020-06-14T03:36:46Z,2025-06-18T18:48:44Z,TypeScript
375304402,xieyezi,react-vite-admin,https://github.com/xieyezi/react-vite-admin,15,1,2021-06-09T09:47:54Z,2025-01-18T17:19:02Z,TypeScript
333316420,Mullets-Gavin,Components,https://github.com/Mullets-Gavin/Components,15,0,2021-01-27T05:42:03Z,2025-01-14T08:37:03Z,TypeScript
406700084,eggsy,personal-portfolio,https://github.com/eggsy/personal-portfolio,15,0,2021-09-15T09:38:12Z,2024-04-14T08:00:10Z,TypeScript
603824687,ZakariaBenali,nextjs-portfolio,https://github.com/ZakariaBenali/nextjs-portfolio,15,2,2023-02-19T17:20:15Z,2025-07-16T16:51:25Z,TypeScript
734397407,suchcodemuchwow,onelove,https://github.com/suchcodemuchwow/onelove,15,1,2023-12-21T15:21:31Z,2025-05-28T19:35:13Z,TypeScript
908710198,Its-Satyajit,nextjs-typescript-tailwind-shadcn-postgresql-drizzle-orm-better-auth-template,https://github.com/Its-Satyajit/nextjs-typescript-tailwind-shadcn-postgresql-drizzle-orm-better-auth-template,15,3,2024-12-26T18:52:55Z,2025-07-02T11:11:46Z,TypeScript
854079534,rust-web-app-book,rusty-book-manager-template,https://github.com/rust-web-app-book/rusty-book-manager-template,15,0,2024-09-08T11:04:44Z,2025-07-15T02:11:26Z,TypeScript
197580868,empty916,react-app,https://github.com/empty916/react-app,15,1,2019-07-18T12:16:27Z,2025-06-18T21:36:29Z,TypeScript
313184547,ahwgs,fast_nest_temp,https://github.com/ahwgs/fast_nest_temp,15,2,2020-11-16T03:46:36Z,2023-10-09T01:33:17Z,TypeScript
244049933,curveball,starter,https://github.com/curveball/starter,16,3,2020-02-29T22:20:24Z,2025-01-24T15:22:43Z,TypeScript
523323118,amelspahic,typescript-library-template,https://github.com/amelspahic/typescript-library-template,16,6,2022-08-10T11:51:09Z,2025-03-12T08:21:45Z,TypeScript
733756699,PxlSyl,pablo-pikassiet-next-starter-i18n,https://github.com/PxlSyl/pablo-pikassiet-next-starter-i18n,16,4,2023-12-20T03:53:50Z,2025-03-12T15:01:18Z,TypeScript
157082862,mathieueveillard,js-kata-starter,https://github.com/mathieueveillard/js-kata-starter,16,137,2018-11-11T13:35:56Z,2025-04-09T10:13:35Z,TypeScript
430060788,one-aalam,ng-starter-kit,https://github.com/one-aalam/ng-starter-kit,16,4,2021-11-20T09:29:48Z,2024-06-30T18:11:04Z,TypeScript
355173774,ptkdev-boilerplate,node-discord-bot-boilerplate,https://github.com/ptkdev-boilerplate/node-discord-bot-boilerplate,16,5,2021-04-06T12:04:41Z,2025-01-11T20:48:06Z,TypeScript
288232900,ivanms1,nextjs-graphql-typescript,https://github.com/ivanms1/nextjs-graphql-typescript,16,5,2020-08-17T16:38:59Z,2024-09-11T13:17:28Z,TypeScript
368802972,nirnejak,typescript-node-starter,https://github.com/nirnejak/typescript-node-starter,16,4,2021-05-19T08:48:45Z,2025-08-09T21:10:32Z,TypeScript
348854744,Enterwell,react-starter,https://github.com/Enterwell/react-starter,16,5,2021-03-17T21:18:05Z,2025-02-24T06:17:25Z,TypeScript
445242753,bezael,angular-boilerplate,https://github.com/bezael/angular-boilerplate,16,8,2022-01-06T16:48:53Z,2025-04-09T13:29:46Z,TypeScript
834249720,fthozdemir,next-ts-boilerplate,https://github.com/fthozdemir/next-ts-boilerplate,16,0,2024-07-26T18:56:21Z,2025-06-27T12:12:37Z,TypeScript
206126647,zishone,oas-express-starter,https://github.com/zishone/oas-express-starter,16,3,2019-09-03T16:50:31Z,2025-04-02T06:54:10Z,TypeScript
145956461,lean-mind,typescript-boilerplate,https://github.com/lean-mind/typescript-boilerplate,16,8,2018-08-24T07:13:42Z,2025-04-09T10:13:16Z,TypeScript
631421414,aiherrera,react-expo-template,https://github.com/aiherrera/react-expo-template,16,8,2023-04-23T01:10:03Z,2025-07-02T18:38:19Z,TypeScript
813730908,Blankeos,solid-hop,https://github.com/Blankeos/solid-hop,16,0,2024-06-11T16:19:07Z,2025-08-09T14:05:36Z,TypeScript
127407873,nonoroazoro,typescript-react-boilerplate,https://github.com/nonoroazoro/typescript-react-boilerplate,16,7,2018-03-30T09:13:01Z,2023-08-18T02:54:38Z,TypeScript
932893290,brijr,payload-site-starter,https://github.com/brijr/payload-site-starter,16,2,2025-02-14T18:04:11Z,2025-08-09T07:26:30Z,TypeScript
688140628,chongruei,next-app-boilerplate,https://github.com/chongruei/next-app-boilerplate,16,2,2023-09-06T18:27:42Z,2025-04-09T10:26:42Z,TypeScript
601543191,nrabhiram,vite-react-ts-tailwind-template,https://github.com/nrabhiram/vite-react-ts-tailwind-template,16,3,2023-02-14T09:41:37Z,2025-08-07T03:47:37Z,TypeScript
172380046,shakib609,django-react-boilerplate,https://github.com/shakib609/django-react-boilerplate,16,6,2019-02-24T19:25:09Z,2024-07-17T15:08:47Z,TypeScript
516962633,itsMapleLeaf,reacord-starter,https://github.com/itsMapleLeaf/reacord-starter,16,3,2022-07-23T05:02:58Z,2024-01-24T17:40:00Z,TypeScript
260422559,mengheangrat,react-native-boilerplate,https://github.com/mengheangrat/react-native-boilerplate,16,2,2020-05-01T09:31:51Z,2025-07-04T09:03:25Z,TypeScript
478270726,medplum,medplum-hello-world,https://github.com/medplum/medplum-hello-world,16,85,2022-04-05T19:24:37Z,2025-08-08T20:46:05Z,TypeScript
647731742,Hebilicious,nuxt-module-template,https://github.com/Hebilicious/nuxt-module-template,16,2,2023-05-31T12:04:41Z,2025-07-16T01:50:38Z,TypeScript
699879935,ImJustLucas,Next-13-Boilerplate,https://github.com/ImJustLucas/Next-13-Boilerplate,16,0,2023-10-03T14:19:58Z,2025-01-20T03:53:56Z,TypeScript
274453961,vtex-apps,orders-feed-example,https://github.com/vtex-apps/orders-feed-example,16,6,2020-06-23T16:21:06Z,2025-07-29T01:58:22Z,TypeScript
617034454,Pinelab-studio,vendure-google-cloud-run-starter,https://github.com/Pinelab-studio/vendure-google-cloud-run-starter,16,7,2023-03-21T15:14:54Z,2025-08-02T03:21:12Z,TypeScript
190327030,Tyler-Churchill,Gatsby-Starter-Typescript-Apollo-Storybook,https://github.com/Tyler-Churchill/Gatsby-Starter-Typescript-Apollo-Storybook,16,1,2019-06-05T04:41:51Z,2023-08-14T13:23:40Z,TypeScript
540962265,laravelcm,angular-admin-panel,https://github.com/laravelcm/angular-admin-panel,16,6,2022-09-24T20:42:43Z,2024-08-06T12:31:00Z,TypeScript
176628827,gnonce,gatsby-starter-gnonce,https://github.com/gnonce/gatsby-starter-gnonce,16,4,2019-03-20T01:35:53Z,2023-01-19T20:51:34Z,TypeScript
506716260,takanome-dev,monorepo-template,https://github.com/takanome-dev/monorepo-template,16,3,2022-06-23T16:37:02Z,2025-01-10T20:41:14Z,TypeScript
539552291,lightning-jar,svelte-typescript-tailwind-pug-starter,https://github.com/lightning-jar/svelte-typescript-tailwind-pug-starter,16,0,2022-09-21T15:15:02Z,2024-10-12T02:25:05Z,TypeScript
248951133,WLun001,travel-list,https://github.com/WLun001/travel-list,16,10,2020-03-21T10:15:33Z,2024-06-10T12:25:39Z,TypeScript
584820044,makeitrealcamp,nodejs-template,https://github.com/makeitrealcamp/nodejs-template,16,10,2023-01-03T15:45:25Z,2025-06-19T05:41:13Z,TypeScript
282580231,adeonir,boilerplate-nextjs,https://github.com/adeonir/boilerplate-nextjs,16,2,2020-07-26T05:08:11Z,2024-06-04T21:28:28Z,TypeScript
539280211,pdevito3,next-template-wrapt,https://github.com/pdevito3/next-template-wrapt,16,3,2022-09-21T02:59:22Z,2025-03-06T17:55:41Z,TypeScript
825890720,matronator,vite-ts-lib-starter,https://github.com/matronator/vite-ts-lib-starter,16,0,2024-07-08T17:44:33Z,2025-07-26T00:21:03Z,TypeScript
294513676,codecoolture,react-atdd-playground,https://github.com/codecoolture/react-atdd-playground,16,1,2020-09-10T20:19:37Z,2025-04-09T10:16:49Z,TypeScript
219558802,LekoArts,gatsby-starter-graphql-playground,https://github.com/LekoArts/gatsby-starter-graphql-playground,16,3,2019-11-04T17:32:43Z,2025-08-01T00:23:48Z,TypeScript
642854830,denoland,fresh_template,https://github.com/denoland/fresh_template,16,7,2023-05-19T13:50:04Z,2025-06-12T03:42:28Z,TypeScript
214276007,jizusun,express-typescript-jest-template,https://github.com/jizusun/express-typescript-jest-template,16,5,2019-10-10T20:08:30Z,2024-01-08T22:54:14Z,TypeScript
860672801,fixie-ai,ultravox-demo-template-vercel,https://github.com/fixie-ai/ultravox-demo-template-vercel,16,17,2024-09-20T22:37:06Z,2025-05-30T23:41:36Z,TypeScript
504929399,wobsoriano,library-starter,https://github.com/wobsoriano/library-starter,16,2,2022-06-18T19:09:27Z,2025-01-23T16:05:04Z,TypeScript
337963309,lmachens,next.js-template,https://github.com/lmachens/next.js-template,16,2,2021-02-11T07:55:13Z,2023-10-20T16:01:54Z,TypeScript
825938689,0x-j,aptos-full-stack-template,https://github.com/0x-j/aptos-full-stack-template,16,7,2024-07-08T19:49:35Z,2025-08-06T13:06:41Z,TypeScript
581146199,rikvermeulen,lightning,https://github.com/rikvermeulen/lightning,16,2,2022-12-22T11:51:59Z,2023-11-02T18:05:25Z,TypeScript
366601387,innei-template,rollup-typescript-lib,https://github.com/innei-template/rollup-typescript-lib,16,3,2021-05-12T05:23:03Z,2025-04-09T10:18:31Z,TypeScript
706146743,shamscorner,sveltekit-stackter,https://github.com/shamscorner/sveltekit-stackter,16,1,2023-10-17T11:49:53Z,2025-02-05T16:46:53Z,TypeScript
339127883,breno-alves,ts-express-boilerplate,https://github.com/breno-alves/ts-express-boilerplate,16,1,2021-02-15T15:55:02Z,2022-07-14T12:14:06Z,TypeScript
284238368,brunos3d,discord-bot-typescript-boilerplate,https://github.com/brunos3d/discord-bot-typescript-boilerplate,16,1,2020-08-01T10:29:53Z,2024-02-21T01:28:31Z,TypeScript
330688510,fission-codes,nextjs-blog-starter-typescript-ghost,https://github.com/fission-codes/nextjs-blog-starter-typescript-ghost,16,1,2021-01-18T14:17:42Z,2023-10-19T15:22:29Z,TypeScript
870262158,code-env,portfolio-stater,https://github.com/code-env/portfolio-stater,16,1,2024-10-09T18:10:48Z,2025-03-05T10:01:28Z,TypeScript
929481286,gfazioli,next-app-nextra-template,https://github.com/gfazioli/next-app-nextra-template,16,3,2025-02-08T16:44:30Z,2025-08-07T10:51:29Z,TypeScript
229268405,Stouffi,typescript-react-starter,https://github.com/Stouffi/typescript-react-starter,16,0,2019-12-20T13:18:17Z,2023-08-14T09:39:24Z,TypeScript
436630077,Borrus-sudo,ts-lib-starter,https://github.com/Borrus-sudo/ts-lib-starter,16,1,2021-12-09T13:37:35Z,2023-06-14T00:16:13Z,TypeScript
585990618,rickwillcox,react-typescript-chrome-extension-template,https://github.com/rickwillcox/react-typescript-chrome-extension-template,16,4,2023-01-06T16:35:05Z,2025-03-14T01:00:01Z,TypeScript
260523843,TBosak,game-template,https://github.com/TBosak/game-template,16,3,2020-05-01T17:56:32Z,2025-02-14T23:47:00Z,TypeScript
480654483,hyodoblog,line-bot-typescript-template,https://github.com/hyodoblog/line-bot-typescript-template,16,5,2022-04-12T04:37:01Z,2024-12-20T01:50:14Z,TypeScript
747274953,grayhatdevelopers,vite-react-ts-multiplayer-game,https://github.com/grayhatdevelopers/vite-react-ts-multiplayer-game,16,3,2024-01-23T16:02:43Z,2025-04-09T10:28:50Z,TypeScript
758848426,AlbertHernandez,github-action-nodejs-template,https://github.com/AlbertHernandez/github-action-nodejs-template,16,2,2024-02-17T08:59:45Z,2025-08-08T11:22:31Z,TypeScript
751803909,Phala-Network,framehub-template,https://github.com/Phala-Network/framehub-template,16,6,2024-02-02T11:11:30Z,2025-01-13T07:16:44Z,TypeScript
768075282,przeprogramowani,frontend-bootstrap,https://github.com/przeprogramowani/frontend-bootstrap,16,2,2024-03-06T12:28:12Z,2025-03-10T14:47:41Z,TypeScript
280656624,ElpsyCN,el-bot-template,https://github.com/ElpsyCN/el-bot-template,16,5,2020-07-18T12:56:43Z,2024-04-18T14:26:18Z,TypeScript
378528012,anhocva214,pattern-api-expressjs-ts,https://github.com/anhocva214/pattern-api-expressjs-ts,16,1,2021-06-20T00:21:57Z,2025-07-09T01:59:01Z,TypeScript
681426306,sosiristseng,template-quartz,https://github.com/sosiristseng/template-quartz,16,0,2023-08-22T01:56:35Z,2025-08-04T01:56:44Z,TypeScript
693890805,cdleveille,fresh-bun,https://github.com/cdleveille/fresh-bun,16,2,2023-09-19T23:25:16Z,2025-08-02T23:43:46Z,TypeScript
216279040,tx2z,wc-base-typescript,https://github.com/tx2z/wc-base-typescript,16,3,2019-10-19T22:38:44Z,2023-12-04T14:03:49Z,TypeScript
403442074,t3dotgg,next-auth-v4-prisma-demo,https://github.com/t3dotgg/next-auth-v4-prisma-demo,16,0,2021-09-06T00:33:31Z,2024-08-18T17:03:13Z,TypeScript
690630711,SbokyZahodi,FSD-Nuxt3-template,https://github.com/SbokyZahodi/FSD-Nuxt3-template,16,0,2023-09-12T15:01:50Z,2024-12-14T08:55:28Z,TypeScript
495069071,nishkohli96,react-node-ts-monorepo,https://github.com/nishkohli96/react-node-ts-monorepo,16,3,2022-05-22T13:33:09Z,2025-05-23T09:02:40Z,TypeScript
1001433310,zaunist,go-react-template,https://github.com/zaunist/go-react-template,16,2,2025-06-13T11:22:00Z,2025-08-05T10:21:36Z,TypeScript
334317034,deepbass,serverless-cms-azure,https://github.com/deepbass/serverless-cms-azure,16,8,2021-01-30T03:13:53Z,2025-03-25T13:31:49Z,TypeScript
445418934,jnisperuza,custom-checkout-app,https://github.com/jnisperuza/custom-checkout-app,16,3,2022-01-07T06:16:37Z,2025-06-06T04:27:23Z,TypeScript
108393677,yukilzw,rn_web,https://github.com/yukilzw/rn_web,16,3,2017-10-26T09:56:31Z,2024-10-23T13:40:13Z,TypeScript
792566964,aws-samples,amplify-angular-template,https://github.com/aws-samples/amplify-angular-template,17,74,2024-04-27T00:21:42Z,2025-07-24T14:37:30Z,TypeScript
455723031,Yusfuu,node-typescript-boilerplate,https://github.com/Yusfuu/node-typescript-boilerplate,17,5,2022-02-04T23:10:34Z,2025-06-09T08:47:05Z,TypeScript
531691674,OMikkel,fivem-nextjs-boilerplate,https://github.com/OMikkel/fivem-nextjs-boilerplate,17,5,2022-09-01T21:28:05Z,2025-07-07T05:58:13Z,TypeScript
907138188,tberoiz,supabase-auth-turborepo-boilerplate,https://github.com/tberoiz/supabase-auth-turborepo-boilerplate,17,3,2024-12-22T23:00:08Z,2025-08-09T07:01:49Z,TypeScript
772804039,rikurainio,Juu,https://github.com/rikurainio/Juu,17,2,2024-03-15T23:58:14Z,2025-06-16T19:50:33Z,TypeScript
463569534,elrond-giants,erd-next-starter,https://github.com/elrond-giants/erd-next-starter,17,3,2022-02-25T14:48:58Z,2024-08-12T14:29:32Z,TypeScript
360177021,badsaarow,quasar2-storybook-boilerplate,https://github.com/badsaarow/quasar2-storybook-boilerplate,17,9,2021-04-21T13:16:42Z,2025-07-21T23:14:47Z,TypeScript
987428774,koji0701,supabase-react-social-media-starter,https://github.com/koji0701/supabase-react-social-media-starter,17,3,2025-05-21T04:14:30Z,2025-06-27T00:13:25Z,TypeScript
551794409,samchon,nestia-start,https://github.com/samchon/nestia-start,17,2,2022-10-15T05:22:54Z,2025-08-07T12:35:03Z,TypeScript
250398349,antoinerousseau,gatsby-starter-antoine,https://github.com/antoinerousseau/gatsby-starter-antoine,17,2,2020-03-26T23:51:42Z,2024-01-04T21:59:07Z,TypeScript
387362403,callmeberzerker,vite-react-ts-starter,https://github.com/callmeberzerker/vite-react-ts-starter,17,9,2021-07-19T06:31:12Z,2025-04-23T17:09:18Z,TypeScript
244965013,fernandohenriques,nestjs-rest-boilerplate,https://github.com/fernandohenriques/nestjs-rest-boilerplate,17,1,2020-03-04T17:41:24Z,2022-10-18T01:02:36Z,TypeScript
549796077,netlify-templates,solid-quickstart,https://github.com/netlify-templates/solid-quickstart,17,36,2022-10-11T18:49:23Z,2025-08-08T12:37:23Z,TypeScript
655042149,sedwards2009,nodegui-simple-starter,https://github.com/sedwards2009/nodegui-simple-starter,17,4,2023-06-17T17:44:21Z,2025-04-15T12:01:43Z,TypeScript
816574069,tunctn,express-next-turborepo-boilerplate,https://github.com/tunctn/express-next-turborepo-boilerplate,17,0,2024-06-18T02:43:08Z,2025-08-03T18:56:45Z,TypeScript
349495683,rocketseat-education,ignite-template-reactjs-criando-um-projeto-do-zero,https://github.com/rocketseat-education/ignite-template-reactjs-criando-um-projeto-do-zero,17,65,2021-03-19T16:58:52Z,2023-09-10T00:46:44Z,TypeScript
841216004,theogravity,fastify-starter-turbo-monorepo,https://github.com/theogravity/fastify-starter-turbo-monorepo,17,4,2024-08-12T00:12:36Z,2025-06-30T14:47:15Z,TypeScript
606597382,gabrielcaiana,boilerplate-nuxt3-authentication,https://github.com/gabrielcaiana/boilerplate-nuxt3-authentication,17,2,2023-02-26T00:42:44Z,2024-10-15T11:53:04Z,TypeScript
515114753,codes-templates,npm-react,https://github.com/codes-templates/npm-react,17,7,2022-07-18T09:21:52Z,2025-03-04T09:39:53Z,TypeScript
404326567,BerkeKaragoz,nextjs-muiv5-typeorm-ts-boilerplate,https://github.com/BerkeKaragoz/nextjs-muiv5-typeorm-ts-boilerplate,17,3,2021-09-08T11:46:32Z,2024-03-28T14:33:24Z,TypeScript
603001925,vuestorefront,integration-boilerplate,https://github.com/vuestorefront/integration-boilerplate,17,2,2023-02-17T12:08:40Z,2025-08-07T03:01:38Z,TypeScript
618610865,pomSense,typescript-node-yarn-pnp-boilerplate,https://github.com/pomSense/typescript-node-yarn-pnp-boilerplate,18,1,2023-03-24T21:21:25Z,2025-02-01T11:15:16Z,TypeScript
787452936,michael-pfister,deno-portfolio,https://github.com/michael-pfister/deno-portfolio,16,24,2024-04-16T14:49:53Z,2025-06-08T22:56:59Z,TypeScript
717215775,vlbras,awesome-nest-rbac-graphql,https://github.com/vlbras/awesome-nest-rbac-graphql,17,2,2023-11-10T20:38:11Z,2025-06-17T13:06:58Z,TypeScript
529097053,bradgarropy,remix-starter,https://github.com/bradgarropy/remix-starter,17,2,2022-08-26T03:12:04Z,2025-04-25T14:45:19Z,TypeScript
703484063,WillKirkmanM,mantine-t3-template,https://github.com/WillKirkmanM/mantine-t3-template,17,1,2023-10-11T10:28:11Z,2025-05-31T15:08:19Z,TypeScript
121860000,Sidaroth,Phaser3.Boilerplate,https://github.com/Sidaroth/Phaser3.Boilerplate,17,0,2018-02-17T14:02:30Z,2024-09-06T01:48:52Z,TypeScript
755764044,nermalcat69,supabase-ssr-starter,https://github.com/nermalcat69/supabase-ssr-starter,17,2,2024-02-11T01:06:53Z,2025-07-01T13:44:58Z,TypeScript
642239864,app-generator,react-berry-dashboard-nodejs,https://github.com/app-generator/react-berry-dashboard-nodejs,17,11,2023-05-18T06:03:22Z,2025-05-02T14:36:02Z,TypeScript
442528881,jckw,remix-radix-stitches-starter,https://github.com/jckw/remix-radix-stitches-starter,17,2,2021-12-28T17:00:15Z,2024-05-13T12:52:47Z,TypeScript
411320373,mantinedev,gatsby-template,https://github.com/mantinedev/gatsby-template,17,3,2021-09-28T14:39:40Z,2025-08-07T09:36:59Z,TypeScript
514541076,devkiran,nextjs-blog-template,https://github.com/devkiran/nextjs-blog-template,17,5,2022-07-16T10:02:15Z,2024-10-16T19:32:47Z,TypeScript
410224584,neo-hack,webext-template,https://github.com/neo-hack/webext-template,17,1,2021-09-25T09:01:41Z,2024-05-15T09:04:20Z,TypeScript
425781520,temporalio,subscription-workflow-project-template-typescript,https://github.com/temporalio/subscription-workflow-project-template-typescript,17,6,2021-11-08T09:52:06Z,2025-07-16T04:08:37Z,TypeScript
424652416,marceloaugusto80,react-ssr-express,https://github.com/marceloaugusto80/react-ssr-express,17,3,2021-11-04T15:50:37Z,2025-06-19T09:00:47Z,TypeScript
405600531,waptik,grammy-on-deta-template,https://github.com/waptik/grammy-on-deta-template,17,4,2021-09-12T09:33:41Z,2025-07-14T23:32:56Z,TypeScript
776568780,ChrisUser,vite-complete-react-app,https://github.com/ChrisUser/vite-complete-react-app,17,7,2024-03-23T21:35:56Z,2025-07-08T18:16:43Z,TypeScript
490260646,NoWorries,toolkit-figma-plugin,https://github.com/NoWorries/toolkit-figma-plugin,17,3,2022-05-09T11:49:41Z,2024-04-25T13:20:20Z,TypeScript
472636827,jellydn,moleculer-typescript-template,https://github.com/jellydn/moleculer-typescript-template,17,4,2022-03-22T06:13:23Z,2025-07-12T13:01:34Z,TypeScript
360782527,seonglae,nextra,https://github.com/seonglae/nextra,17,2,2021-04-23T06:17:15Z,2025-06-25T13:39:31Z,TypeScript
766397261,flamrdevs,astrovehnt,https://github.com/flamrdevs/astrovehnt,17,2,2024-03-03T06:26:10Z,2025-03-28T22:37:58Z,TypeScript
754553168,fredygerman,next-js-shadcn-landing-page,https://github.com/fredygerman/next-js-shadcn-landing-page,17,3,2024-02-08T09:55:26Z,2025-08-05T01:30:34Z,TypeScript
487286921,xyhxx,vite-vue-proste,https://github.com/xyhxx/vite-vue-proste,17,3,2022-04-30T13:38:51Z,2025-06-24T19:30:56Z,TypeScript
740605856,dninomiya,cv,https://github.com/dninomiya/cv,17,4,2024-01-08T17:28:02Z,2025-07-28T22:23:38Z,TypeScript
686371928,Markkos89,turbo-monorepo-template,https://github.com/Markkos89/turbo-monorepo-template,17,3,2023-09-02T15:12:08Z,2025-07-17T11:38:08Z,TypeScript
568693359,ikrishagarwal,discord-http-bot,https://github.com/ikrishagarwal/discord-http-bot,17,2,2022-11-21T07:59:43Z,2024-09-09T07:39:42Z,TypeScript
877812394,Dphenomenal101,rag-chatbot,https://github.com/Dphenomenal101/rag-chatbot,17,3,2024-10-24T09:33:30Z,2025-07-19T18:45:33Z,TypeScript
660729916,Bryan-Herrera-DEV,node-ts-ddd-prisma-backend,https://github.com/Bryan-Herrera-DEV/node-ts-ddd-prisma-backend,17,1,2023-06-30T17:40:41Z,2025-08-08T16:21:24Z,TypeScript
241865372,nhducit,batteries-included-nextjs,https://github.com/nhducit/batteries-included-nextjs,17,0,2020-02-20T11:18:33Z,2023-03-13T01:52:06Z,TypeScript
391038281,lavaclient,discordjs-example,https://github.com/lavaclient/discordjs-example,17,3,2021-07-30T11:20:46Z,2024-04-06T05:39:44Z,TypeScript
809902912,nicnocquee,nesktop,https://github.com/nicnocquee/nesktop,17,3,2024-06-03T17:08:12Z,2025-05-23T17:31:57Z,TypeScript
207883296,jeffrafter,example-github-action-typescript,https://github.com/jeffrafter/example-github-action-typescript,17,3,2019-09-11T18:46:58Z,2025-01-14T00:24:29Z,TypeScript
373664398,FelippeChemello,Remotion-TTS-Example,https://github.com/FelippeChemello/Remotion-TTS-Example,17,6,2021-06-03T23:08:39Z,2025-07-24T09:51:44Z,TypeScript
603805768,codibrie,nextwind,https://github.com/codibrie/nextwind,17,2,2023-02-19T16:19:05Z,2025-02-14T07:43:12Z,TypeScript
518621595,Codeize,template,https://github.com/Codeize/template,17,1,2022-07-27T21:53:10Z,2025-02-08T05:07:47Z,TypeScript
355031089,hangvane,hexo-netlify-cms-vercel,https://github.com/hangvane/hexo-netlify-cms-vercel,17,8,2021-04-06T02:21:18Z,2023-11-03T04:00:33Z,TypeScript
736293565,jsantanders,cv,https://github.com/jsantanders/cv,17,2,2023-12-27T14:07:14Z,2025-02-07T04:47:30Z,TypeScript
488603670,dl-solarity,graph-template,https://github.com/dl-solarity/graph-template,17,0,2022-05-04T13:40:03Z,2023-10-10T09:11:28Z,TypeScript
883548383,curvegrid,multibaas-sample-app,https://github.com/curvegrid/multibaas-sample-app,17,4,2024-11-05T06:48:45Z,2025-05-19T22:15:25Z,TypeScript
640370164,clarkio,vscode-extension-template,https://github.com/clarkio/vscode-extension-template,17,2,2023-05-13T21:25:43Z,2023-07-09T23:07:48Z,TypeScript
267695329,open-template-hub,payment-server-template,https://github.com/open-template-hub/payment-server-template,17,1,2020-05-28T20:58:40Z,2025-08-11T04:38:49Z,TypeScript
274755697,geraldobraz,web-template-project,https://github.com/geraldobraz/web-template-project,17,1,2020-06-24T19:45:54Z,2025-01-10T13:59:25Z,TypeScript
762105317,RussellArvin,t3-drizzle-clerk,https://github.com/RussellArvin/t3-drizzle-clerk,17,0,2024-02-23T05:05:26Z,2024-09-03T08:38:24Z,TypeScript
720738983,adrianklimek,advent-of-code-bun,https://github.com/adrianklimek/advent-of-code-bun,17,1,2023-11-19T13:02:34Z,2025-05-17T07:09:32Z,TypeScript
922890110,DKeken,turborepo-ton-trpc,https://github.com/DKeken/turborepo-ton-trpc,17,4,2025-01-27T09:19:09Z,2025-08-09T10:04:14Z,TypeScript
632786891,ibrahimyaacob92,t3-plasmo-turbo,https://github.com/ibrahimyaacob92/t3-plasmo-turbo,17,0,2023-04-26T06:10:01Z,2025-07-07T18:28:12Z,TypeScript
837251173,ToniDarodda,nestjs-template,https://github.com/ToniDarodda/nestjs-template,17,1,2024-08-02T14:32:45Z,2025-06-02T10:59:59Z,TypeScript
818830723,larry-xue,react-admin-dashboard,https://github.com/larry-xue/react-admin-dashboard,17,1,2024-06-23T02:06:02Z,2025-08-01T03:12:33Z,TypeScript
802922183,cmackenzie1,tfstate-worker,https://github.com/cmackenzie1/tfstate-worker,17,0,2024-05-19T16:09:09Z,2025-07-31T16:19:17Z,TypeScript
735963752,danmanners,aws-argo-cluster-template,https://github.com/danmanners/aws-argo-cluster-template,17,1,2023-12-26T15:33:55Z,2024-08-16T23:42:17Z,TypeScript
483842825,KhomsiAdam,create-express-rest-ts,https://github.com/KhomsiAdam/create-express-rest-ts,17,1,2022-04-20T23:24:17Z,2023-03-30T08:11:12Z,TypeScript
466287797,DavidRodarte,Prisma-Express-Template,https://github.com/DavidRodarte/Prisma-Express-Template,17,0,2022-03-04T22:29:07Z,2025-05-19T13:43:27Z,TypeScript
488563345,VulcanJS,eurodance-stack,https://github.com/VulcanJS/eurodance-stack,17,3,2022-05-04T11:36:02Z,2023-12-26T00:25:31Z,TypeScript
507034158,sitecorelabs,xmcloud-foundation-head-dev,https://github.com/sitecorelabs/xmcloud-foundation-head-dev,19,216,2022-06-24T14:09:29Z,2025-07-31T11:46:25Z,TypeScript
939513619,aws-samples,sample-amplify-storage-browser,https://github.com/aws-samples/sample-amplify-storage-browser,19,192,2025-02-26T16:57:58Z,2025-07-30T07:56:41Z,TypeScript
140426251,OpesanyaAdebayo,Typescript-Node-Starter,https://github.com/OpesanyaAdebayo/Typescript-Node-Starter,19,7,2018-07-10T12:08:20Z,2024-04-02T13:23:16Z,TypeScript
238846975,IBM,template-graphql-typescript,https://github.com/IBM/template-graphql-typescript,19,18,2020-02-07T04:56:57Z,2025-07-29T00:37:56Z,TypeScript
447442167,truonghungit,react-starter-template,https://github.com/truonghungit/react-starter-template,19,6,2022-01-13T02:50:54Z,2025-08-08T08:13:30Z,TypeScript
806629806,remkoj,optimizely-saas-starter,https://github.com/remkoj/optimizely-saas-starter,19,14,2024-05-27T15:08:58Z,2025-07-09T11:19:42Z,TypeScript
283504896,renyuanz,nextjs-typescript-graphql-starter,https://github.com/renyuanz/nextjs-typescript-graphql-starter,19,1,2020-07-29T13:21:37Z,2024-02-25T14:21:17Z,TypeScript
584141769,bharathvaj-ganesan,chargebee-saas-stack,https://github.com/bharathvaj-ganesan/chargebee-saas-stack,19,9,2023-01-01T14:56:30Z,2025-08-04T03:24:53Z,TypeScript
868374892,caru-ini,next-authjs-template,https://github.com/caru-ini/next-authjs-template,19,5,2024-10-06T08:09:53Z,2025-06-29T04:30:27Z,TypeScript
830631189,deepumandal,react-template,https://github.com/deepumandal/react-template,19,3,2024-07-18T16:42:41Z,2025-06-29T07:07:35Z,TypeScript
997593980,CopilotKit,with-mastra,https://github.com/CopilotKit/with-mastra,19,10,2025-06-06T19:50:07Z,2025-08-09T15:00:23Z,TypeScript
442054298,Black-Axe,Express-Typescript-Boilerplate,https://github.com/Black-Axe/Express-Typescript-Boilerplate,19,11,2021-12-27T04:58:16Z,2024-08-07T06:18:18Z,TypeScript
652943574,rajput-hemant,react-template-vite,https://github.com/rajput-hemant/react-template-vite,19,4,2023-06-13T05:26:01Z,2025-08-02T08:16:30Z,TypeScript
122899857,c-jacquin,nest-boilerplate,https://github.com/c-jacquin/nest-boilerplate,19,6,2018-02-26T02:14:00Z,2025-02-15T11:51:18Z,TypeScript
726440295,elitan,j4pp,https://github.com/elitan/j4pp,19,1,2023-12-02T12:05:55Z,2025-07-20T11:26:38Z,TypeScript
841157606,VaibhavArora314,nextjs-starter,https://github.com/VaibhavArora314/nextjs-starter,19,2,2024-08-11T20:05:39Z,2025-06-09T12:04:59Z,TypeScript
412019086,chapter-three,next-drupal-basic-starter,https://github.com/chapter-three/next-drupal-basic-starter,19,11,2021-09-30T10:23:57Z,2025-06-17T15:36:39Z,TypeScript
605713540,volca-io,volca,https://github.com/volca-io/volca,19,3,2023-02-23T18:39:54Z,2025-05-20T17:53:17Z,TypeScript
512000935,remotion-dev,template-skia,https://github.com/remotion-dev/template-skia,19,2,2022-07-08T19:07:50Z,2025-08-06T17:38:35Z,TypeScript
726147292,GrandeVx,My-T3-Boilerplate,https://github.com/GrandeVx/My-T3-Boilerplate,19,3,2023-12-01T16:25:12Z,2025-02-07T07:16:31Z,TypeScript
486769811,apfdamascena,pta-boilerplate,https://github.com/apfdamascena/pta-boilerplate,19,4,2022-04-28T22:48:07Z,2023-10-26T01:58:27Z,TypeScript
474090490,BrunoBernardino,deno-boilerplate-simple-website,https://github.com/BrunoBernardino/deno-boilerplate-simple-website,19,5,2022-03-25T16:44:29Z,2025-06-25T14:50:51Z,TypeScript
292563910,rogiervandenberg,nextjs-typescript-bulma-boilerplate,https://github.com/rogiervandenberg/nextjs-typescript-bulma-boilerplate,19,5,2020-09-03T12:28:46Z,2024-09-05T14:00:56Z,TypeScript
699066748,usernein,react-mini-app,https://github.com/usernein/react-mini-app,19,3,2023-10-01T20:16:33Z,2025-01-04T05:45:48Z,TypeScript
296193835,chagadev,fullstack-boilerplate,https://github.com/chagadev/fullstack-boilerplate,19,3,2020-09-17T02:07:07Z,2024-02-02T23:02:35Z,TypeScript
311919864,Flowkap,typescript-node-template,https://github.com/Flowkap/typescript-node-template,19,2,2020-11-11T09:18:22Z,2024-12-29T13:39:49Z,TypeScript
342394166,tweakpane,plugin-template,https://github.com/tweakpane/plugin-template,19,6,2021-02-25T22:17:52Z,2025-08-09T16:57:36Z,TypeScript
561320499,olivewind,nest-starter,https://github.com/olivewind/nest-starter,19,2,2022-11-03T12:47:05Z,2024-11-18T00:49:13Z,TypeScript
328796581,mug-jp,maplibregljs-starter,https://github.com/mug-jp/maplibregljs-starter,19,4,2021-01-11T21:32:21Z,2024-11-23T23:45:24Z,TypeScript
347930664,umijs,dumi-lerna-template,https://github.com/umijs/dumi-lerna-template,19,15,2021-03-15T10:45:44Z,2024-01-25T06:08:26Z,TypeScript
968776562,github,spark-template,https://github.com/github/spark-template,19,10,2025-04-18T17:57:46Z,2025-08-07T22:18:25Z,TypeScript
858401426,oneezy,svelte-5-extension,https://github.com/oneezy/svelte-5-extension,19,2,2024-09-16T20:39:53Z,2025-07-20T05:25:38Z,TypeScript
199286024,sterlp,admin-template,https://github.com/sterlp/admin-template,19,4,2019-07-28T12:44:19Z,2024-11-21T07:20:23Z,TypeScript
367914489,kianenigma,polkadot-js-api-ts-template,https://github.com/kianenigma/polkadot-js-api-ts-template,19,7,2021-05-16T15:11:07Z,2025-03-24T07:13:30Z,TypeScript
779686443,naserdehghan,workers-d1-hono-drizzle-template,https://github.com/naserdehghan/workers-d1-hono-drizzle-template,19,3,2024-03-30T14:20:06Z,2025-07-28T09:30:54Z,TypeScript
516662238,mantinedev,extension-template,https://github.com/mantinedev/extension-template,19,3,2022-07-22T07:58:47Z,2025-08-07T09:36:50Z,TypeScript
545974024,serenity-js,serenity-js-playwright-test-template,https://github.com/serenity-js/serenity-js-playwright-test-template,19,16,2022-10-05T09:51:22Z,2025-08-09T00:32:05Z,TypeScript
872019759,MrGlox,remix-nest-boilerplate,https://github.com/MrGlox/remix-nest-boilerplate,19,0,2024-10-13T15:23:07Z,2025-03-08T13:02:56Z,TypeScript
586337975,shamscorner,electron-vite-ts-stackter,https://github.com/shamscorner/electron-vite-ts-stackter,19,1,2023-01-07T19:23:45Z,2025-07-25T23:08:34Z,TypeScript
472174489,lxy-yz,vitesse-lite-react,https://github.com/lxy-yz/vitesse-lite-react,19,8,2022-03-21T03:33:17Z,2024-05-22T03:04:53Z,TypeScript
285782622,rfpedrosa,aws-cdk,https://github.com/rfpedrosa/aws-cdk,19,7,2020-08-07T08:48:47Z,2025-03-01T05:34:21Z,TypeScript
322347982,PabloSzx,next-fastify-mercurius-vercel,https://github.com/PabloSzx/next-fastify-mercurius-vercel,19,4,2020-12-17T16:15:43Z,2023-10-20T15:56:08Z,TypeScript
407329985,leal32b,webapi-nodejs,https://github.com/leal32b/webapi-nodejs,19,1,2021-09-16T22:19:44Z,2025-03-25T14:11:48Z,TypeScript
433803104,yanyu-fe,vite-plugin-vitepress-demo,https://github.com/yanyu-fe/vite-plugin-vitepress-demo,19,4,2021-12-01T11:41:06Z,2025-03-10T09:37:41Z,TypeScript
941195455,IgorSzymanski,tanstack-start-paraglide,https://github.com/IgorSzymanski/tanstack-start-paraglide,19,3,2025-03-01T18:03:51Z,2025-08-06T03:17:06Z,TypeScript
335672491,kettanaito,create-typescript-library,https://github.com/kettanaito/create-typescript-library,19,3,2021-02-03T15:41:15Z,2024-02-09T20:47:12Z,TypeScript
293560658,tommywalkie,sapper-typescript-esbuild-template,https://github.com/tommywalkie/sapper-typescript-esbuild-template,19,0,2020-09-07T15:09:09Z,2022-08-06T20:06:16Z,TypeScript
648549132,Sv443,Userscript.ts,https://github.com/Sv443/Userscript.ts,19,1,2023-06-02T08:22:20Z,2025-07-29T08:56:02Z,TypeScript
604527079,wanpan11,react-admin-tp,https://github.com/wanpan11/react-admin-tp,19,5,2023-02-21T08:47:59Z,2025-07-15T09:32:03Z,TypeScript
795987403,mertthesamael,elysia-cf-worker,https://github.com/mertthesamael/elysia-cf-worker,19,2,2024-05-04T15:44:59Z,2025-06-25T15:15:35Z,TypeScript
894402075,foxlau,react-router-v7-cloudflare-workers,https://github.com/foxlau/react-router-v7-cloudflare-workers,19,1,2024-11-26T09:46:31Z,2025-07-27T15:01:54Z,TypeScript
563884983,lucagoslar,sveltekit-fullstack,https://github.com/lucagoslar/sveltekit-fullstack,19,1,2022-11-09T14:42:06Z,2024-12-04T13:43:52Z,TypeScript
858192635,metaplex-foundation,metaplex-nextjs-tailwind-shadcn-template,https://github.com/metaplex-foundation/metaplex-nextjs-tailwind-shadcn-template,19,7,2024-09-16T13:25:26Z,2025-07-16T22:58:41Z,TypeScript
761219482,hedaukartik,bun-react-csr-base,https://github.com/hedaukartik/bun-react-csr-base,19,0,2024-02-21T13:16:23Z,2025-03-21T19:41:17Z,TypeScript
762760761,faraz455,nestjs-prisma-mysql,https://github.com/faraz455/nestjs-prisma-mysql,19,1,2024-02-24T16:08:23Z,2025-06-22T12:05:24Z,TypeScript
381950475,dqunbp,using-mapbox-gl-with-react,https://github.com/dqunbp/using-mapbox-gl-with-react,19,10,2021-07-01T07:42:31Z,2025-06-24T19:04:43Z,TypeScript
887419066,ouestlabs,medusable,https://github.com/ouestlabs/medusable,19,1,2024-11-12T17:57:52Z,2025-06-28T14:48:02Z,TypeScript
482375645,drac94,code-quality-friendly-vite-template,https://github.com/drac94/code-quality-friendly-vite-template,19,0,2022-04-16T22:35:26Z,2023-06-24T09:16:00Z,TypeScript
935578631,blaxel-templates,template-similar-company-finder,https://github.com/blaxel-templates/template-similar-company-finder,19,1,2025-02-19T17:11:57Z,2025-08-10T17:50:00Z,TypeScript
844677723,NWYLZW,ts-web-monorepo-template,https://github.com/NWYLZW/ts-web-monorepo-template,19,0,2024-08-19T18:46:02Z,2025-04-17T03:54:10Z,TypeScript
448894670,nanlabs,automation-seed,https://github.com/nanlabs/automation-seed,19,3,2022-01-17T12:58:27Z,2024-05-17T00:34:27Z,TypeScript
887966369,CharlieDigital,dn9-openapi-codegen,https://github.com/CharlieDigital/dn9-openapi-codegen,19,0,2024-11-13T15:31:05Z,2025-07-02T03:05:10Z,TypeScript
965407468,moritalous,mcp-streamablehttp-lambda-sample,https://github.com/moritalous/mcp-streamablehttp-lambda-sample,19,1,2025-04-13T05:06:06Z,2025-07-05T10:31:04Z,TypeScript
737820285,Neon-20,Authify,https://github.com/Neon-20/Authify,19,3,2024-01-01T16:10:36Z,2025-04-24T03:34:43Z,TypeScript
518930739,EvolutionX-10,discordbot,https://github.com/EvolutionX-10/discordbot,19,3,2022-07-28T17:07:12Z,2025-07-26T09:13:19Z,TypeScript
262362145,vincedarley,homebridge-plugin-bwaspa,https://github.com/vincedarley/homebridge-plugin-bwaspa,19,5,2020-05-08T15:38:56Z,2025-03-16T20:04:11Z,TypeScript
451500200,TENK-DAO,frontend-starter,https://github.com/TENK-DAO/frontend-starter,18,11,2022-01-24T14:36:17Z,2023-05-04T10:37:50Z,TypeScript
375350661,dhruvsaxena1998,node-typescript-starter,https://github.com/dhruvsaxena1998/node-typescript-starter,18,5,2021-06-09T12:40:15Z,2025-02-10T07:21:55Z,TypeScript
302703940,ts-defold,tsd-template,https://github.com/ts-defold/tsd-template,18,4,2020-10-09T17:00:55Z,2025-06-08T15:22:11Z,TypeScript
641210549,fleekxyz,nextjs-template,https://github.com/fleekxyz/nextjs-template,18,33,2023-05-16T02:29:05Z,2025-08-07T03:03:12Z,TypeScript
149807575,ganevdev,gatsby-starter-blog-grommet,https://github.com/ganevdev/gatsby-starter-blog-grommet,18,7,2018-09-21T19:19:22Z,2023-09-14T14:58:21Z,TypeScript
698804534,godkingjay,turbo-nextui-starter,https://github.com/godkingjay/turbo-nextui-starter,18,4,2023-10-01T02:46:22Z,2025-06-03T12:16:25Z,TypeScript
394717508,vinihvc,vini-boilerplate,https://github.com/vinihvc/vini-boilerplate,18,2,2021-08-10T16:50:29Z,2024-07-08T04:35:06Z,TypeScript
193740329,loteoo,hyperstatic-starter,https://github.com/loteoo/hyperstatic-starter,18,3,2019-06-25T16:01:28Z,2022-11-17T07:33:43Z,TypeScript
703779409,overmind-xyz,over-network-pt-2,https://github.com/overmind-xyz/over-network-pt-2,18,73,2023-10-11T22:48:18Z,2024-04-03T10:51:40Z,TypeScript
639658256,Safouene1,React-platform-starter,https://github.com/Safouene1/React-platform-starter,18,0,2023-05-12T00:02:46Z,2023-12-28T05:09:14Z,TypeScript
1005039333,CopilotKit,with-agno,https://github.com/CopilotKit/with-agno,18,6,2025-06-19T15:10:24Z,2025-08-07T10:54:13Z,TypeScript
526929774,trpc,examples-next-minimal-starter,https://github.com/trpc/examples-next-minimal-starter,18,9,2022-08-20T13:08:59Z,2025-08-06T21:43:33Z,TypeScript
766751741,matozz,vite-react-framer-starter,https://github.com/matozz/vite-react-framer-starter,18,2,2024-03-04T03:51:50Z,2025-08-01T13:51:22Z,TypeScript
771497795,Gustavo-Brun,Next_Template,https://github.com/Gustavo-Brun/Next_Template,18,0,2024-03-13T12:08:37Z,2025-01-02T23:51:52Z,TypeScript
397245175,alexandervantrijffel,ts-node-project-template,https://github.com/alexandervantrijffel/ts-node-project-template,18,2,2021-08-17T12:20:40Z,2025-05-14T15:03:49Z,TypeScript
652041779,Enalmada,nextjs-boilerplate,https://github.com/Enalmada/nextjs-boilerplate,18,0,2023-06-10T22:37:15Z,2025-04-11T13:30:31Z,TypeScript
653924983,okupter,sst-sveltekit-starter,https://github.com/okupter/sst-sveltekit-starter,18,0,2023-06-15T03:20:41Z,2025-03-08T17:30:07Z,TypeScript
449898888,OtterDevelopment,typescript-discord-boilerplate,https://github.com/OtterDevelopment/typescript-discord-boilerplate,18,3,2022-01-20T00:20:47Z,2025-07-31T14:29:05Z,TypeScript
334211891,helderberto,nextjs-boilerplate,https://github.com/helderberto/nextjs-boilerplate,18,3,2021-01-29T17:12:33Z,2024-04-07T19:12:33Z,TypeScript
242614437,stemmlerjs,serverless-typescript-graphql-netlify-starter,https://github.com/stemmlerjs/serverless-typescript-graphql-netlify-starter,18,7,2020-02-24T00:29:05Z,2024-03-18T20:40:17Z,TypeScript
223282973,Liinkiing,node-webpack-typescript-starter,https://github.com/Liinkiing/node-webpack-typescript-starter,18,1,2019-11-21T23:19:26Z,2020-12-29T14:34:31Z,TypeScript
847758371,dotyigit,boot-next,https://github.com/dotyigit/boot-next,18,0,2024-08-26T13:46:18Z,2025-05-29T20:51:39Z,TypeScript
908953505,k0msenapati,coagents-starter,https://github.com/k0msenapati/coagents-starter,18,2,2024-12-27T11:30:53Z,2025-07-21T09:28:02Z,TypeScript
435718200,moonshotcollective,scaffold-moonshot-starter,https://github.com/moonshotcollective/scaffold-moonshot-starter,18,4,2021-12-07T02:33:32Z,2022-05-08T17:29:10Z,TypeScript
255198232,rocketseat-education,gostack-template-typeorm-upload,https://github.com/rocketseat-education/gostack-template-typeorm-upload,18,70,2020-04-13T00:47:06Z,2024-05-27T00:03:52Z,TypeScript
499247752,miyasan31,vite-react-tailwind-starter,https://github.com/miyasan31/vite-react-tailwind-starter,18,1,2022-06-02T18:31:52Z,2024-07-16T20:12:57Z,TypeScript
815479854,mmvergara,react-firebase-auth-template,https://github.com/mmvergara/react-firebase-auth-template,18,1,2024-06-15T09:31:41Z,2025-05-06T05:27:10Z,TypeScript
862881809,worldcoin,minikit-next-template,https://github.com/worldcoin/minikit-next-template,18,11,2024-09-25T10:51:12Z,2025-08-05T00:15:39Z,TypeScript
540637843,diegosilvadigital,awesome-template-stitches,https://github.com/diegosilvadigital/awesome-template-stitches,18,1,2022-09-23T22:35:34Z,2024-11-15T18:09:56Z,TypeScript
568607194,vadxq,nextjs-ai-starter,https://github.com/vadxq/nextjs-ai-starter,18,2,2022-11-21T02:29:46Z,2025-08-05T07:18:38Z,TypeScript
470485875,bwyx,f,https://github.com/bwyx/f,18,3,2022-03-16T08:02:42Z,2025-05-11T19:08:47Z,TypeScript
255759748,Liinkiing,next-ts-graphql-apollo-starter,https://github.com/Liinkiing/next-ts-graphql-apollo-starter,18,0,2020-04-15T00:20:17Z,2024-01-25T06:23:54Z,TypeScript
1020055482,untitleduico,untitledui-vite-starter-kit,https://github.com/untitleduico/untitledui-vite-starter-kit,18,2,2025-07-15T09:17:08Z,2025-08-10T21:54:52Z,TypeScript
658052938,damla,nextjs-w-app-router-starter,https://github.com/damla/nextjs-w-app-router-starter,18,2,2023-06-24T16:06:13Z,2024-11-06T00:21:00Z,TypeScript
749860606,phaserjs,template-esbuild-ts,https://github.com/phaserjs/template-esbuild-ts,18,6,2024-01-29T14:45:01Z,2025-05-23T16:05:14Z,TypeScript
259499486,gusflopes,adonis-v5,https://github.com/gusflopes/adonis-v5,18,6,2020-04-28T01:30:31Z,2024-03-14T10:39:03Z,TypeScript
349787915,FabienGreard,kirby-boilerplate,https://github.com/FabienGreard/kirby-boilerplate,18,0,2021-03-20T17:10:02Z,2024-11-11T09:14:21Z,TypeScript
438500759,Barefoot-Dev,solidity-nft-boilerplate,https://github.com/Barefoot-Dev/solidity-nft-boilerplate,18,0,2021-12-15T05:02:56Z,2025-07-31T17:56:22Z,TypeScript
342061768,wheatjs,vaguer,https://github.com/wheatjs/vaguer,18,3,2021-02-24T23:13:25Z,2023-12-19T19:53:18Z,TypeScript
583221085,bharathvaj-ganesan,chargebee-nextjs-static,https://github.com/bharathvaj-ganesan/chargebee-nextjs-static,18,0,2022-12-29T05:56:03Z,2025-07-10T05:12:35Z,TypeScript
355375964,application-research,next-sass,https://github.com/application-research/next-sass,18,4,2021-04-07T01:24:37Z,2024-01-09T20:43:38Z,TypeScript
191378620,bmagrys,micro-frontend-architecture,https://github.com/bmagrys/micro-frontend-architecture,18,3,2019-06-11T13:35:38Z,2024-09-05T14:55:39Z,TypeScript
531590013,nitrojs,nitro-preset-starter,https://github.com/nitrojs/nitro-preset-starter,18,1,2022-09-01T16:00:54Z,2025-03-30T00:49:44Z,TypeScript
350879444,davidzzheng,tailwind-storybook,https://github.com/davidzzheng/tailwind-storybook,18,3,2021-03-23T22:52:08Z,2024-09-20T11:46:36Z,TypeScript
948628970,RahmatRafiq,laravel-12-spattie-media-and-roles,https://github.com/RahmatRafiq/laravel-12-spattie-media-and-roles,18,5,2025-03-14T17:09:47Z,2025-08-10T15:54:54Z,TypeScript
779452461,Its-Satyajit,nextjs-drizzle-mysql-tailwind,https://github.com/Its-Satyajit/nextjs-drizzle-mysql-tailwind,18,4,2024-03-29T21:50:08Z,2025-04-12T11:28:46Z,TypeScript
408996028,microsoft,hack-workshop-lobe,https://github.com/microsoft/hack-workshop-lobe,18,3,2021-09-21T22:51:21Z,2025-06-22T06:10:34Z,TypeScript
481501286,xyhxx,vite-react-proste,https://github.com/xyhxx/vite-react-proste,18,3,2022-04-14T07:04:11Z,2025-03-13T00:07:59Z,TypeScript
726348948,samudrajovanka,nextjs-react-query-template,https://github.com/samudrajovanka/nextjs-react-query-template,18,2,2023-12-02T05:48:46Z,2025-07-16T05:08:22Z,TypeScript
704833518,lukesthl,supertokens-expo-template,https://github.com/lukesthl/supertokens-expo-template,18,1,2023-10-14T08:26:03Z,2025-04-11T00:50:28Z,TypeScript
831688308,ascorbic,library-template,https://github.com/ascorbic/library-template,18,0,2024-07-21T10:31:18Z,2025-08-04T08:59:39Z,TypeScript
557657778,leomotors,turbo-next-nest-graphql-prisma,https://github.com/leomotors/turbo-next-nest-graphql-prisma,18,2,2022-10-26T03:57:39Z,2024-12-04T18:05:20Z,TypeScript
963833329,yhoungdev,rodoh,https://github.com/yhoungdev/rodoh,18,1,2025-04-10T09:24:54Z,2025-08-01T19:36:44Z,TypeScript
306513816,mithraiclabs,solana-program-template,https://github.com/mithraiclabs/solana-program-template,18,3,2020-10-23T02:53:17Z,2024-07-09T09:44:47Z,TypeScript
981663688,KenjiPcx,DocBank,https://github.com/KenjiPcx/DocBank,18,3,2025-05-11T16:11:32Z,2025-08-05T07:35:04Z,TypeScript
901740687,HorizonWing,horizon-wing-landing-page,https://github.com/HorizonWing/horizon-wing-landing-page,18,2,2024-12-11T08:23:01Z,2025-07-21T05:07:43Z,TypeScript
622537080,sankeyangshu,lemon-template-vue,https://github.com/sankeyangshu/lemon-template-vue,18,0,2023-04-02T12:14:34Z,2025-06-24T10:53:37Z,TypeScript
643909742,ChristoPy,fastify-template,https://github.com/ChristoPy/fastify-template,18,0,2023-05-22T12:09:54Z,2025-03-01T03:06:39Z,TypeScript
273750805,nirougi,sistebase,https://github.com/nirougi/sistebase,18,2,2020-06-20T17:07:38Z,2025-01-24T16:12:16Z,TypeScript
713767081,piha-io,Shopify-RemixJS-Cloudflare-Workers-Template,https://github.com/piha-io/Shopify-RemixJS-Cloudflare-Workers-Template,18,2,2023-11-03T07:39:24Z,2025-08-01T19:46:29Z,TypeScript
914335556,unifie-cloud,u-store,https://github.com/unifie-cloud/u-store,18,2,2025-01-09T11:53:51Z,2025-07-30T22:03:08Z,TypeScript
988600887,dead8309,better-auth-mcp-hono,https://github.com/dead8309/better-auth-mcp-hono,18,3,2025-05-22T19:41:46Z,2025-07-11T22:18:04Z,TypeScript
645964800,impuLssse,nestjs-telegraf-i18n-pg-template,https://github.com/impuLssse/nestjs-telegraf-i18n-pg-template,18,1,2023-05-26T21:54:08Z,2025-07-18T19:28:32Z,TypeScript
858390145,tmadevs,tma-react-nestjs-mongo,https://github.com/tmadevs/tma-react-nestjs-mongo,18,0,2024-09-16T20:09:27Z,2025-06-13T12:46:17Z,TypeScript
961050534,cbnsndwch,react-router-nest,https://github.com/cbnsndwch/react-router-nest,18,2,2025-04-05T16:40:25Z,2025-08-08T16:12:03Z,TypeScript
354233795,KenNaNa,beautySmallHuangStation,https://github.com/KenNaNa/beautySmallHuangStation,18,1,2021-04-03T07:59:28Z,2024-03-08T06:43:23Z,TypeScript
489068410,OfficeDev,m365-extensibility-image-editor,https://github.com/OfficeDev/m365-extensibility-image-editor,18,4,2022-05-05T17:33:47Z,2024-02-03T03:00:34Z,TypeScript
281781605,aws-samples,aws-starter-react-for-github-actions,https://github.com/aws-samples/aws-starter-react-for-github-actions,21,379,2020-07-22T20:56:50Z,2025-03-18T20:40:54Z,TypeScript
181029256,PW486,express-ts-starter,https://github.com/PW486/express-ts-starter,21,4,2019-04-12T14:55:34Z,2024-12-21T01:59:45Z,TypeScript
585197937,jellydn,express-vercel-starter,https://github.com/jellydn/express-vercel-starter,21,13,2023-01-04T15:08:07Z,2025-08-10T16:05:57Z,TypeScript
586099510,mitkodkn,nestjs-chatgpt-starter,https://github.com/mitkodkn/nestjs-chatgpt-starter,21,4,2023-01-07T00:07:16Z,2023-10-18T14:14:50Z,TypeScript
139357107,zah33r,ng9Boilerplate,https://github.com/zah33r/ng9Boilerplate,21,7,2018-07-01T19:44:34Z,2024-02-14T09:50:51Z,TypeScript
398677943,Xavier577,vanilla-typescript-project-boilerplate,https://github.com/Xavier577/vanilla-typescript-project-boilerplate,21,5,2021-08-21T23:54:02Z,2025-05-02T12:50:32Z,TypeScript
636280905,R35007,vite-react-typescript,https://github.com/R35007/vite-react-typescript,21,6,2023-05-04T13:52:09Z,2025-08-04T06:05:47Z,TypeScript
842402206,johanpham2711,nest-boilerplate,https://github.com/johanpham2711/nest-boilerplate,21,0,2024-08-14T09:24:28Z,2025-07-15T03:25:08Z,TypeScript
195967895,nestjsx,package-starter,https://github.com/nestjsx/package-starter,21,2,2019-07-09T08:37:05Z,2024-04-18T05:07:59Z,TypeScript
523326985,dserranoc,vite-reactts18-eslint-tailwindcss,https://github.com/dserranoc/vite-reactts18-eslint-tailwindcss,21,8,2022-08-10T12:03:41Z,2025-03-02T11:16:39Z,TypeScript
733469424,itsdheerajbudhiraja,express-boilerplate-ts,https://github.com/itsdheerajbudhiraja/express-boilerplate-ts,21,5,2023-12-19T11:57:09Z,2025-07-13T00:35:55Z,TypeScript
707106579,flare-foundation,flare-hardhat-starter,https://github.com/flare-foundation/flare-hardhat-starter,21,20,2023-10-19T08:32:06Z,2025-08-08T17:40:42Z,TypeScript
601434167,iwantantra,vite-phaser-ts,https://github.com/iwantantra/vite-phaser-ts,21,2,2023-02-14T03:42:05Z,2025-02-27T09:02:46Z,TypeScript
159617426,Fafnur,webpack-ts-starter,https://github.com/Fafnur/webpack-ts-starter,21,19,2018-11-29T06:19:08Z,2025-01-15T15:14:18Z,TypeScript
230352134,doong-jo,frontend-boilerplate,https://github.com/doong-jo/frontend-boilerplate,21,7,2019-12-27T01:34:10Z,2025-01-22T05:11:52Z,TypeScript
855090411,serafimcloud,founder,https://github.com/serafimcloud/founder,21,5,2024-09-10T09:39:00Z,2025-08-07T03:02:08Z,TypeScript
849568535,SRX9,ninetails-stack,https://github.com/SRX9/ninetails-stack,21,4,2024-08-29T20:36:39Z,2025-06-12T05:01:15Z,TypeScript
261573079,jesster2k10,react-native-ts-boilerplate,https://github.com/jesster2k10/react-native-ts-boilerplate,21,3,2020-05-05T20:12:16Z,2022-02-09T15:16:23Z,TypeScript
795082824,mmvergara,nextjs-mongodb-prisma-auth-template,https://github.com/mmvergara/nextjs-mongodb-prisma-auth-template,21,3,2024-05-02T14:50:27Z,2025-08-10T03:59:29Z,TypeScript
508464381,roblouie,js13k-typescript-starter,https://github.com/roblouie/js13k-typescript-starter,21,7,2022-06-28T21:47:50Z,2025-08-01T06:42:43Z,TypeScript
780652165,CharHubAI,stage-template,https://github.com/CharHubAI/stage-template,21,33,2024-04-01T22:53:17Z,2025-06-17T21:07:28Z,TypeScript
391076832,neumanf,grammy-vercel-boilerplate,https://github.com/neumanf/grammy-vercel-boilerplate,21,3,2021-07-30T13:36:46Z,2025-03-15T07:02:46Z,TypeScript
812068392,kromate,nuxt3-starter-template,https://github.com/kromate/nuxt3-starter-template,21,2,2024-06-07T22:18:10Z,2025-01-06T19:01:24Z,TypeScript
391937785,phlgr,vite-boilerplate,https://github.com/phlgr/vite-boilerplate,21,2,2021-08-02T12:20:12Z,2022-12-28T09:35:40Z,TypeScript
257159168,rocketseat-education,gostack-template-fundamentos-reactjs,https://github.com/rocketseat-education/gostack-template-fundamentos-reactjs,21,50,2020-04-20T03:15:28Z,2023-05-05T20:39:09Z,TypeScript
499603508,davidhellmann,craftcms-baukasten-headless,https://github.com/davidhellmann/craftcms-baukasten-headless,21,3,2022-06-03T17:55:18Z,2025-02-10T13:54:11Z,TypeScript
871453859,xanthous-tech,hono-astro-remix-template,https://github.com/xanthous-tech/hono-astro-remix-template,21,4,2024-10-12T02:39:30Z,2025-04-20T07:24:34Z,TypeScript
753663242,tldraw,vite-template,https://github.com/tldraw/vite-template,21,11,2024-02-06T15:06:31Z,2025-08-06T09:41:38Z,TypeScript
246143553,vtex-trainings,store-block-template,https://github.com/vtex-trainings/store-block-template,21,32,2020-03-09T21:14:17Z,2024-03-20T14:06:48Z,TypeScript
272594233,rocketseat-education,gostack-template-react-native-delivery,https://github.com/rocketseat-education/gostack-template-react-native-delivery,21,27,2020-06-16T02:48:32Z,2025-04-16T17:16:56Z,TypeScript
941185359,Mentra-Community,MentraOS-Cloud-Example-App,https://github.com/Mentra-Community/MentraOS-Cloud-Example-App,21,15,2025-03-01T17:34:56Z,2025-08-03T21:08:14Z,TypeScript
593605021,frontendweb3,minimalist,https://github.com/frontendweb3/minimalist,21,5,2023-01-26T12:32:27Z,2025-08-03T06:32:42Z,TypeScript
260741369,ieeeuoft,hackathon-template,https://github.com/ieeeuoft/hackathon-template,21,7,2020-05-02T17:41:27Z,2025-05-31T16:40:09Z,TypeScript
99532147,fubira,cordova-phaser-typescript-template,https://github.com/fubira/cordova-phaser-typescript-template,21,5,2017-08-07T03:16:09Z,2025-01-18T03:08:13Z,TypeScript
605389405,hngngn,astro-with-trpc,https://github.com/hngngn/astro-with-trpc,21,0,2023-02-23T03:35:09Z,2025-03-31T19:17:39Z,TypeScript
552530608,milliorn,cloud-landing-page,https://github.com/milliorn/cloud-landing-page,21,6,2022-10-16T19:52:15Z,2025-08-01T15:32:23Z,TypeScript
699424597,RyanProMax,electron-react-rspack,https://github.com/RyanProMax/electron-react-rspack,21,1,2023-10-02T15:53:24Z,2025-07-10T11:01:59Z,TypeScript
774605927,AliSiddique,demo-saasunderone,https://github.com/AliSiddique/demo-saasunderone,21,0,2024-03-19T21:03:30Z,2024-11-07T19:25:22Z,TypeScript
399463438,serenity-js,serenity-js-cucumber-webdriverio-template,https://github.com/serenity-js/serenity-js-cucumber-webdriverio-template,21,5,2021-08-24T12:51:29Z,2025-08-07T14:17:56Z,TypeScript
682988108,Hiperultimate,trpc-turborepo-next-tailwind-prisma-openapi-swaggerui-template,https://github.com/Hiperultimate/trpc-turborepo-next-tailwind-prisma-openapi-swaggerui-template,21,3,2023-08-25T10:30:19Z,2025-07-31T11:24:53Z,TypeScript
518469580,CodingZeal,redwood-template-app,https://github.com/CodingZeal/redwood-template-app,21,7,2022-07-27T13:28:01Z,2024-10-24T10:58:07Z,TypeScript
268144331,denosaurs,wasabi,https://github.com/denosaurs/wasabi,21,3,2020-05-30T19:13:18Z,2024-10-13T02:00:54Z,TypeScript
678190148,dolphin-admin,react-admin,https://github.com/dolphin-admin/react-admin,21,4,2023-08-14T01:10:08Z,2025-05-07T03:21:39Z,TypeScript
148585196,cj-wang,mean-start-2,https://github.com/cj-wang/mean-start-2,21,7,2018-09-13T05:12:29Z,2023-04-27T11:09:16Z,TypeScript
354225818,Karibash,typescript-library-template,https://github.com/Karibash/typescript-library-template,21,5,2021-04-03T07:12:48Z,2024-11-04T18:49:25Z,TypeScript
225004489,TownLake,blog-samrhea-legacy,https://github.com/TownLake/blog-samrhea-legacy,21,3,2019-11-30T11:51:40Z,2024-12-30T11:56:27Z,TypeScript
948096015,rockem,astro-photography-portfolio,https://github.com/rockem/astro-photography-portfolio,21,1,2025-03-13T18:36:47Z,2025-08-04T08:48:22Z,TypeScript
425395852,blockcoders,nestjs-library-template,https://github.com/blockcoders/nestjs-library-template,21,1,2021-11-07T02:32:39Z,2024-05-07T07:46:31Z,TypeScript
753637659,hywax,github-action-template,https://github.com/hywax/github-action-template,21,0,2024-02-06T14:14:25Z,2025-08-10T19:06:28Z,TypeScript
503382871,yearn,macarena-finance,https://github.com/yearn/macarena-finance,21,11,2022-06-14T13:58:28Z,2024-09-29T04:05:40Z,TypeScript
481177451,mugifly,angular-nest,https://github.com/mugifly/angular-nest,21,7,2022-04-13T10:50:56Z,2025-07-24T14:36:44Z,TypeScript
467057433,marigold-dev,training-dapp-1,https://github.com/marigold-dev/training-dapp-1,21,12,2022-03-07T11:02:30Z,2025-06-29T03:07:01Z,TypeScript
933192671,sctg-development,vite-react-heroui-template,https://github.com/sctg-development/vite-react-heroui-template,21,1,2025-02-15T11:28:00Z,2025-05-12T18:23:41Z,TypeScript
889234530,mwood23,devvit-webview-react,https://github.com/mwood23/devvit-webview-react,21,4,2024-11-15T21:49:30Z,2025-07-24T21:56:48Z,TypeScript
577325623,umutyesildal,yesildal.me-personal-portfolio,https://github.com/umutyesildal/yesildal.me-personal-portfolio,21,2,2022-12-12T13:45:30Z,2025-01-24T13:21:46Z,TypeScript
348628071,lincenying,vite-vue3-h5,https://github.com/lincenying/vite-vue3-h5,21,5,2021-03-17T08:08:30Z,2025-08-05T01:40:14Z,TypeScript
481210492,bogdaaamn,minimal-remix-stack,https://github.com/bogdaaamn/minimal-remix-stack,21,1,2022-04-13T12:38:16Z,2023-12-18T17:36:48Z,TypeScript
182618322,uruha,next-with-ts,https://github.com/uruha/next-with-ts,21,2,2019-04-22T03:42:04Z,2024-09-29T14:43:25Z,TypeScript
765266927,nitrojs,starter,https://github.com/nitrojs/starter,20,5,2024-02-29T15:41:45Z,2025-08-05T07:19:57Z,TypeScript
1026805221,yeasin2002,nextjs-starter-template,https://github.com/yeasin2002/nextjs-starter-template,20,8,2025-07-26T16:43:52Z,2025-08-11T03:29:49Z,TypeScript
492146492,saheeranas,react-native-wired-boilerplate,https://github.com/saheeranas/react-native-wired-boilerplate,20,5,2022-05-14T07:40:56Z,2025-02-20T01:23:15Z,TypeScript
806404781,nhanluongoe,nextjs-boilerplate,https://github.com/nhanluongoe/nextjs-boilerplate,20,8,2024-05-27T06:21:58Z,2025-07-28T19:41:34Z,TypeScript
263719457,waptik,telegram-bot-boilerplate-now-serverless-api,https://github.com/waptik/telegram-bot-boilerplate-now-serverless-api,20,15,2020-05-13T19:03:59Z,2024-11-04T17:48:46Z,TypeScript
483788424,boussadjra,vitesse-react,https://github.com/boussadjra/vitesse-react,20,5,2022-04-20T19:34:03Z,2025-03-03T16:04:52Z,TypeScript
230153778,freddydumont,theme-ui-next-boilerplate,https://github.com/freddydumont/theme-ui-next-boilerplate,20,5,2019-12-25T21:08:27Z,2023-03-06T21:57:48Z,TypeScript
401783566,maximousblk,probot-nextjs-starter,https://github.com/maximousblk/probot-nextjs-starter,20,5,2021-08-31T17:10:46Z,2025-06-12T22:36:36Z,TypeScript
518238699,verful,adonis-package-boilerplate,https://github.com/verful/adonis-package-boilerplate,20,3,2022-07-26T22:49:59Z,2025-05-26T12:10:21Z,TypeScript
280513904,Thomas1664,ts-node-template,https://github.com/Thomas1664/ts-node-template,20,6,2020-07-17T19:59:10Z,2024-03-30T17:15:53Z,TypeScript
390229937,yosriady,contracts-starter,https://github.com/yosriady/contracts-starter,20,1,2021-07-28T05:49:38Z,2023-07-22T22:48:49Z,TypeScript
773730273,tobyscott25,next-auth-drizzle-starter,https://github.com/tobyscott25/next-auth-drizzle-starter,20,2,2024-03-18T09:47:55Z,2025-05-27T14:10:32Z,TypeScript
451757851,marcolink,contentful-remix-starter-blog,https://github.com/marcolink/contentful-remix-starter-blog,20,3,2022-01-25T06:14:04Z,2024-12-20T06:32:46Z,TypeScript
792299341,expo,expo-template-default,https://github.com/expo/expo-template-default,20,12,2024-04-26T11:38:22Z,2025-07-02T14:14:48Z,TypeScript
535977747,app-generator,nextjs-material-kit,https://github.com/app-generator/nextjs-material-kit,20,10,2022-09-13T05:50:40Z,2025-06-14T19:24:25Z,TypeScript
525059417,ably-labs,netlify-and-ably,https://github.com/ably-labs/netlify-and-ably,20,3,2022-08-15T16:29:24Z,2025-08-09T18:47:35Z,TypeScript
732852727,lijunping365,Next-Antd-Template,https://github.com/lijunping365/Next-Antd-Template,20,3,2023-12-18T02:16:00Z,2025-08-08T02:16:47Z,TypeScript
246395426,Cornayy,ts-discord-bot-boilerplate,https://github.com/Cornayy/ts-discord-bot-boilerplate,21,5,2020-03-10T19:58:28Z,2025-06-06T13:27:15Z,TypeScript
759767419,JavascriptMick,supanuxt-saas-drizzle,https://github.com/JavascriptMick/supanuxt-saas-drizzle,20,2,2024-02-19T09:49:34Z,2025-07-20T19:32:15Z,TypeScript
410977814,Snazzah,slash-create-worker,https://github.com/Snazzah/slash-create-worker,20,21,2021-09-27T17:20:58Z,2024-05-10T06:54:59Z,TypeScript
547888509,sxzz,monorepo-starter,https://github.com/sxzz/monorepo-starter,20,4,2022-10-08T13:53:34Z,2025-08-04T20:55:51Z,TypeScript
301521306,vassalloandrea,express-template,https://github.com/vassalloandrea/express-template,20,8,2020-10-05T19:42:06Z,2025-05-23T09:44:14Z,TypeScript
599109449,sifferhans,nuxt-payload-boilerplate,https://github.com/sifferhans/nuxt-payload-boilerplate,20,1,2023-02-08T13:26:59Z,2025-06-26T22:06:19Z,TypeScript
723514760,luizkc,next-notion-portfolio-starter,https://github.com/luizkc/next-notion-portfolio-starter,20,0,2023-11-25T22:50:37Z,2024-12-27T05:03:18Z,TypeScript
777882763,brijr,mdx,https://github.com/brijr/mdx,20,1,2024-03-26T17:19:49Z,2025-06-07T18:48:44Z,TypeScript
711205073,thinkle,Google-Apps-Script-Svelte-Starter,https://github.com/thinkle/Google-Apps-Script-Svelte-Starter,20,2,2023-10-28T14:25:37Z,2025-07-04T18:11:00Z,TypeScript
704035995,m6io,shadcn-vite-template,https://github.com/m6io/shadcn-vite-template,20,10,2023-10-12T12:05:40Z,2025-08-08T01:19:29Z,TypeScript
470474765,BoBeenLee,nx-react-code-sharing-starter,https://github.com/BoBeenLee/nx-react-code-sharing-starter,20,1,2022-03-16T07:24:22Z,2024-03-22T22:47:15Z,TypeScript
757409738,kimchouard,expo-router-nativewind-template,https://github.com/kimchouard/expo-router-nativewind-template,20,6,2024-02-14T12:45:22Z,2025-07-30T20:43:33Z,TypeScript
387216786,tranducminh,generate-nest-boilerplate,https://github.com/tranducminh/generate-nest-boilerplate,20,2,2021-07-18T16:09:31Z,2024-07-22T07:26:35Z,TypeScript
360635730,imadatyatalah,next.js-template,https://github.com/imadatyatalah/next.js-template,20,3,2021-04-22T17:53:36Z,2025-01-23T06:07:44Z,TypeScript
534408649,fdaciuk,boilerplate-nodejs-typescript-serverless,https://github.com/fdaciuk/boilerplate-nodejs-typescript-serverless,20,1,2022-09-08T22:05:20Z,2024-09-18T15:30:35Z,TypeScript
992186870,yansircc,vinoflare,https://github.com/yansircc/vinoflare,20,4,2025-05-28T18:51:50Z,2025-07-31T05:08:07Z,TypeScript
800637880,phaserjs,template-bun,https://github.com/phaserjs/template-bun,20,4,2024-05-14T17:55:51Z,2025-08-04T18:23:04Z,TypeScript
531849730,en3sis,hans,https://github.com/en3sis/hans,20,5,2022-09-02T08:47:42Z,2025-07-31T14:29:47Z,TypeScript
640510411,ShivaBhattacharjee,Vermilion,https://github.com/ShivaBhattacharjee/Vermilion,20,3,2023-05-14T10:36:03Z,2025-06-23T23:36:02Z,TypeScript
889535958,nickolastazes,auth-by-watchen-preview,https://github.com/nickolastazes/auth-by-watchen-preview,20,0,2024-11-16T15:22:54Z,2025-07-19T20:23:50Z,TypeScript
586869311,muuvmuuv,turbo-bun-svelte-trpc-starter,https://github.com/muuvmuuv/turbo-bun-svelte-trpc-starter,20,0,2023-01-09T12:29:05Z,2025-02-04T08:28:29Z,TypeScript
767152649,phaserjs,template-solid,https://github.com/phaserjs/template-solid,20,4,2024-03-04T19:49:19Z,2025-06-29T23:37:13Z,TypeScript
813863658,firxworx,ts-rest-workspace,https://github.com/firxworx/ts-rest-workspace,20,1,2024-06-11T22:26:41Z,2025-07-04T13:39:16Z,TypeScript
682517414,estruyf,testing-microsoft365-playwright-template,https://github.com/estruyf/testing-microsoft365-playwright-template,20,10,2023-08-24T10:45:53Z,2025-06-26T01:01:13Z,TypeScript
360016990,maacpiash,nextjs-template,https://github.com/maacpiash/nextjs-template,20,2,2021-04-21T03:08:09Z,2024-11-08T17:07:43Z,TypeScript
875763251,lazuee,react-router-hono-template,https://github.com/lazuee/react-router-hono-template,20,1,2024-10-20T19:16:05Z,2025-07-20T03:03:18Z,TypeScript
788250290,kaarthik108,ohno,https://github.com/kaarthik108/ohno,20,3,2024-04-18T03:56:00Z,2025-07-08T03:00:44Z,TypeScript
524290658,natainditama,portfolio,https://github.com/natainditama/portfolio,20,3,2022-08-13T03:35:19Z,2025-01-12T14:47:46Z,TypeScript
851359786,Developero-oficial,reactjs-component-library,https://github.com/Developero-oficial/reactjs-component-library,20,4,2024-09-03T00:31:26Z,2025-07-15T16:39:51Z,TypeScript
897441363,moshefortgang,nextjs-nextauth-drizzle-shadcn,https://github.com/moshefortgang/nextjs-nextauth-drizzle-shadcn,20,6,2024-12-02T16:28:13Z,2025-07-31T12:28:55Z,TypeScript
749067315,chuikoffru,team-helper,https://github.com/chuikoffru/team-helper,20,2,2024-01-27T13:50:00Z,2024-12-15T05:38:24Z,TypeScript
900506585,barclayd,react-router-trpc-hono-bun-template,https://github.com/barclayd/react-router-trpc-hono-bun-template,20,1,2024-12-08T23:40:17Z,2025-08-05T23:01:04Z,TypeScript
939117078,inagib21,nextjs-fiber-template,https://github.com/inagib21/nextjs-fiber-template,20,0,2025-02-26T02:41:41Z,2025-06-11T01:25:44Z,TypeScript
816407445,TheGoatedDev,EnterpriseNest,https://github.com/TheGoatedDev/EnterpriseNest,20,3,2024-06-17T17:27:56Z,2024-12-25T06:52:28Z,TypeScript
730739611,PrinOrange,nextjs-lexical-blog,https://github.com/PrinOrange/nextjs-lexical-blog,20,7,2023-12-12T15:12:05Z,2025-05-08T08:08:12Z,TypeScript
822786651,inngest,next-pxci-starter,https://github.com/inngest/next-pxci-starter,23,10,2024-07-01T20:27:17Z,2025-08-08T07:50:13Z,TypeScript
372710115,MrBrown6210,nodejs-express-mongoose-typescript-boilerplate,https://github.com/MrBrown6210/nodejs-express-mongoose-typescript-boilerplate,23,11,2021-06-01T05:21:56Z,2024-03-21T23:01:35Z,TypeScript
762359842,thirdweb-example,vite-starter,https://github.com/thirdweb-example/vite-starter,23,11,2024-02-23T16:06:07Z,2025-08-07T04:31:14Z,TypeScript
295166030,Arziburst,Burst,https://github.com/Arziburst/Burst,23,24,2020-09-13T14:15:54Z,2024-10-27T19:52:59Z,TypeScript
585897645,mmvergara,nextjs-discord-bot-boilerplate,https://github.com/mmvergara/nextjs-discord-bot-boilerplate,23,6,2023-01-06T11:35:23Z,2025-03-19T08:32:54Z,TypeScript
706092228,MartinXPN,nextjs-firebase-mui-starter,https://github.com/MartinXPN/nextjs-firebase-mui-starter,23,5,2023-10-17T09:38:10Z,2025-07-16T14:50:50Z,TypeScript
344092479,dukkk3,react-rest-api-typescript-boilerplate,https://github.com/dukkk3/react-rest-api-typescript-boilerplate,23,3,2021-03-03T10:47:02Z,2025-01-12T05:57:23Z,TypeScript
895991424,kristoferlund,ic-vite-react-next,https://github.com/kristoferlund/ic-vite-react-next,23,7,2024-11-29T10:27:36Z,2025-08-04T23:20:37Z,TypeScript
311939229,emmanuelnk,RESTful-Typescript-Koa,https://github.com/emmanuelnk/RESTful-Typescript-Koa,23,9,2020-11-11T10:39:41Z,2025-07-08T02:57:25Z,TypeScript
434331467,tinacms,tina-barebones-starter,https://github.com/tinacms/tina-barebones-starter,23,20,2021-12-02T18:27:29Z,2025-08-02T16:05:17Z,TypeScript
872192251,Wisp-CMS,nextjs-corporate-blog-starter,https://github.com/Wisp-CMS/nextjs-corporate-blog-starter,23,3,2024-10-14T02:03:06Z,2025-07-16T20:28:46Z,TypeScript
544040038,remotion-dev,template-react-router,https://github.com/remotion-dev/template-react-router,23,4,2022-10-01T13:36:52Z,2025-08-05T11:22:51Z,TypeScript
524029347,elwin013,vitaly-extension,https://github.com/elwin013/vitaly-extension,23,3,2022-08-12T09:30:18Z,2024-09-06T20:36:07Z,TypeScript
199732057,hookedjs,eusy,https://github.com/hookedjs/eusy,23,2,2019-07-30T21:46:13Z,2023-07-10T08:59:05Z,TypeScript
863219560,ositaka,nextjs-blog-tailwind-starter,https://github.com/ositaka/nextjs-blog-tailwind-starter,23,11,2024-09-25T23:33:04Z,2025-06-17T04:01:32Z,TypeScript
428006136,thepatrickniyo,super-vite,https://github.com/thepatrickniyo/super-vite,23,5,2021-11-14T18:20:05Z,2025-07-09T12:41:30Z,TypeScript
207413106,aperturerobotics,protobuf-project,https://github.com/aperturerobotics/protobuf-project,23,3,2019-09-09T22:04:03Z,2025-03-21T08:49:06Z,TypeScript
465848660,dipiash,nx-vite-react-ts-mantine-boilerplate,https://github.com/dipiash/nx-vite-react-ts-mantine-boilerplate,23,7,2022-03-03T18:58:24Z,2025-08-10T07:31:00Z,TypeScript
557979762,GGAlanSmithee,cardano-lucid-blockfrost-proxy-example,https://github.com/GGAlanSmithee/cardano-lucid-blockfrost-proxy-example,24,4,2022-10-26T17:03:00Z,2025-01-20T17:49:28Z,TypeScript
719595186,Engine-Labs,gpt-billing-template,https://github.com/Engine-Labs/gpt-billing-template,23,4,2023-11-16T13:57:21Z,2025-06-17T03:32:43Z,TypeScript
861936126,fless-lab,Node-TypeScript-Wizard,https://github.com/fless-lab/Node-TypeScript-Wizard,23,5,2024-09-23T18:38:25Z,2025-07-26T12:25:35Z,TypeScript
794686582,zxmodren,Nextjs-SchoolManagementSystem-Template,https://github.com/zxmodren/Nextjs-SchoolManagementSystem-Template,23,20,2024-05-01T18:31:49Z,2025-08-10T12:41:26Z,TypeScript
349150894,obsidian-community,obsidian-preact-template,https://github.com/obsidian-community/obsidian-preact-template,23,0,2021-03-18T16:52:08Z,2025-04-01T08:09:47Z,TypeScript
996781196,JavaScript-Mastery-Pro,storage-management,https://github.com/JavaScript-Mastery-Pro/storage-management,23,18,2025-06-05T13:03:24Z,2025-08-09T06:09:55Z,TypeScript
391785525,pietrzakadrian,nestjs-mailer-microservice,https://github.com/pietrzakadrian/nestjs-mailer-microservice,23,9,2021-08-02T01:41:21Z,2025-08-03T22:44:48Z,TypeScript
766397273,flamrdevs,astrolinkt,https://github.com/flamrdevs/astrolinkt,23,10,2024-03-03T06:26:14Z,2025-03-28T22:37:28Z,TypeScript
502961164,treboryx,adonis-api-starter,https://github.com/treboryx/adonis-api-starter,23,2,2022-06-13T13:09:02Z,2025-06-30T12:57:47Z,TypeScript
293806211,ml-opensource,admin-panel-template-reactjs,https://github.com/ml-opensource/admin-panel-template-reactjs,23,10,2020-09-08T12:38:57Z,2025-07-08T08:00:38Z,TypeScript
632400305,worldcoin,world-id-cloud-template,https://github.com/worldcoin/world-id-cloud-template,23,9,2023-04-25T10:28:57Z,2025-07-15T20:18:58Z,TypeScript
783975666,basehub-ai,docs-template,https://github.com/basehub-ai/docs-template,23,7,2024-04-09T00:09:50Z,2025-08-09T03:42:26Z,TypeScript
575380536,ppauel,typescript-discord-bot,https://github.com/ppauel/typescript-discord-bot,23,5,2022-12-07T11:38:01Z,2025-07-25T04:24:26Z,TypeScript
282697082,Hebilicious,serverless-esbuild-template,https://github.com/Hebilicious/serverless-esbuild-template,23,1,2020-07-26T17:14:22Z,2024-01-16T21:50:21Z,TypeScript
313897379,erkobridee,nextjs-ssg,https://github.com/erkobridee/nextjs-ssg,23,2,2020-11-18T10:20:51Z,2025-07-03T13:28:06Z,TypeScript
430029092,sankichi92,shikuchoson-hazardmap-template,https://github.com/sankichi92/shikuchoson-hazardmap-template,23,15,2021-11-20T06:38:02Z,2024-11-15T13:02:48Z,TypeScript
609966439,ChuJiani,frida-il2cpp-bridge-template,https://github.com/ChuJiani/frida-il2cpp-bridge-template,23,4,2023-03-05T19:01:55Z,2025-05-24T15:31:25Z,TypeScript
430360673,mayone-du,chrome-extension-template-with-nextjs,https://github.com/mayone-du/chrome-extension-template-with-nextjs,23,3,2021-11-21T12:31:54Z,2025-07-28T07:43:02Z,TypeScript
702240698,LucaAhumada,script-savvy-playwright,https://github.com/LucaAhumada/script-savvy-playwright,23,0,2023-10-08T22:33:34Z,2023-12-08T12:43:08Z,TypeScript
239248842,n00begon,phaser-jam-template,https://github.com/n00begon/phaser-jam-template,23,3,2020-02-09T04:53:00Z,2025-05-14T03:51:44Z,TypeScript
378542001,kawarimidoll,deno-dev-template,https://github.com/kawarimidoll/deno-dev-template,23,2,2021-06-20T02:26:26Z,2024-08-28T03:51:27Z,TypeScript
612566932,Jungley8,astro-landing-page,https://github.com/Jungley8/astro-landing-page,23,9,2023-03-11T10:35:55Z,2025-07-09T10:22:50Z,TypeScript
475226258,Azure-Samples,communication-services-virtual-visits-js,https://github.com/Azure-Samples/communication-services-virtual-visits-js,23,17,2022-03-29T00:38:17Z,2025-06-12T22:08:11Z,TypeScript
785850222,mateogalic112,node-postgres-demo,https://github.com/mateogalic112/node-postgres-demo,23,11,2024-04-12T18:57:15Z,2025-08-09T13:40:02Z,TypeScript
393105589,spa5k,esbuild-typescript-library-template,https://github.com/spa5k/esbuild-typescript-library-template,23,1,2021-08-05T16:15:05Z,2025-07-23T21:49:01Z,TypeScript
939737769,hoangsonww,Customizable-AI-Chatbot,https://github.com/hoangsonww/Customizable-AI-Chatbot,23,21,2025-02-27T02:55:35Z,2025-08-09T20:12:36Z,TypeScript
913672864,AdvenaHQ,supacache,https://github.com/AdvenaHQ/supacache,23,1,2025-01-08T06:16:23Z,2025-08-03T06:05:34Z,TypeScript
805011762,sjoleee,very-simple-blog,https://github.com/sjoleee/very-simple-blog,23,2,2024-05-23T17:55:46Z,2025-07-08T12:41:20Z,TypeScript
487586257,netlify-templates,ts-mui-nextjs-starter,https://github.com/netlify-templates/ts-mui-nextjs-starter,22,31,2022-05-01T16:29:22Z,2025-08-04T14:22:20Z,TypeScript
538421537,nathanhettige,daisyui-starterkit,https://github.com/nathanhettige/daisyui-starterkit,22,2,2022-09-19T09:15:16Z,2025-07-09T07:18:50Z,TypeScript
524323559,MengLinMaker,PWA-Vite-React-Boilerplate,https://github.com/MengLinMaker/PWA-Vite-React-Boilerplate,22,6,2022-08-13T06:47:01Z,2025-08-01T07:00:38Z,TypeScript
380600738,React-Avancado,boilerplate-cra,https://github.com/React-Avancado/boilerplate-cra,22,5,2021-06-26T21:42:06Z,2024-08-09T18:55:51Z,TypeScript
447520686,addhory,nextjs-ts-mui5-scss-storybook-starter,https://github.com/addhory/nextjs-ts-mui5-scss-storybook-starter,22,7,2022-01-13T08:27:42Z,2025-03-23T12:03:07Z,TypeScript
376083659,ryansonshine,typescript-npm-cli-template,https://github.com/ryansonshine/typescript-npm-cli-template,22,4,2021-06-11T16:30:43Z,2025-05-14T12:04:40Z,TypeScript
724122004,johanguse,next-saas-template,https://github.com/johanguse/next-saas-template,22,3,2023-11-27T12:50:05Z,2025-06-25T17:27:53Z,TypeScript
911205328,openserv-labs,agent-starter,https://github.com/openserv-labs/agent-starter,22,11,2025-01-02T13:33:21Z,2025-05-22T06:50:52Z,TypeScript
394264405,PiyushSuthar,preact-webext,https://github.com/PiyushSuthar/preact-webext,22,1,2021-08-09T11:27:09Z,2025-07-24T00:09:09Z,TypeScript
310287161,getshifter,shifter-headless-nextjs-typescript,https://github.com/getshifter/shifter-headless-nextjs-typescript,22,4,2020-11-05T12:08:52Z,2025-03-13T23:34:01Z,TypeScript
390658684,zhixiangyao,vite-react-ts-starter,https://github.com/zhixiangyao/vite-react-ts-starter,22,5,2021-07-29T08:42:45Z,2025-07-11T05:48:53Z,TypeScript
191066699,JamesSkemp,phaser-3-vsc-typescript-nodejs,https://github.com/JamesSkemp/phaser-3-vsc-typescript-nodejs,22,6,2019-06-09T23:42:39Z,2024-12-17T15:18:01Z,TypeScript
565606588,sanity-io,demo-media-site-nextjs,https://github.com/sanity-io/demo-media-site-nextjs,22,5,2022-11-13T23:05:33Z,2025-06-10T19:40:08Z,TypeScript
657781609,UnbreakableKid,turborepo-shadcn-storybook,https://github.com/UnbreakableKid/turborepo-shadcn-storybook,22,3,2023-06-23T20:55:29Z,2025-05-25T03:46:51Z,TypeScript
888214950,wardbox,roke,https://github.com/wardbox/roke,22,2,2024-11-14T02:23:05Z,2025-05-17T07:14:12Z,TypeScript
885550439,asmaelabid,nextjs-starter-kit,https://github.com/asmaelabid/nextjs-starter-kit,22,4,2024-11-08T20:07:18Z,2025-06-16T09:10:34Z,TypeScript
660806547,juansedom,next-ui-starter-template,https://github.com/juansedom/next-ui-starter-template,22,2,2023-06-30T22:38:40Z,2025-04-07T02:13:14Z,TypeScript
205819670,markuswind,apollo-server-typescript-boilerplate,https://github.com/markuswind/apollo-server-typescript-boilerplate,22,9,2019-09-02T09:11:44Z,2025-05-24T06:36:02Z,TypeScript
975815872,elizaOS,eliza-nextjs-starter,https://github.com/elizaOS/eliza-nextjs-starter,22,13,2025-05-01T00:26:01Z,2025-08-08T08:04:10Z,TypeScript
149022503,Meemaw,react-redux-typescript-boilerplate,https://github.com/Meemaw/react-redux-typescript-boilerplate,22,6,2018-09-16T18:11:25Z,2022-12-29T17:46:20Z,TypeScript
799878839,karmasakshi,jet,https://github.com/karmasakshi/jet,22,3,2024-05-13T09:24:29Z,2025-08-10T18:26:25Z,TypeScript
946754987,RodrigoRafaelSantos7,next-start,https://github.com/RodrigoRafaelSantos7/next-start,22,1,2025-03-11T16:15:13Z,2025-05-07T15:39:25Z,TypeScript
374793865,openmrs,openmrs-esm-template-app,https://github.com/openmrs/openmrs-esm-template-app,22,93,2021-06-07T20:35:22Z,2025-08-06T20:49:35Z,TypeScript
1020048036,untitleduico,untitledui-nextjs-starter-kit,https://github.com/untitleduico/untitledui-nextjs-starter-kit,22,8,2025-07-15T09:04:15Z,2025-08-10T21:53:32Z,TypeScript
510269059,webzard-io,sunmao-start,https://github.com/webzard-io/sunmao-start,22,5,2022-07-04T08:11:48Z,2025-08-09T05:40:01Z,TypeScript
590101321,roqqetmedia,nextjs-ts-tailwind-starter,https://github.com/roqqetmedia/nextjs-ts-tailwind-starter,22,1,2023-01-17T16:56:39Z,2025-08-07T15:19:19Z,TypeScript
260406310,mui-treasury,cra-mui-layout-starter,https://github.com/mui-treasury/cra-mui-layout-starter,22,4,2020-05-01T07:52:29Z,2024-05-30T08:06:07Z,TypeScript
478281056,Azure-Samples,todo-nodejs-mongo-aca,https://github.com/Azure-Samples/todo-nodejs-mongo-aca,22,32,2022-04-05T19:57:55Z,2025-08-01T21:28:24Z,TypeScript
261029676,mattlehrer,nest-starter-pg-auth,https://github.com/mattlehrer/nest-starter-pg-auth,22,4,2020-05-03T22:05:03Z,2025-04-30T00:27:15Z,TypeScript
664898454,codyebberson,js13k-starter,https://github.com/codyebberson/js13k-starter,22,1,2023-07-11T02:16:00Z,2025-08-04T15:39:17Z,TypeScript
283243600,reactivando,template-react-typescript,https://github.com/reactivando/template-react-typescript,22,7,2020-07-28T14:52:39Z,2024-03-05T11:53:00Z,TypeScript
280891141,bitmaks,gatsby-starter-texblog,https://github.com/bitmaks/gatsby-starter-texblog,22,3,2020-07-19T15:11:51Z,2023-09-03T16:22:37Z,TypeScript
858494853,aws-samples,stream-ai-assistant-using-bedrock-converse-with-tools,https://github.com/aws-samples/stream-ai-assistant-using-bedrock-converse-with-tools,22,4,2024-09-17T02:00:42Z,2025-07-04T11:04:01Z,TypeScript
511530726,MoeidHeidari,nestjs-boilerplate,https://github.com/MoeidHeidari/nestjs-boilerplate,22,1,2022-07-07T13:04:37Z,2024-02-15T17:00:42Z,TypeScript
663024104,lrmn7,personal-bio,https://github.com/lrmn7/personal-bio,22,8,2023-07-06T11:45:24Z,2025-07-24T09:16:54Z,TypeScript
372656879,ifeelBALANCED,effector-vite-template,https://github.com/ifeelBALANCED/effector-vite-template,22,5,2021-06-01T00:11:18Z,2024-09-17T12:56:15Z,TypeScript
394337141,piyush97,awesome-portfolio,https://github.com/piyush97/awesome-portfolio,22,6,2021-08-09T15:09:47Z,2025-06-10T03:50:10Z,TypeScript
719000423,rspack-contrib,rsbuild-plugin-template,https://github.com/rspack-contrib/rsbuild-plugin-template,22,6,2023-11-15T08:31:32Z,2025-08-06T09:38:54Z,TypeScript
699762021,malinatrash,vite-react-tailwind-template,https://github.com/malinatrash/vite-react-tailwind-template,22,3,2023-10-03T09:36:53Z,2025-06-17T21:58:33Z,TypeScript
455700848,openforge,ionic-monorepo-template,https://github.com/openforge/ionic-monorepo-template,22,6,2022-02-04T21:24:28Z,2024-12-13T23:44:27Z,TypeScript
747795715,gallejens,fivem-threejs-wrapper,https://github.com/gallejens/fivem-threejs-wrapper,22,4,2024-01-24T16:53:19Z,2025-07-07T05:45:48Z,TypeScript
765357663,crewdevio,svelte-native,https://github.com/crewdevio/svelte-native,22,3,2024-02-29T19:07:03Z,2025-07-04T04:45:18Z,TypeScript
875368147,crstnmac,tanstack-router-hono-drizzle-template,https://github.com/crstnmac/tanstack-router-hono-drizzle-template,22,0,2024-10-19T19:33:35Z,2025-03-27T10:07:42Z,TypeScript
600623405,hhenrichsen,motion-canvas-component-library-template,https://github.com/hhenrichsen/motion-canvas-component-library-template,22,3,2023-02-12T03:47:48Z,2025-05-30T01:34:46Z,TypeScript
768497068,yossydev,honox-blog-templete,https://github.com/yossydev/honox-blog-templete,22,0,2024-03-07T07:35:54Z,2025-08-08T01:58:31Z,TypeScript
537636619,PastelStoic,create-t3-edgedb-app,https://github.com/PastelStoic/create-t3-edgedb-app,22,1,2022-09-16T22:25:57Z,2025-03-04T11:27:29Z,TypeScript
108618563,LegacyTemplates,aurelia-spa,https://github.com/LegacyTemplates/aurelia-spa,22,3,2017-10-28T04:04:41Z,2023-11-21T05:17:53Z,TypeScript
835320441,Primitives-xyz,tapestry-template,https://github.com/Primitives-xyz/tapestry-template,25,22,2024-07-29T15:37:49Z,2025-07-23T17:35:19Z,TypeScript
256544595,sketch-hq,sketch-assistant-template,https://github.com/sketch-hq/sketch-assistant-template,25,6,2020-04-17T15:44:45Z,2023-02-20T16:14:01Z,TypeScript
392471611,adriandelgg,ts-hardhat-nextjs-tailwind-app,https://github.com/adriandelgg/ts-hardhat-nextjs-tailwind-app,25,8,2021-08-03T22:19:34Z,2023-01-26T03:48:44Z,TypeScript
370013867,blurfx,gatsby-starter-lavender,https://github.com/blurfx/gatsby-starter-lavender,25,3,2021-05-23T09:45:44Z,2025-06-24T02:16:16Z,TypeScript
912722505,aidenybai,yaps,https://github.com/aidenybai/yaps,25,0,2025-01-06T09:05:23Z,2025-03-06T09:24:54Z,TypeScript
586085508,Tittoh,nextjs-tailwind-ts,https://github.com/Tittoh/nextjs-tailwind-ts,25,5,2023-01-06T22:44:35Z,2025-08-10T15:01:44Z,TypeScript
847659790,RajaRakoto,qwik-boilerplate,https://github.com/RajaRakoto/qwik-boilerplate,25,0,2024-08-26T09:46:47Z,2025-06-09T09:38:13Z,TypeScript
904571451,Przeblysk,next-starter,https://github.com/Przeblysk/next-starter,25,2,2024-12-17T06:36:01Z,2025-07-21T05:27:25Z,TypeScript
618260133,sonnylazuardi,figma-plugins-tailwind-starter,https://github.com/sonnylazuardi/figma-plugins-tailwind-starter,25,1,2023-03-24T04:45:09Z,2025-05-23T11:26:33Z,TypeScript
589189366,bohkoval,federated-modules-monorepo-starter,https://github.com/bohkoval/federated-modules-monorepo-starter,25,5,2023-01-15T11:27:13Z,2025-04-15T16:53:02Z,TypeScript
514618030,wootsbot,X-boilerplate,https://github.com/wootsbot/X-boilerplate,25,4,2022-07-16T15:39:21Z,2025-08-10T06:57:36Z,TypeScript
630661277,shrekshao,webgpu-typescript-starter,https://github.com/shrekshao/webgpu-typescript-starter,25,0,2023-04-20T21:43:52Z,2025-08-10T06:48:19Z,TypeScript
443055614,mzaien,remix-nextui-vercel,https://github.com/mzaien/remix-nextui-vercel,25,7,2021-12-30T11:31:38Z,2024-07-09T13:31:35Z,TypeScript
304968884,kripod,next-starter-strict,https://github.com/kripod/next-starter-strict,25,6,2020-10-17T21:04:00Z,2023-07-27T13:05:19Z,TypeScript
899342027,wangrunlin,seo-nextjs-starter,https://github.com/wangrunlin/seo-nextjs-starter,25,1,2024-12-06T04:25:36Z,2025-08-06T20:31:54Z,TypeScript
515473970,codes-templates,npm-vue3,https://github.com/codes-templates/npm-vue3,25,12,2022-07-19T07:07:16Z,2025-03-04T09:39:53Z,TypeScript
465820147,netlify-templates,angular-quickstart,https://github.com/netlify-templates/angular-quickstart,25,33,2022-03-03T17:30:45Z,2025-05-29T16:59:17Z,TypeScript
567746641,akoskm,vite-react-tailwindcss-browser-extension-simple,https://github.com/akoskm/vite-react-tailwindcss-browser-extension-simple,25,12,2022-11-18T13:34:37Z,2025-06-05T14:05:11Z,TypeScript
949433942,leMedi,create-tanstart-t3-turbo,https://github.com/leMedi/create-tanstart-t3-turbo,25,3,2025-03-16T13:07:14Z,2025-07-29T20:01:53Z,TypeScript
356260170,uxname,litefront,https://github.com/uxname/litefront,25,3,2021-04-09T12:19:13Z,2025-07-27T15:24:11Z,TypeScript
899214870,9d8dev,pay,https://github.com/9d8dev/pay,25,1,2024-12-05T20:41:57Z,2025-07-30T07:08:39Z,TypeScript
826232750,tejashVaishnav,Fast-saas-next.js-boilerplate,https://github.com/tejashVaishnav/Fast-saas-next.js-boilerplate,25,5,2024-07-09T10:10:32Z,2025-05-09T16:04:50Z,TypeScript
920681698,builders-garden,miniapp-next-template,https://github.com/builders-garden/miniapp-next-template,25,26,2025-01-22T15:36:21Z,2025-08-04T19:34:26Z,TypeScript
35559971,developmentseed,project-seed,https://github.com/developmentseed/project-seed,25,12,2015-05-13T16:17:15Z,2025-08-05T10:08:24Z,TypeScript
571011385,neokry,noun-site,https://github.com/neokry/noun-site,25,8,2022-11-26T21:33:45Z,2025-04-11T15:53:19Z,TypeScript
120206372,SierraSoftworks,vue-template,https://github.com/SierraSoftworks/vue-template,25,7,2018-02-04T17:25:36Z,2025-08-01T02:01:24Z,TypeScript
542875200,kimyvgy,worker-apollo-server-template,https://github.com/kimyvgy/worker-apollo-server-template,25,5,2022-09-29T02:07:14Z,2025-03-16T13:21:02Z,TypeScript
262431185,pushkar8723,apollo-graphql-typescript,https://github.com/pushkar8723/apollo-graphql-typescript,25,4,2020-05-08T21:21:18Z,2022-01-19T14:45:48Z,TypeScript
166414581,TRIPTYK,nfw,https://github.com/TRIPTYK/nfw,25,2,2019-01-18T14:07:57Z,2023-04-18T03:53:50Z,TypeScript
709598697,clerk,clerk-nextjs-pages-quickstart,https://github.com/clerk/clerk-nextjs-pages-quickstart,25,8,2023-10-25T02:28:04Z,2025-07-29T09:49:13Z,TypeScript
755032869,tldraw,nextjs-template,https://github.com/tldraw/nextjs-template,25,6,2024-02-09T09:47:54Z,2025-08-06T09:41:28Z,TypeScript
381849845,magicspon,nextjs-craftcms-mono,https://github.com/magicspon/nextjs-craftcms-mono,25,1,2021-06-30T22:43:08Z,2025-02-23T12:11:29Z,TypeScript
587344688,sesto-dev,react-email-tailwind-templates,https://github.com/sesto-dev/react-email-tailwind-templates,25,4,2023-01-10T14:36:35Z,2025-04-12T10:03:21Z,TypeScript
799276570,yunglocokid,FSD-Pure-Next.js-Template,https://github.com/yunglocokid/FSD-Pure-Next.js-Template,25,2,2024-05-11T16:38:47Z,2025-08-08T09:58:40Z,TypeScript
935172702,bohd4nx,mobile-landing,https://github.com/bohd4nx/mobile-landing,25,8,2025-02-19T02:47:18Z,2025-08-04T00:28:39Z,TypeScript
497273247,yuiseki,scrapbox-nextjs-template,https://github.com/yuiseki/scrapbox-nextjs-template,25,1,2022-05-28T09:33:39Z,2025-06-25T22:02:04Z,TypeScript
1019588415,alexinea,obsidian-theme-template,https://github.com/alexinea/obsidian-theme-template,25,0,2025-07-14T15:00:44Z,2025-08-10T03:03:08Z,TypeScript
175902990,eddeee888,base-app-monorepo,https://github.com/eddeee888/base-app-monorepo,25,0,2019-03-15T23:15:48Z,2025-04-06T09:20:57Z,TypeScript
502659431,ivanms1,turbo-pothos-prisma-nextjs-template,https://github.com/ivanms1/turbo-pothos-prisma-nextjs-template,25,3,2022-06-12T15:49:14Z,2025-08-05T10:03:38Z,TypeScript
690473954,WalletConnect,gm-hackers,https://github.com/WalletConnect/gm-hackers,25,11,2023-09-12T09:08:43Z,2024-11-18T15:42:46Z,TypeScript
373914976,adonisjs-community,ally-starter-kit,https://github.com/adonisjs-community/ally-starter-kit,24,61,2021-06-04T17:26:40Z,2025-07-14T09:57:51Z,TypeScript
100800492,mocoding-software,spa-template,https://github.com/mocoding-software/spa-template,24,7,2017-08-19T14:40:33Z,2024-03-19T16:51:14Z,TypeScript
520938351,Sitecore,Sitecore.Demo.XmCloud.PlaySummit,https://github.com/Sitecore/Sitecore.Demo.XmCloud.PlaySummit,24,168,2022-08-03T15:36:56Z,2025-05-03T21:58:59Z,TypeScript
442849930,klarluft,tzklar-boilerplate,https://github.com/klarluft/tzklar-boilerplate,24,11,2021-12-29T17:54:09Z,2025-08-07T03:01:33Z,TypeScript
657054265,trankhacvy,solana-nextjs-starter,https://github.com/trankhacvy/solana-nextjs-starter,24,6,2023-06-22T08:06:43Z,2025-07-23T04:35:28Z,TypeScript
692671361,kevmok,elysiajs-api-starter,https://github.com/kevmok/elysiajs-api-starter,24,2,2023-09-17T08:12:22Z,2025-05-12T19:55:15Z,TypeScript
62859420,zce,electron-boilerplate,https://github.com/zce/electron-boilerplate,24,8,2016-07-08T04:48:25Z,2022-09-01T09:34:22Z,TypeScript
534105607,Sun0fABeach,vue-phaser-vite,https://github.com/Sun0fABeach/vue-phaser-vite,24,6,2022-09-08T07:46:33Z,2025-07-22T15:13:32Z,TypeScript
217600120,ahmetuysal,angular-hackathon-starter,https://github.com/ahmetuysal/angular-hackathon-starter,24,3,2019-10-25T19:16:22Z,2025-05-12T18:15:27Z,TypeScript
867993845,tejachundru,react-vite-starter,https://github.com/tejachundru/react-vite-starter,24,3,2024-10-05T07:32:26Z,2025-07-31T22:19:47Z,TypeScript
509830374,jcstein,rainbowkit-vite-tailwind-starter,https://github.com/jcstein/rainbowkit-vite-tailwind-starter,24,5,2022-07-02T18:17:21Z,2024-06-18T06:56:52Z,TypeScript
312349309,keithstric,angular-boilerplate-plain,https://github.com/keithstric/angular-boilerplate-plain,24,5,2020-11-12T17:31:11Z,2025-02-19T19:28:04Z,TypeScript
666011972,QizhengMo,chrome-extension-sidepanel-template,https://github.com/QizhengMo/chrome-extension-sidepanel-template,24,8,2023-07-13T13:56:59Z,2025-07-16T14:18:27Z,TypeScript
585689092,gskril,web3-starter,https://github.com/gskril/web3-starter,24,3,2023-01-05T20:19:45Z,2025-07-23T11:20:49Z,TypeScript
594421759,avneesh0612,next-solana-starter,https://github.com/avneesh0612/next-solana-starter,24,4,2023-01-28T14:04:30Z,2025-02-02T03:49:22Z,TypeScript
510689910,Quorafind,Obsidian-Svelte-Starter,https://github.com/Quorafind/Obsidian-Svelte-Starter,24,4,2022-07-05T10:32:17Z,2025-07-27T07:25:59Z,TypeScript
356200808,luca-montaigut,react-native-boilerplate,https://github.com/luca-montaigut/react-native-boilerplate,24,3,2021-04-09T08:45:02Z,2025-02-24T10:49:06Z,TypeScript
920142294,NishargShah,nextjs-fullstack-typescript-boilerplate,https://github.com/NishargShah/nextjs-fullstack-typescript-boilerplate,24,3,2025-01-21T16:29:18Z,2025-08-07T10:34:54Z,TypeScript
422542515,DanForder,typescript-boilerplate,https://github.com/DanForder/typescript-boilerplate,24,7,2021-10-29T11:02:09Z,2025-04-22T17:11:55Z,TypeScript
157663735,react-pakistan,react-native-boilerplate,https://github.com/react-pakistan/react-native-boilerplate,24,8,2018-11-15T06:34:20Z,2024-01-13T03:56:02Z,TypeScript
240428000,e2e-boilerplate,playwright-typescript-ts-jest-jest-expect,https://github.com/e2e-boilerplate/playwright-typescript-ts-jest-jest-expect,24,5,2020-02-14T04:29:29Z,2024-11-28T00:00:03Z,TypeScript
221516417,kevenleone,graphscript,https://github.com/kevenleone/graphscript,24,3,2019-11-13T17:35:36Z,2024-07-27T20:29:23Z,TypeScript
524355531,kinde-starter-kits,react-starter-kit,https://github.com/kinde-starter-kits/react-starter-kit,24,9,2022-08-13T09:32:41Z,2025-08-01T10:42:25Z,TypeScript
440282240,Naliwe,bitBurnerTsProject,https://github.com/Naliwe/bitBurnerTsProject,24,7,2021-12-20T19:19:50Z,2025-06-15T04:02:32Z,TypeScript
1022604844,nomandhoni-cs,tauri-nextjs-shadcn-boilerplate,https://github.com/nomandhoni-cs/tauri-nextjs-shadcn-boilerplate,24,4,2025-07-19T12:38:34Z,2025-08-06T21:19:53Z,TypeScript
986011911,Comfy-Org,ComfyUI-React-Extension-Template,https://github.com/Comfy-Org/ComfyUI-React-Extension-Template,24,3,2025-05-19T01:11:43Z,2025-08-01T07:12:40Z,TypeScript
955590330,phughesmcr,deno-mcp-template,https://github.com/phughesmcr/deno-mcp-template,24,4,2025-03-26T22:05:21Z,2025-08-02T20:19:50Z,TypeScript
580284686,tomoyanakano,shopify-app-template-node-typescript,https://github.com/tomoyanakano/shopify-app-template-node-typescript,24,6,2022-12-20T07:16:07Z,2025-05-28T07:09:25Z,TypeScript
775069296,mahmoudmoravej,remix-mui,https://github.com/mahmoudmoravej/remix-mui,24,6,2024-03-20T17:48:10Z,2025-06-24T13:22:16Z,TypeScript
380577606,React-Avancado,boilerplate-graphql,https://github.com/React-Avancado/boilerplate-graphql,24,1,2021-06-26T19:03:37Z,2025-05-01T03:36:50Z,TypeScript
788441052,refreakk,Template-WebApp,https://github.com/refreakk/Template-WebApp,24,5,2024-04-18T12:26:10Z,2025-06-03T10:21:10Z,TypeScript
463724789,zkSoju,frame,https://github.com/zkSoju/frame,24,2,2022-02-26T01:38:36Z,2025-07-24T22:30:05Z,TypeScript
749843048,phaserjs,template-webpack-ts,https://github.com/phaserjs/template-webpack-ts,24,4,2024-01-29T14:06:21Z,2025-06-20T13:58:16Z,TypeScript
975006366,SaltyAom,kozeki-template,https://github.com/SaltyAom/kozeki-template,24,3,2025-04-29T16:26:11Z,2025-08-09T02:54:25Z,TypeScript
348809398,tinystacks,aws-docker-templates-express,https://github.com/tinystacks/aws-docker-templates-express,24,10,2021-03-17T18:17:40Z,2025-05-22T03:47:55Z,TypeScript
310685581,riccardogiorato,template-nextjs-tailwind,https://github.com/riccardogiorato/template-nextjs-tailwind,24,4,2020-11-06T19:14:34Z,2025-07-24T01:10:14Z,TypeScript
295927532,League-of-Foundry-Developers,foundry-typescript-template,https://github.com/League-of-Foundry-Developers/foundry-typescript-template,24,4,2020-09-16T04:58:59Z,2025-06-06T17:09:46Z,TypeScript
632778726,Zuojiangtao,antd-vue3-admin,https://github.com/Zuojiangtao/antd-vue3-admin,24,3,2023-04-26T05:43:23Z,2025-08-08T02:44:27Z,TypeScript
534395531,orabazu,tsup-library-template,https://github.com/orabazu/tsup-library-template,24,2,2022-09-08T21:14:28Z,2025-07-23T21:49:06Z,TypeScript
611120029,robertwayne,template-axum-solidjs-spa,https://github.com/robertwayne/template-axum-solidjs-spa,24,1,2023-03-08T06:37:39Z,2025-05-05T19:04:24Z,TypeScript
600351936,OurUncomplicatedTemplates,fastify-prisma-redis-swagger-jwt-template,https://github.com/OurUncomplicatedTemplates/fastify-prisma-redis-swagger-jwt-template,24,0,2023-02-11T08:08:22Z,2025-05-15T12:20:09Z,TypeScript
848849230,karthikmudunuri,portfolio-website,https://github.com/karthikmudunuri/portfolio-website,24,2,2024-08-28T14:15:06Z,2025-08-05T17:29:24Z,TypeScript
242062766,just214,typescript-playground-plugin-react,https://github.com/just214/typescript-playground-plugin-react,24,6,2020-02-21T05:35:44Z,2025-06-12T06:58:08Z,TypeScript
586960833,startkit-dev,startkit-next,https://github.com/startkit-dev/startkit-next,24,2,2023-01-09T16:29:15Z,2025-08-06T17:52:09Z,TypeScript
339879967,connorads,stackoverflow-fanatic,https://github.com/connorads/stackoverflow-fanatic,24,2,2021-02-17T23:10:27Z,2025-07-17T19:49:52Z,TypeScript
567568431,StringKe,tsrpc-template,https://github.com/StringKe/tsrpc-template,24,3,2022-11-18T04:02:18Z,2025-01-08T18:01:28Z,TypeScript
301861832,codetalkio,patterns-serverless-scala-minimal,https://github.com/codetalkio/patterns-serverless-scala-minimal,24,0,2020-10-06T21:43:53Z,2023-10-03T01:25:19Z,TypeScript
370985462,thiendangit,react-native-typescript-graphql-boilerplate,https://github.com/thiendangit/react-native-typescript-graphql-boilerplate,27,9,2021-05-26T09:56:27Z,2024-08-09T14:07:06Z,TypeScript
531335387,schmidsi,hackathon-starterkit,https://github.com/schmidsi/hackathon-starterkit,27,9,2022-09-01T02:34:01Z,2024-11-06T18:39:40Z,TypeScript
638564671,omkarcloud,botasaurus-starter,https://github.com/omkarcloud/botasaurus-starter,27,9,2023-05-09T16:08:10Z,2025-08-07T15:21:49Z,TypeScript
831849132,realworld-angular,realworld-angular-starter,https://github.com/realworld-angular/realworld-angular-starter,27,4,2024-07-21T19:36:18Z,2025-07-24T14:37:36Z,TypeScript
472764195,XamHans,React-Solidity-Typescript-Starter,https://github.com/XamHans/React-Solidity-Typescript-Starter,27,10,2022-03-22T12:46:52Z,2024-07-25T01:22:18Z,TypeScript
794787041,Protocol-Explorer,web3_starter_kit,https://github.com/Protocol-Explorer/web3_starter_kit,27,10,2024-05-02T00:27:09Z,2025-01-27T19:09:23Z,TypeScript
340435120,simerlec,vite-react-ts-starter,https://github.com/simerlec/vite-react-ts-starter,27,5,2021-02-19T17:01:43Z,2024-12-10T06:06:17Z,TypeScript
921480812,phucbm,nextra-docs-starter,https://github.com/phucbm/nextra-docs-starter,27,2,2025-01-24T02:55:48Z,2025-08-09T13:55:39Z,TypeScript
190669017,udacity,cloudflare-typescript-worker-template,https://github.com/udacity/cloudflare-typescript-worker-template,27,4,2019-06-07T00:45:33Z,2025-07-06T15:37:43Z,TypeScript
767449515,nikolailehbrink,retail,https://github.com/nikolailehbrink/retail,27,4,2024-03-05T10:09:54Z,2025-07-12T21:55:34Z,TypeScript
259246706,prisma-korea,prisma-nexus-apollo-boilerplate,https://github.com/prisma-korea/prisma-nexus-apollo-boilerplate,27,9,2020-04-27T08:03:51Z,2025-07-25T18:56:32Z,TypeScript
250593503,sanv92,React-TypeScript-Boilerplate-Example,https://github.com/sanv92/React-TypeScript-Boilerplate-Example,28,5,2020-03-27T17:02:22Z,2025-01-28T08:05:53Z,TypeScript
766535126,anayatkhan1,Nextjs-template,https://github.com/anayatkhan1/Nextjs-template,27,5,2024-03-03T14:36:45Z,2025-05-25T15:18:06Z,TypeScript
738678516,Tailus-UI,react-boilerplate,https://github.com/Tailus-UI/react-boilerplate,27,1,2024-01-03T19:38:33Z,2025-06-11T06:00:40Z,TypeScript
520271433,mateoguzmana,react-native-next-supabase-auth-monorepo,https://github.com/mateoguzmana/react-native-next-supabase-auth-monorepo,27,2,2022-08-01T21:50:01Z,2025-01-13T09:01:52Z,TypeScript
1016230686,TeemuSo,saas-template-for-ai-lite,https://github.com/TeemuSo/saas-template-for-ai-lite,27,3,2025-07-08T17:27:11Z,2025-08-05T23:54:25Z,TypeScript
288152690,jefrydco,nuxt-typescript-pwa-tailwindcss-composition-api,https://github.com/jefrydco/nuxt-typescript-pwa-tailwindcss-composition-api,27,5,2020-08-17T10:39:39Z,2024-02-08T20:44:39Z,TypeScript
899538896,blefnk,versator-nextjs-template,https://github.com/blefnk/versator-nextjs-template,27,7,2024-12-06T13:28:45Z,2025-08-05T07:35:47Z,TypeScript
446188603,remarkablegames,phaser-rpg,https://github.com/remarkablegames/phaser-rpg,27,10,2022-01-09T19:54:09Z,2025-08-08T11:06:19Z,TypeScript
378673431,fast-crud,fs-admin-antdv,https://github.com/fast-crud/fs-admin-antdv,27,12,2021-06-20T15:04:58Z,2025-08-08T04:03:43Z,TypeScript
653405755,kat-tax,exo,https://github.com/kat-tax/exo,27,0,2023-06-14T02:01:30Z,2025-02-25T05:32:56Z,TypeScript
596635272,pachoclo,vite-r3f-ts-template,https://github.com/pachoclo/vite-r3f-ts-template,27,8,2023-02-02T16:03:49Z,2025-08-09T10:38:01Z,TypeScript
253108598,nawok,prost,https://github.com/nawok/prost,27,1,2020-04-04T22:14:41Z,2025-02-25T20:52:19Z,TypeScript
367491415,hmarques98,template-react-native-typescript,https://github.com/hmarques98/template-react-native-typescript,27,13,2021-05-14T22:18:14Z,2025-01-06T11:12:23Z,TypeScript
472467002,alessandropisu,vite-react-ts-minimal-template,https://github.com/alessandropisu/vite-react-ts-minimal-template,27,5,2022-03-21T18:39:41Z,2025-06-17T10:16:39Z,TypeScript
514264154,OlegWock,webpack-react-web-extension-template,https://github.com/OlegWock/webpack-react-web-extension-template,27,5,2022-07-15T12:37:17Z,2025-05-28T07:54:50Z,TypeScript
407526092,StErMi,solidity-template,https://github.com/StErMi/solidity-template,27,7,2021-09-17T12:07:06Z,2023-07-14T15:54:32Z,TypeScript
513809768,serenity-js,serenity-js-cucumber-playwright-template,https://github.com/serenity-js/serenity-js-cucumber-playwright-template,27,13,2022-07-14T07:54:21Z,2025-08-01T18:15:37Z,TypeScript
690709132,render-examples,bun-docker,https://github.com/render-examples/bun-docker,27,38,2023-09-12T18:01:52Z,2025-04-23T22:18:56Z,TypeScript
462729139,lewebsimple,nuxt3-fullstack,https://github.com/lewebsimple/nuxt3-fullstack,27,2,2022-02-23T12:39:23Z,2025-03-12T03:04:25Z,TypeScript
618414128,NoxelS,openai-scraper,https://github.com/NoxelS/openai-scraper,27,5,2023-03-24T12:19:28Z,2025-06-16T12:02:39Z,TypeScript
644224639,minhwpm,novajam,https://github.com/minhwpm/novajam,27,8,2023-05-23T04:46:43Z,2025-07-10T03:22:03Z,TypeScript
186565414,kevinpollet,typescript-container-action-template,https://github.com/kevinpollet/typescript-container-action-template,27,6,2019-05-14T07:11:05Z,2024-05-29T12:54:39Z,TypeScript
594996093,innovatorved,authneu,https://github.com/innovatorved/authneu,27,3,2023-01-30T07:05:40Z,2024-07-08T14:39:04Z,TypeScript
723517999,pAIrprogio,oai,https://github.com/pAIrprogio/oai,27,3,2023-11-25T23:09:49Z,2025-01-14T08:29:34Z,TypeScript
484876696,andrejrakic,hardhat-testing,https://github.com/andrejrakic/hardhat-testing,27,18,2022-04-23T23:14:06Z,2023-09-03T17:33:34Z,TypeScript
840705765,effector,vike-react-template,https://github.com/effector/vike-react-template,27,3,2024-08-10T12:40:45Z,2025-06-14T18:13:14Z,TypeScript
540395952,atilafassina,apex-monorepo,https://github.com/atilafassina/apex-monorepo,27,1,2022-09-23T10:50:56Z,2025-02-03T20:36:32Z,TypeScript
873758425,ZL-Asica,SuzuBlog,https://github.com/ZL-Asica/SuzuBlog,27,4,2024-10-16T17:06:10Z,2025-08-03T18:00:40Z,TypeScript
368968259,cristobalgvera,ez-clasp,https://github.com/cristobalgvera/ez-clasp,27,1,2021-05-19T18:38:28Z,2025-05-04T17:18:24Z,TypeScript
821425885,arjanjohan,scaffold-move,https://github.com/arjanjohan/scaffold-move,27,5,2024-06-28T14:07:00Z,2025-04-10T10:59:13Z,TypeScript
650896222,lincenying,vite-vue3-uniapp,https://github.com/lincenying/vite-vue3-uniapp,27,5,2023-06-08T03:41:14Z,2025-08-08T04:09:43Z,TypeScript
462981115,cerinoligutom,Vue3-Starter,https://github.com/cerinoligutom/Vue3-Starter,26,6,2022-02-24T02:30:20Z,2024-05-30T16:54:39Z,TypeScript
322320946,LucasReinaldo,react-typescript-eslint-prettier-boilerplate,https://github.com/LucasReinaldo/react-typescript-eslint-prettier-boilerplate,26,7,2020-12-17T14:33:25Z,2024-09-10T13:37:43Z,TypeScript
854435368,MaximePremont,boilerplate-nextron-shadcn,https://github.com/MaximePremont/boilerplate-nextron-shadcn,26,5,2024-09-09T07:01:34Z,2025-07-02T13:16:01Z,TypeScript
431033878,MatrixCross,Vue3-PCWeb-Starter,https://github.com/MatrixCross/Vue3-PCWeb-Starter,26,7,2021-11-23T09:16:08Z,2025-07-15T02:46:36Z,TypeScript
349237421,ptkdev-boilerplate,node-cli-boilerplate,https://github.com/ptkdev-boilerplate/node-cli-boilerplate,26,3,2021-03-18T22:46:39Z,2025-05-11T13:00:57Z,TypeScript
680096395,ShenQingchuan,Railgun,https://github.com/ShenQingchuan/Railgun,26,1,2023-08-18T10:30:53Z,2024-11-22T09:00:14Z,TypeScript
168668526,tawachan,react-native-expo-boilerplate,https://github.com/tawachan/react-native-expo-boilerplate,26,7,2019-02-01T08:48:28Z,2023-12-03T20:09:05Z,TypeScript
502039314,nanlabs,react-boilerplate,https://github.com/nanlabs/react-boilerplate,26,2,2022-06-10T12:42:41Z,2025-06-19T01:31:47Z,TypeScript
967450974,instructa,mcp-starter,https://github.com/instructa/mcp-starter,26,7,2025-04-16T13:26:28Z,2025-08-05T11:57:07Z,TypeScript
766796981,cham11ng,bun-api-starter,https://github.com/cham11ng/bun-api-starter,26,5,2024-03-04T06:25:34Z,2025-03-23T10:52:53Z,TypeScript
490490903,MajorLift,typescript-fullstack-monorepo-starter,https://github.com/MajorLift/typescript-fullstack-monorepo-starter,26,3,2022-05-10T00:44:48Z,2024-04-02T18:21:21Z,TypeScript
254922191,BrieucCaillot,nuxt3-threejs-starter,https://github.com/BrieucCaillot/nuxt3-threejs-starter,26,2,2020-04-11T17:43:08Z,2025-07-05T03:20:44Z,TypeScript
428966327,sonofmagic,npm-lib-template,https://github.com/sonofmagic/npm-lib-template,26,4,2021-11-17T08:33:32Z,2025-08-09T13:36:48Z,TypeScript
744793572,wencaizhang,webjam.cn,https://github.com/wencaizhang/webjam.cn,26,10,2024-01-18T02:32:16Z,2025-08-06T12:02:23Z,TypeScript
637003843,AnsonZnl,iWebsite,https://github.com/AnsonZnl/iWebsite,26,8,2023-05-06T07:57:38Z,2025-08-04T02:45:40Z,TypeScript
612317783,turbokirichenko,pixijs-typescript-vite-template,https://github.com/turbokirichenko/pixijs-typescript-vite-template,26,5,2023-03-10T17:10:51Z,2025-03-03T23:39:06Z,TypeScript
543380563,dalenguyen,medusa-monorepo,https://github.com/dalenguyen/medusa-monorepo,27,5,2022-09-30T01:11:05Z,2025-06-09T01:40:00Z,TypeScript
540333594,travelmakers,travelmakers-nextjs-boilerplate,https://github.com/travelmakers/travelmakers-nextjs-boilerplate,26,1,2022-09-23T07:46:31Z,2025-05-09T00:44:10Z,TypeScript
783145971,gonzalochale,chonza,https://github.com/gonzalochale/chonza,26,0,2024-04-07T04:03:30Z,2025-02-22T02:56:54Z,TypeScript
592387865,olegkron,node-ts-api-template,https://github.com/olegkron/node-ts-api-template,26,5,2023-01-23T16:16:59Z,2025-07-30T21:55:14Z,TypeScript
411840682,refcell,nextjs-chakra-dapp,https://github.com/refcell/nextjs-chakra-dapp,26,2,2021-09-29T21:56:59Z,2025-01-14T03:48:02Z,TypeScript
844782545,langchain-ai,data-enrichment-js,https://github.com/langchain-ai/data-enrichment-js,26,10,2024-08-20T00:45:57Z,2025-07-26T21:38:49Z,TypeScript
232649366,Jensderond,react-nestjs-template,https://github.com/Jensderond/react-nestjs-template,26,2,2020-01-08T20:10:16Z,2023-11-14T13:29:49Z,TypeScript
737538973,ShafSpecs,journal-stack,https://github.com/ShafSpecs/journal-stack,26,1,2023-12-31T12:41:35Z,2024-09-29T07:33:08Z,TypeScript
979830728,nullpwntrops,simple-auth-backend,https://github.com/nullpwntrops/simple-auth-backend,26,2,2025-05-08T06:17:19Z,2025-07-16T05:36:31Z,TypeScript
682373084,maykonsousa,template-next,https://github.com/maykonsousa/template-next,26,0,2023-08-24T03:12:57Z,2025-02-15T23:30:29Z,TypeScript
766229669,guillempuche,localfirst_react_server,https://github.com/guillempuche/localfirst_react_server,26,2,2024-03-02T17:30:38Z,2025-07-08T08:58:46Z,TypeScript
675150724,karpolan,nextjs-mui-starter-ts,https://github.com/karpolan/nextjs-mui-starter-ts,31,16,2023-08-06T00:36:36Z,2025-04-12T12:07:40Z,TypeScript
466772818,maxgfr,typescript-swc-starter,https://github.com/maxgfr/typescript-swc-starter,31,6,2022-03-06T15:12:40Z,2025-08-08T20:43:27Z,TypeScript
959940579,builders-garden,base-minikit-starter,https://github.com/builders-garden/base-minikit-starter,31,11,2025-04-03T15:44:39Z,2025-07-29T06:25:24Z,TypeScript
275879219,eszterkv,eleventy-starter-typescript,https://github.com/eszterkv/eleventy-starter-typescript,31,8,2020-06-29T17:11:28Z,2024-10-03T18:57:48Z,TypeScript
281258690,felipe-jm,nextjs-boilerplate,https://github.com/felipe-jm/nextjs-boilerplate,31,5,2020-07-21T00:51:53Z,2025-03-27T07:08:32Z,TypeScript
871359677,Innovix-Matrix-Systems,ims-nest-api-starter,https://github.com/Innovix-Matrix-Systems/ims-nest-api-starter,31,9,2024-10-11T19:50:33Z,2025-03-04T14:05:43Z,TypeScript
709586879,benjamin-chavez,nextjs-express-auth0-template,https://github.com/benjamin-chavez/nextjs-express-auth0-template,31,6,2023-10-25T01:39:41Z,2025-07-24T08:39:22Z,TypeScript
902628843,chriskuech,fullstack-monorepo-template,https://github.com/chriskuech/fullstack-monorepo-template,31,2,2024-12-13T00:20:22Z,2025-07-04T22:50:38Z,TypeScript
476687648,emretepedev,solidity-hardhat-typescript-boilerplate,https://github.com/emretepedev/solidity-hardhat-typescript-boilerplate,31,10,2022-04-01T11:11:27Z,2025-05-15T14:06:56Z,TypeScript
449130306,haydenull,logseq-plugin-react-boilerplate,https://github.com/haydenull/logseq-plugin-react-boilerplate,31,3,2022-01-18T03:43:16Z,2025-04-09T15:32:18Z,TypeScript
991429793,mnove,monorepo-starter-graphql,https://github.com/mnove/monorepo-starter-graphql,31,3,2025-05-27T15:58:40Z,2025-08-07T10:23:23Z,TypeScript
723748294,xesrevinu,remix-vite-pwa-starter,https://github.com/xesrevinu/remix-vite-pwa-starter,31,2,2023-11-26T16:42:16Z,2025-03-21T06:22:01Z,TypeScript
509913410,bonnguyenitc,react-native-starter,https://github.com/bonnguyenitc/react-native-starter,31,2,2022-07-03T03:31:23Z,2025-01-23T23:37:33Z,TypeScript
522853228,hemengke1997,vite-react-ssr-boilerplate,https://github.com/hemengke1997/vite-react-ssr-boilerplate,31,5,2022-08-09T07:49:58Z,2024-12-28T10:20:03Z,TypeScript
468070300,natainditama,nevel,https://github.com/natainditama/nevel,31,4,2022-03-09T19:44:18Z,2024-12-30T12:03:05Z,TypeScript
467274770,emalorenzo,next13-starter,https://github.com/emalorenzo/next13-starter,31,5,2022-03-07T22:07:39Z,2024-03-20T01:48:17Z,TypeScript
166121697,shellyln,vue-electron-typescript-quickstart,https://github.com/shellyln/vue-electron-typescript-quickstart,31,7,2019-01-16T22:27:50Z,2025-02-16T10:37:15Z,TypeScript
237362050,storyofams,next-boilerplate,https://github.com/storyofams/next-boilerplate,31,2,2020-01-31T04:47:49Z,2025-03-01T22:09:25Z,TypeScript
586757204,tomoyanakano,shopify-app-template-with-nestjs,https://github.com/tomoyanakano/shopify-app-template-with-nestjs,31,12,2023-01-09T06:42:19Z,2025-05-20T01:40:45Z,TypeScript
630534882,romankurnovskii,electron-react-template,https://github.com/romankurnovskii/electron-react-template,31,3,2023-04-20T15:31:11Z,2025-04-27T00:20:24Z,TypeScript
431839356,HPouyanmehr,theBag,https://github.com/HPouyanmehr/theBag,31,12,2021-11-25T12:35:33Z,2024-10-05T12:52:40Z,TypeScript
183551687,DasithKuruppu,etna,https://github.com/DasithKuruppu/etna,31,11,2019-04-26T03:39:16Z,2025-05-08T04:25:28Z,TypeScript
466608972,gaslimitreached,foundry-hardhat-template,https://github.com/gaslimitreached/foundry-hardhat-template,31,2,2022-03-06T01:36:51Z,2024-08-11T04:25:28Z,TypeScript
883614534,IDAN-DEVS,portify,https://github.com/IDAN-DEVS/portify,31,7,2024-11-05T09:25:22Z,2025-07-09T23:40:33Z,TypeScript
847541296,langchain-ai,retrieval-agent-template-js,https://github.com/langchain-ai/retrieval-agent-template-js,31,10,2024-08-26T04:12:02Z,2025-07-28T22:35:03Z,TypeScript
763038610,victor-lillo,react-vite-component-template,https://github.com/victor-lillo/react-vite-component-template,32,5,2024-02-25T11:54:32Z,2025-06-05T04:39:11Z,TypeScript
216923182,kui-shell,KuiClientTemplate,https://github.com/kui-shell/KuiClientTemplate,31,8,2019-10-22T22:49:21Z,2025-07-29T18:40:33Z,TypeScript
657346228,kasper573,yas,https://github.com/kasper573/yas,31,2,2023-06-22T21:35:32Z,2025-05-27T18:10:12Z,TypeScript
763390010,NaverPayDev,ts-monorepo-template,https://github.com/NaverPayDev/ts-monorepo-template,31,0,2024-02-26T07:50:51Z,2025-07-31T10:11:41Z,TypeScript
583778452,4erkashin,react-template,https://github.com/4erkashin/react-template,31,1,2022-12-30T22:17:28Z,2025-04-07T09:26:38Z,TypeScript
383839595,jazcarate,cloudflare-worker-google-oauth,https://github.com/jazcarate/cloudflare-worker-google-oauth,31,9,2021-07-07T15:11:06Z,2025-06-14T00:00:18Z,TypeScript
640499782,AkashRajpurohit,ts-npm-template,https://github.com/AkashRajpurohit/ts-npm-template,31,1,2023-05-14T09:50:48Z,2025-04-25T09:30:19Z,TypeScript
725292795,cholasimmons,bun-elysia-modular_auth,https://github.com/cholasimmons/bun-elysia-modular_auth,31,1,2023-11-29T20:55:44Z,2025-07-11T09:10:41Z,TypeScript
575596465,ebg1223,create-t3-turbolito,https://github.com/ebg1223/create-t3-turbolito,31,1,2022-12-07T21:46:14Z,2024-05-03T20:39:34Z,TypeScript
711527395,seratch,slack-timesheet,https://github.com/seratch/slack-timesheet,31,0,2023-10-29T14:44:14Z,2025-08-09T20:27:47Z,TypeScript
490114765,9oelM,emscripten-cplusplus-webpack-example,https://github.com/9oelM/emscripten-cplusplus-webpack-example,31,2,2022-05-09T02:54:10Z,2024-10-22T22:57:12Z,TypeScript
195530882,ng-matero,starter,https://github.com/ng-matero/starter,30,13,2019-07-06T11:15:58Z,2025-06-23T10:47:37Z,TypeScript
337626373,tchin25,vue3-typescript-web-extensions-starter,https://github.com/tchin25/vue3-typescript-web-extensions-starter,30,4,2021-02-10T05:26:14Z,2025-05-06T19:17:42Z,TypeScript
319341210,hocgin,taro-starter,https://github.com/hocgin/taro-starter,30,12,2020-12-07T14:14:30Z,2024-09-13T07:35:00Z,TypeScript
382624980,tuanlc,graphql_clean-architecture_boilerplate,https://github.com/tuanlc/graphql_clean-architecture_boilerplate,30,4,2021-07-03T13:40:55Z,2025-05-14T22:43:45Z,TypeScript
471866020,yunsii,tailwind-nextjs-typescript-starter-blog,https://github.com/yunsii/tailwind-nextjs-typescript-starter-blog,30,3,2022-03-20T03:07:25Z,2025-07-08T12:02:47Z,TypeScript
514209758,lautr,initium-nuxt,https://github.com/lautr/initium-nuxt,30,3,2022-07-15T09:23:47Z,2025-08-09T00:50:55Z,TypeScript
417543899,sex-request,nextjs-starter-kit,https://github.com/sex-request/nextjs-starter-kit,30,12,2021-10-15T15:13:35Z,2025-06-13T14:46:07Z,TypeScript
433022538,clerk,clerk-react-demo,https://github.com/clerk/clerk-react-demo,30,23,2021-11-29T11:51:18Z,2025-07-04T11:03:43Z,TypeScript
282398271,nekogd,react-hook-npm-publish-boilerplate,https://github.com/nekogd/react-hook-npm-publish-boilerplate,30,7,2020-07-25T07:56:32Z,2025-05-29T17:45:18Z,TypeScript
229287833,negezor,typescript-monorepo-boilerplate,https://github.com/negezor/typescript-monorepo-boilerplate,30,1,2019-12-20T15:19:18Z,2025-06-18T08:06:55Z,TypeScript
829399366,zakirkun,hono-boilerplate,https://github.com/zakirkun/hono-boilerplate,30,2,2024-07-16T10:55:35Z,2025-06-04T03:40:34Z,TypeScript
640789010,bonabrian,snxtw,https://github.com/bonabrian/snxtw,30,1,2023-05-15T06:14:03Z,2025-03-11T13:17:38Z,TypeScript
717508432,LinaMahrouch,Remix-Ai,https://github.com/LinaMahrouch/Remix-Ai,30,5,2023-11-11T17:16:11Z,2025-06-20T04:43:58Z,TypeScript
521166866,icebreaker-template,taro-react-tailwind-vscode-template,https://github.com/icebreaker-template/taro-react-tailwind-vscode-template,30,4,2022-08-04T07:27:54Z,2025-07-16T06:45:26Z,TypeScript
660754171,acm-ucr,aurora,https://github.com/acm-ucr/aurora,30,9,2023-06-30T18:59:15Z,2025-05-27T02:18:42Z,TypeScript
661109412,emilio-toledo,obsidian-svelte-plugin,https://github.com/emilio-toledo/obsidian-svelte-plugin,30,5,2023-07-01T20:22:16Z,2025-07-27T07:16:08Z,TypeScript
337560593,priscilaandreani,template-react-ts,https://github.com/priscilaandreani/template-react-ts,30,6,2021-02-09T23:05:22Z,2025-02-03T15:08:20Z,TypeScript
709642930,meta-d,sap-fiori-templates,https://github.com/meta-d/sap-fiori-templates,30,6,2023-10-25T05:29:58Z,2025-07-01T11:29:28Z,TypeScript
456506976,ipdxco,github-as-code,https://github.com/ipdxco/github-as-code,30,10,2022-02-07T12:59:55Z,2025-08-02T06:55:50Z,TypeScript
952306128,sergiodxa,react-router-cloudflare-minimal,https://github.com/sergiodxa/react-router-cloudflare-minimal,30,1,2025-03-21T04:16:57Z,2025-08-10T16:17:03Z,TypeScript
481757300,na0495,Personal-Portfolio-template,https://github.com/na0495/Personal-Portfolio-template,30,0,2022-04-14T21:42:16Z,2025-06-30T07:22:46Z,TypeScript
886457962,HyaCiovo,taro-miniapp-template,https://github.com/HyaCiovo/taro-miniapp-template,30,14,2024-11-11T02:22:45Z,2025-06-23T02:36:17Z,TypeScript
889656385,leogopal,bolt.local.llm,https://github.com/leogopal/bolt.local.llm,30,17,2024-11-16T21:58:08Z,2025-07-25T22:57:14Z,TypeScript
355469007,Sitecore,Sitecore.Demo.Edge,https://github.com/Sitecore/Sitecore.Demo.Edge,29,75,2021-04-07T08:28:13Z,2025-02-10T10:45:47Z,TypeScript
433592751,edge33,AdventOfCode-typescript-template,https://github.com/edge33/AdventOfCode-typescript-template,29,17,2021-11-30T21:32:32Z,2025-07-17T10:02:57Z,TypeScript
524618784,altmshfkgudtjr,varsarr,https://github.com/altmshfkgudtjr/varsarr,29,9,2022-08-14T08:51:48Z,2025-02-10T13:01:30Z,TypeScript
701469187,charnowsky,t3-starter-supabase-i18n,https://github.com/charnowsky/t3-starter-supabase-i18n,29,4,2023-10-06T17:45:37Z,2025-02-04T23:23:16Z,TypeScript
207273348,ofuochi,node-typescript-boilerplate,https://github.com/ofuochi/node-typescript-boilerplate,29,16,2019-09-09T09:29:42Z,2025-02-15T12:26:27Z,TypeScript
883622185,berthutapea,typescript-express-prisma-starter,https://github.com/berthutapea/typescript-express-prisma-starter,29,0,2024-11-05T09:41:19Z,2024-11-15T19:51:59Z,TypeScript
447291896,React-Avancado,boilerplate-tailwind,https://github.com/React-Avancado/boilerplate-tailwind,29,7,2022-01-12T16:32:33Z,2023-07-20T16:48:31Z,TypeScript
126437400,hyanmandian,cra-template-hyan,https://github.com/hyanmandian/cra-template-hyan,29,2,2018-03-23T05:28:06Z,2023-06-26T15:36:56Z,TypeScript
402293665,wavezync,nestjs-starter,https://github.com/wavezync/nestjs-starter,29,7,2021-09-02T04:53:24Z,2025-08-07T21:52:00Z,TypeScript
744913376,hookdeck,supavlog,https://github.com/hookdeck/supavlog,29,3,2024-01-18T09:06:01Z,2025-06-19T19:36:47Z,TypeScript
291017263,mehmetsefabalik,fastify-template,https://github.com/mehmetsefabalik/fastify-template,30,2,2020-08-28T10:22:35Z,2025-06-07T22:33:38Z,TypeScript
921255858,neondatabase-labs,neon-auth-nextjs-template,https://github.com/neondatabase-labs/neon-auth-nextjs-template,29,16,2025-01-23T16:19:02Z,2025-07-26T07:26:37Z,TypeScript
482366999,Mohammad-Faisal,nextjs-tailwindcss-beautiful-blog-template,https://github.com/Mohammad-Faisal/nextjs-tailwindcss-beautiful-blog-template,29,6,2022-04-16T21:40:05Z,2025-03-11T01:29:38Z,TypeScript
587611147,frontendweb3,blogify,https://github.com/frontendweb3/blogify,29,16,2023-01-11T06:46:09Z,2025-06-20T06:51:02Z,TypeScript
493256327,TeshaneCrawford,next-auth,https://github.com/TeshaneCrawford/next-auth,29,2,2022-05-17T13:10:02Z,2025-02-13T09:45:52Z,TypeScript
206387380,kunalgorithm,graphql-fullstack,https://github.com/kunalgorithm/graphql-fullstack,29,1,2019-09-04T18:33:37Z,2024-08-01T13:23:03Z,TypeScript
538607352,hoanglehaithanh,react-native-expo-redux-template,https://github.com/hoanglehaithanh/react-native-expo-redux-template,29,10,2022-09-19T17:00:35Z,2025-05-20T18:46:27Z,TypeScript
734629948,spaceteams,clean-architecture-inspired-react-template,https://github.com/spaceteams/clean-architecture-inspired-react-template,29,5,2023-12-22T07:22:56Z,2025-07-21T14:28:09Z,TypeScript
582426713,mishankov,vite-svelte-trpc,https://github.com/mishankov/vite-svelte-trpc,29,3,2022-12-26T19:52:08Z,2025-07-18T05:54:29Z,TypeScript
596790348,mcapodici,firestarter,https://github.com/mcapodici/firestarter,29,1,2023-02-02T23:36:48Z,2025-06-14T08:57:38Z,TypeScript
898540012,wasp-lang,cursor-template,https://github.com/wasp-lang/cursor-template,29,1,2024-12-04T15:21:04Z,2025-07-22T16:07:12Z,TypeScript
452758112,huibizhang,template-vite-react-ts-tailwind-v3,https://github.com/huibizhang/template-vite-react-ts-tailwind-v3,29,4,2022-01-27T16:28:40Z,2024-11-18T12:09:00Z,TypeScript
773364368,CarlosZiegler,monorepo-template,https://github.com/CarlosZiegler/monorepo-template,29,4,2024-03-17T13:21:25Z,2025-08-09T18:35:15Z,TypeScript
572216982,mariuslundgard,sanity-template-nextjs,https://github.com/mariuslundgard/sanity-template-nextjs,29,3,2022-11-29T19:54:35Z,2025-03-25T23:25:02Z,TypeScript
794981200,neobrutalism-templates,portfolio,https://github.com/neobrutalism-templates/portfolio,29,4,2024-05-02T10:52:35Z,2025-07-29T10:21:25Z,TypeScript
926198967,abdibrokhim,notlink-ui,https://github.com/abdibrokhim/notlink-ui,29,5,2025-02-02T19:29:18Z,2025-04-26T20:41:30Z,TypeScript
510565595,klren0312,vite_vue2.7,https://github.com/klren0312/vite_vue2.7,29,11,2022-07-05T02:46:19Z,2025-07-11T10:02:24Z,TypeScript
233807032,Moumouls,next-atomic-gql,https://github.com/Moumouls/next-atomic-gql,29,1,2020-01-14T09:40:39Z,2024-06-11T12:46:13Z,TypeScript
606349568,peelar,poltergeist,https://github.com/peelar/poltergeist,29,1,2023-02-25T08:04:16Z,2024-10-02T15:06:49Z,TypeScript
612787955,toyamarinyon,trpc-d1-todo,https://github.com/toyamarinyon/trpc-d1-todo,29,1,2023-03-12T01:01:32Z,2024-12-19T07:38:11Z,TypeScript
245867885,uxname,liteend,https://github.com/uxname/liteend,29,3,2020-03-08T18:38:22Z,2025-07-10T10:28:18Z,TypeScript
264041075,denorg,starter,https://github.com/denorg/starter,28,3,2020-05-14T22:40:46Z,2024-06-20T15:18:23Z,TypeScript
134282085,RedHatInsights,frontend-starter-app,https://github.com/RedHatInsights/frontend-starter-app,28,53,2018-05-21T14:42:05Z,2025-07-29T18:37:25Z,TypeScript
777692578,penpot,penpot-plugin-starter-template,https://github.com/penpot/penpot-plugin-starter-template,28,14,2024-03-26T10:39:02Z,2025-08-07T05:14:19Z,TypeScript
301190453,adam-cowley,graphapp-starter-react,https://github.com/adam-cowley/graphapp-starter-react,28,15,2020-10-04T17:48:38Z,2025-05-17T02:06:50Z,TypeScript
190806697,marquizzo,three.ts-template,https://github.com/marquizzo/three.ts-template,28,11,2019-06-07T20:43:58Z,2025-03-18T17:56:51Z,TypeScript
540809534,abrahamberg,react-signalr-sample,https://github.com/abrahamberg/react-signalr-sample,28,7,2022-09-24T11:40:36Z,2025-07-21T23:52:27Z,TypeScript
196105182,Liinkiing,next-ts-starter,https://github.com/Liinkiing/next-ts-starter,28,4,2019-07-10T01:00:01Z,2023-06-25T22:03:34Z,TypeScript
379144454,fky2015,nexon,https://github.com/fky2015/nexon,28,9,2021-06-22T04:47:25Z,2025-06-25T05:29:31Z,TypeScript
188547947,ryanditjia,gatsby-typescript-boilerplate,https://github.com/ryanditjia/gatsby-typescript-boilerplate,28,3,2019-05-25T09:42:25Z,2025-01-30T06:58:05Z,TypeScript
557139767,MatrixCross,Weapp-Starter,https://github.com/MatrixCross/Weapp-Starter,28,4,2022-10-25T06:32:30Z,2025-06-29T15:33:05Z,TypeScript
150807343,timfish,aurelia-electron-webpack,https://github.com/timfish/aurelia-electron-webpack,28,3,2018-09-29T00:26:10Z,2025-02-26T23:53:27Z,TypeScript
801125287,vercel,ship-content-driven-websites,https://github.com/vercel/ship-content-driven-websites,28,4,2024-05-15T16:33:53Z,2025-08-09T09:16:24Z,TypeScript
791637716,duartefdias,NextJsSaasTemplate,https://github.com/duartefdias/NextJsSaasTemplate,28,8,2024-04-25T04:51:17Z,2025-06-13T14:00:37Z,TypeScript
923564653,SyahrulBhudiF,Hono-Starter-Code,https://github.com/SyahrulBhudiF/Hono-Starter-Code,28,0,2025-01-28T13:30:49Z,2025-07-28T16:09:46Z,TypeScript
410626702,christopher-caldwell,react-big-calendar-demo,https://github.com/christopher-caldwell/react-big-calendar-demo,28,15,2021-09-26T18:09:31Z,2025-07-06T06:20:29Z,TypeScript
132388603,hopskipnfall,discord-typescript-bot,https://github.com/hopskipnfall/discord-typescript-bot,28,12,2018-05-07T00:55:57Z,2023-10-03T04:46:42Z,TypeScript
562449842,stijnvanhulle,template,https://github.com/stijnvanhulle/template,28,2,2022-11-06T12:01:07Z,2025-07-24T15:02:05Z,TypeScript
725634549,morewings,react-library-template,https://github.com/morewings/react-library-template,28,3,2023-11-30T14:57:56Z,2025-07-23T07:48:41Z,TypeScript
417508818,drakeaxelrod,typescript-fullstack-boiler,https://github.com/drakeaxelrod/typescript-fullstack-boiler,28,0,2021-10-15T13:26:05Z,2023-11-05T10:24:10Z,TypeScript
619990610,MarcosVel,routes-template,https://github.com/MarcosVel/routes-template,28,3,2023-03-27T20:15:39Z,2025-03-02T01:59:47Z,TypeScript
388963096,0xEssential,smartist-contract,https://github.com/0xEssential/smartist-contract,28,8,2021-07-24T00:49:12Z,2024-02-28T09:16:54Z,TypeScript
392098859,frandiox,reactesse-edge-template,https://github.com/frandiox/reactesse-edge-template,28,1,2021-08-02T21:27:09Z,2023-09-16T00:38:08Z,TypeScript
753194270,siavash1991,xboard-react,https://github.com/siavash1991/xboard-react,28,0,2024-02-05T16:46:12Z,2025-03-29T07:24:03Z,TypeScript
810320007,TOPOFGR,bdui-demo,https://github.com/TOPOFGR/bdui-demo,28,1,2024-06-04T13:15:12Z,2025-04-16T15:18:47Z,TypeScript
944501373,vueza,create-sanity-app,https://github.com/vueza/create-sanity-app,28,1,2025-03-07T13:07:46Z,2025-08-07T21:20:37Z,TypeScript
733883611,PawanSirsat,SplitWise,https://github.com/PawanSirsat/SplitWise,28,8,2023-12-20T10:52:30Z,2025-08-10T14:03:41Z,TypeScript
705654634,ImJustLucas,bun-elysia-boilerplate,https://github.com/ImJustLucas/bun-elysia-boilerplate,35,6,2023-10-16T12:45:59Z,2025-07-21T08:20:31Z,TypeScript
293146479,ju4n97,nestjs-boilerplate,https://github.com/ju4n97/nestjs-boilerplate,35,6,2020-09-05T20:07:22Z,2023-09-20T15:53:31Z,TypeScript
979015558,builders-garden,farcaster-miniapp-starter,https://github.com/builders-garden/farcaster-miniapp-starter,35,13,2025-05-06T21:36:28Z,2025-08-05T00:52:36Z,TypeScript
182067511,marceloaugusto80,electron-react-typescript-boilerplate,https://github.com/marceloaugusto80/electron-react-typescript-boilerplate,35,9,2019-04-18T10:29:57Z,2024-12-14T13:26:06Z,TypeScript
714467433,Telegram-Mini-Apps,solidjs-template,https://github.com/Telegram-Mini-Apps/solidjs-template,35,7,2023-11-04T23:39:44Z,2025-08-03T16:39:44Z,TypeScript
341366429,baileyherbert,svelte-vite-starter,https://github.com/baileyherbert/svelte-vite-starter,35,7,2021-02-22T23:24:17Z,2024-09-08T17:22:53Z,TypeScript
272690820,vendure-ecommerce,plugin-template,https://github.com/vendure-ecommerce/plugin-template,35,19,2020-06-16T11:34:06Z,2025-03-31T06:38:32Z,TypeScript
480032351,guopenghui,obsidian-vue-starter,https://github.com/guopenghui/obsidian-vue-starter,35,5,2022-04-10T13:53:13Z,2025-07-30T13:56:04Z,TypeScript
523243044,tdsoftpl,cool-stack,https://github.com/tdsoftpl/cool-stack,35,4,2022-08-10T07:23:32Z,2025-03-11T19:18:15Z,TypeScript
461358261,sxzz,ts-starter,https://github.com/sxzz/ts-starter,35,4,2022-02-20T01:45:46Z,2025-08-11T04:35:53Z,TypeScript
469173013,jordicher,nestjs-typeorm-auth-template,https://github.com/jordicher/nestjs-typeorm-auth-template,35,7,2022-03-12T18:53:48Z,2025-07-27T15:19:12Z,TypeScript
162410383,South-Paw,awesome-gatsby-starter,https://github.com/South-Paw/awesome-gatsby-starter,35,8,2018-12-19T08:58:58Z,2025-05-06T06:30:18Z,TypeScript
469036760,DimplesY,uniapp-unocss-starter,https://github.com/DimplesY/uniapp-unocss-starter,35,6,2022-03-12T09:26:03Z,2025-07-20T00:08:42Z,TypeScript
774165645,remotion-dev,template-next-app-dir-tailwind,https://github.com/remotion-dev/template-next-app-dir-tailwind,35,9,2024-03-19T03:55:53Z,2025-08-10T15:41:17Z,TypeScript
510159077,Borodutch,smart-contract-starter,https://github.com/Borodutch/smart-contract-starter,35,3,2022-07-03T23:40:50Z,2025-08-01T17:12:44Z,TypeScript
662252596,Lomray-Software,vite-template,https://github.com/Lomray-Software/vite-template,35,6,2023-07-04T17:40:35Z,2025-07-28T11:24:09Z,TypeScript
811417805,Blankeos,solid-launch,https://github.com/Blankeos/solid-launch,35,0,2024-06-06T14:59:50Z,2025-07-15T03:05:41Z,TypeScript
371040779,aavegotchi,aavegotchi-minigame-template,https://github.com/aavegotchi/aavegotchi-minigame-template,35,11,2021-05-26T13:18:39Z,2025-07-28T16:03:50Z,TypeScript
222194274,turt2live,matrix-bot-sdk-bot-template,https://github.com/turt2live/matrix-bot-sdk-bot-template,35,9,2019-11-17T03:57:01Z,2025-04-20T10:00:55Z,TypeScript
288685010,remirror,template,https://github.com/remirror/template,35,7,2020-08-19T09:06:58Z,2025-03-01T11:39:32Z,TypeScript
564901654,pieroguerrero,auth-backend,https://github.com/pieroguerrero/auth-backend,35,5,2022-11-11T19:19:02Z,2025-05-09T11:33:52Z,TypeScript
714136070,LinaMahrouch,Remix-Portfolio-Template,https://github.com/LinaMahrouch/Remix-Portfolio-Template,35,8,2023-11-04T02:35:36Z,2024-09-27T11:14:53Z,TypeScript
248268090,thingworx-field-work,ThingworxVSCodeProject,https://github.com/thingworx-field-work/ThingworxVSCodeProject,35,19,2020-03-18T15:21:12Z,2025-08-05T20:21:06Z,TypeScript
942002428,lumitech-co,lumitech-react-native-template,https://github.com/lumitech-co/lumitech-react-native-template,35,3,2025-03-03T12:14:36Z,2025-08-04T08:57:11Z,TypeScript
201751358,naishtech,platform-agnostic-typescript-template,https://github.com/naishtech/platform-agnostic-typescript-template,35,1,2019-08-11T10:39:26Z,2024-09-07T00:25:51Z,TypeScript
640454576,yunwei37,ChatGPT-plugin-vercel-template,https://github.com/yunwei37/ChatGPT-plugin-vercel-template,35,3,2023-05-14T06:23:23Z,2024-04-10T05:28:11Z,TypeScript
675683190,wgd3,nx-nestjs-angular-boilerplate,https://github.com/wgd3/nx-nestjs-angular-boilerplate,34,10,2023-08-07T13:36:21Z,2025-08-11T00:47:14Z,TypeScript
380192631,lidofinance,lido-frontend-template,https://github.com/lidofinance/lido-frontend-template,34,35,2021-06-25T09:42:55Z,2025-08-02T00:07:09Z,TypeScript
349237167,ptkdev-boilerplate,svelte-spa-boilerplate,https://github.com/ptkdev-boilerplate/svelte-spa-boilerplate,34,5,2021-03-18T22:45:15Z,2025-04-23T22:46:35Z,TypeScript
77277413,jokester,typescript-boilerplate,https://github.com/jokester/typescript-boilerplate,34,4,2016-12-24T10:09:32Z,2025-07-30T16:14:56Z,TypeScript
563534747,tjx666,awesome-vscode-extension-boilerplate,https://github.com/tjx666/awesome-vscode-extension-boilerplate,34,13,2022-11-08T20:16:51Z,2025-08-03T08:34:55Z,TypeScript
360778645,stevefrenzel,thankyounext,https://github.com/stevefrenzel/thankyounext,34,7,2021-04-23T05:59:19Z,2025-07-01T10:50:38Z,TypeScript
744982097,Naturaily,naturaily-storyblok-next-starter,https://github.com/Naturaily/naturaily-storyblok-next-starter,34,1,2024-01-18T12:02:20Z,2025-04-30T07:51:02Z,TypeScript
666308145,ttpss930141011,nextjs-13-socketio-template,https://github.com/ttpss930141011/nextjs-13-socketio-template,34,7,2023-07-14T07:37:37Z,2025-08-06T19:30:47Z,TypeScript
419098532,shamscorner,nest-stackter,https://github.com/shamscorner/nest-stackter,34,7,2021-10-19T21:39:42Z,2025-05-08T02:17:13Z,TypeScript
251522805,boilerplate-fe,umi-electron-boilerplate,https://github.com/boilerplate-fe/umi-electron-boilerplate,34,5,2020-03-31T06:48:59Z,2024-04-06T02:05:15Z,TypeScript
367150664,Vladinho10,nest-js-pride,https://github.com/Vladinho10/nest-js-pride,34,0,2021-05-13T19:14:48Z,2023-04-07T19:16:30Z,TypeScript
473092010,swanine,vue-quick-starter,https://github.com/swanine/vue-quick-starter,34,0,2022-03-23T08:08:57Z,2025-03-21T09:47:45Z,TypeScript
300133347,niieani,google-sheets-scripting-starter-pack,https://github.com/niieani/google-sheets-scripting-starter-pack,34,1,2020-10-01T03:49:33Z,2025-04-09T19:01:39Z,TypeScript
588018903,alexberce,openai-nestjs-template,https://github.com/alexberce/openai-nestjs-template,34,12,2023-01-12T06:01:13Z,2025-08-09T18:30:05Z,TypeScript
590326290,fellipeutaka,ultimate-app,https://github.com/fellipeutaka/ultimate-app,34,4,2023-01-18T06:33:02Z,2025-05-14T15:58:47Z,TypeScript
519922020,jordaaash,typescript-monorepo,https://github.com/jordaaash/typescript-monorepo,34,19,2022-08-01T00:56:34Z,2025-07-28T08:53:34Z,TypeScript
608255648,retconned,pnpm-turborepo-boilerplate,https://github.com/retconned/pnpm-turborepo-boilerplate,34,0,2023-03-01T16:33:48Z,2025-08-09T12:29:36Z,TypeScript
722678486,rajatsandeepsen,t3-turbo-biome,https://github.com/rajatsandeepsen/t3-turbo-biome,34,0,2023-11-23T17:16:19Z,2025-06-20T20:18:55Z,TypeScript
516160366,amosbastian,nx-expo-nextjs-tamagui,https://github.com/amosbastian/nx-expo-nextjs-tamagui,34,3,2022-07-20T23:13:59Z,2025-04-09T17:33:26Z,TypeScript
399176866,jsjoeio,telegram-bot-template,https://github.com/jsjoeio/telegram-bot-template,34,4,2021-08-23T16:36:46Z,2024-12-23T15:51:03Z,TypeScript
622274319,notKamui,Nightrunner,https://github.com/notKamui/Nightrunner,34,0,2023-04-01T16:19:47Z,2025-03-30T00:50:40Z,TypeScript
953297802,nextjs,deploy-replit,https://github.com/nextjs/deploy-replit,34,4,2025-03-23T02:50:12Z,2025-07-15T18:50:54Z,TypeScript
724435950,marcusschiesser,ai-chatbot,https://github.com/marcusschiesser/ai-chatbot,34,3,2023-11-28T04:17:14Z,2025-07-17T10:57:36Z,TypeScript
769585734,yunsii,cf-worker-status-page-pro,https://github.com/yunsii/cf-worker-status-page-pro,34,10,2024-03-09T13:52:06Z,2025-08-06T01:05:36Z,TypeScript
997893466,zhyd1997,velokit,https://github.com/zhyd1997/velokit,34,2,2025-06-07T12:22:36Z,2025-08-06T18:44:53Z,TypeScript
798967296,clerk,clerk-expo-quickstart,https://github.com/clerk/clerk-expo-quickstart,34,17,2024-05-10T21:14:35Z,2025-08-10T04:12:30Z,TypeScript
192276194,awesome-templates,electron-template,https://github.com/awesome-templates/electron-template,34,1,2019-06-17T04:43:38Z,2024-09-27T19:03:46Z,TypeScript
119050523,LegacyTemplates,vuetify-spa,https://github.com/LegacyTemplates/vuetify-spa,34,15,2018-01-26T12:45:06Z,2024-10-24T17:23:14Z,TypeScript
649294154,descope,auth-hosting,https://github.com/descope/auth-hosting,34,7,2023-06-04T12:07:44Z,2025-08-10T12:54:48Z,TypeScript
711634507,kutruff,fly-t3-turbo,https://github.com/kutruff/fly-t3-turbo,34,0,2023-10-29T21:12:37Z,2025-05-20T06:56:11Z,TypeScript
966772535,livekit-examples,agent-starter-react-native,https://github.com/livekit-examples/agent-starter-react-native,33,10,2025-04-15T12:38:01Z,2025-08-08T00:47:00Z,TypeScript
546539464,estruyf,vscode-react-webview-template,https://github.com/estruyf/vscode-react-webview-template,33,11,2022-10-06T08:35:42Z,2025-08-08T11:06:43Z,TypeScript
300362457,BuilderIO,gatsby-builder-shopify,https://github.com/BuilderIO/gatsby-builder-shopify,33,15,2020-10-01T17:20:37Z,2025-07-24T16:16:39Z,TypeScript
938734880,gioruu,simple-payload-starter,https://github.com/gioruu/simple-payload-starter,33,6,2025-02-25T12:22:35Z,2025-08-10T14:47:03Z,TypeScript
157461117,lorencerri,discord-bot-template,https://github.com/lorencerri/discord-bot-template,33,10,2018-11-13T23:29:43Z,2025-07-31T14:25:05Z,TypeScript
443531384,subsquid-labs,squid-substrate-template,https://github.com/subsquid-labs/squid-substrate-template,33,51,2022-01-01T12:10:58Z,2024-10-30T15:50:31Z,TypeScript
384836450,kawamataryo,google-app-script-starter-template,https://github.com/kawamataryo/google-app-script-starter-template,33,5,2021-07-11T01:17:40Z,2025-07-08T12:04:28Z,TypeScript
482473256,watergis,sveltekit-maplibre-boilerplate,https://github.com/watergis/sveltekit-maplibre-boilerplate,33,3,2022-04-17T08:54:06Z,2025-08-04T06:54:39Z,TypeScript
263417886,fgerschau,react-pwa-boilerplate,https://github.com/fgerschau/react-pwa-boilerplate,33,17,2020-05-12T18:25:31Z,2024-08-01T02:38:16Z,TypeScript
564960289,alexandrosk,shopify-app-ts,https://github.com/alexandrosk/shopify-app-ts,33,4,2022-11-11T23:17:57Z,2025-06-15T21:22:39Z,TypeScript
518575571,SangeetAgarwal,tailwind-remix-run-mdxjs-typescript-starter-blog,https://github.com/SangeetAgarwal/tailwind-remix-run-mdxjs-typescript-starter-blog,33,3,2022-07-27T18:45:30Z,2025-05-27T03:12:06Z,TypeScript
302668359,bscotch,typescript-template,https://github.com/bscotch/typescript-template,33,8,2020-10-09T14:39:32Z,2025-05-03T14:33:20Z,TypeScript
504388872,running-grass,starter-lit-with-tailwind,https://github.com/running-grass/starter-lit-with-tailwind,33,1,2022-06-17T04:07:07Z,2025-05-06T09:36:58Z,TypeScript
256707515,GregBrimble,cf-workers-typescript-template,https://github.com/GregBrimble/cf-workers-typescript-template,33,83,2020-04-18T08:48:59Z,2025-02-12T13:56:52Z,TypeScript
424396135,bcgov,quickstart-openshift,https://github.com/bcgov/quickstart-openshift,33,7,2021-11-03T22:15:10Z,2025-08-10T13:15:37Z,TypeScript
291956335,alexey-koran,react-template,https://github.com/alexey-koran/react-template,33,34,2020-09-01T09:35:55Z,2024-11-13T02:02:06Z,TypeScript
784803859,geldata,nextjs-gel-auth-template,https://github.com/geldata/nextjs-gel-auth-template,33,6,2024-04-10T15:34:41Z,2025-06-19T19:36:49Z,TypeScript
205171703,technote-space,gh-actions-template,https://github.com/technote-space/gh-actions-template,33,5,2019-08-29T13:35:38Z,2025-06-23T08:18:16Z,TypeScript
631356091,endalk200,create-t3-nx,https://github.com/endalk200/create-t3-nx,33,0,2023-04-22T19:04:19Z,2025-05-21T12:20:23Z,TypeScript
768112558,phaserjs,template-angular,https://github.com/phaserjs/template-angular,33,19,2024-03-06T13:47:39Z,2025-07-31T14:31:14Z,TypeScript
864689500,nickytonline,copilot-extension-template,https://github.com/nickytonline/copilot-extension-template,33,6,2024-09-28T22:30:17Z,2025-05-20T12:15:49Z,TypeScript
430085655,androz2091-business,discord-bot-template,https://github.com/androz2091-business/discord-bot-template,33,8,2021-11-20T11:35:20Z,2025-07-31T14:28:50Z,TypeScript
315921666,nielsen-oss,superset-viz-plugins,https://github.com/nielsen-oss/superset-viz-plugins,33,18,2020-11-25T11:42:34Z,2025-04-08T10:22:32Z,TypeScript
472489783,dl-solarity,hardhat-template,https://github.com/dl-solarity/hardhat-template,33,5,2022-03-21T19:50:33Z,2025-07-21T12:09:50Z,TypeScript
698446825,Markeljan,minimal-chatbot,https://github.com/Markeljan/minimal-chatbot,33,7,2023-09-30T00:30:15Z,2025-07-20T13:18:47Z,TypeScript
187432668,fish-node,template-node-ts,https://github.com/fish-node/template-node-ts,33,12,2019-05-19T04:11:33Z,2024-12-06T01:32:25Z,TypeScript
418471608,NuroDev,npm-template,https://github.com/NuroDev/npm-template,33,3,2021-10-18T11:32:52Z,2025-05-12T22:31:19Z,TypeScript
856714551,etrobot,cursorHustle,https://github.com/etrobot/cursorHustle,33,8,2024-09-13T04:18:18Z,2025-01-06T09:31:39Z,TypeScript
574084841,gurvancampion,nuxt-electron-trpc-prisma,https://github.com/gurvancampion/nuxt-electron-trpc-prisma,33,2,2022-12-04T11:37:33Z,2025-05-08T10:19:12Z,TypeScript
534020793,slavanossar,nuxt-payload-template,https://github.com/slavanossar/nuxt-payload-template,33,1,2022-09-08T02:30:25Z,2025-07-11T00:43:29Z,TypeScript
639525386,thisdot,hydrogen-nextjs,https://github.com/thisdot/hydrogen-nextjs,33,5,2023-05-11T16:23:43Z,2025-08-02T17:58:31Z,TypeScript
833915698,intentuilabs,next.js,https://github.com/intentuilabs/next.js,33,5,2024-07-26T03:18:32Z,2025-08-08T21:43:55Z,TypeScript
396575858,limcheekin,eth-dapps-nextjs-boiletplate,https://github.com/limcheekin/eth-dapps-nextjs-boiletplate,33,15,2021-08-16T02:10:18Z,2025-08-10T15:45:59Z,TypeScript
296597791,shy2net,nestjs-angular-starter,https://github.com/shy2net/nestjs-angular-starter,32,21,2020-09-18T11:10:36Z,2025-06-11T15:17:49Z,TypeScript
330280580,filoscoder,tenstack-starter,https://github.com/filoscoder/tenstack-starter,32,13,2021-01-16T23:49:54Z,2025-07-31T07:26:22Z,TypeScript
931909149,raythurman2386,fastapi-react-starter,https://github.com/raythurman2386/fastapi-react-starter,32,6,2025-02-13T03:45:55Z,2025-08-06T05:56:29Z,TypeScript
522748331,fellipeutaka,discord-bot-template,https://github.com/fellipeutaka/discord-bot-template,32,4,2022-08-09T00:22:52Z,2025-07-16T14:51:31Z,TypeScript
375086196,frandiox,reactesse-ssr-template,https://github.com/frandiox/reactesse-ssr-template,32,4,2021-06-08T17:06:41Z,2024-11-26T08:02:36Z,TypeScript
347832851,qdanik,react-clean-architecture-boilerplate,https://github.com/qdanik/react-clean-architecture-boilerplate,32,7,2021-03-15T04:10:34Z,2025-05-03T23:29:18Z,TypeScript
566476631,hashgraph,hedera-smart-contract-starter,https://github.com/hashgraph/hedera-smart-contract-starter,32,11,2022-11-15T18:54:33Z,2025-07-25T14:56:07Z,TypeScript
685438352,ghbishal,nextjs-boilerplate,https://github.com/ghbishal/nextjs-boilerplate,32,2,2023-08-31T08:24:17Z,2025-04-05T09:31:13Z,TypeScript
318607582,natterstefan,nextjs-template,https://github.com/natterstefan/nextjs-template,32,3,2020-12-04T18:47:54Z,2024-02-06T20:27:43Z,TypeScript
735148087,bidah,expo-sdk-50-expo-router-v3-nativewind-v4,https://github.com/bidah/expo-sdk-50-expo-router-v3-nativewind-v4,32,3,2023-12-23T20:48:59Z,2025-06-25T17:53:30Z,TypeScript
338247106,emunhoz,monorepo-boilerplate,https://github.com/emunhoz/monorepo-boilerplate,32,2,2021-02-12T07:06:12Z,2024-12-17T14:07:10Z,TypeScript
747056158,chengchao,nextjs-nestjs-pnpm-turborepo-monorepo-example,https://github.com/chengchao/nextjs-nestjs-pnpm-turborepo-monorepo-example,32,15,2024-01-23T07:11:13Z,2025-07-07T18:41:35Z,TypeScript
524710075,YunYouJun,tauri-vite-vue,https://github.com/YunYouJun/tauri-vite-vue,32,0,2022-08-14T15:32:46Z,2025-07-21T04:21:00Z,TypeScript
448392041,idurar,starter-graphql-next-js,https://github.com/idurar/starter-graphql-next-js,32,4,2022-01-15T21:11:57Z,2024-11-12T00:55:11Z,TypeScript
272205302,sibelius,ui-boilerplate,https://github.com/sibelius/ui-boilerplate,32,1,2020-06-14T13:13:53Z,2023-03-11T12:21:30Z,TypeScript
620712337,actions-workshop,actions-workshop,https://github.com/actions-workshop/actions-workshop,32,18,2023-03-29T08:19:22Z,2025-07-07T06:35:27Z,TypeScript
503887166,gatsbyjs,gatsby-starter-kontent-ai-homepage-ts,https://github.com/gatsbyjs/gatsby-starter-kontent-ai-homepage-ts,32,2,2022-06-15T18:53:09Z,2025-01-07T19:48:55Z,TypeScript
874305530,nextjs,deploy-railway,https://github.com/nextjs/deploy-railway,32,12,2024-10-17T15:37:22Z,2025-07-02T12:49:47Z,TypeScript
519584871,SilverDY,vite-super-ssr,https://github.com/SilverDY/vite-super-ssr,32,2,2022-07-30T17:52:18Z,2025-08-08T09:48:23Z,TypeScript
267587990,ArthurPedroti,node-backend-template,https://github.com/ArthurPedroti/node-backend-template,32,2,2020-05-28T12:46:35Z,2025-06-19T05:36:45Z,TypeScript
884960273,alignui,alignui-nextjs-typescript-starter,https://github.com/alignui/alignui-nextjs-typescript-starter,39,10,2024-11-07T17:38:46Z,2025-07-17T09:16:25Z,TypeScript
610292954,alexleboucher,docker-express-postgres-boilerplate,https://github.com/alexleboucher/docker-express-postgres-boilerplate,39,9,2023-03-06T13:39:05Z,2025-07-14T22:20:15Z,TypeScript
515938880,CodelyTV,figma-plugin-skeleton,https://github.com/CodelyTV/figma-plugin-skeleton,39,2,2022-07-20T10:38:13Z,2025-02-24T18:02:32Z,TypeScript
207082520,4gray,vscode-webview-angular,https://github.com/4gray/vscode-webview-angular,39,11,2019-09-08T08:19:51Z,2025-08-04T14:26:50Z,TypeScript
437649623,maeek,nestjs-kubernetes-template,https://github.com/maeek/nestjs-kubernetes-template,39,5,2021-12-12T20:30:05Z,2025-05-16T23:11:59Z,TypeScript
218538298,eddedd88,react-firebase-template,https://github.com/eddedd88/react-firebase-template,39,34,2019-10-30T13:49:30Z,2025-08-05T14:09:12Z,TypeScript
794196122,karpolan,react-mui-vite-ts,https://github.com/karpolan/react-mui-vite-ts,39,6,2024-04-30T16:34:21Z,2025-05-30T15:59:01Z,TypeScript
694128207,nightly-labs,solana-web3-template,https://github.com/nightly-labs/solana-web3-template,39,14,2023-09-20T11:40:17Z,2025-06-02T05:32:47Z,TypeScript
247085301,chiffre-io,template-library,https://github.com/chiffre-io/template-library,39,2,2020-03-13T14:05:03Z,2025-07-21T09:00:45Z,TypeScript
415210353,linonetwo,template-based-generator-template,https://github.com/linonetwo/template-based-generator-template,39,22,2021-10-09T05:20:41Z,2025-07-26T04:41:52Z,TypeScript
976680741,reno-stack,reno-stack,https://github.com/reno-stack/reno-stack,39,2,2025-05-02T14:49:18Z,2025-07-30T12:19:12Z,TypeScript
447374205,joaomarcelofm,figma-plugin-template-vue,https://github.com/joaomarcelofm/figma-plugin-template-vue,39,1,2022-01-12T21:20:54Z,2025-06-21T14:54:35Z,TypeScript
680208472,RazorSiM,nuxt3-fullstack,https://github.com/RazorSiM/nuxt3-fullstack,39,2,2023-08-18T15:53:06Z,2025-06-30T21:17:21Z,TypeScript
526375378,matteolobello,type,https://github.com/matteolobello/type,39,1,2022-08-18T21:16:52Z,2024-09-18T00:11:50Z,TypeScript
361741584,ashish-dsa,react-native-web-typescript,https://github.com/ashish-dsa/react-native-web-typescript,39,0,2021-04-26T12:27:13Z,2023-06-06T20:43:42Z,TypeScript
406512848,MileTwo,nextjs-ts-prisma-auto-graphql,https://github.com/MileTwo/nextjs-ts-prisma-auto-graphql,39,6,2021-09-14T20:31:21Z,2025-04-09T17:55:36Z,TypeScript
454457595,mcnaveen,Node-Express-Prisma-Boilerplate,https://github.com/mcnaveen/Node-Express-Prisma-Boilerplate,38,10,2022-02-01T16:14:47Z,2025-07-24T10:06:54Z,TypeScript
319036378,benja,nextjs-redux,https://github.com/benja/nextjs-redux,38,11,2020-12-06T13:11:45Z,2025-04-03T06:03:28Z,TypeScript
316943365,achingachris,nextjs-tailwind-starter,https://github.com/achingachris/nextjs-tailwind-starter,38,23,2020-11-29T12:11:53Z,2024-12-11T10:28:27Z,TypeScript
627420161,sanity-io,sanity-template-remix-clean,https://github.com/sanity-io/sanity-template-remix-clean,38,9,2023-04-13T12:36:01Z,2025-06-30T16:59:56Z,TypeScript
801715513,S0vers,next-app-i18n-starter,https://github.com/S0vers/next-app-i18n-starter,38,7,2024-05-16T19:18:43Z,2025-08-10T11:50:51Z,TypeScript
761980277,0xIntuition,app-template-remix-vite,https://github.com/0xIntuition/app-template-remix-vite,38,27,2024-02-22T21:11:45Z,2025-04-25T10:11:43Z,TypeScript
587547716,michyaraque,tauri-boilerplate,https://github.com/michyaraque/tauri-boilerplate,38,1,2023-01-11T02:11:16Z,2025-07-29T07:29:20Z,TypeScript
437620173,kavinvalli,rita,https://github.com/kavinvalli/rita,38,4,2021-12-12T18:08:20Z,2025-06-03T06:08:08Z,TypeScript
323935462,aulasoftwarelibre,nx-boilerplate,https://github.com/aulasoftwarelibre/nx-boilerplate,38,5,2020-12-23T15:20:47Z,2025-05-29T08:15:10Z,TypeScript
668039475,mikecebul,bases,https://github.com/mikecebul/bases,38,4,2023-07-18T22:04:33Z,2025-07-25T12:47:57Z,TypeScript
398773622,kevelopment,nx-nestjs-react-starter,https://github.com/kevelopment/nx-nestjs-react-starter,38,7,2021-08-22T10:37:48Z,2025-06-22T19:36:16Z,TypeScript
415614473,excaliburjs,template-ts-vite,https://github.com/excaliburjs/template-ts-vite,38,9,2021-10-10T14:48:41Z,2025-08-08T20:45:25Z,TypeScript
7245575,agrc,atlas,https://github.com/agrc/atlas,38,16,2012-12-19T18:51:51Z,2025-08-09T04:19:21Z,TypeScript
104803798,mterczynski,typescript-webpack-threejs-template,https://github.com/mterczynski/typescript-webpack-threejs-template,38,11,2017-09-25T21:26:26Z,2025-05-24T19:21:43Z,TypeScript
199813787,zoton2,nodecg-vue-ts-template,https://github.com/zoton2/nodecg-vue-ts-template,38,8,2019-07-31T08:29:14Z,2025-08-02T14:30:42Z,TypeScript
950078984,lumitech-co,lumitech-node-fastify-template,https://github.com/lumitech-co/lumitech-node-fastify-template,38,1,2025-03-17T15:44:02Z,2025-08-04T08:57:07Z,TypeScript
583221911,ticup,xk6-browser-template-typescript-playwright,https://github.com/ticup/xk6-browser-template-typescript-playwright,38,6,2022-12-29T06:00:20Z,2025-08-11T03:58:50Z,TypeScript
171569087,hazzard993,love-typescript-template,https://github.com/hazzard993/love-typescript-template,38,4,2019-02-19T23:54:11Z,2025-05-11T09:54:57Z,TypeScript
749781627,binarapps,baca-react-native-template,https://github.com/binarapps/baca-react-native-template,37,4,2024-01-29T11:40:31Z,2025-08-01T02:12:53Z,TypeScript
356918218,discordeno,serverless-deno-deploy-template,https://github.com/discordeno/serverless-deno-deploy-template,37,10,2021-04-11T16:22:10Z,2025-08-06T16:26:22Z,TypeScript
460941947,wk0,boilerplate-next,https://github.com/wk0/boilerplate-next,37,22,2022-02-18T17:18:23Z,2025-06-26T18:17:25Z,TypeScript
132687921,loteoo,hyperapp-starter,https://github.com/loteoo/hyperapp-starter,37,4,2018-05-09T02:00:54Z,2025-03-26T20:09:10Z,TypeScript
351581424,ptkdev-boilerplate,svelte-kit-ssr-boilerplate,https://github.com/ptkdev-boilerplate/svelte-kit-ssr-boilerplate,37,3,2021-03-25T21:33:03Z,2024-09-21T14:53:29Z,TypeScript
906264353,ally-ahmed,tss-blog-starter,https://github.com/ally-ahmed/tss-blog-starter,37,3,2024-12-20T14:08:49Z,2025-06-30T11:00:04Z,TypeScript
969747348,wyattm14,chatbot-template,https://github.com/wyattm14/chatbot-template,37,6,2025-04-20T20:58:07Z,2025-07-31T22:01:03Z,TypeScript
500155630,makerkit,next-tinacms-blog-kit,https://github.com/makerkit/next-tinacms-blog-kit,37,11,2022-06-05T16:48:58Z,2025-06-17T08:21:28Z,TypeScript
894445059,denoland,react-vite-ts-template,https://github.com/denoland/react-vite-ts-template,37,6,2024-11-26T11:18:11Z,2025-06-17T01:01:42Z,TypeScript
467749152,luca-montaigut,expo-supabase-starter-kit,https://github.com/luca-montaigut/expo-supabase-starter-kit,37,5,2022-03-09T02:27:20Z,2025-04-06T16:17:40Z,TypeScript
497732141,adamjq,production-ready-serverless-nestjs,https://github.com/adamjq/production-ready-serverless-nestjs,37,5,2022-05-29T23:27:34Z,2025-08-07T13:02:52Z,TypeScript
492537930,avivharuzi,chrome-extension-starter,https://github.com/avivharuzi/chrome-extension-starter,37,8,2022-05-15T16:13:21Z,2025-04-20T21:50:11Z,TypeScript
147578289,enisdenjo,relay-modern-boilerplate,https://github.com/enisdenjo/relay-modern-boilerplate,37,4,2018-09-05T20:53:57Z,2023-03-17T03:08:44Z,TypeScript
315380042,outsrc,monorepo,https://github.com/outsrc/monorepo,37,12,2020-11-23T16:48:14Z,2023-05-31T14:09:49Z,TypeScript
511325937,erdoganbulut,viterts,https://github.com/erdoganbulut/viterts,37,10,2022-07-06T23:52:39Z,2025-01-13T04:58:13Z,TypeScript
417075043,Gk0Wk,TiddlySeq,https://github.com/Gk0Wk/TiddlySeq,37,9,2021-10-14T09:49:26Z,2025-08-09T14:37:57Z,TypeScript
519407770,MellowCo,uni-vue3-starter,https://github.com/MellowCo/uni-vue3-starter,37,2,2022-07-30T03:25:32Z,2025-03-11T15:13:25Z,TypeScript
560956355,sonofmagic,monorepo-template,https://github.com/sonofmagic/monorepo-template,37,4,2022-11-02T16:18:16Z,2025-08-10T21:46:54Z,TypeScript
477907674,unordinarity,fsd-template-ts-react-vite,https://github.com/unordinarity/fsd-template-ts-react-vite,37,5,2022-04-04T23:27:05Z,2025-08-08T15:20:49Z,TypeScript
360114462,PaulRBerg,typescript-template,https://github.com/PaulRBerg/typescript-template,37,6,2021-04-21T09:44:14Z,2025-07-16T08:39:50Z,TypeScript
681316653,deco-sites,storefront,https://github.com/deco-sites/storefront,37,16,2023-08-21T18:42:38Z,2025-08-04T22:29:58Z,TypeScript
292043655,OskarAsplin,react-ts-redux-oauth2-template,https://github.com/OskarAsplin/react-ts-redux-oauth2-template,37,3,2020-09-01T16:00:48Z,2024-09-22T02:12:54Z,TypeScript
406270715,ant-design,antd-mobile-template,https://github.com/ant-design/antd-mobile-template,37,12,2021-09-14T07:37:20Z,2025-03-06T06:21:08Z,TypeScript
393696318,remotion-dev,template-still,https://github.com/remotion-dev/template-still,37,7,2021-08-07T13:49:58Z,2025-07-24T09:51:40Z,TypeScript
843518609,BinarySenseiii,next-clean,https://github.com/BinarySenseiii/next-clean,36,11,2024-08-16T17:35:33Z,2025-07-10T13:04:56Z,TypeScript
345111935,Jenyus-Org,nestjs-auth-graphql-mikroorm-starter,https://github.com/Jenyus-Org/nestjs-auth-graphql-mikroorm-starter,36,6,2021-03-06T14:21:25Z,2025-02-05T02:31:25Z,TypeScript
976625146,vercel,registry-starter,https://github.com/vercel/registry-starter,36,17,2025-05-02T12:55:30Z,2025-08-08T03:14:39Z,TypeScript
504236406,mverissimo,next-galaxy-template,https://github.com/mverissimo/next-galaxy-template,36,11,2022-06-16T16:54:27Z,2025-04-25T08:48:42Z,TypeScript
306305857,aslupin,boilerplate-typescript-fastify-clean-architecture,https://github.com/aslupin/boilerplate-typescript-fastify-clean-architecture,36,4,2020-10-22T10:47:30Z,2025-03-24T06:24:56Z,TypeScript
240417599,e2e-boilerplate,playwright-typescript-ts-jest-jest-assert,https://github.com/e2e-boilerplate/playwright-typescript-ts-jest-jest-assert,36,12,2020-02-14T03:08:58Z,2024-04-11T21:03:59Z,TypeScript
706230967,TutorFx,nuxtjs-fastapi,https://github.com/TutorFx/nuxtjs-fastapi,36,2,2023-10-17T14:47:14Z,2025-08-08T01:04:50Z,TypeScript
161404281,stargately,web-onefx-boilerplate,https://github.com/stargately/web-onefx-boilerplate,36,10,2018-12-11T22:57:29Z,2023-06-19T06:55:58Z,TypeScript
772010423,ElianCodes,lucia-astrodb,https://github.com/ElianCodes/lucia-astrodb,36,1,2024-03-14T11:13:02Z,2025-04-16T13:24:51Z,TypeScript
609121782,giuseppealbrizio,typescript-rest-api-backend,https://github.com/giuseppealbrizio/typescript-rest-api-backend,36,7,2023-03-03T12:24:18Z,2025-07-14T14:29:14Z,TypeScript
346402665,rocketseat-education,ignite-template-componentizando-a-aplicacao,https://github.com/rocketseat-education/ignite-template-componentizando-a-aplicacao,36,143,2021-03-10T15:31:20Z,2025-05-06T19:49:27Z,TypeScript
701155772,mengxi-ream,mr-resume,https://github.com/mengxi-ream/mr-resume,36,5,2023-10-06T03:38:13Z,2025-04-16T10:13:27Z,TypeScript
380580969,basementstudio,next-shopify-ts,https://github.com/basementstudio/next-shopify-ts,36,5,2021-06-26T19:23:50Z,2025-07-20T08:28:45Z,TypeScript
376615269,Etheonor,supanextail,https://github.com/Etheonor/supanextail,36,12,2021-06-13T18:36:26Z,2024-10-31T15:21:15Z,TypeScript
751602902,AgentBurgundy,fire-saas,https://github.com/AgentBurgundy/fire-saas,36,3,2024-02-01T23:40:57Z,2025-04-13T18:52:39Z,TypeScript
1003454186,mizchi,ts-guide,https://github.com/mizchi/ts-guide,36,2,2025-06-17T07:11:44Z,2025-08-06T18:58:56Z,TypeScript
326340309,azu,watch-rss,https://github.com/azu/watch-rss,36,3,2021-01-03T06:08:13Z,2024-12-22T14:21:10Z,TypeScript
810320289,calimero-network,core-app-template,https://github.com/calimero-network/core-app-template,36,1,2024-06-04T13:15:46Z,2025-04-25T10:08:17Z,TypeScript
859501101,sujjeee,starter,https://github.com/sujjeee/starter,47,4,2024-09-18T19:11:22Z,2025-08-08T01:57:33Z,TypeScript
386018390,The24thDS,vite-reactts18-chakra-jest-husky,https://github.com/The24thDS/vite-reactts18-chakra-jest-husky,47,10,2021-07-14T17:14:23Z,2025-01-15T03:26:52Z,TypeScript
573249696,buhodev,sveltekit-tailwind-starter,https://github.com/buhodev/sveltekit-tailwind-starter,47,15,2022-12-02T02:41:38Z,2025-08-06T04:34:14Z,TypeScript
335605805,hannoeru,vite-ssr-starter,https://github.com/hannoeru/vite-ssr-starter,47,3,2021-02-03T11:42:16Z,2024-08-08T10:00:59Z,TypeScript
279864484,djamaile,react-boilerplate-2020,https://github.com/djamaile/react-boilerplate-2020,47,20,2020-07-15T12:38:23Z,2025-03-26T01:00:50Z,TypeScript
460824174,ch99q,vite-solid-electron,https://github.com/ch99q/vite-solid-electron,47,4,2022-02-18T11:21:48Z,2025-07-05T23:04:52Z,TypeScript
282188663,chidindu-ogbonna,cloud-functions-boilerplate,https://github.com/chidindu-ogbonna/cloud-functions-boilerplate,47,1,2020-07-24T10:19:08Z,2025-06-27T07:09:22Z,TypeScript
692489740,flaviodelgrosso,reactronite,https://github.com/flaviodelgrosso/reactronite,47,10,2023-09-16T16:30:00Z,2025-08-07T15:30:11Z,TypeScript
541878808,remotion-dev,template-next-pages-dir,https://github.com/remotion-dev/template-next-pages-dir,47,7,2022-09-27T03:00:23Z,2025-07-24T09:51:12Z,TypeScript
642805526,siyuan-note,plugin-sample-vite-svelte,https://github.com/siyuan-note/plugin-sample-vite-svelte,47,22,2023-05-19T11:40:28Z,2025-08-06T07:13:59Z,TypeScript
443186419,jimmylee,www-react-postgres,https://github.com/jimmylee/www-react-postgres,47,3,2021-12-30T21:16:03Z,2025-02-05T00:14:56Z,TypeScript
582229616,VuePlusOrg,vue3-base,https://github.com/VuePlusOrg/vue3-base,47,1,2022-12-26T06:41:13Z,2024-11-06T01:53:37Z,TypeScript
167932003,three11,react-template-ts,https://github.com/three11/react-template-ts,46,17,2019-01-28T09:10:19Z,2025-06-23T11:38:57Z,TypeScript
816377414,varletjs,varlet-icons-library-starter,https://github.com/varletjs/varlet-icons-library-starter,46,9,2024-06-17T16:10:00Z,2025-07-22T11:28:26Z,TypeScript
521886190,mantinedev,next-pages-min-template,https://github.com/mantinedev/next-pages-min-template,46,26,2022-08-06T08:10:01Z,2025-08-07T09:37:12Z,TypeScript
384071293,yuichiroaoki,typescript-hardhat,https://github.com/yuichiroaoki/typescript-hardhat,46,23,2021-07-08T09:27:50Z,2024-03-24T04:01:53Z,TypeScript
579385811,VidunderGunder,create-xp-app,https://github.com/VidunderGunder/create-xp-app,46,7,2022-12-17T14:20:07Z,2025-03-12T20:35:38Z,TypeScript
791754106,auronvila,mantine-template,https://github.com/auronvila/mantine-template,46,9,2024-04-25T09:58:18Z,2025-08-01T00:09:15Z,TypeScript
569993837,joer9514,react-professional-configuration,https://github.com/joer9514/react-professional-configuration,46,15,2022-11-24T04:57:19Z,2025-06-29T02:26:34Z,TypeScript
511615179,NivaldoFarias,typescript-project-template,https://github.com/NivaldoFarias/typescript-project-template,46,5,2022-07-07T17:19:17Z,2025-02-08T05:50:52Z,TypeScript
560611300,akoskm,vite-react-tailwindcss-browser-extension,https://github.com/akoskm/vite-react-tailwindcss-browser-extension,46,7,2022-11-01T21:51:23Z,2025-06-12T05:00:30Z,TypeScript
268386162,diversable,deno_scaffold,https://github.com/diversable/deno_scaffold,46,2,2020-06-01T00:06:50Z,2023-10-11T05:15:37Z,TypeScript
474364866,gumiranda,CrazyStackNodeJs,https://github.com/gumiranda/CrazyStackNodeJs,46,12,2022-03-26T14:02:52Z,2025-07-29T02:25:39Z,TypeScript
500638001,Mintbase,templates,https://github.com/Mintbase/templates,45,40,2022-06-07T00:40:53Z,2025-03-17T00:04:56Z,TypeScript
409752135,christopher-caldwell,vite-material-ui,https://github.com/christopher-caldwell/vite-material-ui,46,17,2021-09-23T21:45:42Z,2025-04-07T04:35:40Z,TypeScript
293402108,NativeScript,plugin-seed,https://github.com/NativeScript/plugin-seed,45,10,2020-09-07T02:25:46Z,2025-05-27T03:34:25Z,TypeScript
473171630,logustra,vivu-npm,https://github.com/logustra/vivu-npm,45,6,2022-03-23T12:09:28Z,2024-04-16T01:23:54Z,TypeScript
522086579,scastiel,nextjs-typescript-supabase-tailwind-starter,https://github.com/scastiel/nextjs-typescript-supabase-tailwind-starter,45,5,2022-08-07T00:58:55Z,2025-07-05T06:15:14Z,TypeScript
672304861,dfinity,icp-eth-starter,https://github.com/dfinity/icp-eth-starter,45,18,2023-07-29T16:05:20Z,2025-02-22T14:05:01Z,TypeScript
486224613,ElektronPlus,school-website,https://github.com/ElektronPlus/school-website,45,17,2022-04-27T14:24:13Z,2025-08-10T09:27:35Z,TypeScript
57304344,tsyirvo,react-native-starter,https://github.com/tsyirvo/react-native-starter,45,8,2016-04-28T13:33:29Z,2025-07-31T17:03:52Z,TypeScript
908144084,rudrodip,mext15,https://github.com/rudrodip/mext15,46,6,2024-12-25T08:57:50Z,2025-06-06T12:36:43Z,TypeScript
320651819,remotion-dev,template-helloworld,https://github.com/remotion-dev/template-helloworld,45,28,2020-12-11T18:22:19Z,2025-08-08T06:25:37Z,TypeScript
379985698,el3um4s,memento-svelte-electron-typescript,https://github.com/el3um4s/memento-svelte-electron-typescript,45,10,2021-06-24T16:20:25Z,2023-10-24T14:22:53Z,TypeScript
406245935,ajvincent,motherhen,https://github.com/ajvincent/motherhen,45,2,2021-09-14T06:09:13Z,2025-05-24T16:41:13Z,TypeScript
702196352,omergulcicek,nextjs-boilerplate,https://github.com/omergulcicek/nextjs-boilerplate,44,15,2023-10-08T19:12:35Z,2025-07-30T17:47:49Z,TypeScript
211730331,tajpouria,typegraphql-nextjs-boilerplate,https://github.com/tajpouria/typegraphql-nextjs-boilerplate,44,7,2019-09-29T21:46:10Z,2024-08-18T13:32:43Z,TypeScript
858477967,langchain-ai,new-langgraphjs-project,https://github.com/langchain-ai/new-langgraphjs-project,44,53,2024-09-17T00:58:59Z,2025-08-07T12:20:30Z,TypeScript
347527032,aarongrider,react-native-boilerplate,https://github.com/aarongrider/react-native-boilerplate,44,2,2021-03-14T02:32:50Z,2024-08-04T11:29:31Z,TypeScript
384270470,saucesteals,electron-typescript-react-tailwind-redux,https://github.com/saucesteals/electron-typescript-react-tailwind-redux,44,10,2021-07-08T23:23:35Z,2025-05-07T11:09:10Z,TypeScript
707999339,sawden,turbostrapi,https://github.com/sawden/turbostrapi,44,11,2023-10-21T07:59:46Z,2025-07-19T20:23:31Z,TypeScript
554264018,Rayologist,rhf-zod-mantine-typescript-template,https://github.com/Rayologist/rhf-zod-mantine-typescript-template,44,6,2022-10-19T14:18:24Z,2025-02-09T18:54:09Z,TypeScript
277219240,alejandronanez,turborepo-nextjs-starter,https://github.com/alejandronanez/turborepo-nextjs-starter,44,1,2020-07-05T02:44:00Z,2024-03-12T01:10:05Z,TypeScript
542681807,Azure-Samples,todo-csharp-sql-swa-func,https://github.com/Azure-Samples/todo-csharp-sql-swa-func,44,35,2022-09-28T16:18:19Z,2025-07-31T08:42:54Z,TypeScript
495247107,bryanbarrios,lil-docs-template,https://github.com/bryanbarrios/lil-docs-template,44,16,2022-05-23T03:36:21Z,2025-08-05T07:41:04Z,TypeScript
206591671,alepacheco,landing-template,https://github.com/alepacheco/landing-template,44,10,2019-09-05T15:04:11Z,2025-07-29T05:17:28Z,TypeScript
589901653,hanielu,sk-trpc-payload,https://github.com/hanielu/sk-trpc-payload,44,2,2023-01-17T07:59:44Z,2025-05-25T17:14:57Z,TypeScript
482996107,Azure-Samples,todo-python-mongo-aca,https://github.com/Azure-Samples/todo-python-mongo-aca,44,21,2022-04-18T21:01:55Z,2025-07-23T13:51:50Z,TypeScript
532425169,IgorBayerl,react-vite-tailwind-typescript-firebase-auth-template,https://github.com/IgorBayerl/react-vite-tailwind-typescript-firebase-auth-template,44,23,2022-09-04T03:06:33Z,2025-06-28T09:34:51Z,TypeScript
526599196,YunLeFun,vitesse-h5,https://github.com/YunLeFun/vitesse-h5,44,9,2022-08-19T12:30:45Z,2025-07-30T09:24:44Z,TypeScript
439943651,Mhdi-kr,vscode-webvue,https://github.com/Mhdi-kr/vscode-webvue,44,9,2021-12-19T18:54:55Z,2025-06-26T13:46:38Z,TypeScript
325299443,azu,hubmemo,https://github.com/azu/hubmemo,44,0,2020-12-29T13:52:24Z,2025-06-01T06:47:51Z,TypeScript
244143970,mehmetsefabalik,next-typescript-materialui-jest-starter,https://github.com/mehmetsefabalik/next-typescript-materialui-jest-starter,43,8,2020-03-01T12:20:29Z,2023-04-04T05:47:10Z,TypeScript
292392593,ecadlabs,taquito-react-template,https://github.com/ecadlabs/taquito-react-template,43,19,2020-09-02T20:54:53Z,2024-04-04T17:16:22Z,TypeScript
350959613,jooy2,retron,https://github.com/jooy2/retron,43,7,2021-03-24T05:42:59Z,2025-07-26T00:41:59Z,TypeScript
740482363,noxify,turbo-lucia-starter,https://github.com/noxify/turbo-lucia-starter,43,5,2024-01-08T12:43:51Z,2025-07-19T20:23:34Z,TypeScript
516214105,Drumpy,vrttv-boilerplate,https://github.com/Drumpy/vrttv-boilerplate,43,5,2022-07-21T03:41:53Z,2024-04-28T15:30:43Z,TypeScript
249963767,egoist,graphql-api-starter,https://github.com/egoist/graphql-api-starter,43,3,2020-03-25T11:45:26Z,2025-08-02T08:03:48Z,TypeScript
611212077,frontendweb3,open-blog,https://github.com/frontendweb3/open-blog,43,16,2023-03-08T11:02:07Z,2025-07-28T17:38:36Z,TypeScript
575262933,whopio,next-template,https://github.com/whopio/next-template,43,20,2022-12-07T05:33:58Z,2025-06-12T01:22:03Z,TypeScript
633056122,xinbenlv,ethgpt,https://github.com/xinbenlv/ethgpt,43,5,2023-04-26T17:27:52Z,2025-02-10T00:28:27Z,TypeScript
807897683,Alex-Amayo,zero-to-app,https://github.com/Alex-Amayo/zero-to-app,43,2,2024-05-30T01:48:02Z,2025-07-16T13:37:29Z,TypeScript
405261180,dwarvesf,nextjs-boilerplate,https://github.com/dwarvesf/nextjs-boilerplate,42,11,2021-09-11T02:14:55Z,2025-02-26T20:08:52Z,TypeScript
441312858,refcell,cairopal,https://github.com/refcell/cairopal,42,9,2021-12-23T22:51:37Z,2023-12-10T19:16:09Z,TypeScript
573914740,riipandi,vite-react-template,https://github.com/riipandi/vite-react-template,42,18,2022-12-03T20:43:57Z,2025-08-05T15:21:20Z,TypeScript
226833169,tjx666,vscode-extension-boilerplate,https://github.com/tjx666/vscode-extension-boilerplate,42,6,2019-12-09T09:25:42Z,2025-08-06T19:04:37Z,TypeScript
560113694,ton-community,ton-onboarding-challenge,https://github.com/ton-community/ton-onboarding-challenge,42,38,2022-10-31T19:07:34Z,2025-05-20T18:46:28Z,TypeScript
722959662,guillempuche,nx-expo-next-tamagui,https://github.com/guillempuche/nx-expo-next-tamagui,42,5,2023-11-24T10:55:08Z,2025-07-24T22:14:31Z,TypeScript
256787836,lucienbl,nestjs-role-based-auth-starter,https://github.com/lucienbl/nestjs-role-based-auth-starter,42,10,2020-04-18T15:29:51Z,2024-01-31T09:23:13Z,TypeScript
367525885,steve1316,android-cv-bot-template,https://github.com/steve1316/android-cv-bot-template,42,9,2021-05-15T02:49:18Z,2025-08-08T17:00:03Z,TypeScript
346153191,rocketseat-education,ignite-template-reactjs-criando-um-hook-de-carrinho-de-compras,https://github.com/rocketseat-education/ignite-template-reactjs-criando-um-hook-de-carrinho-de-compras,42,141,2021-03-09T21:47:09Z,2023-11-19T21:50:26Z,TypeScript
133470904,kata-ai,grundgesetz-skeleton,https://github.com/kata-ai/grundgesetz-skeleton,42,1,2018-05-15T06:41:57Z,2025-07-29T17:22:09Z,TypeScript
611208032,Zalo-MiniApp,zaui-coffee,https://github.com/Zalo-MiniApp/zaui-coffee,42,25,2023-03-08T10:51:01Z,2025-07-13T13:54:31Z,TypeScript
755598995,kucherenko,cli-typescript-starter,https://github.com/kucherenko/cli-typescript-starter,42,2,2024-02-10T17:43:44Z,2025-07-22T13:08:26Z,TypeScript
844719575,MrLightful,powersync-tauri,https://github.com/MrLightful/powersync-tauri,42,5,2024-08-19T20:46:24Z,2025-07-04T19:32:31Z,TypeScript
325324075,khalillechelt,dark,https://github.com/khalillechelt/dark,42,3,2020-12-29T15:39:31Z,2023-11-07T12:56:26Z,TypeScript
984837283,Idee8,waitly,https://github.com/Idee8/waitly,42,6,2025-05-16T15:34:57Z,2025-08-05T04:22:01Z,TypeScript
988198196,Pandoks,sveltronkit,https://github.com/Pandoks/sveltronkit,42,2,2025-05-22T07:42:52Z,2025-07-30T16:04:22Z,TypeScript
293251386,samualtnorman,hackmud-environment,https://github.com/samualtnorman/hackmud-environment,42,5,2020-09-06T10:19:59Z,2025-07-17T18:22:37Z,TypeScript
720342728,elog-x,yuque-vitepress,https://github.com/elog-x/yuque-vitepress,42,44,2023-11-18T07:18:39Z,2025-07-01T11:45:10Z,TypeScript
354896122,zenoamaro,nextjs-landing-page-starter,https://github.com/zenoamaro/nextjs-landing-page-starter,41,11,2021-04-05T16:20:17Z,2025-06-02T17:41:45Z,TypeScript
678979033,ever-co,ever-api-starter-kit,https://github.com/ever-co/ever-api-starter-kit,41,5,2023-08-15T20:46:10Z,2025-07-31T08:48:33Z,TypeScript
370001358,newwwton,angular-tailwind-storybook,https://github.com/newwwton/angular-tailwind-storybook,41,12,2021-05-23T08:40:41Z,2025-03-25T11:47:37Z,TypeScript
165208913,nayunhwan,Electron-CRA-TypeScript,https://github.com/nayunhwan/Electron-CRA-TypeScript,41,9,2019-01-11T08:38:06Z,2024-04-18T14:03:28Z,TypeScript
844370190,Dannyisadog,nextjs-authentication-template,https://github.com/Dannyisadog/nextjs-authentication-template,41,2,2024-08-19T05:47:08Z,2025-06-04T07:26:20Z,TypeScript
214796004,Meemaw,next-aws-lambda,https://github.com/Meemaw/next-aws-lambda,41,3,2019-10-13T09:52:04Z,2023-01-31T17:38:04Z,TypeScript
781964752,Tagada216,adonisjs-boilerplate,https://github.com/Tagada216/adonisjs-boilerplate,41,8,2024-04-04T11:32:34Z,2025-06-14T20:21:02Z,TypeScript
335089083,lachlanjc,next-theme-starter,https://github.com/lachlanjc/next-theme-starter,41,5,2021-02-01T21:28:40Z,2024-12-12T19:43:55Z,TypeScript
403934863,yldm-tech,vite-react-ts-admin-template,https://github.com/yldm-tech/vite-react-ts-admin-template,41,18,2021-09-07T10:24:05Z,2025-07-20T06:19:01Z,TypeScript
581577283,gelatodigital,web3-functions-template,https://github.com/gelatodigital/web3-functions-template,41,19,2022-12-23T15:50:47Z,2025-04-09T21:02:10Z,TypeScript
593916154,AjayKanniyappan,nextjs-pwa-template,https://github.com/AjayKanniyappan/nextjs-pwa-template,41,8,2023-01-27T06:12:04Z,2025-07-24T11:48:38Z,TypeScript
1004418860,aifa-agi,aifa,https://github.com/aifa-agi/aifa,41,10,2025-06-18T15:38:07Z,2025-08-11T00:34:21Z,TypeScript
498930203,Azure-Samples,todo-python-mongo-swa-func,https://github.com/Azure-Samples/todo-python-mongo-swa-func,41,29,2022-06-01T23:40:25Z,2025-07-31T21:40:46Z,TypeScript
864760438,songkeys,next-app-mantine-tailwind-template,https://github.com/songkeys/next-app-mantine-tailwind-template,41,17,2024-09-29T04:57:52Z,2025-07-27T10:44:30Z,TypeScript
266140356,jmcdo29,nest-docker-template,https://github.com/jmcdo29/nest-docker-template,41,5,2020-05-22T15:10:21Z,2025-04-02T20:50:49Z,TypeScript
431415290,QuentinWidlocher,remix-template,https://github.com/QuentinWidlocher/remix-template,41,7,2021-11-24T09:08:04Z,2024-11-04T02:39:27Z,TypeScript
989361865,sinanptm,clean-auth-template,https://github.com/sinanptm/clean-auth-template,41,7,2025-05-24T00:20:05Z,2025-08-07T08:18:33Z,TypeScript
224962440,hmmhmmhm,svelte-spa-template,https://github.com/hmmhmmhm/svelte-spa-template,41,3,2019-11-30T05:05:42Z,2024-03-22T07:11:32Z,TypeScript
676621350,r3-dev,r3-mvp-stack,https://github.com/r3-dev/r3-mvp-stack,41,4,2023-08-09T16:08:45Z,2025-08-08T11:14:39Z,TypeScript
308015742,rishiosaur,ll,https://github.com/rishiosaur/ll,41,3,2020-10-28T12:54:10Z,2024-08-11T23:21:59Z,TypeScript
563340828,sanity-io,demo-marketing-site-nextjs,https://github.com/sanity-io/demo-marketing-site-nextjs,41,4,2022-11-08T12:15:39Z,2025-06-18T07:12:52Z,TypeScript
637787158,rheniumNV,mirage-x-template,https://github.com/rheniumNV/mirage-x-template,42,5,2023-05-08T12:08:00Z,2025-02-01T18:13:19Z,TypeScript
609960740,Louis3797,express-ts-boilerplate,https://github.com/Louis3797/express-ts-boilerplate,40,11,2023-03-05T18:40:46Z,2025-06-24T05:58:02Z,TypeScript
518721431,timelessco,react-vite-chrome-extension,https://github.com/timelessco/react-vite-chrome-extension,40,6,2022-07-28T06:05:24Z,2025-08-06T19:29:06Z,TypeScript
477909414,ahern55,next-firebase-typescript,https://github.com/ahern55/next-firebase-typescript,40,13,2022-04-04T23:36:21Z,2025-06-19T19:37:04Z,TypeScript
993693415,maximilian-V,next-supabase-starter,https://github.com/maximilian-V/next-supabase-starter,40,13,2025-05-31T10:10:47Z,2025-08-10T07:20:23Z,TypeScript
532601110,freekrai,directed-stack,https://github.com/freekrai/directed-stack,40,4,2022-09-04T16:54:39Z,2024-10-24T19:10:19Z,TypeScript
646704733,mantinedev,vite-min-template,https://github.com/mantinedev/vite-min-template,40,42,2023-05-29T06:40:27Z,2025-08-07T09:37:25Z,TypeScript
331857063,hacker0limbo,vscode-webview-react-boilerplate,https://github.com/hacker0limbo/vscode-webview-react-boilerplate,40,10,2021-01-22T06:26:46Z,2025-03-28T13:41:57Z,TypeScript
169696418,notakaos,typescript-node-base,https://github.com/notakaos/typescript-node-base,40,11,2019-02-08T06:56:44Z,2023-10-29T00:37:34Z,TypeScript
150265764,kripod,gatsby-starter-strict,https://github.com/kripod/gatsby-starter-strict,40,8,2018-09-25T13:00:09Z,2023-05-12T16:52:26Z,TypeScript
653277838,mirego,react-native-boilerplate,https://github.com/mirego/react-native-boilerplate,40,1,2023-06-13T18:36:51Z,2024-10-15T04:45:36Z,TypeScript
511935518,Azure-Samples,todo-nodejs-mongo,https://github.com/Azure-Samples/todo-nodejs-mongo,40,58,2022-07-08T15:06:22Z,2025-07-10T17:18:35Z,TypeScript
750708555,nekofar,farcaster-frames-template,https://github.com/nekofar/farcaster-frames-template,40,15,2024-01-31T06:47:54Z,2025-05-28T19:56:28Z,TypeScript
323353528,BenBrewerBowman,firebase-react-typescript-project-template,https://github.com/BenBrewerBowman/firebase-react-typescript-project-template,40,5,2020-12-21T14:05:38Z,2024-08-23T12:51:11Z,TypeScript
470593110,warp-contracts,warp-wasm-templates,https://github.com/warp-contracts/warp-wasm-templates,40,7,2022-03-16T13:22:55Z,2025-08-07T03:02:06Z,TypeScript
850383012,vantezzen,shadcn-registry-template,https://github.com/vantezzen/shadcn-registry-template,40,3,2024-08-31T16:07:01Z,2025-07-10T21:55:41Z,TypeScript
819212221,kirklin,boot-taro-react,https://github.com/kirklin/boot-taro-react,40,10,2024-06-24T04:12:42Z,2025-08-09T06:24:47Z,TypeScript
877050449,HackerQED,auto-i18n-next-lingui-tiny-demo,https://github.com/HackerQED/auto-i18n-next-lingui-tiny-demo,40,3,2024-10-23T02:09:33Z,2025-07-10T11:27:43Z,TypeScript
374483928,hebertcisco,ts-npm-package-boilerplate,https://github.com/hebertcisco/ts-npm-package-boilerplate,55,10,2021-06-06T23:25:33Z,2025-03-10T15:53:46Z,TypeScript
512268659,slack-samples,bolt-ts-starter-template,https://github.com/slack-samples/bolt-ts-starter-template,55,15,2022-07-09T19:25:41Z,2025-08-09T19:08:12Z,TypeScript
614348306,agamm,pseo-next,https://github.com/agamm/pseo-next,55,8,2023-03-15T12:08:41Z,2025-07-28T15:07:16Z,TypeScript
437726612,0xjimmy,svelte-kit-ethers-template,https://github.com/0xjimmy/svelte-kit-ethers-template,55,12,2021-12-13T03:40:23Z,2025-05-06T21:00:33Z,TypeScript
341814718,jctaoo,vite-electron-esbuild-starter,https://github.com/jctaoo/vite-electron-esbuild-starter,55,8,2021-02-24T07:24:52Z,2025-03-12T12:34:04Z,TypeScript
391482364,djamaile,react-boilerplate-2021,https://github.com/djamaile/react-boilerplate-2021,55,11,2021-07-31T23:34:01Z,2024-01-01T18:20:53Z,TypeScript
94442401,UstymUkhman,threejs-boilerplate,https://github.com/UstymUkhman/threejs-boilerplate,55,2,2017-06-15T13:31:39Z,2024-12-20T07:59:18Z,TypeScript
360710578,karpolan,react-typescript-mui-with-auth-starter,https://github.com/karpolan/react-typescript-mui-with-auth-starter,55,22,2021-04-22T23:46:48Z,2024-09-20T21:29:40Z,TypeScript
262071105,michielbouw,react-typescript-yarn-lerna-monorepo-eslint-prettier-boilerplate,https://github.com/michielbouw/react-typescript-yarn-lerna-monorepo-eslint-prettier-boilerplate,55,12,2020-05-07T14:20:37Z,2025-05-30T05:22:13Z,TypeScript
446977257,ManUtopiK,vite-fastify-boilerplate,https://github.com/ManUtopiK/vite-fastify-boilerplate,55,3,2022-01-11T20:51:41Z,2025-07-06T08:03:52Z,TypeScript
173436689,LekoArts,gatsby-status-dashboard,https://github.com/LekoArts/gatsby-status-dashboard,55,8,2019-03-02T10:55:26Z,2025-06-26T07:47:46Z,TypeScript
659289110,Azure,gpt-rag-frontend,https://github.com/Azure/gpt-rag-frontend,55,62,2023-06-27T14:11:51Z,2025-07-15T02:44:35Z,TypeScript
446495894,sebpalluel,web3-monorepo,https://github.com/sebpalluel/web3-monorepo,55,8,2022-01-10T16:19:21Z,2025-04-03T06:05:24Z,TypeScript
376295395,azu,mytweets,https://github.com/azu/mytweets,55,0,2021-06-12T13:22:26Z,2025-07-07T11:03:58Z,TypeScript
361116383,Learn-NEAR,starter--near-sdk-as,https://github.com/Learn-NEAR/starter--near-sdk-as,54,115,2021-04-24T09:02:36Z,2025-02-08T13:13:57Z,TypeScript
95685247,rootstrap,react-native-base,https://github.com/rootstrap/react-native-base,54,15,2017-06-28T15:37:23Z,2025-02-25T09:16:59Z,TypeScript
365434032,josephgoksu,prime-react-native,https://github.com/josephgoksu/prime-react-native,54,9,2021-05-08T06:11:04Z,2024-01-03T12:58:25Z,TypeScript
257075895,LeChatErrant,API-template,https://github.com/LeChatErrant/API-template,54,6,2020-04-19T18:42:49Z,2025-07-06T23:42:18Z,TypeScript
452057558,HakkaOfDev,ts-next-chakra-motion-kit,https://github.com/HakkaOfDev/ts-next-chakra-motion-kit,54,12,2022-01-25T22:04:55Z,2025-02-21T00:39:34Z,TypeScript
368701625,Lukazovic,nextjs-with-chakra-ui-boilerplate,https://github.com/Lukazovic/nextjs-with-chakra-ui-boilerplate,54,12,2021-05-19T00:34:04Z,2024-09-10T15:00:11Z,TypeScript
195134828,shfshanyue,apollo-server-starter,https://github.com/shfshanyue/apollo-server-starter,54,11,2019-07-03T22:38:24Z,2024-12-11T22:20:10Z,TypeScript
240713186,HorusGoul,node-ts-starter,https://github.com/HorusGoul/node-ts-starter,54,10,2020-02-15T13:05:48Z,2025-05-18T04:53:12Z,TypeScript
610561263,opengovsg,starter-kit,https://github.com/opengovsg/starter-kit,54,8,2023-03-07T02:35:17Z,2025-07-25T01:40:39Z,TypeScript
922399991,brijr,payload-starter,https://github.com/brijr/payload-starter,54,2,2025-01-26T04:58:51Z,2025-08-05T18:40:27Z,TypeScript
633194728,dyyllaann,simplefolio-react,https://github.com/dyyllaann/simplefolio-react,54,24,2023-04-27T01:38:01Z,2025-06-12T10:55:30Z,TypeScript
700955640,ItzDerock,bun-elysia-nextjs,https://github.com/ItzDerock/bun-elysia-nextjs,54,8,2023-10-05T16:10:07Z,2025-07-08T14:44:22Z,TypeScript
432269591,chroline,lynk,https://github.com/chroline/lynk,54,26,2021-11-26T18:30:17Z,2025-07-21T08:40:09Z,TypeScript
416323249,prezly,theme-nextjs-bea,https://github.com/prezly/theme-nextjs-bea,54,13,2021-10-12T12:12:43Z,2025-07-28T11:20:31Z,TypeScript
858157822,MrLightful,create-tauri-core,https://github.com/MrLightful/create-tauri-core,54,2,2024-09-16T12:13:14Z,2025-08-10T07:22:31Z,TypeScript
437332947,project-error,svelte-lua-boilerplate,https://github.com/project-error/svelte-lua-boilerplate,53,25,2021-12-11T16:30:22Z,2025-05-24T00:44:09Z,TypeScript
919819626,gumlau,nextjs-seo-blog-starter,https://github.com/gumlau/nextjs-seo-blog-starter,53,5,2025-01-21T04:30:13Z,2025-07-23T00:04:49Z,TypeScript
225531751,hppRC,gatsby-starter-hpp,https://github.com/hppRC/gatsby-starter-hpp,53,7,2019-12-03T04:37:47Z,2024-12-14T06:51:16Z,TypeScript
689408247,ChetanXpro,LaunchKit,https://github.com/ChetanXpro/LaunchKit,53,10,2023-09-09T17:55:44Z,2025-03-03T22:17:17Z,TypeScript
494889163,okym-t,remix-cloudflare-workers-starterkit,https://github.com/okym-t/remix-cloudflare-workers-starterkit,53,1,2022-05-21T20:33:17Z,2024-01-23T03:34:34Z,TypeScript
259789508,jasonkuhrt,template-typescript-lib,https://github.com/jasonkuhrt/template-typescript-lib,53,2,2020-04-29T01:02:41Z,2025-04-28T15:11:10Z,TypeScript
868623755,proyecto26,projectx,https://github.com/proyecto26/projectx,53,6,2024-10-06T21:06:32Z,2025-08-05T07:11:20Z,TypeScript
349687938,asurraa-labs,react-vite2-ts-antd,https://github.com/asurraa-labs/react-vite2-ts-antd,52,4,2021-03-20T10:02:04Z,2023-05-01T16:18:10Z,TypeScript
708696284,richard-unterberg,maplibre-nextjs-ts-starter,https://github.com/richard-unterberg/maplibre-nextjs-ts-starter,52,12,2023-10-23T07:48:41Z,2025-08-08T04:02:27Z,TypeScript
415153647,sachinraja,ts-lib-starter,https://github.com/sachinraja/ts-lib-starter,52,2,2021-10-08T23:40:05Z,2024-11-02T13:46:39Z,TypeScript
326082210,Tahul,vue-composable-starter,https://github.com/Tahul/vue-composable-starter,52,3,2021-01-02T00:46:51Z,2025-03-06T02:49:27Z,TypeScript
257720461,riipandi,next-start,https://github.com/riipandi/next-start,52,5,2020-04-21T21:30:52Z,2025-06-29T11:03:25Z,TypeScript
722838148,Dinuda,next.js-14-postgres-prisma-shadcn-template,https://github.com/Dinuda/next.js-14-postgres-prisma-shadcn-template,52,9,2023-11-24T04:26:51Z,2025-08-02T04:23:02Z,TypeScript
407990189,nitin27may,clean-architecture-docker-dotnet-angular,https://github.com/nitin27may/clean-architecture-docker-dotnet-angular,52,20,2021-09-18T23:38:37Z,2025-07-21T09:41:01Z,TypeScript
396460095,open-template-hub,company-profile-ui-template,https://github.com/open-template-hub/company-profile-ui-template,52,18,2021-08-15T19:01:34Z,2025-08-04T04:59:51Z,TypeScript
536002850,treefarmstudio,fresh-blog,https://github.com/treefarmstudio/fresh-blog,52,14,2022-09-13T07:11:48Z,2025-07-03T16:00:46Z,TypeScript
926549594,rishikesh2003,my-portfolio,https://github.com/rishikesh2003/my-portfolio,52,57,2025-02-03T13:06:09Z,2025-08-05T13:10:43Z,TypeScript
736960644,hywax,vite-vanilla-library-template,https://github.com/hywax/vite-vanilla-library-template,52,5,2023-12-29T11:33:43Z,2025-08-10T19:07:07Z,TypeScript
367736384,renanlido,initial_template_next,https://github.com/renanlido/initial_template_next,52,8,2021-05-15T21:53:37Z,2025-03-18T14:53:07Z,TypeScript
122071762,oktinaut,babylonjs-typescript-starter,https://github.com/oktinaut/babylonjs-typescript-starter,51,21,2018-02-19T14:12:01Z,2025-05-05T22:30:51Z,TypeScript
839135222,LeonZeng919,next-shadcn-intl-template,https://github.com/LeonZeng919/next-shadcn-intl-template,51,8,2024-08-07T03:29:20Z,2025-07-01T11:09:21Z,TypeScript
315674510,tomtom94,react-easy-ssr,https://github.com/tomtom94/react-easy-ssr,51,7,2020-11-24T15:30:06Z,2025-04-18T19:03:30Z,TypeScript
327409572,hdorgeval,cucumber7-ts-starter,https://github.com/hdorgeval/cucumber7-ts-starter,51,21,2021-01-06T19:25:29Z,2025-07-10T03:52:31Z,TypeScript
943330628,netlify-templates,tanstack-template,https://github.com/netlify-templates/tanstack-template,51,41,2025-03-05T14:35:57Z,2025-08-10T10:36:34Z,TypeScript
720734493,juliankoehn,nextjs-saas-starter,https://github.com/juliankoehn/nextjs-saas-starter,51,4,2023-11-19T12:45:52Z,2025-05-11T02:09:11Z,TypeScript
284747973,93degree,streamlit-component-svelte-template,https://github.com/93degree/streamlit-component-svelte-template,51,10,2020-08-03T16:17:16Z,2025-03-13T10:09:29Z,TypeScript
240950555,enable3d,enable3d-phaser-project-template,https://github.com/enable3d/enable3d-phaser-project-template,51,17,2020-02-16T19:17:55Z,2025-08-10T20:57:07Z,TypeScript
622304341,kuzeofficial,next-hexagonal-architecture,https://github.com/kuzeofficial/next-hexagonal-architecture,51,6,2023-04-01T18:00:38Z,2025-07-19T12:33:57Z,TypeScript
448435591,flexdinesh,design-system-boilerplate,https://github.com/flexdinesh/design-system-boilerplate,51,1,2022-01-16T02:02:46Z,2025-05-25T12:06:03Z,TypeScript
257120215,iansan5653,gas-ts-template,https://github.com/iansan5653/gas-ts-template,51,6,2020-04-19T23:03:51Z,2025-07-15T05:07:20Z,TypeScript
156863286,clomie,gas-vue-typescript,https://github.com/clomie/gas-vue-typescript,51,10,2018-11-09T13:07:06Z,2025-04-18T02:01:20Z,TypeScript
403271138,newts6,n-pass,https://github.com/newts6/n-pass,51,12,2021-09-05T09:51:37Z,2024-01-04T13:45:22Z,TypeScript
636219004,siyuan-note,plugin-sample,https://github.com/siyuan-note/plugin-sample,51,21,2023-05-04T11:15:34Z,2025-08-08T18:40:03Z,TypeScript
838292859,ToniDarodda,react-native-template,https://github.com/ToniDarodda/react-native-template,51,4,2024-08-05T10:50:13Z,2025-04-14T15:03:46Z,TypeScript
918970895,AmanVarshney01,Better-T-Stack,https://github.com/AmanVarshney01/Better-T-Stack,51,0,2025-01-19T11:26:19Z,2025-08-03T18:50:29Z,TypeScript
442756719,pushchain,push-dapp,https://github.com/pushchain/push-dapp,51,43,2021-12-29T11:49:57Z,2025-08-05T09:30:45Z,TypeScript
240565547,vannizhang,react-redux-boilerplate,https://github.com/vannizhang/react-redux-boilerplate,50,37,2020-02-14T17:40:23Z,2025-07-30T21:02:03Z,TypeScript
480898661,rimzzlabs,next-starter-blog,https://github.com/rimzzlabs/next-starter-blog,50,19,2022-04-12T16:57:16Z,2025-05-01T22:43:12Z,TypeScript
865009136,tuanphungcz,withpayload.com,https://github.com/tuanphungcz/withpayload.com,50,6,2024-09-29T18:42:34Z,2025-08-03T22:17:43Z,TypeScript
691437457,imyuanli,next-blog,https://github.com/imyuanli/next-blog,50,9,2023-09-14T07:16:57Z,2025-07-14T08:12:36Z,TypeScript
691399430,udecode,plate-template,https://github.com/udecode/plate-template,50,13,2023-09-14T05:26:04Z,2025-07-30T06:33:24Z,TypeScript
480851891,nramkissoon,NPM-TurboRepo-tRPC-Next.js-NextAuth-Prisma-PlanetScale-Starter,https://github.com/nramkissoon/NPM-TurboRepo-tRPC-Next.js-NextAuth-Prisma-PlanetScale-Starter,50,4,2022-04-12T14:45:12Z,2025-04-25T20:14:08Z,TypeScript
431839505,pboymt,userscript-typescript-template,https://github.com/pboymt/userscript-typescript-template,50,5,2021-11-25T12:36:00Z,2025-07-23T18:24:39Z,TypeScript
919876386,pagezero-dev,pagezero,https://github.com/pagezero-dev/pagezero,50,4,2025-01-21T07:09:25Z,2025-08-07T06:00:34Z,TypeScript
496431310,ourzora,nouns-marketplace,https://github.com/ourzora/nouns-marketplace,50,13,2022-05-26T00:31:25Z,2025-05-30T21:18:10Z,TypeScript
392296144,protokol,solidity-typescript-hardhat-template,https://github.com/protokol/solidity-typescript-hardhat-template,49,22,2021-08-03T11:37:53Z,2025-07-18T00:12:39Z,TypeScript
138896503,wechaty,puppet-mock,https://github.com/wechaty/puppet-mock,49,14,2018-06-27T14:56:58Z,2025-04-22T07:04:32Z,TypeScript
632609522,sanity-io,sanity-template-vercel-visual-editing,https://github.com/sanity-io/sanity-template-vercel-visual-editing,49,18,2023-04-25T19:06:27Z,2025-07-22T01:35:38Z,TypeScript
226664359,justjavac,deno_starter,https://github.com/justjavac/deno_starter,49,4,2019-12-08T12:30:48Z,2024-01-04T15:52:05Z,TypeScript
666804613,Tech-Code1,NX-boilerplate.Nestjs-Angular17-Postgres-RESTfull-TypeORM-Storybook,https://github.com/Tech-Code1/NX-boilerplate.Nestjs-Angular17-Postgres-RESTfull-TypeORM-Storybook,49,3,2023-07-15T16:23:21Z,2025-05-12T15:23:59Z,TypeScript
660839947,oluqom,typescript-react-tailwind-vite,https://github.com/oluqom/typescript-react-tailwind-vite,49,23,2023-07-01T01:57:26Z,2025-07-26T01:01:46Z,TypeScript
785942994,christopher-buss,roblox-ts-project-template,https://github.com/christopher-buss/roblox-ts-project-template,49,4,2024-04-13T01:04:47Z,2025-08-08T23:59:49Z,TypeScript
285313002,NetCoreTemplates,vue-desktop,https://github.com/NetCoreTemplates/vue-desktop,49,5,2020-08-05T14:28:13Z,2025-07-11T07:47:38Z,TypeScript
787090369,freestyle-sh,freestyle-astro-template,https://github.com/freestyle-sh/freestyle-astro-template,49,6,2024-04-15T21:48:31Z,2025-04-15T00:44:00Z,TypeScript
627741985,adonisjs,pkg-starter-kit,https://github.com/adonisjs/pkg-starter-kit,48,3,2023-04-14T05:26:19Z,2025-07-15T03:37:26Z,TypeScript
438008186,openshift,console-plugin-template,https://github.com/openshift/console-plugin-template,48,63,2021-12-13T20:00:55Z,2025-07-10T15:42:33Z,TypeScript
797688307,netlify-templates,auto-annotated-portfolio,https://github.com/netlify-templates/auto-annotated-portfolio,48,64,2024-05-08T10:23:10Z,2025-08-07T08:45:32Z,TypeScript
496449132,sj-distributor,create-react-boilerplates,https://github.com/sj-distributor/create-react-boilerplates,48,2,2022-05-26T01:59:26Z,2025-06-23T00:40:12Z,TypeScript
192031333,chnirt,chnirt-demo-nest-typeorm-mongodb,https://github.com/chnirt/chnirt-demo-nest-typeorm-mongodb,48,17,2019-06-15T03:18:25Z,2025-08-03T06:57:49Z,TypeScript
209702584,alaingalvan,webgl-seed,https://github.com/alaingalvan/webgl-seed,48,6,2019-09-20T04:04:41Z,2024-07-30T21:20:27Z,TypeScript
710697630,rtivital,ts-package-template,https://github.com/rtivital/ts-package-template,48,7,2023-10-27T08:45:47Z,2025-07-01T08:32:19Z,TypeScript
397367610,kacgrzes,expo-template,https://github.com/kacgrzes/expo-template,48,16,2021-08-17T19:19:25Z,2025-07-08T15:00:59Z,TypeScript
896839742,zhe-qi,uniez-template,https://github.com/zhe-qi/uniez-template,48,14,2024-12-01T12:38:53Z,2025-08-02T10:43:59Z,TypeScript
612965936,mnik01,viteRPC,https://github.com/mnik01/viteRPC,48,2,2023-03-12T14:12:27Z,2025-07-19T20:23:33Z,TypeScript
342594047,sora-vp,baseline,https://github.com/sora-vp/baseline,48,2,2021-02-26T14:05:42Z,2025-05-11T01:12:00Z,TypeScript
776473231,altinthaqi,next-elysia-template,https://github.com/altinthaqi/next-elysia-template,48,2,2024-03-23T15:56:33Z,2025-07-29T15:55:59Z,TypeScript
265958097,jonascript,htmlgoddess,https://github.com/jonascript/htmlgoddess,48,0,2020-05-21T21:45:37Z,2024-11-07T00:45:32Z,TypeScript
809515590,ben-shepherd,larascript-framework,https://github.com/ben-shepherd/larascript-framework,48,1,2024-06-02T22:41:11Z,2025-08-06T17:26:14Z,TypeScript
718789273,athrael-soju,Titanium,https://github.com/athrael-soju/Titanium,48,7,2023-11-14T20:00:14Z,2025-06-14T16:42:04Z,TypeScript
879989498,poweroutlet2,browser-extension-starter,https://github.com/poweroutlet2/browser-extension-starter,63,5,2024-10-28T23:06:01Z,2025-08-04T00:05:53Z,TypeScript
705148461,hayyi2,react-shadcn-starter,https://github.com/hayyi2/react-shadcn-starter,63,25,2023-10-15T07:02:14Z,2025-08-07T13:01:59Z,TypeScript
125202789,hdorgeval,cucumber6-ts-starter,https://github.com/hdorgeval/cucumber6-ts-starter,63,27,2018-03-14T11:31:59Z,2025-04-18T12:04:19Z,TypeScript
446020414,MCJack123,cc-tstl-template,https://github.com/MCJack123/cc-tstl-template,63,16,2022-01-09T07:18:17Z,2025-08-01T02:24:27Z,TypeScript
321052136,jakeprins,nextwind,https://github.com/jakeprins/nextwind,63,11,2020-12-13T11:47:35Z,2024-03-21T19:59:29Z,TypeScript
539635616,FullProduct-dev,green-stack-starter-demo,https://github.com/FullProduct-dev/green-stack-starter-demo,63,4,2022-09-21T18:39:50Z,2025-07-28T03:57:14Z,TypeScript
495014933,Girish21,remix-cloudflare-workers-template,https://github.com/Girish21/remix-cloudflare-workers-template,63,3,2022-05-22T09:31:56Z,2025-05-22T08:30:03Z,TypeScript
612051614,the-illarionov,the-superawesome-frontend-boilerplate,https://github.com/the-illarionov/the-superawesome-frontend-boilerplate,63,2,2023-03-10T04:58:02Z,2025-04-03T21:38:06Z,TypeScript
646742006,mantinedev,next-app-min-template,https://github.com/mantinedev/next-app-min-template,63,75,2023-05-29T08:33:40Z,2025-08-07T09:37:04Z,TypeScript
344824358,rocketseat-education,ignite-template-reactjs-conceitos-do-react,https://github.com/rocketseat-education/ignite-template-reactjs-conceitos-do-react,63,210,2021-03-05T13:46:58Z,2025-05-06T19:49:25Z,TypeScript
195432220,maxime1992,dev.to,https://github.com/maxime1992/dev.to,63,13,2019-07-05T15:34:52Z,2025-04-30T12:52:02Z,TypeScript
675009950,Marknjo,create-turbo-with-expo,https://github.com/Marknjo/create-turbo-with-expo,63,5,2023-08-05T13:28:04Z,2025-08-06T17:41:47Z,TypeScript
466711180,jsxiaosi,xs-components-lib,https://github.com/jsxiaosi/xs-components-lib,63,13,2022-03-06T11:02:01Z,2025-08-02T15:31:01Z,TypeScript
514361742,patrickjmeurer,viterc,https://github.com/patrickjmeurer/viterc,63,15,2022-07-15T18:05:08Z,2025-08-10T20:16:01Z,TypeScript
696402456,pintoderian,next-directus-auth-ts,https://github.com/pintoderian/next-directus-auth-ts,63,10,2023-09-25T17:10:05Z,2025-05-25T16:30:30Z,TypeScript
388541650,toantranmei,electron-vite-starter,https://github.com/toantranmei/electron-vite-starter,62,15,2021-07-22T17:15:56Z,2024-04-07T16:24:19Z,TypeScript
623483886,agustinusnathaniel,vite-react-tailwind-starter,https://github.com/agustinusnathaniel/vite-react-tailwind-starter,62,7,2023-04-04T13:14:07Z,2025-08-11T02:30:11Z,TypeScript
804781049,netlify-templates,content-ops-starter,https://github.com/netlify-templates/content-ops-starter,62,111,2024-05-23T08:57:05Z,2025-08-11T04:31:09Z,TypeScript
475879394,makerkit,next-blog-kit,https://github.com/makerkit/next-blog-kit,62,11,2022-03-30T12:57:22Z,2025-07-06T19:33:06Z,TypeScript
282285798,perryraskin,nextjs-tailwind-shopify-storefront,https://github.com/perryraskin/nextjs-tailwind-shopify-storefront,62,4,2020-07-24T18:04:29Z,2024-11-10T01:21:42Z,TypeScript
439901417,HPouyanmehr,muxt-ts,https://github.com/HPouyanmehr/muxt-ts,62,30,2021-12-19T15:39:25Z,2025-08-01T21:16:59Z,TypeScript
831413978,karthikmudunuri,portfolio-template,https://github.com/karthikmudunuri/portfolio-template,62,23,2024-07-20T13:31:39Z,2025-08-04T15:49:46Z,TypeScript
271790344,softwarecrafters-io,ts-eslint-prettier-jest,https://github.com/softwarecrafters-io/ts-eslint-prettier-jest,62,27,2020-06-12T12:15:00Z,2025-07-29T16:24:28Z,TypeScript
584335968,maybemaby,fastify-trpc-next,https://github.com/maybemaby/fastify-trpc-next,62,7,2023-01-02T09:19:04Z,2025-06-07T04:56:55Z,TypeScript
320681053,jasonsturges,threejs-sveltekit,https://github.com/jasonsturges/threejs-sveltekit,62,13,2020-12-11T20:49:46Z,2025-05-31T19:09:22Z,TypeScript
223903353,lexmin0412,taro2-template,https://github.com/lexmin0412/taro2-template,62,20,2019-11-25T08:54:22Z,2025-06-21T07:04:26Z,TypeScript
871797882,fisand,f3-app,https://github.com/fisand/f3-app,62,2,2024-10-13T00:56:42Z,2025-08-08T06:11:52Z,TypeScript
198393354,frederiksen,angular-electron-boilerplate,https://github.com/frederiksen/angular-electron-boilerplate,61,28,2019-07-23T09:03:45Z,2025-07-01T13:54:42Z,TypeScript
125279197,goblindegook,gatsby-starter-typescript,https://github.com/goblindegook/gatsby-starter-typescript,61,21,2018-03-14T22:04:18Z,2024-09-15T14:57:48Z,TypeScript
404070783,thaind97git,react-typescript-webpack,https://github.com/thaind97git/react-typescript-webpack,61,21,2021-09-07T17:44:54Z,2024-12-29T04:25:24Z,TypeScript
411012466,orta,TypeScript-TSServer-Plugin-Template,https://github.com/orta/TypeScript-TSServer-Plugin-Template,61,18,2021-09-27T19:12:40Z,2025-08-05T01:58:57Z,TypeScript
734345221,ton-community,tsc5,https://github.com/ton-community/tsc5,61,23,2023-12-21T13:01:39Z,2025-07-22T11:26:22Z,TypeScript
445763258,revell29,fastify-clean-architecture,https://github.com/revell29/fastify-clean-architecture,61,2,2022-01-08T08:18:38Z,2025-07-13T20:41:13Z,TypeScript
299415563,codetalkio,patterns-serverless-rust-minimal,https://github.com/codetalkio/patterns-serverless-rust-minimal,61,2,2020-09-28T19:47:54Z,2025-04-26T23:02:53Z,TypeScript
349123482,ptkdev-boilerplate,svelte-webcomponent-boilerplate,https://github.com/ptkdev-boilerplate/svelte-webcomponent-boilerplate,60,6,2021-03-18T15:25:42Z,2024-07-16T15:31:32Z,TypeScript
586359249,rvanasa,vite-react-motoko,https://github.com/rvanasa/vite-react-motoko,60,32,2023-01-07T21:11:14Z,2025-06-23T03:21:33Z,TypeScript
705460007,Pedrojok01,Next-Web3-Boilerplate,https://github.com/Pedrojok01/Next-Web3-Boilerplate,60,30,2023-10-16T03:40:46Z,2025-06-29T13:16:26Z,TypeScript
441431945,newbeea,nuxt3-apollo-starter,https://github.com/newbeea/nuxt3-apollo-starter,60,6,2021-12-24T10:05:57Z,2025-05-15T06:05:27Z,TypeScript
685978712,lobehub,chat-plugin-template,https://github.com/lobehub/chat-plugin-template,60,42,2023-09-01T12:55:43Z,2025-08-07T03:01:50Z,TypeScript
664269270,worldcoin,world-id-nextauth-template,https://github.com/worldcoin/world-id-nextauth-template,60,39,2023-07-09T12:57:40Z,2025-07-21T13:13:00Z,TypeScript
711917748,gihanrangana,vite-express-ssr-ts,https://github.com/gihanrangana/vite-express-ssr-ts,60,15,2023-10-30T12:43:31Z,2025-07-24T07:25:04Z,TypeScript
722793189,NatoBoram,gigachad.ts,https://github.com/NatoBoram/gigachad.ts,60,4,2023-11-24T01:04:26Z,2025-08-09T06:31:33Z,TypeScript
543376267,sankeyangshu,galaxy-admin-nestjs,https://github.com/sankeyangshu/galaxy-admin-nestjs,60,5,2022-09-30T00:53:31Z,2025-06-06T08:07:11Z,TypeScript
720595165,JadRizk,turborepo-launchpad,https://github.com/JadRizk/turborepo-launchpad,60,3,2023-11-19T00:42:37Z,2025-08-05T12:40:13Z,TypeScript
257017899,8iq,nodejs-hackathon-boilerplate-starter-kit,https://github.com/8iq/nodejs-hackathon-boilerplate-starter-kit,59,11,2020-04-19T14:18:08Z,2025-06-22T12:43:53Z,TypeScript
794883099,suiware,sui-dapp-starter,https://github.com/suiware/sui-dapp-starter,59,16,2024-05-02T06:35:53Z,2025-07-29T05:51:41Z,TypeScript
517583706,boilertown,react-ui-boilerplate,https://github.com/boilertown/react-ui-boilerplate,59,4,2022-07-25T08:38:48Z,2025-03-26T09:45:40Z,TypeScript
227206297,aarongarciah,figma-plugin-typescript-boilerplate,https://github.com/aarongarciah/figma-plugin-typescript-boilerplate,59,7,2019-12-10T20:08:55Z,2025-07-24T23:11:28Z,TypeScript
692128766,innei-template,nest-drizzle-authjs,https://github.com/innei-template/nest-drizzle-authjs,59,4,2023-09-15T16:12:44Z,2025-07-09T06:32:26Z,TypeScript
115694659,shamofu,electron-react-parcel-boilerplate,https://github.com/shamofu/electron-react-parcel-boilerplate,59,12,2017-12-29T06:36:10Z,2023-02-01T07:48:54Z,TypeScript
693321569,0xGeegZ,ai-micro-saas-starter,https://github.com/0xGeegZ/ai-micro-saas-starter,59,17,2023-09-18T19:45:55Z,2025-07-11T04:46:59Z,TypeScript
913911453,runreal,deno-monorepo-template,https://github.com/runreal/deno-monorepo-template,59,5,2025-01-08T15:34:21Z,2025-07-26T03:07:47Z,TypeScript
333091592,svelte-pilot,svelte-pilot-template,https://github.com/svelte-pilot/svelte-pilot-template,59,6,2021-01-26T13:21:12Z,2025-03-20T01:47:10Z,TypeScript
466186898,oSethoum,tauri-react-template,https://github.com/oSethoum/tauri-react-template,59,7,2022-03-04T16:06:28Z,2025-07-21T02:24:03Z,TypeScript
206911939,cipherxof,wc3-ts-template,https://github.com/cipherxof/wc3-ts-template,59,15,2019-09-07T03:48:19Z,2025-07-19T05:35:14Z,TypeScript
317803259,purple-technology,purple-stack,https://github.com/purple-technology/purple-stack,59,4,2020-12-02T08:54:19Z,2025-06-30T10:41:45Z,TypeScript
487472502,r7kamura,gialog,https://github.com/r7kamura/gialog,59,1,2022-05-01T07:23:50Z,2025-05-08T19:15:42Z,TypeScript
869622686,AtotheY,Linktree-nextjs-supabase-template,https://github.com/AtotheY/Linktree-nextjs-supabase-template,59,13,2024-10-08T15:52:38Z,2025-08-05T07:01:16Z,TypeScript
546926096,wormhole-foundation,wormhole-scaffolding,https://github.com/wormhole-foundation/wormhole-scaffolding,58,39,2022-10-06T21:56:15Z,2025-08-04T15:36:53Z,TypeScript
176351921,mirego,react-boilerplate,https://github.com/mirego/react-boilerplate,58,9,2019-03-18T19:02:34Z,2025-08-07T08:21:06Z,TypeScript
171507717,luizalabs,noahjs,https://github.com/luizalabs/noahjs,58,24,2019-02-19T16:20:33Z,2025-08-06T08:46:50Z,TypeScript
232181559,rokket-labs,nestjs-template,https://github.com/rokket-labs/nestjs-template,58,18,2020-01-06T20:39:44Z,2025-07-15T09:45:55Z,TypeScript
850007330,TRamos5,neon-oss-saas-starter-kit,https://github.com/TRamos5/neon-oss-saas-starter-kit,58,9,2024-08-30T17:28:07Z,2025-01-23T11:04:32Z,TypeScript
632582441,Z3r0J,nodejs-clean-architecture,https://github.com/Z3r0J/nodejs-clean-architecture,58,13,2023-04-25T17:54:10Z,2025-08-07T17:50:40Z,TypeScript
429965571,Azure-Samples,todo-python-mongo,https://github.com/Azure-Samples/todo-python-mongo,58,37,2021-11-19T23:56:14Z,2025-07-07T17:28:33Z,TypeScript
287817276,ivandotv,nextjs-material-pwa,https://github.com/ivandotv/nextjs-material-pwa,58,17,2020-08-15T20:08:02Z,2025-06-10T20:52:48Z,TypeScript
832111193,HYP3R00T,CelestialDocs,https://github.com/HYP3R00T/CelestialDocs,58,17,2024-07-22T11:28:59Z,2025-07-23T00:38:43Z,TypeScript
791156713,vue-zone,vue3-varlet-mobile,https://github.com/vue-zone/vue3-varlet-mobile,58,7,2024-04-24T07:42:12Z,2025-06-23T06:25:25Z,TypeScript
978158725,max,temu-v0,https://github.com/max/temu-v0,58,6,2025-05-05T14:58:48Z,2025-06-19T17:39:21Z,TypeScript
487070513,jkomyno,pnpm-monorepo-template,https://github.com/jkomyno/pnpm-monorepo-template,58,7,2022-04-29T18:17:04Z,2025-08-07T09:00:43Z,TypeScript
237821685,kyrelldixon,next-tailwind-typescript-starter,https://github.com/kyrelldixon/next-tailwind-typescript-starter,57,11,2020-02-02T19:08:54Z,2024-12-02T00:00:09Z,TypeScript
757958533,yeasin2002,express-ts-starter,https://github.com/yeasin2002/express-ts-starter,57,12,2024-02-15T10:42:22Z,2025-08-02T13:24:59Z,TypeScript
184849844,khalidx,typescript-cli-starter,https://github.com/khalidx/typescript-cli-starter,57,19,2019-05-04T03:58:00Z,2025-04-04T13:31:59Z,TypeScript
126171987,mrrobworks,spring-boot-angular-template,https://github.com/mrrobworks/spring-boot-angular-template,57,37,2018-03-21T11:58:48Z,2024-06-25T19:26:30Z,TypeScript
252408366,medly,react-redux-typescript-boilerplate,https://github.com/medly/react-redux-typescript-boilerplate,57,15,2020-04-02T09:15:22Z,2024-03-04T11:35:24Z,TypeScript
245672564,discordeno,template,https://github.com/discordeno/template,57,17,2020-03-07T17:05:17Z,2025-05-16T16:26:00Z,TypeScript
393919552,tfd-ed,tfd-nest-boilerplate,https://github.com/tfd-ed/tfd-nest-boilerplate,57,37,2021-08-08T09:43:05Z,2025-05-30T01:52:28Z,TypeScript
891908075,dung204,bunest,https://github.com/dung204/bunest,57,4,2024-11-21T07:06:31Z,2025-08-07T13:59:12Z,TypeScript
877201165,Baroshem,nuxt-starter,https://github.com/Baroshem/nuxt-starter,57,4,2024-10-23T09:04:55Z,2025-03-23T15:13:42Z,TypeScript
203654469,jsulpis,nextjs-template,https://github.com/jsulpis/nextjs-template,57,14,2019-08-21T19:51:36Z,2025-03-15T23:20:53Z,TypeScript
349011800,cyytemplate,vite-electron-ts,https://github.com/cyytemplate/vite-electron-ts,57,10,2021-03-18T09:24:11Z,2025-08-06T06:15:32Z,TypeScript
242433681,ozcanzaferayan,react-native-web-template,https://github.com/ozcanzaferayan/react-native-web-template,57,6,2020-02-23T00:43:23Z,2025-03-11T01:18:08Z,TypeScript
513304848,thi-ng,tpl-umbrella-fxhash,https://github.com/thi-ng/tpl-umbrella-fxhash,57,2,2022-07-12T22:05:40Z,2025-07-28T10:30:17Z,TypeScript
668527704,irychen,super-admin,https://github.com/irychen/super-admin,57,11,2023-07-20T02:59:54Z,2025-08-03T21:41:12Z,TypeScript
708447820,upperdo,backoffice-template,https://github.com/upperdo/backoffice-template,57,3,2023-10-22T15:40:36Z,2025-07-07T14:40:50Z,TypeScript
582456692,lirantal,asciidoc-book-starter,https://github.com/lirantal/asciidoc-book-starter,56,14,2022-12-26T22:32:08Z,2025-08-09T21:40:53Z,TypeScript
346639172,tomsoderlund,reactnative-nextjs-template,https://github.com/tomsoderlund/reactnative-nextjs-template,56,9,2021-03-11T09:00:18Z,2025-07-08T10:10:14Z,TypeScript
784888813,TheOtterlord,starlight-auth,https://github.com/TheOtterlord/starlight-auth,56,4,2024-04-10T19:00:33Z,2025-07-29T13:24:51Z,TypeScript
142546234,csprance,next-smrt,https://github.com/csprance/next-smrt,56,3,2018-07-27T07:52:21Z,2024-12-18T07:28:28Z,TypeScript
402125855,IsaiaPhiliph,vite-reactts-tailwind-rtk-eslint,https://github.com/IsaiaPhiliph/vite-reactts-tailwind-rtk-eslint,56,16,2021-09-01T16:16:43Z,2024-12-28T06:48:02Z,TypeScript
882726854,ivesfurtado,next-express-turborepo,https://github.com/ivesfurtado/next-express-turborepo,56,9,2024-11-03T15:50:31Z,2025-08-09T04:04:28Z,TypeScript
402823542,pietrzakadrian,nestjs-typeorm-pagination,https://github.com/pietrzakadrian/nestjs-typeorm-pagination,56,9,2021-09-03T15:55:05Z,2025-06-20T23:08:04Z,TypeScript
374525584,ScopeLift,vue-tailwind-ethereum-template,https://github.com/ScopeLift/vue-tailwind-ethereum-template,56,11,2021-06-07T03:42:07Z,2025-07-14T12:15:22Z,TypeScript
924848313,zaidmukaddam,open-r1-chat-template,https://github.com/zaidmukaddam/open-r1-chat-template,56,8,2025-01-30T18:56:16Z,2025-03-16T19:08:21Z,TypeScript
389753526,brunos3d,nextjs-with-aos-example,https://github.com/brunos3d/nextjs-with-aos-example,56,10,2021-07-26T19:59:32Z,2025-05-12T06:43:11Z,TypeScript
805146618,patelvivekdev,AuthJs-Template,https://github.com/patelvivekdev/AuthJs-Template,56,6,2024-05-24T01:20:42Z,2025-07-14T15:42:24Z,TypeScript
716033668,xyflow,vite-react-flow-template,https://github.com/xyflow/vite-react-flow-template,79,35,2023-11-08T10:41:58Z,2025-07-30T08:46:18Z,TypeScript
299659449,wangel13,prisma-next-auth-graphql-starter,https://github.com/wangel13/prisma-next-auth-graphql-starter,79,10,2020-09-29T15:30:04Z,2025-07-25T18:56:30Z,TypeScript
703705116,sujjeee,codox,https://github.com/sujjeee/codox,79,12,2023-10-11T18:40:25Z,2025-08-01T20:28:41Z,TypeScript
621041200,ayungavis,turborepo-nextjs-tailwind-trpc,https://github.com/ayungavis/turborepo-nextjs-tailwind-trpc,79,10,2023-03-29T21:53:28Z,2025-07-18T06:57:53Z,TypeScript
588565261,stormkit-io,react-starter,https://github.com/stormkit-io/react-starter,79,3,2023-01-13T12:39:00Z,2025-07-13T09:44:20Z,TypeScript
446558288,Azure-Samples,todo-csharp-cosmos-sql,https://github.com/Azure-Samples/todo-csharp-cosmos-sql,79,35,2022-01-10T19:37:39Z,2025-07-18T12:22:35Z,TypeScript
247016563,alii,monitor,https://github.com/alii/monitor,79,4,2020-03-13T07:55:19Z,2025-02-28T15:24:50Z,TypeScript
203777497,react-figma,react-figma-boilerplate,https://github.com/react-figma/react-figma-boilerplate,78,23,2019-08-22T11:06:11Z,2025-07-25T10:39:39Z,TypeScript
504817756,mayacoda,simple-threejs-typescript-starter,https://github.com/mayacoda/simple-threejs-typescript-starter,78,18,2022-06-18T10:55:52Z,2025-08-05T10:01:45Z,TypeScript
599925570,ascii-16,expressjs-typescript-prisma-boilerplate,https://github.com/ascii-16/expressjs-typescript-prisma-boilerplate,78,11,2023-02-10T07:22:26Z,2025-07-12T16:25:25Z,TypeScript
484194153,takeshape,penny,https://github.com/takeshape/penny,78,8,2022-04-21T20:23:00Z,2025-08-07T15:58:12Z,TypeScript
865451521,theaungphyo,turborepo,https://github.com/theaungphyo/turborepo,78,10,2024-09-30T14:52:43Z,2025-07-23T16:21:06Z,TypeScript
778153333,youzarsiph,expo-react-native-paper,https://github.com/youzarsiph/expo-react-native-paper,77,25,2024-03-27T07:18:54Z,2025-08-01T11:41:14Z,TypeScript
147612504,TeamMaestro,app-starter,https://github.com/TeamMaestro/app-starter,77,14,2018-09-06T03:28:31Z,2025-02-25T11:02:18Z,TypeScript
1004876334,zama-ai,fhevm-hardhat-template,https://github.com/zama-ai/fhevm-hardhat-template,77,34,2025-06-19T10:10:53Z,2025-08-09T05:20:01Z,TypeScript
559803931,alsiam,urFolio,https://github.com/alsiam/urFolio,77,37,2022-10-31T05:56:38Z,2025-08-08T12:31:49Z,TypeScript
363767370,Borodutch,frontend-starter,https://github.com/Borodutch/frontend-starter,76,16,2021-05-02T22:58:55Z,2025-07-14T23:37:24Z,TypeScript
519785882,yazaldefilimone,clean-arch-nextjs-starter,https://github.com/yazaldefilimone/clean-arch-nextjs-starter,76,16,2022-07-31T13:36:56Z,2025-08-03T21:05:29Z,TypeScript
236033217,Q00,api_server_boilerplate,https://github.com/Q00/api_server_boilerplate,76,9,2020-01-24T15:57:48Z,2025-03-02T14:54:38Z,TypeScript
375830762,Automattic,vip-go-nextjs-skeleton,https://github.com/Automattic/vip-go-nextjs-skeleton,76,8,2021-06-10T21:07:53Z,2025-07-29T07:04:35Z,TypeScript
542642537,abcxff,diepcustom,https://github.com/abcxff/diepcustom,76,84,2022-09-28T14:49:07Z,2025-07-12T00:38:38Z,TypeScript
288426601,dlodeprojuicer,ionic-vue-mobile-template-03,https://github.com/dlodeprojuicer/ionic-vue-mobile-template-03,76,18,2020-08-18T10:37:23Z,2024-09-04T14:23:29Z,TypeScript
864818875,iAmCorey,chrome-extension-plasmo-template,https://github.com/iAmCorey/chrome-extension-plasmo-template,76,15,2024-09-29T08:47:12Z,2025-08-09T06:40:55Z,TypeScript
934585497,linkb15,turborepo-shadcn-ui-tailwind-4,https://github.com/linkb15/turborepo-shadcn-ui-tailwind-4,76,7,2025-02-18T04:32:53Z,2025-08-09T01:48:48Z,TypeScript
906692033,rocambille,start-express-react,https://github.com/rocambille/start-express-react,76,1,2024-12-21T16:16:18Z,2025-06-25T11:39:11Z,TypeScript
592662824,ArslanAmeer,angular-boilerplate,https://github.com/ArslanAmeer/angular-boilerplate,75,35,2023-01-24T08:49:35Z,2025-08-08T03:17:51Z,TypeScript
436931790,paganaye,babylonjs-vite-boilerplate,https://github.com/paganaye/babylonjs-vite-boilerplate,75,26,2021-12-10T10:03:21Z,2025-06-26T06:10:16Z,TypeScript
830464197,hngprojects,hng_boilerplate_expressjs,https://github.com/hngprojects/hng_boilerplate_expressjs,75,85,2024-07-18T10:21:39Z,2025-03-22T01:37:00Z,TypeScript
816711239,mmvergara,react-supabase-auth-template,https://github.com/mmvergara/react-supabase-auth-template,75,9,2024-06-18T09:02:20Z,2025-08-07T02:51:47Z,TypeScript
109053712,hdorgeval,testcafe-starter,https://github.com/hdorgeval/testcafe-starter,75,19,2017-10-31T21:23:05Z,2025-06-04T03:40:59Z,TypeScript
636886724,gamba-labs,platform,https://github.com/gamba-labs/platform,75,226,2023-05-05T22:19:36Z,2025-07-26T18:48:20Z,TypeScript
655683636,multiplehats,jaydens-stack,https://github.com/multiplehats/jaydens-stack,75,2,2023-06-19T11:41:02Z,2025-03-12T23:39:56Z,TypeScript
323452378,BenElferink,mern-template,https://github.com/BenElferink/mern-template,75,24,2020-12-21T21:31:52Z,2025-08-06T12:47:16Z,TypeScript
673424394,namanbarkiya,minimal-next-portfolio,https://github.com/namanbarkiya/minimal-next-portfolio,75,18,2023-08-01T15:35:05Z,2025-08-06T05:31:26Z,TypeScript
991488520,janhesters,shadcn-kanban-board,https://github.com/janhesters/shadcn-kanban-board,75,4,2025-05-27T17:45:30Z,2025-08-10T01:59:52Z,TypeScript
193502094,SystangoTechnologies,koach-typescript,https://github.com/SystangoTechnologies/koach-typescript,75,2,2019-06-24T12:34:54Z,2025-01-12T17:49:24Z,TypeScript
980418948,nkzw-tech,server-template,https://github.com/nkzw-tech/server-template,75,7,2025-05-09T05:15:25Z,2025-07-26T21:44:45Z,TypeScript
678447950,Pinegrow,pg-nuxtui,https://github.com/Pinegrow/pg-nuxtui,75,15,2023-08-14T15:17:33Z,2025-08-01T07:03:33Z,TypeScript
321826292,alii,nextjs-discord-oauth,https://github.com/alii/nextjs-discord-oauth,75,4,2020-12-16T00:43:44Z,2025-02-14T03:44:05Z,TypeScript
485886562,saleor,saleor-app-template,https://github.com/saleor/saleor-app-template,74,117,2022-04-26T17:34:55Z,2025-08-09T08:52:11Z,TypeScript
320658160,logustra,vivu,https://github.com/logustra/vivu,74,9,2020-12-11T18:53:47Z,2025-07-28T01:46:39Z,TypeScript
714403492,sxzz,telegram-bot-starter,https://github.com/sxzz/telegram-bot-starter,74,9,2023-11-04T19:56:18Z,2025-08-04T06:07:38Z,TypeScript
177029228,michal-wrzosek,react-component-lib,https://github.com/michal-wrzosek/react-component-lib,74,20,2019-03-21T21:52:03Z,2024-12-09T23:11:16Z,TypeScript
787080663,gmickel,turborepo-shadcn-nextjs,https://github.com/gmickel/turborepo-shadcn-nextjs,74,7,2024-04-15T21:16:37Z,2025-08-04T13:10:24Z,TypeScript
833372902,SikandarJODD,portfolio-template,https://github.com/SikandarJODD/portfolio-template,74,12,2024-07-24T23:17:11Z,2025-08-09T21:45:10Z,TypeScript
282733353,audn,react-boilerplate,https://github.com/audn/react-boilerplate,73,9,2020-07-26T21:06:51Z,2025-03-20T09:59:39Z,TypeScript
329986041,djyde,nextjs-saas-starter,https://github.com/djyde/nextjs-saas-starter,73,9,2021-01-15T18:01:20Z,2024-11-11T20:59:51Z,TypeScript
635556037,sanity-io,sanity-template-nuxt-clean,https://github.com/sanity-io/sanity-template-nuxt-clean,73,20,2023-05-03T00:25:08Z,2025-08-06T21:02:48Z,TypeScript
627654066,aliceisjustplaying,atproto-starter-kit,https://github.com/aliceisjustplaying/atproto-starter-kit,73,10,2023-04-13T23:22:01Z,2025-07-28T08:45:17Z,TypeScript
401505152,shamscorner,vitesse-stackter-clean-architect,https://github.com/shamscorner/vitesse-stackter-clean-architect,73,11,2021-08-30T22:41:57Z,2025-07-14T12:24:29Z,TypeScript
898549205,fengyunzaidushi,ship-saas-one-click,https://github.com/fengyunzaidushi/ship-saas-one-click,73,17,2024-12-04T15:39:14Z,2025-07-30T08:44:26Z,TypeScript
364414746,aws-samples,aws-devops-end-to-end-workshop,https://github.com/aws-samples/aws-devops-end-to-end-workshop,73,39,2021-05-04T23:43:29Z,2025-08-11T00:41:03Z,TypeScript
373372011,sarthakpranesh,react-native-everywhere,https://github.com/sarthakpranesh/react-native-everywhere,73,14,2021-06-03T03:41:28Z,2025-07-26T23:11:29Z,TypeScript
819266772,lucafaggianelli,pocket-saas,https://github.com/lucafaggianelli/pocket-saas,73,9,2024-06-24T07:06:58Z,2025-08-07T13:27:28Z,TypeScript
437592415,drakeaxelrod,json-resume-service,https://github.com/drakeaxelrod/json-resume-service,73,32,2021-12-12T16:07:59Z,2025-05-04T22:53:59Z,TypeScript
723154755,langchain-ai,langchain-cloudflare-nuxt-template,https://github.com/langchain-ai/langchain-cloudflare-nuxt-template,73,11,2023-11-24T20:47:12Z,2025-08-04T22:05:07Z,TypeScript
562184380,effect-app,boilerplate,https://github.com/effect-app/boilerplate,72,11,2022-11-05T15:09:33Z,2025-08-09T11:54:54Z,TypeScript
352161921,rodion-arr,nestjs-starter-kit,https://github.com/rodion-arr/nestjs-starter-kit,72,11,2021-03-27T19:42:24Z,2025-08-09T18:39:20Z,TypeScript
727409531,jatindotdev,express-drizzle-postgres-starter,https://github.com/jatindotdev/express-drizzle-postgres-starter,72,5,2023-12-04T20:01:46Z,2025-07-23T17:18:29Z,TypeScript
355315167,juicycleff,ultimate-backend-boilerplate,https://github.com/juicycleff/ultimate-backend-boilerplate,72,16,2021-04-06T20:01:55Z,2025-07-16T09:29:22Z,TypeScript
525112798,WrathChaos,react-native-typescript-zustand-boilerplate,https://github.com/WrathChaos/react-native-typescript-zustand-boilerplate,72,13,2022-08-15T19:27:31Z,2025-08-02T07:35:33Z,TypeScript
818917503,a0m0rajab,rnr-base-bare,https://github.com/a0m0rajab/rnr-base-bare,72,9,2024-06-23T08:52:06Z,2025-08-03T23:58:14Z,TypeScript
665406853,dougwithseismic,react-tailwind-chrome-extension-template,https://github.com/dougwithseismic/react-tailwind-chrome-extension-template,72,13,2023-07-12T06:20:49Z,2025-07-18T01:08:19Z,TypeScript
561723709,M-Media-Group,Vue3-SPA-starter-template,https://github.com/M-Media-Group/Vue3-SPA-starter-template,72,12,2022-11-04T10:48:36Z,2025-08-09T12:21:47Z,TypeScript
504631606,aziznal,typescript-clean-architecture,https://github.com/aziznal/typescript-clean-architecture,72,24,2022-06-17T18:13:12Z,2025-03-09T12:06:53Z,TypeScript
129868314,jeffreylanters,react-unity-webgl-template,https://github.com/jeffreylanters/react-unity-webgl-template,72,31,2018-04-17T07:59:40Z,2025-07-30T16:25:42Z,TypeScript
857560900,fusionary,turbo-payload,https://github.com/fusionary/turbo-payload,72,3,2024-09-15T01:19:53Z,2025-07-20T19:01:00Z,TypeScript
899664731,imohitarora,superepo,https://github.com/imohitarora/superepo,72,8,2024-12-06T18:36:42Z,2025-07-25T11:06:35Z,TypeScript
238847207,IBM,template-node-typescript,https://github.com/IBM/template-node-typescript,71,41,2020-02-07T04:59:04Z,2025-03-12T05:11:42Z,TypeScript
382661746,one-aalam,solid-starter-kit,https://github.com/one-aalam/solid-starter-kit,71,5,2021-07-03T16:28:40Z,2025-06-10T16:39:34Z,TypeScript
765801476,phaserjs,template-svelte,https://github.com/phaserjs/template-svelte,71,14,2024-03-01T16:36:44Z,2025-08-04T16:03:08Z,TypeScript
697596653,entry-point-community,v6-app,https://github.com/entry-point-community/v6-app,71,0,2023-09-28T04:30:56Z,2025-07-07T08:26:01Z,TypeScript
519525149,Eished,tampermonkey-template,https://github.com/Eished/tampermonkey-template,71,15,2022-07-30T13:34:08Z,2025-07-24T16:19:45Z,TypeScript
575411792,wayofdev,next-starter-tpl,https://github.com/wayofdev/next-starter-tpl,70,8,2022-12-07T13:04:57Z,2025-07-23T16:16:28Z,TypeScript
608639348,richard-unterberg,leaflet-nextjs-ts-starter,https://github.com/richard-unterberg/leaflet-nextjs-ts-starter,70,11,2023-03-02T12:44:55Z,2025-08-10T15:25:48Z,TypeScript
421966400,iMuzz,web3-starter,https://github.com/iMuzz/web3-starter,70,21,2021-10-27T20:36:39Z,2025-07-25T05:08:13Z,TypeScript
951694053,cyanheads,mcp-ts-template,https://github.com/cyanheads/mcp-ts-template,70,7,2025-03-20T05:07:04Z,2025-08-11T01:28:07Z,TypeScript
757470060,phaserjs,template-vue-ts,https://github.com/phaserjs/template-vue-ts,70,12,2024-02-14T15:03:51Z,2025-07-31T14:31:12Z,TypeScript
284814356,baileyherbert,svelte-webpack-starter,https://github.com/baileyherbert/svelte-webpack-starter,69,21,2020-08-03T21:49:38Z,2025-02-02T20:28:29Z,TypeScript
494429455,yugasun,vue-ts-starter,https://github.com/yugasun/vue-ts-starter,69,10,2022-05-20T10:59:51Z,2025-07-08T06:43:55Z,TypeScript
544665441,hasparus,zaduma,https://github.com/hasparus/zaduma,69,4,2022-10-03T02:18:39Z,2025-08-01T23:38:30Z,TypeScript
760095032,packdigital,pack-hydrogen-theme-blueprint,https://github.com/packdigital/pack-hydrogen-theme-blueprint,69,22,2024-02-19T19:20:46Z,2025-08-07T15:57:56Z,TypeScript
446712673,twilio-professional-services,flex-project-template,https://github.com/twilio-professional-services/flex-project-template,69,76,2022-01-11T07:03:02Z,2025-08-02T02:07:41Z,TypeScript
674991471,turbopress,turbopress,https://github.com/turbopress/turbopress,69,8,2023-08-05T12:12:51Z,2025-07-20T19:00:59Z,TypeScript
199378475,fand,MDMT,https://github.com/fand/MDMT,69,4,2019-07-29T04:31:38Z,2025-07-28T08:44:46Z,TypeScript
362978328,dittowords,figma-plugin-react-template,https://github.com/dittowords/figma-plugin-react-template,69,4,2021-04-30T00:03:02Z,2025-02-09T06:22:06Z,TypeScript
647307310,cosmicjs,simple-nextjs-blog,https://github.com/cosmicjs/simple-nextjs-blog,69,25,2023-05-30T13:53:41Z,2025-07-21T14:21:02Z,TypeScript
360109007,upleveled,notion-backup,https://github.com/upleveled/notion-backup,69,9,2021-04-21T09:27:11Z,2025-08-09T12:49:46Z,TypeScript
235270729,junhoyeo,trendy-resume,https://github.com/junhoyeo/trendy-resume,69,5,2020-01-21T06:25:25Z,2024-11-10T17:09:04Z,TypeScript
519489659,Pedrojok01,Web3-Boilerplate,https://github.com/Pedrojok01/Web3-Boilerplate,68,37,2022-07-30T10:47:03Z,2025-08-10T15:39:56Z,TypeScript
311777627,edgarlr,magazine,https://github.com/edgarlr/magazine,68,19,2020-11-10T20:32:28Z,2025-07-01T12:07:30Z,TypeScript
366736596,multiversx,mx-template-dapp,https://github.com/multiversx/mx-template-dapp,68,79,2021-05-12T14:05:00Z,2025-07-19T20:23:08Z,TypeScript
298342645,themetalfleece,nodejs-typescript-template,https://github.com/themetalfleece/nodejs-typescript-template,68,27,2020-09-24T17:01:44Z,2025-08-09T00:18:03Z,TypeScript
874524766,nextjs,deploy-sst,https://github.com/nextjs/deploy-sst,68,3,2024-10-18T01:41:46Z,2025-08-09T21:39:04Z,TypeScript
242888727,fmfe,vue-genesis-micro,https://github.com/fmfe/vue-genesis-micro,68,16,2020-02-25T02:14:14Z,2023-10-20T06:43:01Z,TypeScript
589002353,AlbertHernandez,hexagonal-architecture-typescript-service-template,https://github.com/AlbertHernandez/hexagonal-architecture-typescript-service-template,67,26,2023-01-14T18:39:33Z,2025-07-17T12:06:42Z,TypeScript
800912264,netlify-templates,astro-sanity-starter,https://github.com/netlify-templates/astro-sanity-starter,67,74,2024-05-15T08:34:43Z,2025-08-04T11:57:31Z,TypeScript
440042324,sergiodxa,remix-auth-strategy-template,https://github.com/sergiodxa/remix-auth-strategy-template,67,15,2021-12-20T04:30:18Z,2025-07-16T19:27:25Z,TypeScript
323917426,arvinxx,umi-chrome-extensions-template,https://github.com/arvinxx/umi-chrome-extensions-template,67,8,2020-12-23T14:02:39Z,2025-08-07T03:07:46Z,TypeScript
762410010,thirdweb-example,next-starter,https://github.com/thirdweb-example/next-starter,66,51,2024-02-23T18:10:38Z,2025-08-07T04:27:55Z,TypeScript
330517045,andrenbrandao,serverless-typescript-boilerplate,https://github.com/andrenbrandao/serverless-typescript-boilerplate,66,14,2021-01-18T00:42:25Z,2025-02-05T14:59:13Z,TypeScript
611101888,arifszn,reforge,https://github.com/arifszn/reforge,66,18,2023-03-08T05:30:03Z,2025-08-05T08:39:06Z,TypeScript
653055362,rajput-hemant,nextjs-template,https://github.com/rajput-hemant/nextjs-template,66,4,2023-06-13T10:18:05Z,2025-08-02T08:16:09Z,TypeScript
605093060,different-ai,chat-gpt-powered-nextra,https://github.com/different-ai/chat-gpt-powered-nextra,66,10,2023-02-22T12:35:15Z,2025-07-26T16:31:06Z,TypeScript
353085989,devianllert,nextplate,https://github.com/devianllert/nextplate,66,4,2021-03-30T17:29:59Z,2025-07-25T01:17:06Z,TypeScript
489628361,gjuchault,typescript-library-starter,https://github.com/gjuchault/typescript-library-starter,65,3,2022-05-07T09:25:29Z,2025-08-09T17:56:36Z,TypeScript
822209275,egoist,tauri-starter,https://github.com/egoist/tauri-starter,65,0,2024-06-30T15:29:12Z,2025-02-05T02:26:40Z,TypeScript
165332029,papyrcms,papyrcms,https://github.com/papyrcms/papyrcms,65,11,2019-01-12T01:11:32Z,2022-12-26T21:57:09Z,TypeScript
169792693,ryohlan,next-ts-template,https://github.com/ryohlan/next-ts-template,65,12,2019-02-08T20:11:58Z,2022-11-16T19:08:55Z,TypeScript
769137068,Innei,book-ssg-template,https://github.com/Innei/book-ssg-template,65,5,2024-03-08T12:22:53Z,2025-08-07T13:44:37Z,TypeScript
395348137,KOBA789,itzmono-vite,https://github.com/KOBA789/itzmono-vite,65,2,2021-08-12T14:34:49Z,2025-08-08T21:36:15Z,TypeScript
930570124,ethereum-optimism,superchain-starter,https://github.com/ethereum-optimism/superchain-starter,64,47,2025-02-10T21:06:03Z,2025-08-08T21:24:12Z,TypeScript
520933801,Cinnamon-Agency,template-nextjs,https://github.com/Cinnamon-Agency/template-nextjs,64,49,2022-08-03T15:23:11Z,2025-07-27T02:52:04Z,TypeScript
351486137,ptkdev-boilerplate,node-telegram-bot-boilerplate,https://github.com/ptkdev-boilerplate/node-telegram-bot-boilerplate,64,6,2021-03-25T15:30:37Z,2025-07-07T11:23:45Z,TypeScript
361065171,ubershmekel,vite-phaser-ts-starter,https://github.com/ubershmekel/vite-phaser-ts-starter,64,6,2021-04-24T03:55:23Z,2024-07-21T03:28:49Z,TypeScript
569688854,emre-cil,vite-mui-ts,https://github.com/emre-cil/vite-mui-ts,64,15,2022-11-23T11:52:43Z,2025-08-10T00:45:11Z,TypeScript
576234803,xbmlz,vitesse-solid,https://github.com/xbmlz/vitesse-solid,64,1,2022-12-09T10:30:46Z,2025-06-18T03:15:35Z,TypeScript
237642530,gabriel-roque,reactnest-boilerplate,https://github.com/gabriel-roque/reactnest-boilerplate,95,7,2020-02-01T16:25:13Z,2025-03-17T00:24:12Z,TypeScript
343223271,twstyled,electron-vite-react,https://github.com/twstyled/electron-vite-react,95,20,2021-02-28T21:54:22Z,2025-03-12T12:50:13Z,TypeScript
794478639,adebayoileri,universal-app-starter,https://github.com/adebayoileri/universal-app-starter,95,15,2024-05-01T09:07:45Z,2025-08-08T14:08:16Z,TypeScript
576738424,jasonsturges,vite-typescript-npm-package,https://github.com/jasonsturges/vite-typescript-npm-package,95,6,2022-12-10T20:23:06Z,2025-06-04T15:12:47Z,TypeScript
479737569,ndom91,next-auth-example-sign-in-page,https://github.com/ndom91/next-auth-example-sign-in-page,95,31,2022-04-09T13:40:55Z,2025-05-16T15:55:47Z,TypeScript
331040739,nuxt-themes,docus-docs-starter,https://github.com/nuxt-themes/docus-docs-starter,94,23,2021-01-19T16:25:54Z,2025-08-05T07:54:25Z,TypeScript
237721899,tjx666,react-typescript-boilerplate,https://github.com/tjx666/react-typescript-boilerplate,94,29,2020-02-02T05:11:05Z,2025-07-10T21:55:40Z,TypeScript
487406019,SaraVieira,next-fullstack-starter,https://github.com/SaraVieira/next-fullstack-starter,94,7,2022-04-30T23:50:39Z,2025-03-19T11:47:10Z,TypeScript
443238635,zmtlwzy,zmtlwzy-admin,https://github.com/zmtlwzy/zmtlwzy-admin,94,26,2021-12-31T03:00:35Z,2025-08-02T02:37:59Z,TypeScript
694921887,itsyoboieltr,dbest-stack,https://github.com/itsyoboieltr/dbest-stack,94,4,2023-09-22T01:12:33Z,2025-07-27T11:24:14Z,TypeScript
233832487,elastic,next-eui-starter,https://github.com/elastic/next-eui-starter,93,29,2020-01-14T12:05:34Z,2024-12-14T15:35:59Z,TypeScript
579048179,privy-io,create-next-app,https://github.com/privy-io/create-next-app,93,97,2022-12-16T14:27:08Z,2025-08-08T15:16:50Z,TypeScript
761334468,JfrAziz,remix,https://github.com/JfrAziz/remix,93,1,2024-02-21T17:15:52Z,2025-06-10T08:21:45Z,TypeScript
737153557,product-makers-hub,open-micro-saas,https://github.com/product-makers-hub/open-micro-saas,92,7,2023-12-30T02:01:16Z,2025-07-31T21:16:00Z,TypeScript
405092735,innei-template,nest-http-boilerplate,https://github.com/innei-template/nest-http-boilerplate,92,9,2021-09-10T13:36:36Z,2025-06-30T14:42:37Z,TypeScript
262682638,eXamadeus,next-emotion,https://github.com/eXamadeus/next-emotion,92,5,2020-05-10T00:17:32Z,2024-12-08T15:41:24Z,TypeScript
546279779,awohletz,electron-prisma-trpc-example,https://github.com/awohletz/electron-prisma-trpc-example,92,8,2022-10-05T20:46:00Z,2025-07-13T03:48:44Z,TypeScript
568875594,contentful,template-ecommerce-webapp-nextjs,https://github.com/contentful/template-ecommerce-webapp-nextjs,91,67,2022-11-21T15:43:29Z,2025-08-09T14:29:29Z,TypeScript
378134429,Zenquan,react-admin-template,https://github.com/Zenquan/react-admin-template,91,13,2021-06-18T11:52:36Z,2025-04-24T06:05:49Z,TypeScript
789547853,TheSleepyKoala,Svelcordity,https://github.com/TheSleepyKoala/Svelcordity,91,7,2024-04-20T21:24:37Z,2025-07-18T07:11:39Z,TypeScript
457806962,semaphore-protocol,boilerplate,https://github.com/semaphore-protocol/boilerplate,90,40,2022-02-10T14:11:06Z,2025-05-06T21:16:08Z,TypeScript
802285817,mahmudz,laravel-shadcn-starter-template,https://github.com/mahmudz/laravel-shadcn-starter-template,90,16,2024-05-17T22:37:43Z,2025-08-06T19:10:40Z,TypeScript
494500499,Mohammad-Faisal,professional-express-sequelize-docker-boilerplate,https://github.com/Mohammad-Faisal/professional-express-sequelize-docker-boilerplate,90,17,2022-05-20T14:41:07Z,2025-07-30T17:25:35Z,TypeScript
847567146,langchain-ai,react-agent-js,https://github.com/langchain-ai/react-agent-js,90,38,2024-08-26T05:45:27Z,2025-08-07T17:10:33Z,TypeScript
911443331,makerkit,react-native-expo-turbo-saas-kit,https://github.com/makerkit/react-native-expo-turbo-saas-kit,89,18,2025-01-03T03:13:13Z,2025-08-10T20:49:50Z,TypeScript
408252062,ederssouza,reactjs-auth-boilerplate,https://github.com/ederssouza/reactjs-auth-boilerplate,89,23,2021-09-19T22:36:51Z,2025-08-06T14:17:35Z,TypeScript
729502613,MichaelYuhe,chrome-extension-starter,https://github.com/MichaelYuhe/chrome-extension-starter,89,8,2023-12-09T12:43:01Z,2025-08-07T12:29:51Z,TypeScript
758671532,yeasin2002,react-ts-starter,https://github.com/yeasin2002/react-ts-starter,88,20,2024-02-16T20:17:05Z,2025-08-07T23:36:00Z,TypeScript
864723319,michaelshimeles,hono-starter-kit,https://github.com/michaelshimeles/hono-starter-kit,88,20,2024-09-29T01:48:42Z,2025-08-08T01:55:18Z,TypeScript
719720439,bidah,universal-nativewind-v4-starter,https://github.com/bidah/universal-nativewind-v4-starter,88,9,2023-11-16T18:59:50Z,2025-08-04T20:03:58Z,TypeScript
219867151,Sebastp,Next-react-graphql-apollo_Boostrap,https://github.com/Sebastp/Next-react-graphql-apollo_Boostrap,88,17,2019-11-05T23:03:37Z,2025-07-29T05:19:47Z,TypeScript
874537546,nextjs,deploy-render,https://github.com/nextjs/deploy-render,88,12,2024-10-18T02:30:33Z,2025-07-22T21:15:16Z,TypeScript
335599020,Vadorequest,rwa-faunadb-reaflow-nextjs-magic,https://github.com/Vadorequest/rwa-faunadb-reaflow-nextjs-magic,88,14,2021-02-03T11:14:31Z,2025-05-14T08:29:14Z,TypeScript
605465542,hongfaqiu,nextjs13-with-antd-tailwindcss,https://github.com/hongfaqiu/nextjs13-with-antd-tailwindcss,88,16,2023-02-23T08:03:38Z,2025-01-21T07:18:45Z,TypeScript
168910932,NomicFoundation,hardhat-ts-plugin-boilerplate,https://github.com/NomicFoundation/hardhat-ts-plugin-boilerplate,87,49,2019-02-03T04:56:13Z,2025-07-22T11:33:38Z,TypeScript
518902255,apicgg,vite-mern-template,https://github.com/apicgg/vite-mern-template,87,15,2022-07-28T15:35:32Z,2025-08-06T13:47:31Z,TypeScript
316731523,abhishekbhardwaj,chakraui-react-next.js-typescript-eslint-jest-starter,https://github.com/abhishekbhardwaj/chakraui-react-next.js-typescript-eslint-jest-starter,87,7,2020-11-28T12:42:50Z,2025-02-09T22:01:51Z,TypeScript
374655081,kutia-software-company,vue3-starter,https://github.com/kutia-software-company/vue3-starter,87,17,2021-06-07T12:18:44Z,2025-06-24T18:41:36Z,TypeScript
370855568,ixkaito,nextsss,https://github.com/ixkaito/nextsss,87,8,2021-05-25T23:46:48Z,2025-02-07T08:37:38Z,TypeScript
951208840,rish9600,viralaiugc,https://github.com/rish9600/viralaiugc,87,69,2025-03-19T10:24:58Z,2025-07-17T16:42:40Z,TypeScript
231253304,ModDota,TypeScriptAddonTemplate,https://github.com/ModDota/TypeScriptAddonTemplate,87,26,2020-01-01T19:06:44Z,2025-08-05T16:08:20Z,TypeScript
127431854,JohnnyDevNull,ng-babylon-template,https://github.com/JohnnyDevNull/ng-babylon-template,87,27,2018-03-30T13:34:14Z,2025-04-05T14:20:12Z,TypeScript
329216577,oliverschwendener,electron-fluent-ui,https://github.com/oliverschwendener/electron-fluent-ui,87,14,2021-01-13T06:37:51Z,2025-08-07T06:05:13Z,TypeScript
601268366,adevinwild,micro-ts,https://github.com/adevinwild/micro-ts,87,2,2023-02-13T18:02:11Z,2025-01-28T00:42:11Z,TypeScript
529912404,eason-dev,nextjs-tailwind-contentlayer-blog-starter,https://github.com/eason-dev/nextjs-tailwind-contentlayer-blog-starter,86,14,2022-08-28T16:10:31Z,2025-08-06T19:30:46Z,TypeScript
426874017,NetCoreTemplates,nextjs,https://github.com/NetCoreTemplates/nextjs,86,11,2021-11-11T04:49:15Z,2025-07-22T03:13:04Z,TypeScript
796092573,rajatsandeepsen,better-starter-kit,https://github.com/rajatsandeepsen/better-starter-kit,86,3,2024-05-04T22:58:32Z,2025-08-01T20:28:34Z,TypeScript
624789337,ascorbic,daneel,https://github.com/ascorbic/daneel,86,38,2023-04-07T09:04:11Z,2025-08-10T23:11:22Z,TypeScript
669976820,condorheroblog,react-antd-admin,https://github.com/condorheroblog/react-antd-admin,86,24,2023-07-24T02:48:13Z,2025-08-11T02:52:17Z,TypeScript
360981855,1Password,electron-secure-defaults,https://github.com/1Password/electron-secure-defaults,86,3,2021-04-23T19:08:17Z,2025-07-08T08:18:52Z,TypeScript
917753471,TommyLec,SelfKit,https://github.com/TommyLec/SelfKit,86,1,2025-01-16T15:29:31Z,2025-07-19T17:03:42Z,TypeScript
580618661,rachtsingh,obsidian-rust-template,https://github.com/rachtsingh/obsidian-rust-template,86,6,2022-12-21T02:22:12Z,2025-07-01T20:38:00Z,TypeScript
490372710,i4o-oss,synthwave-stack,https://github.com/i4o-oss/synthwave-stack,86,8,2022-05-09T17:01:58Z,2025-05-13T20:27:26Z,TypeScript
254466227,MicrosoftDocs,mslearn-staticwebapp,https://github.com/MicrosoftDocs/mslearn-staticwebapp,85,108,2020-04-09T19:58:17Z,2025-07-22T06:15:15Z,TypeScript
402300664,moinulmoin,vite-react-tailwind-starter,https://github.com/moinulmoin/vite-react-tailwind-starter,85,35,2021-09-02T05:27:51Z,2025-07-17T19:42:31Z,TypeScript
505070446,lazercaveman,nuxt-starter,https://github.com/lazercaveman/nuxt-starter,85,25,2022-06-19T09:56:13Z,2025-08-08T18:03:12Z,TypeScript
502766773,olgam4,bat,https://github.com/olgam4/bat,85,3,2022-06-13T01:14:52Z,2025-08-03T21:57:54Z,TypeScript
714440217,baselime,baselime-nextjs-template,https://github.com/baselime/baselime-nextjs-template,85,20,2023-11-04T21:49:52Z,2025-07-11T00:19:35Z,TypeScript
764944722,vue-zone,nuxt-vant-mobile,https://github.com/vue-zone/nuxt-vant-mobile,85,13,2024-02-29T01:48:18Z,2025-08-10T14:43:34Z,TypeScript
818661208,Aidbase,ai-chat-website,https://github.com/Aidbase/ai-chat-website,85,15,2024-06-22T13:35:51Z,2025-08-09T20:10:38Z,TypeScript
158705792,bndynet,admin-template-for-react,https://github.com/bndynet/admin-template-for-react,84,31,2018-11-22T13:47:12Z,2024-12-14T15:35:28Z,TypeScript
362971264,jzxhuang,nextjs-discord-bot,https://github.com/jzxhuang/nextjs-discord-bot,84,17,2021-04-29T23:18:30Z,2025-08-06T06:51:35Z,TypeScript
670909430,luochuanyuewu,nextus,https://github.com/luochuanyuewu/nextus,84,11,2023-07-26T05:45:14Z,2025-08-06T18:28:12Z,TypeScript
489296205,rhidium,rhidium,https://github.com/rhidium/rhidium,84,8,2022-05-06T09:34:30Z,2025-07-31T14:29:24Z,TypeScript
792555698,aws-samples,amplify-vite-react-template,https://github.com/aws-samples/amplify-vite-react-template,83,170,2024-04-26T23:22:51Z,2025-07-31T18:40:14Z,TypeScript
649616290,DarkGuy10,NextJS-Electron-Boilerplate,https://github.com/DarkGuy10/NextJS-Electron-Boilerplate,83,19,2023-06-05T09:10:27Z,2025-07-30T15:57:55Z,TypeScript
348569794,obsidian-community,obsidian-react-starter,https://github.com/obsidian-community/obsidian-react-starter,83,4,2021-03-17T03:37:34Z,2025-08-03T11:15:48Z,TypeScript
448304254,alexcarpenter,nextjs-mdx-blog-theme,https://github.com/alexcarpenter/nextjs-mdx-blog-theme,83,19,2022-01-15T14:45:02Z,2025-06-30T20:30:53Z,TypeScript
304490558,AnomalyInnovations,serverless-typescript-starter,https://github.com/AnomalyInnovations/serverless-typescript-starter,83,20,2020-10-16T01:43:41Z,2025-05-29T06:16:16Z,TypeScript
874378239,nextjs,deploy-deno,https://github.com/nextjs/deploy-deno,83,24,2024-10-17T18:07:33Z,2025-06-30T18:44:10Z,TypeScript
699273788,AminoffZ,catonaut,https://github.com/AminoffZ/catonaut,83,5,2023-10-02T09:55:17Z,2025-08-05T12:31:19Z,TypeScript
775709424,philparzer,website-v3,https://github.com/philparzer/website-v3,83,15,2024-03-21T22:30:43Z,2025-08-02T11:22:42Z,TypeScript
372958061,remotion-dev,template-three,https://github.com/remotion-dev/template-three,82,13,2021-06-01T20:49:54Z,2025-08-06T17:38:53Z,TypeScript
923945751,CodeGuide-dev,codeguide-starter-pro,https://github.com/CodeGuide-dev/codeguide-starter-pro,82,26,2025-01-29T05:45:22Z,2025-07-15T08:33:20Z,TypeScript
208252911,abedzantout,nextjs-blog-starter-kit,https://github.com/abedzantout/nextjs-blog-starter-kit,82,20,2019-09-13T11:39:43Z,2024-08-26T11:51:33Z,TypeScript
216902208,shnydercom,lerna-typescript-cra-uilib-starter,https://github.com/shnydercom/lerna-typescript-cra-uilib-starter,82,18,2019-10-22T20:18:46Z,2024-08-01T10:58:03Z,TypeScript
481794382,fell-lucas,chrome-extension-template-preact-vite,https://github.com/fell-lucas/chrome-extension-template-preact-vite,82,5,2022-04-15T01:00:51Z,2025-03-21T21:08:17Z,TypeScript
414851377,PDMLab,vite-react-typescript-tailwind-starter,https://github.com/PDMLab/vite-react-typescript-tailwind-starter,81,32,2021-10-08T04:58:51Z,2025-04-09T12:57:07Z,TypeScript
733726710,AztecProtocol,aztec-starter,https://github.com/AztecProtocol/aztec-starter,81,77,2023-12-20T01:41:12Z,2025-07-30T12:45:34Z,TypeScript
914873230,nuxtlabs,nuxt-ui-vue-starter,https://github.com/nuxtlabs/nuxt-ui-vue-starter,81,6,2025-01-10T13:37:50Z,2025-07-30T10:59:51Z,TypeScript
447004469,kevinshen56714,create-react-phaser3-app,https://github.com/kevinshen56714/create-react-phaser3-app,81,27,2022-01-11T22:46:42Z,2025-05-21T22:22:44Z,TypeScript
892261259,ChristophHandschuh,chatbot-ui,https://github.com/ChristophHandschuh/chatbot-ui,81,37,2024-11-21T19:37:16Z,2025-08-01T05:21:48Z,TypeScript
803290136,cjxe,nextjs-d1-drizzle-cloudflare-pages,https://github.com/cjxe/nextjs-d1-drizzle-cloudflare-pages,81,15,2024-05-20T12:49:37Z,2025-08-09T17:30:30Z,TypeScript
528460141,JessicaSachs,petite,https://github.com/JessicaSachs/petite,81,5,2022-08-24T14:28:39Z,2025-06-24T16:38:20Z,TypeScript
695687470,AlexStack,nextjs-materia-mui-typescript-hook-form-scaffold-boilerplate-starter,https://github.com/AlexStack/nextjs-materia-mui-typescript-hook-form-scaffold-boilerplate-starter,80,6,2023-09-23T22:38:13Z,2025-07-16T08:16:37Z,TypeScript
172008748,pankod,react-native-boilerplate,https://github.com/pankod/react-native-boilerplate,80,19,2019-02-22T06:41:27Z,2025-04-27T10:58:06Z,TypeScript
553322455,RoyRao2333,template-vite-react-ts-tailwind,https://github.com/RoyRao2333/template-vite-react-ts-tailwind,80,15,2022-10-18T03:29:33Z,2025-08-05T04:21:14Z,TypeScript
452043569,Azure-Samples,todo-csharp-sql,https://github.com/Azure-Samples/todo-csharp-sql,80,58,2022-01-25T21:11:34Z,2025-08-05T20:24:29Z,TypeScript
193178291,proyecto26,MyApp,https://github.com/proyecto26/MyApp,80,27,2019-06-22T01:36:15Z,2025-08-09T19:56:51Z,TypeScript
269219308,EdJoPaTo,telegram-typescript-bot-template,https://github.com/EdJoPaTo/telegram-typescript-bot-template,80,15,2020-06-03T23:55:19Z,2025-08-01T14:34:56Z,TypeScript
201827957,Borodutch,backend-starter,https://github.com/Borodutch/backend-starter,127,107,2019-08-11T23:53:58Z,2025-08-07T11:55:26Z,TypeScript
494582269,marc2332,tauri-deno-starter,https://github.com/marc2332/tauri-deno-starter,127,16,2022-05-20T19:18:57Z,2025-05-16T01:30:52Z,TypeScript
793161649,notrab,turso-per-user-starter,https://github.com/notrab/turso-per-user-starter,127,17,2024-04-28T15:49:36Z,2025-08-09T04:07:15Z,TypeScript
308871599,thisisagile,easy,https://github.com/thisisagile/easy,127,19,2020-10-31T11:58:31Z,2025-07-24T04:49:03Z,TypeScript
399021904,agustinusnathaniel,nextarter-tailwind,https://github.com/agustinusnathaniel/nextarter-tailwind,124,9,2021-08-23T08:05:06Z,2025-08-04T03:13:23Z,TypeScript
527677585,payloadcms,remix-server,https://github.com/payloadcms/remix-server,124,18,2022-08-22T18:01:43Z,2025-07-28T06:08:19Z,TypeScript
483240264,MetaMask,template-snap-monorepo,https://github.com/MetaMask/template-snap-monorepo,124,91,2022-04-19T12:37:41Z,2025-08-07T03:08:59Z,TypeScript
647831881,ozzyonfire,shopify-next-app,https://github.com/ozzyonfire/shopify-next-app,124,13,2023-05-31T15:59:09Z,2025-07-31T20:23:06Z,TypeScript
665968219,howardpen9,nft-template-in-tact,https://github.com/howardpen9/nft-template-in-tact,124,28,2023-07-13T12:02:57Z,2025-08-04T15:25:09Z,TypeScript
667526277,CaliCastle,cali-fm,https://github.com/CaliCastle/cali-fm,124,18,2023-07-17T17:52:26Z,2025-07-15T02:36:52Z,TypeScript
199719100,nodegui,nodegui-starter,https://github.com/nodegui/nodegui-starter,123,32,2019-07-30T20:01:52Z,2024-06-07T23:18:19Z,TypeScript
420417225,jellydn,fastify-starter,https://github.com/jellydn/fastify-starter,123,11,2021-10-23T13:15:28Z,2025-08-10T17:29:22Z,TypeScript
560876495,mauriciobraz,next.js-telegram-webapp,https://github.com/mauriciobraz/next.js-telegram-webapp,123,27,2022-11-02T13:17:39Z,2025-07-01T20:52:37Z,TypeScript
401718174,fabien-ml,react-ts-vite-template,https://github.com/fabien-ml/react-ts-vite-template,122,31,2021-08-31T13:43:35Z,2025-04-16T12:41:21Z,TypeScript
464082037,choisohyun,react-vite-ts-boilerplate,https://github.com/choisohyun/react-vite-ts-boilerplate,122,13,2022-02-27T08:40:46Z,2025-08-08T20:41:05Z,TypeScript
317218812,lightsound,nexst-tailwind,https://github.com/lightsound/nexst-tailwind,121,21,2020-11-30T12:36:25Z,2025-07-31T05:01:39Z,TypeScript
375773483,ourzora,create-auction-house,https://github.com/ourzora/create-auction-house,121,46,2021-06-10T17:09:36Z,2025-07-23T11:25:27Z,TypeScript
90859965,madebywild,wild-next,https://github.com/madebywild/wild-next,121,17,2017-05-10T12:08:13Z,2025-08-01T13:50:35Z,TypeScript
461228867,sawhney17,logseq-pdf-export,https://github.com/sawhney17/logseq-pdf-export,121,10,2022-02-19T15:17:50Z,2025-07-07T01:52:09Z,TypeScript
435755723,lexmin0412,taro3-react-template,https://github.com/lexmin0412/taro3-react-template,121,38,2021-12-07T05:33:16Z,2025-07-06T10:28:33Z,TypeScript
484149608,ManiruzzamanAkash,wp-react-kit,https://github.com/ManiruzzamanAkash/wp-react-kit,121,33,2022-04-21T17:44:59Z,2025-06-07T09:15:37Z,TypeScript
410848432,NoahDuongMaster,nextjs-boilerplate,https://github.com/NoahDuongMaster/nextjs-boilerplate,120,44,2021-09-27T11:00:32Z,2025-07-29T22:05:18Z,TypeScript
777216656,phaserjs,template-nextjs,https://github.com/phaserjs/template-nextjs,120,41,2024-03-25T12:39:12Z,2025-08-04T18:21:43Z,TypeScript
991821397,f,mcp-startup-framework,https://github.com/f/mcp-startup-framework,120,10,2025-05-28T07:43:25Z,2025-07-29T10:57:25Z,TypeScript
780417230,rezasohrabi,chrome-ext-starter,https://github.com/rezasohrabi/chrome-ext-starter,119,20,2024-04-01T12:44:39Z,2025-08-10T18:31:28Z,TypeScript
907604400,lifefloating,nestjs-project-template,https://github.com/lifefloating/nestjs-project-template,119,18,2024-12-24T01:21:02Z,2025-08-11T04:43:49Z,TypeScript
423958755,microsoft,onnxruntime-nextjs-template,https://github.com/microsoft/onnxruntime-nextjs-template,119,27,2021-11-02T18:37:31Z,2025-07-23T16:00:21Z,TypeScript
449126592,gustavomorinaga,next-plate,https://github.com/gustavomorinaga/next-plate,119,12,2022-01-18T03:24:50Z,2025-07-16T16:51:15Z,TypeScript
557700614,wunderio,next-drupal-starterkit,https://github.com/wunderio/next-drupal-starterkit,118,23,2022-10-26T06:22:04Z,2025-08-07T22:22:36Z,TypeScript
141950588,nitin27may,mean-docker,https://github.com/nitin27may/mean-docker,118,67,2018-07-23T02:22:51Z,2025-07-21T09:41:53Z,TypeScript
170030551,Naturalclar,expo-typescript-starter,https://github.com/Naturalclar/expo-typescript-starter,117,17,2019-02-10T21:41:09Z,2025-04-04T18:43:56Z,TypeScript
470461774,batu1579,hamibot-starter,https://github.com/batu1579/hamibot-starter,117,169,2022-03-16T06:35:48Z,2025-07-28T21:30:38Z,TypeScript
514682968,rubemfsv,clean-react-app,https://github.com/rubemfsv/clean-react-app,117,35,2022-07-16T20:55:21Z,2025-04-04T22:12:10Z,TypeScript
702209025,Ton-Dynasty,tondynasty-contracts,https://github.com/Ton-Dynasty/tondynasty-contracts,117,18,2023-10-08T20:02:31Z,2025-07-28T08:45:25Z,TypeScript
632089694,Indie-Creator-Community,side-project-starter-kit,https://github.com/Indie-Creator-Community/side-project-starter-kit,116,24,2023-04-24T17:29:10Z,2025-08-05T07:15:42Z,TypeScript
924206151,KaraBharat,ReactViTenStack,https://github.com/KaraBharat/ReactViTenStack,116,21,2025-01-29T15:52:03Z,2025-08-10T09:57:29Z,TypeScript
796918369,leandroercoli,SaasterKit,https://github.com/leandroercoli/SaasterKit,116,26,2024-05-06T21:34:59Z,2025-08-10T06:42:18Z,TypeScript
792459797,forge-42,open-source-stack,https://github.com/forge-42/open-source-stack,116,12,2024-04-26T18:00:46Z,2025-07-29T18:46:20Z,TypeScript
134401061,rsuite,rsuite-admin-template,https://github.com/rsuite/rsuite-admin-template,116,75,2018-05-22T10:47:13Z,2025-04-29T17:12:32Z,TypeScript
559357734,mattstam,solidity-template,https://github.com/mattstam/solidity-template,115,17,2022-10-29T21:30:06Z,2025-04-13T14:06:40Z,TypeScript
465981532,andrechristikan,ack-nestjs-boilerplate-kafka,https://github.com/andrechristikan/ack-nestjs-boilerplate-kafka,115,22,2022-03-04T04:27:45Z,2025-07-12T23:52:33Z,TypeScript
794810506,travisvn,supabase-pause-prevention,https://github.com/travisvn/supabase-pause-prevention,115,17,2024-05-02T02:09:03Z,2025-08-06T15:39:44Z,TypeScript
321941623,amanusk,hardhat-template,https://github.com/amanusk/hardhat-template,114,53,2020-12-16T10:06:30Z,2025-01-10T20:40:54Z,TypeScript
463139265,ascii-16,react-query-zustand-ts-vite-boilerplate,https://github.com/ascii-16/react-query-zustand-ts-vite-boilerplate,113,25,2022-02-24T12:26:19Z,2025-08-08T21:02:21Z,TypeScript
297946935,jjunior96,next-template,https://github.com/jjunior96/next-template,113,25,2020-09-23T11:24:14Z,2025-05-29T12:27:10Z,TypeScript
616779221,howardpen9,jetton-implementation-in-tact,https://github.com/howardpen9/jetton-implementation-in-tact,113,41,2023-03-21T04:00:05Z,2025-08-06T06:06:42Z,TypeScript
185643958,cerinoligutom,GraphQL-Starter,https://github.com/cerinoligutom/GraphQL-Starter,112,26,2019-05-08T16:36:48Z,2025-07-01T23:30:37Z,TypeScript
281230079,vuongddang,nextjs-tailwindcss-typescript-starter,https://github.com/vuongddang/nextjs-tailwindcss-typescript-starter,112,26,2020-07-20T21:32:51Z,2024-10-23T11:28:41Z,TypeScript
544786755,gurvancampion,turborepo-nuxt-boilerplate,https://github.com/gurvancampion/turborepo-nuxt-boilerplate,112,14,2022-10-03T08:15:39Z,2025-07-02T10:39:09Z,TypeScript
346320551,agustinusnathaniel,vite-react-chakra-starter,https://github.com/agustinusnathaniel/vite-react-chakra-starter,112,24,2021-03-10T10:42:00Z,2025-07-29T08:45:19Z,TypeScript
325879236,adrianmcli,dapp-boilerplate,https://github.com/adrianmcli/dapp-boilerplate,112,17,2020-12-31T21:59:46Z,2025-02-12T14:12:37Z,TypeScript
294908713,solidjs-community,solid-lib-starter,https://github.com/solidjs-community/solid-lib-starter,112,10,2020-09-12T09:07:17Z,2025-08-04T18:04:10Z,TypeScript
237316455,Experience-Monks,nextjs-boilerplate,https://github.com/Experience-Monks/nextjs-boilerplate,111,19,2020-01-30T22:16:08Z,2025-07-10T03:15:52Z,TypeScript
566522660,vivid-labs,vivid-landing-template,https://github.com/vivid-labs/vivid-landing-template,111,24,2022-11-15T21:13:07Z,2025-08-04T02:24:32Z,TypeScript
367914686,pohunchn,vite-ts-quick,https://github.com/pohunchn/vite-ts-quick,111,27,2021-05-16T15:11:57Z,2024-10-08T10:11:46Z,TypeScript
455921798,openforge,ionic-phaser-game-template,https://github.com/openforge/ionic-phaser-game-template,111,15,2022-02-05T16:25:07Z,2025-07-29T07:29:44Z,TypeScript
172948131,saheeranas,react-native-redux-boilerplate,https://github.com/saheeranas/react-native-redux-boilerplate,110,28,2019-02-27T16:13:53Z,2025-07-18T11:45:11Z,TypeScript
874580968,edgefirst-dev,starter,https://github.com/edgefirst-dev/starter,110,3,2024-10-18T05:04:11Z,2025-08-07T02:55:36Z,TypeScript
319970606,Jacky-Summer,nextjs-ts-antd-redux-storybook-starter,https://github.com/Jacky-Summer/nextjs-ts-antd-redux-storybook-starter,110,32,2020-12-09T13:49:35Z,2025-07-24T09:21:14Z,TypeScript
676473680,remotion-dev,template-next-app-dir,https://github.com/remotion-dev/template-next-app-dir,110,25,2023-08-09T09:25:48Z,2025-08-05T14:07:00Z,TypeScript
400878521,peshanghiwa,Vue3-Vite-Vuetify3-Typescript-Template,https://github.com/peshanghiwa/Vue3-Vite-Vuetify3-Typescript-Template,110,25,2021-08-28T19:52:40Z,2025-07-02T06:11:42Z,TypeScript
397638776,innei-template,smart-webapp-template,https://github.com/innei-template/smart-webapp-template,110,6,2021-08-18T14:54:24Z,2025-08-09T10:59:47Z,TypeScript
217154004,guillaumeduhan,vue-bootstrap-starter,https://github.com/guillaumeduhan/vue-bootstrap-starter,109,40,2019-10-23T21:09:00Z,2024-12-02T16:04:48Z,TypeScript
363911790,lmachens,vite-boilerplate,https://github.com/lmachens/vite-boilerplate,109,63,2021-05-03T11:47:56Z,2025-07-20T20:50:42Z,TypeScript
514089489,wobsoriano,bun-lib-starter,https://github.com/wobsoriano/bun-lib-starter,109,7,2022-07-15T00:52:04Z,2025-08-04T10:26:33Z,TypeScript
292590031,rootstrap,node-ts-api-base,https://github.com/rootstrap/node-ts-api-base,109,24,2020-09-03T14:15:39Z,2025-08-05T13:35:32Z,TypeScript
616411397,bysxx,next15-ts-template-fullstack,https://github.com/bysxx/next15-ts-template-fullstack,109,15,2023-03-20T10:40:23Z,2025-06-01T21:57:48Z,TypeScript
634410414,philnash,bsky-bot,https://github.com/philnash/bsky-bot,109,12,2023-04-30T02:55:05Z,2025-07-25T07:42:11Z,TypeScript
253094673,smarlhens,nest-boilerplate,https://github.com/smarlhens/nest-boilerplate,108,21,2020-04-04T20:40:52Z,2025-05-30T12:00:45Z,TypeScript
321327543,rastenis,react-hooks-uikit-express-oauth-boiler-v2,https://github.com/rastenis/react-hooks-uikit-express-oauth-boiler-v2,108,5,2020-12-14T11:30:59Z,2025-03-30T00:34:10Z,TypeScript
534377416,kwhitley,itty-fetcher,https://github.com/kwhitley/itty-fetcher,108,4,2022-09-08T20:11:01Z,2025-07-31T15:01:16Z,TypeScript
471502035,samydoesit,vue-turbo-starter,https://github.com/samydoesit/vue-turbo-starter,107,22,2022-03-18T20:06:13Z,2025-06-25T20:29:41Z,TypeScript
690880102,Quilljou,vite-react-ts-tailwind-starter,https://github.com/Quilljou/vite-react-ts-tailwind-starter,106,23,2023-09-13T04:26:34Z,2025-08-06T03:50:32Z,TypeScript
859321348,i-am-bee,beeai-framework-ts-starter,https://github.com/i-am-bee/beeai-framework-ts-starter,106,32,2024-09-18T13:18:59Z,2025-08-06T19:37:28Z,TypeScript
782896704,weijunext,weekly-boilerplate,https://github.com/weijunext/weekly-boilerplate,106,17,2024-04-06T10:57:45Z,2025-07-07T23:25:47Z,TypeScript
676311084,RamezTaher,nestjs-full-auth,https://github.com/RamezTaher/nestjs-full-auth,106,24,2023-08-08T23:17:18Z,2025-07-25T10:39:13Z,TypeScript
599975562,manawiki,repay,https://github.com/manawiki/repay,106,8,2023-02-10T09:51:30Z,2025-05-04T12:27:19Z,TypeScript
536505602,contentful,template-marketing-webapp-nextjs,https://github.com/contentful/template-marketing-webapp-nextjs,105,101,2022-09-14T09:29:47Z,2025-08-10T11:59:05Z,TypeScript
449660612,fdaciuk,boilerplate-vite-react,https://github.com/fdaciuk/boilerplate-vite-react,105,40,2022-01-19T11:17:56Z,2025-04-23T13:50:58Z,TypeScript
68607771,Kamahl19,react-starter,https://github.com/Kamahl19/react-starter,105,23,2016-09-19T13:19:34Z,2025-05-25T20:09:53Z,TypeScript
405710863,adriandelgg,create-ether-dapp,https://github.com/adriandelgg/create-ether-dapp,105,21,2021-09-12T17:39:43Z,2025-06-01T13:31:49Z,TypeScript
119154946,cham11ng,typescript-api-starter,https://github.com/cham11ng/typescript-api-starter,104,18,2018-01-27T10:36:45Z,2025-07-21T05:05:11Z,TypeScript
323954883,LinusBorg,vue-lib-template,https://github.com/LinusBorg/vue-lib-template,104,12,2020-12-23T16:47:54Z,2025-05-06T18:15:19Z,TypeScript
480952946,pixotronics,webgi-vanilla-starter,https://github.com/pixotronics/webgi-vanilla-starter,103,94,2022-04-12T19:52:26Z,2025-07-18T06:47:23Z,TypeScript
727060756,gonzalochale,saas-landing-template,https://github.com/gonzalochale/saas-landing-template,103,15,2023-12-04T05:15:23Z,2025-08-05T06:40:46Z,TypeScript
262084405,LandazuriPaul,nest-react,https://github.com/LandazuriPaul/nest-react,103,18,2020-05-07T15:12:34Z,2025-07-22T07:33:07Z,TypeScript
567803683,GauBen,svelte-emails,https://github.com/GauBen/svelte-emails,103,6,2022-11-18T16:05:27Z,2025-01-03T00:36:20Z,TypeScript
108190202,LegacyTemplates,react-spa,https://github.com/LegacyTemplates/react-spa,103,26,2017-10-24T22:22:15Z,2025-06-14T13:46:40Z,TypeScript
425661353,aeminium-labs,nextjs-solana-starter-kit,https://github.com/aeminium-labs/nextjs-solana-starter-kit,102,28,2021-11-08T01:28:24Z,2025-07-28T06:44:51Z,TypeScript
874541419,nextjs,deploy-github-pages,https://github.com/nextjs/deploy-github-pages,102,19,2024-10-18T02:44:24Z,2025-08-07T08:43:15Z,TypeScript
567334884,Ho-s,NestJS-GraphQL-TypeORM-PostgresQL,https://github.com/Ho-s/NestJS-GraphQL-TypeORM-PostgresQL,101,20,2022-11-17T15:14:51Z,2025-08-06T07:37:33Z,TypeScript
831120010,sst,monorepo-template,https://github.com/sst/monorepo-template,101,22,2024-07-19T17:52:27Z,2025-07-24T14:36:49Z,TypeScript
324046627,umijs,dumi-template,https://github.com/umijs/dumi-template,101,143,2020-12-24T02:29:52Z,2025-06-09T14:55:29Z,TypeScript
487329085,antoinewg,turboless,https://github.com/antoinewg/turboless,101,5,2022-04-30T16:40:07Z,2025-06-11T23:12:59Z,TypeScript
902075303,laduniestu,better-next,https://github.com/laduniestu/better-next,100,4,2024-12-11T21:24:58Z,2025-08-06T02:06:00Z,TypeScript
856485464,rubixvi,rubix-documents,https://github.com/rubixvi/rubix-documents,100,38,2024-09-12T16:49:31Z,2025-08-10T02:37:49Z,TypeScript
421664800,xieyezi,semi-design-pro,https://github.com/xieyezi/semi-design-pro,100,28,2021-10-27T03:32:24Z,2025-08-02T15:08:52Z,TypeScript
264043730,hafffe,nextjs-sanity-template,https://github.com/hafffe/nextjs-sanity-template,99,15,2020-05-14T22:58:07Z,2025-08-04T13:19:22Z,TypeScript
255304627,maxigimenez,next-medium-blog-boilerplate,https://github.com/maxigimenez/next-medium-blog-boilerplate,99,15,2020-04-13T11:15:03Z,2025-07-27T08:13:00Z,TypeScript
825658918,egoist,remix-starter,https://github.com/egoist/remix-starter,99,3,2024-07-08T09:01:39Z,2025-03-09T21:10:03Z,TypeScript
602991028,tact-lang,tact-template,https://github.com/tact-lang/tact-template,99,49,2023-02-17T11:37:47Z,2025-08-05T11:14:01Z,TypeScript
819760098,aryankholqi,nextUI-Dashboard,https://github.com/aryankholqi/nextUI-Dashboard,99,10,2024-06-25T06:40:02Z,2025-08-03T14:25:46Z,TypeScript
588300781,kuubson,react-vite-trpc,https://github.com/kuubson/react-vite-trpc,99,6,2023-01-12T19:56:15Z,2025-07-05T07:00:02Z,TypeScript
843195410,3p5ilon,Nextfolio,https://github.com/3p5ilon/Nextfolio,99,33,2024-08-16T01:38:24Z,2025-08-10T10:59:29Z,TypeScript
183498764,josephmbustamante,phaser3-typescript-starter-kit,https://github.com/josephmbustamante/phaser3-typescript-starter-kit,98,37,2019-04-25T19:38:44Z,2025-01-22T00:31:40Z,TypeScript
780638403,baguilar6174,node-template-server,https://github.com/baguilar6174/node-template-server,98,24,2024-04-01T22:05:34Z,2025-08-05T16:33:06Z,TypeScript
413842477,cristicretu,ts-next-tailwind-template,https://github.com/cristicretu/ts-next-tailwind-template,98,18,2021-10-05T14:03:23Z,2025-05-07T09:04:27Z,TypeScript
461806849,thmsmtylr,turborepo-starter,https://github.com/thmsmtylr/turborepo-starter,97,15,2022-02-21T10:17:31Z,2025-07-05T19:34:59Z,TypeScript
213854684,hmmhmmhm,svelte-template,https://github.com/hmmhmmhm/svelte-template,97,10,2019-10-09T07:49:48Z,2025-08-02T08:02:20Z,TypeScript
686168186,Saas-Starter-Kit,Saas-Kit-supabase,https://github.com/Saas-Starter-Kit/Saas-Kit-supabase,96,21,2023-09-01T23:30:13Z,2025-08-03T14:13:08Z,TypeScript
352099939,7codeRO,nest-prisma-rest-api-boilerplate,https://github.com/7codeRO/nest-prisma-rest-api-boilerplate,96,26,2021-03-27T14:56:20Z,2025-07-31T04:10:43Z,TypeScript
817730903,fless-lab,node-ts-starter,https://github.com/fless-lab/node-ts-starter,96,11,2024-06-20T10:19:49Z,2025-07-18T13:08:53Z,TypeScript
654648120,angelo-loria,playwright-boilerplate,https://github.com/angelo-loria/playwright-boilerplate,96,17,2023-06-16T15:42:55Z,2025-07-02T07:01:37Z,TypeScript
521053166,coral-xyz,xnft-quickstart,https://github.com/coral-xyz/xnft-quickstart,96,67,2022-08-03T22:43:22Z,2025-07-30T10:26:06Z,TypeScript
743776114,marcoturi,react-redux-boilerplate,https://github.com/marcoturi/react-redux-boilerplate,96,13,2024-01-16T00:52:27Z,2025-08-10T00:54:39Z,TypeScript
701751674,QC2168,utools-plugin-template,https://github.com/QC2168/utools-plugin-template,96,13,2023-10-07T13:03:01Z,2025-07-29T08:52:15Z,TypeScript
625676773,puemos,browser-extension-template,https://github.com/puemos/browser-extension-template,96,7,2023-04-09T20:56:16Z,2025-07-20T00:14:12Z,TypeScript
387603749,graphlatte,graphlatte,https://github.com/graphlatte/graphlatte,159,7,2021-07-19T21:58:38Z,2025-04-28T03:32:44Z,TypeScript
492645389,thirdweb-example,erc721,https://github.com/thirdweb-example/erc721,159,193,2022-05-16T01:17:47Z,2025-08-03T12:02:30Z,TypeScript
343114407,frandiox,vitessedge-template,https://github.com/frandiox/vitessedge-template,158,17,2021-02-28T13:39:12Z,2025-07-03T13:40:43Z,TypeScript
665990414,udecode,plate-playground-template,https://github.com/udecode/plate-playground-template,158,57,2023-07-13T13:02:13Z,2025-08-10T08:12:32Z,TypeScript
682257747,matt765,spireflow,https://github.com/matt765/spireflow,158,9,2023-08-23T19:30:33Z,2025-07-30T11:49:29Z,TypeScript
347903567,huv1k,nextjs-auth-prisma,https://github.com/huv1k/nextjs-auth-prisma,157,9,2021-03-15T09:13:29Z,2025-06-05T02:18:06Z,TypeScript
324364688,richartkeil,notion-guardian,https://github.com/richartkeil/notion-guardian,157,114,2020-12-25T13:09:46Z,2025-08-09T08:04:22Z,TypeScript
209372350,msanvarov,nest-rest-typeorm-boilerplate,https://github.com/msanvarov/nest-rest-typeorm-boilerplate,156,31,2019-09-18T17:59:43Z,2025-03-17T05:02:35Z,TypeScript
331296372,BearStudio,start-ui-native,https://github.com/BearStudio/start-ui-native,156,18,2021-01-20T12:12:59Z,2025-08-02T20:38:53Z,TypeScript
991553609,langchain-ai,agent-auth-payments,https://github.com/langchain-ai/agent-auth-payments,156,47,2025-05-27T19:57:41Z,2025-08-07T11:21:47Z,TypeScript
457097440,celo-org,celo-composer,https://github.com/celo-org/celo-composer,154,150,2022-02-08T20:44:53Z,2025-07-30T04:39:37Z,TypeScript
152894903,piesku,goodluck,https://github.com/piesku/goodluck,154,1,2018-10-13T17:06:25Z,2025-05-04T07:41:27Z,TypeScript
758594706,phaserjs,template-react-ts,https://github.com/phaserjs/template-react-ts,153,46,2024-02-16T16:50:46Z,2025-08-10T01:56:35Z,TypeScript
393284019,xiaoluoboding,chrome-ext-starter,https://github.com/xiaoluoboding/chrome-ext-starter,150,17,2021-08-06T06:53:24Z,2025-08-11T02:28:24Z,TypeScript
620847013,iGoodie,figma-plugin-react-vite,https://github.com/iGoodie/figma-plugin-react-vite,150,15,2023-03-29T13:43:01Z,2025-08-07T12:22:05Z,TypeScript
977698655,CarlosZiegler,fullstack-start-template,https://github.com/CarlosZiegler/fullstack-start-template,150,10,2025-05-04T19:25:14Z,2025-08-11T01:38:15Z,TypeScript
797391133,Joker666,hono-starter,https://github.com/Joker666/hono-starter,149,14,2024-05-07T18:30:38Z,2025-08-07T09:10:06Z,TypeScript
862843855,Agilo,fashion-starter,https://github.com/Agilo/fashion-starter,149,49,2024-09-25T09:31:09Z,2025-08-08T13:37:42Z,TypeScript
452577801,felipeAguiarCode,node-blue-boilerplate,https://github.com/felipeAguiarCode/node-blue-boilerplate,149,20,2022-01-27T07:11:52Z,2025-08-09T21:57:15Z,TypeScript
651829676,milliorn,nextjs-13-firebase-starter,https://github.com/milliorn/nextjs-13-firebase-starter,149,31,2023-06-10T08:13:44Z,2025-08-01T23:16:09Z,TypeScript
496889654,igdev116,vite-react-ts-eslint-prettier,https://github.com/igdev116/vite-react-ts-eslint-prettier,149,51,2022-05-27T06:39:40Z,2025-07-22T11:33:20Z,TypeScript
591400665,AlbertHernandez,express-typescript-service-template,https://github.com/AlbertHernandez/express-typescript-service-template,148,41,2023-01-20T17:03:53Z,2025-08-08T12:48:29Z,TypeScript
739149762,RicardoGEsteves,AuthV5-Toolkit,https://github.com/RicardoGEsteves/AuthV5-Toolkit,148,16,2024-01-04T22:17:05Z,2025-08-10T13:07:53Z,TypeScript
749720068,phaserjs,template-vite-ts,https://github.com/phaserjs/template-vite-ts,147,43,2024-01-29T09:04:10Z,2025-08-10T21:02:02Z,TypeScript
278196283,lukeed,typescript-module,https://github.com/lukeed/typescript-module,147,9,2020-07-08T21:17:26Z,2025-02-19T15:42:52Z,TypeScript
820823004,LaughingZhu,DevNow,https://github.com/LaughingZhu/DevNow,147,24,2024-06-27T08:47:15Z,2025-07-28T02:25:18Z,TypeScript
259490827,vyancharuk,nodejs-api-boilerplate,https://github.com/vyancharuk/nodejs-api-boilerplate,146,13,2020-04-28T00:37:51Z,2025-08-10T00:36:22Z,TypeScript
409592120,azu,book-review,https://github.com/azu/book-review,146,1,2021-09-23T12:56:21Z,2025-07-21T16:22:48Z,TypeScript
378729624,sudokar,nx-serverless,https://github.com/sudokar/nx-serverless,145,14,2021-06-20T19:59:51Z,2025-07-24T14:36:34Z,TypeScript
793986835,Wisp-CMS,nextjs-blog-cms-wisp,https://github.com/Wisp-CMS/nextjs-blog-cms-wisp,145,46,2024-04-30T08:40:19Z,2025-08-04T21:39:40Z,TypeScript
423896141,invertase,react-native-firebase-authentication-example,https://github.com/invertase/react-native-firebase-authentication-example,145,27,2021-11-02T15:22:54Z,2025-05-01T08:26:51Z,TypeScript
573391972,contentful,template-blog-webapp-nextjs,https://github.com/contentful/template-blog-webapp-nextjs,144,117,2022-12-02T11:00:56Z,2025-08-09T05:40:53Z,TypeScript
474588943,memoriaXII,create-web3-turbo,https://github.com/memoriaXII/create-web3-turbo,144,23,2022-03-27T09:18:46Z,2025-05-30T17:43:24Z,TypeScript
200097436,actions,container-toolkit-action,https://github.com/actions/container-toolkit-action,144,28,2019-08-01T18:04:10Z,2025-08-06T10:52:28Z,TypeScript
606753341,yang1206,uniapp-template,https://github.com/yang1206/uniapp-template,144,25,2023-02-26T13:19:40Z,2025-08-11T01:41:47Z,TypeScript
212290499,tomsoderlund,nextjs-pwa-graphql-sql-boilerplate,https://github.com/tomsoderlund/nextjs-pwa-graphql-sql-boilerplate,143,16,2019-10-02T08:31:27Z,2025-07-03T06:55:23Z,TypeScript
595297210,tinacms,tina-self-hosted-demo,https://github.com/tinacms/tina-self-hosted-demo,143,46,2023-01-30T19:51:58Z,2025-08-04T14:30:21Z,TypeScript
243315278,masb0ymas,express-api-sequelize,https://github.com/masb0ymas/express-api-sequelize,143,49,2020-02-26T16:50:42Z,2025-06-25T20:09:48Z,TypeScript
584941132,volarjs,starter,https://github.com/volarjs/starter,141,16,2023-01-03T22:59:56Z,2025-08-03T08:39:25Z,TypeScript
640238031,xddq,nodejs-typescript-modern-starter,https://github.com/xddq/nodejs-typescript-modern-starter,141,22,2023-05-13T12:38:02Z,2025-07-28T18:10:19Z,TypeScript
369262083,CodelyTV,typescript-basic-skeleton,https://github.com/CodelyTV/typescript-basic-skeleton,140,22,2021-05-20T15:52:34Z,2025-07-10T23:50:41Z,TypeScript
344362711,chhpt,nextjs-starter,https://github.com/chhpt/nextjs-starter,140,33,2021-03-04T05:39:25Z,2025-08-10T00:52:15Z,TypeScript
640270808,mooxl,astroad,https://github.com/mooxl/astroad,140,13,2023-05-13T14:37:08Z,2025-07-31T17:38:00Z,TypeScript
884102623,themefisher,shopplate-astro,https://github.com/themefisher/shopplate-astro,139,49,2024-11-06T06:26:30Z,2025-07-30T17:41:55Z,TypeScript
409822004,hi-reeve,vitailse,https://github.com/hi-reeve/vitailse,139,14,2021-09-24T03:41:48Z,2025-02-07T04:24:32Z,TypeScript
506539458,Yukun-Guo,vite-vue3-electron-ts-template,https://github.com/Yukun-Guo/vite-vue3-electron-ts-template,138,32,2022-06-23T07:28:05Z,2025-07-29T08:39:36Z,TypeScript
402381891,avneesh0612,archive-portfolio,https://github.com/avneesh0612/archive-portfolio,138,23,2021-09-02T10:37:34Z,2025-04-06T03:35:18Z,TypeScript
675820017,receter,my-component-library,https://github.com/receter/my-component-library,138,40,2023-08-07T19:58:34Z,2025-07-31T20:13:41Z,TypeScript
596885563,AnwarHossainSR,nextjs-15-template,https://github.com/AnwarHossainSR/nextjs-15-template,137,48,2023-02-03T06:14:48Z,2025-08-01T21:00:00Z,TypeScript
309137854,paulintrognon,next-typescript,https://github.com/paulintrognon/next-typescript,137,20,2020-11-01T16:27:16Z,2025-03-20T16:59:44Z,TypeScript
411470228,arifintahu,project-structure-api,https://github.com/arifintahu/project-structure-api,137,22,2021-09-28T23:45:25Z,2025-05-08T18:48:23Z,TypeScript
525395943,webexpe13,blog-template-using-nextjs-typescript-tailwindcss,https://github.com/webexpe13/blog-template-using-nextjs-typescript-tailwindcss,136,52,2022-08-16T13:39:24Z,2025-08-05T12:34:28Z,TypeScript
390546832,rudemex,nestjs-starter,https://github.com/rudemex/nestjs-starter,135,17,2021-07-29T00:19:15Z,2025-08-07T22:24:35Z,TypeScript
262169165,johnpapa,shopathome,https://github.com/johnpapa/shopathome,135,79,2020-05-07T22:11:01Z,2025-06-29T21:07:50Z,TypeScript
917145545,andrea-acampora,nestjs-ddd-devops,https://github.com/andrea-acampora/nestjs-ddd-devops,135,20,2025-01-15T12:50:07Z,2025-08-04T13:20:01Z,TypeScript
370251695,pengx17,logseq-plugin-template-react,https://github.com/pengx17/logseq-plugin-template-react,134,18,2021-05-24T06:33:18Z,2025-08-07T13:34:04Z,TypeScript
390369123,nezz0746,typescript-eth-starter,https://github.com/nezz0746/typescript-eth-starter,134,22,2021-07-28T13:53:19Z,2025-04-30T02:50:40Z,TypeScript
968734439,shadcn-ui,registry-template-v4,https://github.com/shadcn-ui/registry-template-v4,134,46,2025-04-18T16:24:08Z,2025-08-10T14:40:33Z,TypeScript
589461909,theodorusclarence,aether-design-system,https://github.com/theodorusclarence/aether-design-system,134,9,2023-01-16T07:09:36Z,2025-08-06T19:36:45Z,TypeScript
380359842,kriasoft,cloudflare-starter-kit,https://github.com/kriasoft/cloudflare-starter-kit,133,20,2021-06-25T21:43:13Z,2025-08-09T18:29:43Z,TypeScript
191049513,rfprod,nx-ng-starter,https://github.com/rfprod/nx-ng-starter,133,17,2019-06-09T19:56:58Z,2025-06-18T20:09:39Z,TypeScript
367546666,sardapv,angular-material-starter-template,https://github.com/sardapv/angular-material-starter-template,132,33,2021-05-15T05:22:57Z,2025-06-15T04:09:45Z,TypeScript
652024768,nocode-js,nocode-platform-boilerplate,https://github.com/nocode-js/nocode-platform-boilerplate,132,29,2023-06-10T21:00:50Z,2025-08-04T15:14:07Z,TypeScript
417728982,uchihamalolan,vite-react-ts,https://github.com/uchihamalolan/vite-react-ts,132,23,2021-10-16T05:35:35Z,2025-08-09T07:10:40Z,TypeScript
838445853,coinbase,onchain-app-template,https://github.com/coinbase/onchain-app-template,132,170,2024-08-05T16:50:37Z,2025-08-07T03:02:41Z,TypeScript
707264758,jackquinlan,blueprint,https://github.com/jackquinlan/blueprint,132,12,2023-10-19T14:44:20Z,2025-07-23T16:16:32Z,TypeScript
388596900,mattpocock,xstate-next-boilerplate,https://github.com/mattpocock/xstate-next-boilerplate,131,8,2021-07-22T21:04:59Z,2025-01-16T17:38:11Z,TypeScript
324429452,t18n,react-native-cross-platform-starter,https://github.com/t18n/react-native-cross-platform-starter,131,13,2020-12-25T20:34:27Z,2025-03-01T16:53:06Z,TypeScript
667598094,figma,ai-plugin-template,https://github.com/figma/ai-plugin-template,131,23,2023-07-17T22:05:05Z,2025-07-29T14:20:56Z,TypeScript
932057025,nktnet1,rt-stack,https://github.com/nktnet1/rt-stack,131,12,2025-02-13T09:44:38Z,2025-08-06T14:42:16Z,TypeScript
868816873,NextMerce,nextjs-ecommerce-template,https://github.com/NextMerce/nextjs-ecommerce-template,130,52,2024-10-07T08:34:17Z,2025-08-08T06:22:14Z,TypeScript
491085800,carstenlebek,shopify-non-embedded-app-template,https://github.com/carstenlebek/shopify-non-embedded-app-template,130,23,2022-05-11T11:42:46Z,2025-07-29T00:17:22Z,TypeScript
349236644,ptkdev-boilerplate,svelte-electron-boilerplate,https://github.com/ptkdev-boilerplate/svelte-electron-boilerplate,129,13,2021-03-18T22:42:17Z,2025-07-16T13:25:19Z,TypeScript
95841959,BlackBoxVision,typescript-hapi-starter,https://github.com/BlackBoxVision/typescript-hapi-starter,129,28,2017-06-30T02:57:41Z,2025-08-05T12:17:46Z,TypeScript
408373367,kenso312,nestjs-v10-webpack-boilerplate,https://github.com/kenso312/nestjs-v10-webpack-boilerplate,129,15,2021-09-20T08:57:09Z,2025-07-09T04:56:20Z,TypeScript
490446705,slack-samples,deno-starter-template,https://github.com/slack-samples/deno-starter-template,128,24,2022-05-09T21:14:45Z,2025-08-03T05:10:56Z,TypeScript
358843324,oedotme,render,https://github.com/oedotme/render,128,17,2021-04-17T09:59:09Z,2025-07-14T05:40:59Z,TypeScript
796702175,basehub-ai,marketing-website-template,https://github.com/basehub-ai/marketing-website-template,128,43,2024-05-06T13:18:19Z,2025-08-09T02:08:04Z,TypeScript
157017824,chriswells0,node-typescript-template,https://github.com/chriswells0/node-typescript-template,128,47,2018-11-10T20:16:00Z,2025-08-01T11:57:10Z,TypeScript
680963489,vasu31dev,playwright-ts-template,https://github.com/vasu31dev/playwright-ts-template,128,13,2023-08-21T00:45:28Z,2025-08-03T21:33:34Z,TypeScript
108492234,LegacyTemplates,vue-spa,https://github.com/LegacyTemplates/vue-spa,128,19,2017-10-27T02:58:49Z,2024-10-03T02:48:32Z,TypeScript
640307616,dankeboy36,esp-exception-decoder,https://github.com/dankeboy36/esp-exception-decoder,128,6,2023-05-13T16:48:57Z,2025-08-08T07:02:29Z,TypeScript
341177866,frandiox,vitesse-ssr-template,https://github.com/frandiox/vitesse-ssr-template,191,28,2021-02-22T11:30:37Z,2025-03-30T14:32:04Z,TypeScript
121285663,resir014,gatsby-starter-typescript-plus,https://github.com/resir014/gatsby-starter-typescript-plus,191,34,2018-02-12T18:34:22Z,2024-03-19T10:31:16Z,TypeScript
622101521,AztecProtocol,noir-starter,https://github.com/AztecProtocol/noir-starter,190,60,2023-04-01T05:53:00Z,2025-07-25T08:48:50Z,TypeScript
454125764,smartcontractkit,solana-starter-kit,https://github.com/smartcontractkit/solana-starter-kit,190,127,2022-01-31T18:38:13Z,2025-08-10T14:22:47Z,TypeScript
384707678,lzm0x219,template-vite-react,https://github.com/lzm0x219/template-vite-react,189,27,2021-07-10T13:44:22Z,2025-08-09T17:59:27Z,TypeScript
834103089,notum-cz,strapi-next-monorepo-starter,https://github.com/notum-cz/strapi-next-monorepo-starter,188,32,2024-07-26T12:27:57Z,2025-08-10T16:29:24Z,TypeScript
272178532,splitbee,react-notion-blog,https://github.com/splitbee/react-notion-blog,187,25,2020-06-14T10:23:39Z,2025-08-03T13:50:42Z,TypeScript
551190059,filecoin-project,fevm-hardhat-kit,https://github.com/filecoin-project/fevm-hardhat-kit,187,88,2022-10-14T01:23:04Z,2025-07-31T11:56:13Z,TypeScript
287049494,basementstudio,next-typescript,https://github.com/basementstudio/next-typescript,186,25,2020-08-12T15:26:41Z,2025-07-25T14:16:08Z,TypeScript
384065508,algolia,pwa-ecom-ui-template,https://github.com/algolia/pwa-ecom-ui-template,185,273,2021-07-08T09:07:02Z,2025-06-28T11:08:26Z,TypeScript
597452318,arevalolance,design-system-template,https://github.com/arevalolance/design-system-template,185,17,2023-02-04T15:46:22Z,2025-08-03T12:11:40Z,TypeScript
470825169,fisand,vite-wagmi-starter,https://github.com/fisand/vite-wagmi-starter,184,20,2022-03-17T02:45:29Z,2025-06-24T09:35:03Z,TypeScript
822325897,btc-vision,OP_20,https://github.com/btc-vision/OP_20,184,403,2024-06-30T23:15:56Z,2025-08-10T08:26:53Z,TypeScript
674421957,internet-development,nextjs-sass-starter,https://github.com/internet-development/nextjs-sass-starter,183,20,2023-08-03T23:11:44Z,2025-08-01T16:53:45Z,TypeScript
116098994,duluca,lemon-mart,https://github.com/duluca/lemon-mart,181,140,2018-01-03T06:13:19Z,2025-07-24T14:35:36Z,TypeScript
640623131,Jaaneek,t3-supabase-app-router,https://github.com/Jaaneek/t3-supabase-app-router,181,24,2023-05-14T17:41:47Z,2025-08-02T01:03:31Z,TypeScript
778964748,Phala-Network,ai-agent-template-openai,https://github.com/Phala-Network/ai-agent-template-openai,181,199,2024-03-28T19:00:47Z,2025-08-06T19:37:26Z,TypeScript
1025557915,zexahq,better-auth-starter,https://github.com/zexahq/better-auth-starter,180,22,2025-07-24T12:43:15Z,2025-08-10T15:53:55Z,TypeScript
509144842,makenotion,notion-sdk-typescript-starter,https://github.com/makenotion/notion-sdk-typescript-starter,180,26,2022-06-30T15:58:09Z,2025-07-29T17:42:42Z,TypeScript
854857615,vintasoftware,nextjs-fastapi-template,https://github.com/vintasoftware/nextjs-fastapi-template,180,43,2024-09-09T22:22:23Z,2025-08-09T12:49:01Z,TypeScript
527631716,HEIGE-PCloud,Notion-Hugo,https://github.com/HEIGE-PCloud/Notion-Hugo,180,15,2022-08-22T15:50:21Z,2025-08-09T17:26:24Z,TypeScript
334071893,commercelayer,commercelayer-sanity-template,https://github.com/commercelayer/commercelayer-sanity-template,179,63,2021-01-29T07:39:46Z,2025-08-06T06:48:28Z,TypeScript
430407984,logue,vite-vuetify-ts-starter,https://github.com/logue/vite-vuetify-ts-starter,177,36,2021-11-21T15:41:51Z,2025-08-08T09:43:27Z,TypeScript
866743925,aliceisjustplaying,labeler-starter-kit-bsky,https://github.com/aliceisjustplaying/labeler-starter-kit-bsky,177,18,2024-10-02T19:46:28Z,2025-08-06T13:41:02Z,TypeScript
448700678,carstenlebek,shopify-node-app-starter,https://github.com/carstenlebek/shopify-node-app-starter,177,27,2022-01-16T23:40:59Z,2025-06-08T22:17:36Z,TypeScript
536581458,ektogamat,drill-webgi-tutorial,https://github.com/ektogamat/drill-webgi-tutorial,176,54,2022-09-14T13:05:44Z,2025-08-10T13:07:58Z,TypeScript
232802197,fernandohenriques,nestjs-graphql-boilerplate,https://github.com/fernandohenriques/nestjs-graphql-boilerplate,176,27,2020-01-09T12:19:14Z,2025-07-11T20:41:54Z,TypeScript
640068407,riipandi,tauri-start-solid,https://github.com/riipandi/tauri-start-solid,176,14,2023-05-12T22:52:13Z,2025-08-02T20:49:35Z,TypeScript
709591723,clerk,clerk-nextjs-app-quickstart,https://github.com/clerk/clerk-nextjs-app-quickstart,175,75,2023-10-25T01:59:59Z,2025-07-29T09:49:13Z,TypeScript
217293156,turkyden,vue-typical,https://github.com/turkyden/vue-typical,175,16,2019-10-24T12:25:23Z,2025-07-04T07:56:52Z,TypeScript
411713859,Rocketseat,backend-template,https://github.com/Rocketseat/backend-template,174,32,2021-09-29T14:46:31Z,2025-08-09T14:53:08Z,TypeScript
779597137,techwithanirudh,shadcn-portfolio,https://github.com/techwithanirudh/shadcn-portfolio,174,23,2024-03-30T09:00:28Z,2025-08-08T11:42:01Z,TypeScript
52716305,kriasoft,node-starter-kit,https://github.com/kriasoft/node-starter-kit,173,33,2016-02-28T10:41:57Z,2025-07-23T20:56:59Z,TypeScript
318544850,wityan,next-js-boilerplate,https://github.com/wityan/next-js-boilerplate,173,29,2020-12-04T14:42:54Z,2025-01-10T15:31:36Z,TypeScript
439831331,iceqing,react-amis-admin,https://github.com/iceqing/react-amis-admin,173,30,2021-12-19T10:13:45Z,2025-08-07T12:26:59Z,TypeScript
420092493,AR10Dev,tauri-solid-ts-tailwind-vite,https://github.com/AR10Dev/tauri-solid-ts-tailwind-vite,172,9,2021-10-22T12:35:57Z,2025-08-10T21:40:00Z,TypeScript
138636936,github,custom-element-boilerplate,https://github.com/github/custom-element-boilerplate,172,23,2018-06-25T18:52:24Z,2025-08-09T17:39:23Z,TypeScript
235435940,rangle,radius,https://github.com/rangle/radius,172,23,2020-01-21T20:32:23Z,2025-07-17T16:51:07Z,TypeScript
626423560,sankeyangshu,lemon-template-react,https://github.com/sankeyangshu/lemon-template-react,171,6,2023-04-11T12:48:17Z,2025-06-24T06:15:17Z,TypeScript
350037781,one-aalam,next-starter-kit,https://github.com/one-aalam/next-starter-kit,170,30,2021-03-21T15:24:38Z,2025-07-27T08:08:24Z,TypeScript
606193073,dionysuzx,dapp-up,https://github.com/dionysuzx/dapp-up,170,49,2023-02-24T20:17:12Z,2025-07-18T08:34:32Z,TypeScript
496988579,leon3s,nextauri,https://github.com/leon3s/nextauri,170,6,2022-05-27T12:30:18Z,2025-08-08T11:32:05Z,TypeScript
415355361,gadingnst,fullstack-next-template,https://github.com/gadingnst/fullstack-next-template,169,17,2021-10-09T16:01:14Z,2025-07-27T23:18:51Z,TypeScript
397079206,taneba,fullstack-graphql-app,https://github.com/taneba/fullstack-graphql-app,169,19,2021-08-17T03:25:29Z,2025-07-23T16:16:25Z,TypeScript
395032309,medusajs,medusa-starter-default,https://github.com/medusajs/medusa-starter-default,168,266,2021-08-11T15:16:45Z,2025-08-08T11:43:19Z,TypeScript
324851883,tomchen,example-typescript-package,https://github.com/tomchen/example-typescript-package,166,32,2020-12-27T21:26:59Z,2025-08-05T08:13:24Z,TypeScript
116322493,peterthehan,create-discord-bot,https://github.com/peterthehan/create-discord-bot,166,81,2018-01-05T00:49:51Z,2025-07-31T14:24:28Z,TypeScript
648700309,ritmillio,expo-router-starter-kit,https://github.com/ritmillio/expo-router-starter-kit,165,18,2023-06-02T15:30:12Z,2025-08-09T16:34:36Z,TypeScript
399405460,unplugin,unplugin-starter,https://github.com/unplugin/unplugin-starter,164,47,2021-08-24T09:20:21Z,2025-07-24T05:33:42Z,TypeScript
900778066,collabland,AI-Agent-Starter-Kit,https://github.com/collabland/AI-Agent-Starter-Kit,164,51,2024-12-09T13:05:27Z,2025-08-06T19:37:31Z,TypeScript
427932206,jvidalv,nextal,https://github.com/jvidalv/nextal,164,17,2021-11-14T13:11:48Z,2025-01-28T20:19:15Z,TypeScript
785235707,gkd-kit,subscription-template,https://github.com/gkd-kit/subscription-template,164,25,2024-04-11T13:29:15Z,2025-08-05T07:53:41Z,TypeScript
479490382,thirdweb-example,nft-gated-website,https://github.com/thirdweb-example/nft-gated-website,164,126,2022-04-08T17:59:57Z,2025-07-18T19:42:06Z,TypeScript
290687207,yonathan06,fastify-typescript-starter,https://github.com/yonathan06/fastify-typescript-starter,163,28,2020-08-27T05:44:45Z,2025-05-03T02:29:43Z,TypeScript
574173538,hyperlane-xyz,hyperlane-warp-ui-template,https://github.com/hyperlane-xyz/hyperlane-warp-ui-template,163,177,2022-12-04T16:49:36Z,2025-08-08T18:30:15Z,TypeScript
335148023,storybookjs,addon-kit,https://github.com/storybookjs/addon-kit,163,42,2021-02-02T02:44:04Z,2025-07-20T15:30:26Z,TypeScript
627945572,Vontigo,Vontigo,https://github.com/Vontigo/Vontigo,163,62,2023-04-14T14:47:49Z,2025-08-06T07:02:56Z,TypeScript
497378878,sinanbekar,browser-extension-react-typescript-starter,https://github.com/sinanbekar/browser-extension-react-typescript-starter,162,23,2022-05-28T16:59:33Z,2025-08-02T00:00:14Z,TypeScript
539709975,pachoclo,vite-threejs-ts-template,https://github.com/pachoclo/vite-threejs-ts-template,162,29,2022-09-21T22:40:17Z,2025-07-28T08:42:15Z,TypeScript
328868279,danybeltran,nextjs-typescript-and-mongodb,https://github.com/danybeltran/nextjs-typescript-and-mongodb,162,23,2021-01-12T04:08:19Z,2025-08-04T17:10:45Z,TypeScript
757451156,hiroppy,web-app-template,https://github.com/hiroppy/web-app-template,161,10,2024-02-14T14:22:06Z,2025-08-10T01:13:55Z,TypeScript
275427393,proyecto26,MyAPI,https://github.com/proyecto26/MyAPI,160,31,2020-06-27T18:05:43Z,2024-10-27T16:04:23Z,TypeScript
181644931,sourcefuse,loopback4-starter,https://github.com/sourcefuse/loopback4-starter,160,60,2019-04-16T08:12:50Z,2025-05-06T18:15:30Z,TypeScript
105507323,janaagaard75,expo-and-typescript,https://github.com/janaagaard75/expo-and-typescript,255,39,2017-10-02T07:14:24Z,2025-07-17T16:50:10Z,TypeScript
855819763,livekit-examples,agent-starter-react,https://github.com/livekit-examples/agent-starter-react,252,172,2024-09-11T14:06:32Z,2025-08-11T03:08:49Z,TypeScript
125213406,howdy39,gas-clasp-starter,https://github.com/howdy39/gas-clasp-starter,252,37,2018-03-14T13:03:45Z,2025-07-15T04:31:00Z,TypeScript
143076147,matschik,fastify-typescript-starter,https://github.com/matschik/fastify-typescript-starter,252,37,2018-07-31T22:25:57Z,2025-07-31T06:56:35Z,TypeScript
835337647,daltonmenezes,opendocs,https://github.com/daltonmenezes/opendocs,251,16,2024-07-29T16:18:11Z,2025-08-04T11:07:08Z,TypeScript
263031905,TheLartians,modern-wasm-starter,https://github.com/TheLartians/modern-wasm-starter,250,13,2020-05-11T12:10:26Z,2025-07-29T19:38:31Z,TypeScript
750138921,winsoft666,electron-vue3-boilerplate,https://github.com/winsoft666/electron-vue3-boilerplate,250,37,2024-01-30T03:50:01Z,2025-08-11T03:23:17Z,TypeScript
665751692,mendableai,mendable-nextjs-chatbot,https://github.com/mendableai/mendable-nextjs-chatbot,249,49,2023-07-12T23:31:40Z,2025-08-10T22:30:35Z,TypeScript
470271648,netlify-templates,kpop-stack,https://github.com/netlify-templates/kpop-stack,249,65,2022-03-15T17:48:13Z,2025-08-04T08:09:46Z,TypeScript
811450085,vndevteam,nestjs-boilerplate,https://github.com/vndevteam/nestjs-boilerplate,246,68,2024-06-06T16:07:47Z,2025-08-09T14:22:22Z,TypeScript
610455697,Louis3797,express-ts-auth-service,https://github.com/Louis3797/express-ts-auth-service,246,39,2023-03-06T20:08:55Z,2025-08-02T22:29:52Z,TypeScript
626979145,langgenius,webapp-text-generator,https://github.com/langgenius/webapp-text-generator,245,690,2023-04-12T14:37:52Z,2025-08-07T12:28:35Z,TypeScript
517469248,chamatt,create-kaol-app,https://github.com/chamatt/create-kaol-app,245,5,2022-07-25T00:29:44Z,2025-07-08T08:01:18Z,TypeScript
321402973,Envek,aws-sam-typescript-layers-example,https://github.com/Envek/aws-sam-typescript-layers-example,244,56,2020-12-14T16:12:52Z,2025-07-10T21:02:08Z,TypeScript
181808319,Borodutch,telegram-bot-starter,https://github.com/Borodutch/telegram-bot-starter,242,52,2019-04-17T03:11:37Z,2025-07-10T17:34:40Z,TypeScript
431056595,one-aalam,remix-starter-kit,https://github.com/one-aalam/remix-starter-kit,241,26,2021-11-23T10:28:49Z,2025-06-02T12:00:27Z,TypeScript
172252998,custom-cards,boilerplate-card,https://github.com/custom-cards/boilerplate-card,241,172,2019-02-23T19:09:10Z,2025-07-28T15:47:30Z,TypeScript
496421819,foundry-rs,hardhat-foundry-template,https://github.com/foundry-rs/hardhat-foundry-template,240,65,2022-05-25T23:41:43Z,2025-06-25T09:33:29Z,TypeScript
426308444,G3root,nextjs-dapp-starter-ts,https://github.com/G3root/nextjs-dapp-starter-ts,239,36,2021-11-09T16:41:00Z,2025-08-07T02:53:33Z,TypeScript
856582758,w3cj,next-start,https://github.com/w3cj/next-start,239,63,2024-09-12T20:33:22Z,2025-08-05T08:01:58Z,TypeScript
195116803,app-generator,api-server-nodejs,https://github.com/app-generator/api-server-nodejs,238,91,2019-07-03T19:41:09Z,2025-08-10T05:13:12Z,TypeScript
833262887,karthikmudunuri,saas-landing-page-template,https://github.com/karthikmudunuri/saas-landing-page-template,236,40,2024-07-24T17:16:25Z,2025-08-09T11:18:29Z,TypeScript
131905648,JohnnyDevNull,ng-three-template,https://github.com/JohnnyDevNull/ng-three-template,235,73,2018-05-02T21:03:13Z,2025-08-07T20:56:12Z,TypeScript
179798206,jolyndenning,coexisting-angular-microfrontends,https://github.com/jolyndenning/coexisting-angular-microfrontends,235,154,2019-04-06T06:40:41Z,2025-07-25T15:46:07Z,TypeScript
324521685,hmake98,fastify-typescript,https://github.com/hmake98/fastify-typescript,234,39,2020-12-26T09:26:16Z,2025-08-08T07:16:10Z,TypeScript
69711264,lizadaly,windrift,https://github.com/lizadaly/windrift,234,16,2016-10-01T00:40:13Z,2025-04-07T01:05:05Z,TypeScript
383906759,project-error,fivem-react-boilerplate-lua,https://github.com/project-error/fivem-react-boilerplate-lua,233,134,2021-07-07T19:36:24Z,2025-08-08T17:12:44Z,TypeScript
276342977,tomsoderlund,nextjs-pwa-firebase-boilerplate,https://github.com/tomsoderlund/nextjs-pwa-firebase-boilerplate,233,27,2020-07-01T10:05:21Z,2025-07-16T21:40:19Z,TypeScript
672430732,NextJSTemplates,solid-nextjs,https://github.com/NextJSTemplates/solid-nextjs,231,78,2023-07-30T04:03:34Z,2025-07-29T08:34:59Z,TypeScript
328165317,Ferdysd96,nestjs-permission-boilerplate,https://github.com/Ferdysd96/nestjs-permission-boilerplate,231,48,2021-01-09T13:48:55Z,2025-07-24T15:45:49Z,TypeScript
539603059,ton-community,twa-template,https://github.com/ton-community/twa-template,230,114,2022-09-21T17:16:51Z,2025-08-01T04:07:20Z,TypeScript
896688433,wrsrsh,startstack,https://github.com/wrsrsh/startstack,229,13,2024-12-01T03:14:58Z,2025-08-09T08:41:07Z,TypeScript
905496651,makerkit,nextjs-saas-starter-kit-lite,https://github.com/makerkit/nextjs-saas-starter-kit-lite,228,81,2024-12-19T00:22:49Z,2025-08-11T03:14:53Z,TypeScript
341353251,kutia-software-company,express-typescript-starter,https://github.com/kutia-software-company/express-typescript-starter,228,63,2021-02-22T22:17:07Z,2025-07-22T14:40:55Z,TypeScript
496099737,status-base,statusbase-nuxt,https://github.com/status-base/statusbase-nuxt,227,19,2022-05-25T05:51:39Z,2025-07-10T08:30:12Z,TypeScript
533426847,PhilDL,remix-gospel-stack,https://github.com/PhilDL/remix-gospel-stack,227,14,2022-09-06T17:12:42Z,2025-08-03T03:32:53Z,TypeScript
384334855,ArcherGu,fast-vite-electron,https://github.com/ArcherGu/fast-vite-electron,226,20,2021-07-09T05:48:24Z,2025-08-09T01:02:57Z,TypeScript
582669975,fvst-dev,fvst-monorepo,https://github.com/fvst-dev/fvst-monorepo,226,4,2022-12-27T14:32:21Z,2025-08-05T23:05:33Z,TypeScript
482936111,privacy-scaling-explorations,zkp-app-boilerplate,https://github.com/privacy-scaling-explorations/zkp-app-boilerplate,225,55,2022-04-18T17:30:19Z,2025-06-24T03:59:40Z,TypeScript
453676256,pcaversaccio,hardhat-project-template-ts,https://github.com/pcaversaccio/hardhat-project-template-ts,224,48,2022-01-30T12:38:47Z,2025-08-08T11:06:05Z,TypeScript
362801374,smakosh,next-portfolio-dev,https://github.com/smakosh/next-portfolio-dev,223,48,2021-04-29T11:57:54Z,2025-07-27T12:58:19Z,TypeScript
499598599,hadrysm,nextjs-boilerplate,https://github.com/hadrysm/nextjs-boilerplate,220,39,2022-06-03T17:38:03Z,2025-06-15T15:04:51Z,TypeScript
695519370,design-sparx,antd-multipurpose-dashboard,https://github.com/design-sparx/antd-multipurpose-dashboard,220,61,2023-09-23T12:45:17Z,2025-08-11T02:51:13Z,TypeScript
591670364,IgnacioNMiranda,vite-component-library-template,https://github.com/IgnacioNMiranda/vite-component-library-template,219,27,2023-01-21T13:41:28Z,2025-07-29T09:29:41Z,TypeScript
723274196,saas-kits,remix-boilerplate,https://github.com/saas-kits/remix-boilerplate,219,25,2023-11-25T06:19:48Z,2025-08-07T11:50:20Z,TypeScript
169219043,jajaperson,nestjs-auth0,https://github.com/jajaperson/nestjs-auth0,218,25,2019-02-05T09:53:18Z,2025-06-22T04:07:20Z,TypeScript
531288459,CodingGarden,react-ts-starter,https://github.com/CodingGarden/react-ts-starter,216,77,2022-08-31T23:09:09Z,2025-08-10T17:06:57Z,TypeScript
834628174,get-convex,convex-saas,https://github.com/get-convex/convex-saas,216,24,2024-07-27T21:22:25Z,2025-08-08T12:06:20Z,TypeScript
384956416,zouhangwithsweet,vue-components-lib-seed,https://github.com/zouhangwithsweet/vue-components-lib-seed,214,32,2021-07-11T13:33:37Z,2025-04-29T05:58:38Z,TypeScript
258974565,egoist,next-fullstack-starter,https://github.com/egoist/next-fullstack-starter,211,12,2020-04-26T08:05:50Z,2025-06-07T07:04:39Z,TypeScript
344789055,finsweet,developer-starter,https://github.com/finsweet/developer-starter,211,85,2021-03-05T11:27:23Z,2025-08-05T17:10:25Z,TypeScript
527549206,tuanphungcz,nextjs-notion-blog-starter,https://github.com/tuanphungcz/nextjs-notion-blog-starter,211,57,2022-08-22T12:12:56Z,2025-08-09T01:43:52Z,TypeScript
482546333,jetbridge,sst-prisma,https://github.com/jetbridge/sst-prisma,210,22,2022-04-17T14:32:10Z,2025-07-26T14:59:00Z,TypeScript
301215978,agcty,nextjs-advanced-starter,https://github.com/agcty/nextjs-advanced-starter,207,28,2020-10-04T20:00:48Z,2025-06-06T16:38:00Z,TypeScript
228290405,StartBootstrap,sb-admin-angular,https://github.com/StartBootstrap/sb-admin-angular,207,217,2019-12-16T02:55:33Z,2025-07-31T09:43:40Z,TypeScript
836652357,pdsuwwz,nextjs-nextra-starter,https://github.com/pdsuwwz/nextjs-nextra-starter,207,37,2024-08-01T09:24:25Z,2025-08-10T09:10:15Z,TypeScript
297146631,bashovski,stampede,https://github.com/bashovski/stampede,207,4,2020-09-20T19:17:03Z,2025-04-30T21:31:44Z,TypeScript
494546167,TimMikeladze,typescript-react-package-starter,https://github.com/TimMikeladze/typescript-react-package-starter,206,19,2022-05-20T17:06:07Z,2025-07-30T21:25:47Z,TypeScript
257544956,wighawag,jolly-roger,https://github.com/wighawag/jolly-roger,206,32,2020-04-21T09:27:27Z,2025-07-14T12:15:21Z,TypeScript
808343284,hngprojects,hng_boilerplate_nextjs,https://github.com/hngprojects/hng_boilerplate_nextjs,205,270,2024-05-30T21:49:17Z,2025-03-31T01:36:16Z,TypeScript
226656278,parksb,handmade-blog,https://github.com/parksb/handmade-blog,205,30,2019-12-08T11:25:11Z,2025-08-10T15:43:37Z,TypeScript
318616207,colinhemphill,nextjs-resume,https://github.com/colinhemphill/nextjs-resume,205,48,2020-12-04T19:29:01Z,2025-08-06T20:55:47Z,TypeScript
461527587,alvarosabu,modern-three,https://github.com/alvarosabu/modern-three,204,14,2022-02-20T15:21:21Z,2025-06-06T23:13:18Z,TypeScript
252642735,X-neuron,antdFront,https://github.com/X-neuron/antdFront,203,49,2020-04-03T05:43:33Z,2025-02-16T14:13:34Z,TypeScript
506128050,pure-admin,pure-admin-table,https://github.com/pure-admin/pure-admin-table,203,55,2022-06-22T06:40:39Z,2025-08-05T07:40:22Z,TypeScript
383499879,CodelyTV,typescript-api-skeleton,https://github.com/CodelyTV/typescript-api-skeleton,202,38,2021-07-06T14:36:28Z,2025-07-18T10:05:05Z,TypeScript
497596833,mantinedev,vite-template,https://github.com/mantinedev/vite-template,201,128,2022-05-29T13:20:11Z,2025-08-10T12:25:52Z,TypeScript
192910038,pankod,moleculerjs-boilerplate,https://github.com/pankod/moleculerjs-boilerplate,198,35,2019-06-20T11:45:55Z,2025-08-02T08:04:40Z,TypeScript
142545773,pansyjs,react-admin,https://github.com/pansyjs/react-admin,196,29,2018-07-27T07:48:04Z,2025-08-07T12:23:02Z,TypeScript
171450478,FE-free,fc-angular,https://github.com/FE-free/fc-angular,193,66,2019-02-19T10:05:45Z,2025-01-16T10:23:33Z,TypeScript
306241244,catnose99,team-blog-hub,https://github.com/catnose99/team-blog-hub,382,161,2020-10-22T06:17:59Z,2025-05-26T04:48:45Z,TypeScript
610463287,joysofcode,enterprise-stack,https://github.com/joysofcode/enterprise-stack,382,28,2023-03-06T20:31:14Z,2025-06-25T10:29:02Z,TypeScript
232852386,IronTony,react-native-redux-toolkit-starter-app,https://github.com/IronTony/react-native-redux-toolkit-starter-app,378,61,2020-01-09T16:23:25Z,2025-07-29T18:38:13Z,TypeScript
583595113,turbo-eth,template-web3-app,https://github.com/turbo-eth/template-web3-app,378,94,2022-12-30T09:05:17Z,2025-06-09T13:55:37Z,TypeScript
187370748,shanhuiyang,TypeScript-MERN-Starter,https://github.com/shanhuiyang/TypeScript-MERN-Starter,378,86,2019-05-18T14:56:23Z,2025-07-15T22:55:23Z,TypeScript
86501435,gilamran,fullstack-typescript,https://github.com/gilamran/fullstack-typescript,376,53,2017-03-28T19:55:36Z,2025-08-01T17:51:38Z,TypeScript
789255808,webdevcody,ppai-next-starter,https://github.com/webdevcody/ppai-next-starter,370,46,2024-04-20T03:44:26Z,2025-07-12T23:20:47Z,TypeScript
417259160,thuglabs,create-dapp-solana-nextjs,https://github.com/thuglabs/create-dapp-solana-nextjs,368,184,2021-10-14T19:32:59Z,2025-07-22T11:22:03Z,TypeScript
669250449,clerk,nextjs-auth-starter-template,https://github.com/clerk/nextjs-auth-starter-template,368,100,2023-07-21T18:07:48Z,2025-08-09T10:03:57Z,TypeScript
348572661,egoist,ts-lib-starter,https://github.com/egoist/ts-lib-starter,367,30,2021-03-17T03:51:53Z,2025-07-23T21:48:59Z,TypeScript
468322990,profydev,prolog-app,https://github.com/profydev/prolog-app,367,113,2022-03-10T11:56:49Z,2025-08-04T15:53:10Z,TypeScript
270109052,ju4n97,angular-boilerplate,https://github.com/ju4n97/angular-boilerplate,364,112,2020-06-06T21:27:32Z,2025-08-03T14:07:47Z,TypeScript
648440928,heroui-inc,next-app-template,https://github.com/heroui-inc/next-app-template,363,98,2023-06-02T01:34:33Z,2025-08-11T01:17:39Z,TypeScript
588134013,lokalise,node-service-template,https://github.com/lokalise/node-service-template,362,17,2023-01-12T12:08:32Z,2025-08-10T13:32:32Z,TypeScript
139955708,hamzahamidi,ajsf,https://github.com/hamzahamidi/ajsf,362,181,2018-07-06T08:24:50Z,2025-04-27T08:32:36Z,TypeScript
975727294,ixahmedxi,unverceled-nextjs,https://github.com/ixahmedxi/unverceled-nextjs,360,10,2025-04-30T19:50:46Z,2025-08-04T06:57:04Z,TypeScript
263754079,garronej,ts-ci,https://github.com/garronej/ts-ci,358,20,2020-05-13T22:10:00Z,2025-08-09T14:37:19Z,TypeScript
714473018,Telegram-Mini-Apps,reactjs-template,https://github.com/Telegram-Mini-Apps/reactjs-template,355,122,2023-11-05T00:16:28Z,2025-08-08T19:43:44Z,TypeScript
437784365,saisilinus,node-express-mongoose-typescript-boilerplate,https://github.com/saisilinus/node-express-mongoose-typescript-boilerplate,354,103,2021-12-13T08:00:12Z,2025-08-05T23:37:08Z,TypeScript
112648236,LekoArts,gatsby-starter-portfolio-emilia,https://github.com/LekoArts/gatsby-starter-portfolio-emilia,354,81,2017-11-30T18:53:29Z,2025-07-17T16:50:16Z,TypeScript
367958681,jonluca,vite-typescript-ssr-react,https://github.com/jonluca/vite-typescript-ssr-react,352,51,2021-05-16T18:36:45Z,2025-06-29T12:38:31Z,TypeScript
387624688,ArcherGu,fast-vite-nestjs-electron,https://github.com/ArcherGu/fast-vite-nestjs-electron,351,43,2021-07-20T00:10:25Z,2025-08-09T00:39:32Z,TypeScript
726628874,nuotsu,sanitypress,https://github.com/nuotsu/sanitypress,349,82,2023-12-02T22:43:41Z,2025-08-10T13:08:11Z,TypeScript
262721122,tudorconstantin,knests,https://github.com/tudorconstantin/knests,348,44,2020-05-10T05:47:05Z,2025-05-24T13:29:06Z,TypeScript
171496633,LekoArts,gatsby-starter-portfolio-jodie,https://github.com/LekoArts/gatsby-starter-portfolio-jodie,345,81,2019-02-19T15:17:30Z,2025-08-04T10:58:01Z,TypeScript
568453082,lucky-chap,kaminari,https://github.com/lucky-chap/kaminari,344,35,2022-11-20T15:26:58Z,2025-08-08T22:31:40Z,TypeScript
832704546,rairprotocol,rair-official-library,https://github.com/rairprotocol/rair-official-library,343,738,2024-07-23T14:54:24Z,2025-08-01T16:34:21Z,TypeScript
286931206,napi-rs,package-template,https://github.com/napi-rs/package-template,341,41,2020-08-12T06:08:07Z,2025-08-09T06:14:51Z,TypeScript
516695980,Ares-Chang,uni-vitesse,https://github.com/Ares-Chang/uni-vitesse,341,59,2022-07-22T09:48:07Z,2025-08-04T19:30:20Z,TypeScript
258529396,homebridge,homebridge-plugin-template,https://github.com/homebridge/homebridge-plugin-template,340,141,2020-04-24T14:06:07Z,2025-08-03T01:10:40Z,TypeScript
204288916,steve-lebleu,typeplate,https://github.com/steve-lebleu/typeplate,336,46,2019-08-25T12:07:35Z,2025-07-10T13:53:00Z,TypeScript
646364882,mantinedev,next-app-template,https://github.com/mantinedev/next-app-template,335,163,2023-05-28T06:41:06Z,2025-08-08T21:03:20Z,TypeScript
777788832,TheBinaryGuy,next-hono-lucia,https://github.com/TheBinaryGuy/next-hono-lucia,332,19,2024-03-26T14:02:52Z,2025-08-03T16:14:51Z,TypeScript
680488510,design-sparx,mantine-analytics-dashboard,https://github.com/design-sparx/mantine-analytics-dashboard,329,79,2023-08-19T12:07:35Z,2025-08-08T16:10:27Z,TypeScript
240360271,sCrypt-Inc,boilerplate,https://github.com/sCrypt-Inc/boilerplate,328,87,2020-02-13T21:02:27Z,2025-06-01T17:11:00Z,TypeScript
53245912,hexlet-boilerplates,nodejs-package,https://github.com/hexlet-boilerplates/nodejs-package,328,625,2016-03-06T08:48:04Z,2025-07-17T15:05:28Z,TypeScript
450391169,nekobc1998923,vitecamp,https://github.com/nekobc1998923/vitecamp,327,175,2022-01-21T07:14:18Z,2025-07-14T07:23:24Z,TypeScript
474184302,kbysiec,vite-vanilla-ts-lib-starter,https://github.com/kbysiec/vite-vanilla-ts-lib-starter,327,38,2022-03-25T22:47:38Z,2025-08-05T03:43:59Z,TypeScript
399182544,jellydn,dapp-starter,https://github.com/jellydn/dapp-starter,327,81,2021-08-23T16:56:48Z,2025-07-20T13:31:47Z,TypeScript
522522530,radzionc,radzionkit,https://github.com/radzionc/radzionkit,327,58,2022-08-08T11:33:19Z,2025-08-08T10:27:42Z,TypeScript
774965096,Kiranism,tanstack-start-dashboard,https://github.com/Kiranism/tanstack-start-dashboard,324,72,2024-03-20T14:20:26Z,2025-08-10T19:55:53Z,TypeScript
398878693,edmundhung,remix-cloudflare-template,https://github.com/edmundhung/remix-cloudflare-template,323,62,2021-08-22T19:07:37Z,2025-07-27T09:49:24Z,TypeScript
96484741,stencil-community,stencil-app-starter,https://github.com/stencil-community/stencil-app-starter,322,100,2017-07-07T01:01:21Z,2025-06-26T20:00:24Z,TypeScript
298651315,BartoszJarocki,jarocki.me,https://github.com/BartoszJarocki/jarocki.me,318,41,2020-09-25T18:31:43Z,2025-08-10T22:16:22Z,TypeScript
739408440,michaeltroya,supa-next-starter,https://github.com/michaeltroya/supa-next-starter,310,48,2024-01-05T13:51:27Z,2025-08-09T03:24:10Z,TypeScript
653755544,thedevdavid,digital-garden,https://github.com/thedevdavid/digital-garden,309,34,2023-06-14T17:03:00Z,2025-08-08T23:19:53Z,TypeScript
867723543,launch-ui,launch-ui,https://github.com/launch-ui/launch-ui,309,51,2024-10-04T15:40:44Z,2025-08-09T19:32:35Z,TypeScript
714466820,Telegram-Mini-Apps,nextjs-template,https://github.com/Telegram-Mini-Apps/nextjs-template,308,100,2023-11-04T23:35:30Z,2025-08-11T03:30:12Z,TypeScript
501909416,jooy2,vutron,https://github.com/jooy2/vutron,308,35,2022-06-10T05:19:28Z,2025-08-10T14:07:25Z,TypeScript
501375490,sesto-dev,next-prisma-tailwind-ecommerce,https://github.com/sesto-dev/next-prisma-tailwind-ecommerce,308,66,2022-06-08T18:56:50Z,2025-08-08T14:00:11Z,TypeScript
438797161,Enricopv,turbo-boilerplate,https://github.com/Enricopv/turbo-boilerplate,307,24,2021-12-15T23:00:50Z,2025-07-15T06:42:43Z,TypeScript
272619521,harvic3,nodetskeleton,https://github.com/harvic3/nodetskeleton,307,31,2020-06-16T05:41:28Z,2025-08-10T23:28:50Z,TypeScript
684521881,Azure-Samples,azure-search-openai-javascript,https://github.com/Azure-Samples/azure-search-openai-javascript,307,197,2023-08-29T09:57:26Z,2025-08-03T09:47:31Z,TypeScript
254180747,jpedroschmitz,gatsby-starter-ts,https://github.com/jpedroschmitz/gatsby-starter-ts,304,28,2020-04-08T19:25:11Z,2025-08-01T00:23:06Z,TypeScript
349902274,TeXmeijin,vite-react-ts-tailwind-firebase-starter,https://github.com/TeXmeijin/vite-react-ts-tailwind-firebase-starter,303,60,2021-03-21T04:47:14Z,2025-08-09T16:15:30Z,TypeScript
270954907,grafana,k6-template-typescript,https://github.com/grafana/k6-template-typescript,303,69,2020-06-09T09:09:44Z,2025-07-23T12:28:01Z,TypeScript
283051584,barthofu,tscord,https://github.com/barthofu/tscord,302,22,2020-07-28T00:25:59Z,2025-08-07T11:52:11Z,TypeScript
485947529,Uninen,tauri-vue-template,https://github.com/Uninen/tauri-vue-template,302,35,2022-04-26T21:06:10Z,2025-08-11T01:31:18Z,TypeScript
533429192,keycloakify,keycloakify-starter,https://github.com/keycloakify/keycloakify-starter,301,307,2022-09-06T17:19:30Z,2025-08-10T05:21:23Z,TypeScript
298115871,chocolat-chaud-io,stator,https://github.com/chocolat-chaud-io/stator,299,19,2020-09-23T23:11:20Z,2025-04-09T01:00:15Z,TypeScript
363188301,ryansonshine,typescript-npm-package-template,https://github.com/ryansonshine/typescript-npm-package-template,297,43,2021-04-30T15:48:46Z,2025-07-30T18:43:05Z,TypeScript
198124631,msanvarov,nest-rest-mongo-boilerplate,https://github.com/msanvarov/nest-rest-mongo-boilerplate,296,43,2019-07-22T01:28:55Z,2025-07-07T10:59:38Z,TypeScript
840890740,muneebhashone,typescript-backend-toolkit,https://github.com/muneebhashone/typescript-backend-toolkit,295,52,2024-08-11T02:19:59Z,2025-07-19T04:43:14Z,TypeScript
405739452,kevinfaveri,solana-candy-factory,https://github.com/kevinfaveri/solana-candy-factory,295,911,2021-09-12T19:52:44Z,2025-08-10T10:22:10Z,TypeScript
571602116,sanity-io,sanity-template-nextjs-clean,https://github.com/sanity-io/sanity-template-nextjs-clean,295,104,2022-11-28T13:40:56Z,2025-08-09T23:40:17Z,TypeScript
460782045,funnyzak,react-native-v2ex,https://github.com/funnyzak/react-native-v2ex,291,49,2022-02-18T09:07:48Z,2025-08-04T10:09:15Z,TypeScript
224831595,scopsy,nestjs-monorepo-starter,https://github.com/scopsy/nestjs-monorepo-starter,289,33,2019-11-29T10:26:42Z,2025-08-08T10:36:27Z,TypeScript
983703469,rudrodip,titan,https://github.com/rudrodip/titan,289,32,2025-05-14T19:33:04Z,2025-08-06T06:21:14Z,TypeScript
302259086,NekitCorp,chrome-extension-svelte-typescript-boilerplate,https://github.com/NekitCorp/chrome-extension-svelte-typescript-boilerplate,288,60,2020-10-08T07:07:12Z,2025-08-05T20:27:19Z,TypeScript
462378188,Tencent,tdesign-react-starter,https://github.com/Tencent/tdesign-react-starter,288,94,2022-02-22T16:19:22Z,2025-08-03T12:10:44Z,TypeScript
562195130,BayBreezy,nuxt3-vuetify3-starter,https://github.com/BayBreezy/nuxt3-vuetify3-starter,287,69,2022-11-05T15:44:19Z,2025-07-21T07:25:09Z,TypeScript
451719966,byoungd,modern-vue-template,https://github.com/byoungd/modern-vue-template,287,27,2022-01-25T03:22:15Z,2025-07-10T14:18:07Z,TypeScript
420432544,jvidalv,vital,https://github.com/jvidalv/vital,286,41,2021-10-23T14:17:34Z,2025-07-13T22:56:51Z,TypeScript
973870435,alwaysnomads,better-hono,https://github.com/alwaysnomads/better-hono,284,20,2025-04-27T22:45:52Z,2025-08-07T12:40:28Z,TypeScript
167784220,AmitM30,react-native-typescript-boilerplate,https://github.com/AmitM30/react-native-typescript-boilerplate,282,82,2019-01-27T07:52:53Z,2025-07-17T16:50:53Z,TypeScript
72358341,jaxx2104,gatsby-starter-bootstrap,https://github.com/jaxx2104/gatsby-starter-bootstrap,280,69,2016-10-30T15:41:46Z,2025-08-07T06:16:49Z,TypeScript
328990256,Baroshem,microservice-template,https://github.com/Baroshem/microservice-template,280,41,2021-01-12T13:09:02Z,2025-08-08T16:43:59Z,TypeScript
379322841,ATQQ,uni-vue3-ts-template,https://github.com/ATQQ/uni-vue3-ts-template,280,69,2021-06-22T15:47:14Z,2025-08-07T12:26:30Z,TypeScript
360124240,jellydn,next-app-starter,https://github.com/jellydn/next-app-starter,278,33,2021-04-21T10:17:27Z,2025-08-08T13:27:24Z,TypeScript
580502198,antonio-lazaro,prisma-express-typescript-boilerplate,https://github.com/antonio-lazaro/prisma-express-typescript-boilerplate,277,62,2022-12-20T18:10:03Z,2025-08-06T19:29:07Z,TypeScript
247687627,geocine,phaser3-rollup-typescript,https://github.com/geocine/phaser3-rollup-typescript,277,52,2020-03-16T11:42:24Z,2025-07-27T03:28:05Z,TypeScript
624204798,jotyy,Mantine-Admin,https://github.com/jotyy/Mantine-Admin,277,51,2023-04-06T01:03:59Z,2025-08-03T18:57:38Z,TypeScript
531660194,mirsazzathossain,mirsazzathossain.me,https://github.com/mirsazzathossain/mirsazzathossain.me,276,18,2022-09-01T19:32:53Z,2025-08-10T23:44:49Z,TypeScript
997505577,theaiautomators,insights-lm-public,https://github.com/theaiautomators/insights-lm-public,276,133,2025-06-06T16:36:29Z,2025-08-11T04:04:06Z,TypeScript
917841751,shadcn-ui,registry-template,https://github.com/shadcn-ui/registry-template,275,53,2025-01-16T18:41:22Z,2025-08-08T09:21:21Z,TypeScript
570473010,sanity-io,template-nextjs-personal-website,https://github.com/sanity-io/template-nextjs-personal-website,274,63,2022-11-25T09:22:41Z,2025-08-07T07:17:56Z,TypeScript
189761262,nikitowsky,next-advanced-apollo-starter,https://github.com/nikitowsky/next-advanced-apollo-starter,273,29,2019-06-01T17:40:44Z,2025-04-04T13:35:55Z,TypeScript
812793594,marcoturi,fastify-boilerplate,https://github.com/marcoturi/fastify-boilerplate,271,27,2024-06-09T22:20:44Z,2025-08-11T04:44:11Z,TypeScript
402021494,LunatiqueCoder,luna,https://github.com/LunatiqueCoder/luna,271,19,2021-09-01T10:32:43Z,2025-07-24T17:11:13Z,TypeScript
881051345,turbostarter,extro,https://github.com/turbostarter/extro,269,20,2024-10-30T20:39:06Z,2025-08-10T16:04:44Z,TypeScript
473847178,elibroftw,modern-desktop-app-template,https://github.com/elibroftw/modern-desktop-app-template,267,43,2022-03-25T02:51:57Z,2025-08-09T04:03:59Z,TypeScript
329753531,tinacms,tina-cloud-starter,https://github.com/tinacms/tina-cloud-starter,261,383,2021-01-14T22:52:01Z,2025-08-02T16:05:52Z,TypeScript
240804374,ctrl-alt-del-world,midway,https://github.com/ctrl-alt-del-world/midway,261,33,2020-02-15T23:47:35Z,2025-06-10T16:22:40Z,TypeScript
655016724,dan5py,react-vite-shadcn-ui,https://github.com/dan5py/react-vite-shadcn-ui,256,112,2023-06-17T16:12:10Z,2025-08-09T12:10:48Z,TypeScript
336516014,thisismydesign,next-nest,https://github.com/thisismydesign/next-nest,503,79,2021-02-06T10:55:54Z,2025-07-25T18:56:31Z,TypeScript
379689146,mantinedev,next-pages-template,https://github.com/mantinedev/next-pages-template,502,138,2021-06-23T18:00:36Z,2025-08-10T16:07:34Z,TypeScript
710309444,TinsFox,poketto-stack,https://github.com/TinsFox/poketto-stack,497,55,2023-10-26T12:48:10Z,2025-08-10T10:51:32Z,TypeScript
161202327,flaviuse,mern-authentication,https://github.com/flaviuse/mern-authentication,494,100,2018-12-10T16:17:17Z,2025-08-07T21:46:38Z,TypeScript
750651438,weijunext,nextjs-15-starter,https://github.com/weijunext/nextjs-15-starter,489,91,2024-01-31T03:30:25Z,2025-08-11T02:13:27Z,TypeScript
928164189,un-pany,mobvue,https://github.com/un-pany/mobvue,486,63,2025-02-06T07:05:00Z,2025-08-09T11:57:32Z,TypeScript
642257110,zeon-studio,nextplate,https://github.com/zeon-studio/nextplate,483,261,2023-05-18T06:57:50Z,2025-08-11T02:46:32Z,TypeScript
467384331,ywanzhou,vue3-template,https://github.com/ywanzhou/vue3-template,481,170,2022-03-08T06:02:33Z,2025-07-28T08:42:18Z,TypeScript
200381991,nirsky,figma-plugin-react-template,https://github.com/nirsky/figma-plugin-react-template,479,97,2019-08-03T14:00:58Z,2025-07-12T20:29:16Z,TypeScript
665628835,pinecone-io,pinecone-vercel-starter,https://github.com/pinecone-io/pinecone-vercel-starter,477,160,2023-07-12T16:15:02Z,2025-08-04T15:23:57Z,TypeScript
382737827,trpc,examples-next-prisma-websockets-starter,https://github.com/trpc/examples-next-prisma-websockets-starter,476,74,2021-07-04T01:13:47Z,2025-08-10T07:28:03Z,TypeScript
526066876,w3cj,express-api-starter-ts,https://github.com/w3cj/express-api-starter-ts,475,135,2022-08-18T05:19:03Z,2025-08-09T18:39:36Z,TypeScript
590477488,kirklin,celeris-web,https://github.com/kirklin/celeris-web,475,63,2023-01-18T14:06:43Z,2025-07-30T03:08:21Z,TypeScript
274800881,React-Avancado,boilerplate,https://github.com/React-Avancado/boilerplate,473,193,2020-06-25T01:00:01Z,2025-07-27T08:15:20Z,TypeScript
662449966,brocoders,extensive-react-boilerplate,https://github.com/brocoders/extensive-react-boilerplate,472,124,2023-07-05T06:59:52Z,2025-08-05T14:44:11Z,TypeScript
971927835,nkzw-tech,expo-app-template,https://github.com/nkzw-tech/expo-app-template,471,30,2025-04-24T09:14:19Z,2025-08-11T03:09:38Z,TypeScript
796305531,expo-starter,expo-local-first-template,https://github.com/expo-starter/expo-local-first-template,470,40,2024-05-05T14:58:55Z,2025-08-10T09:01:49Z,TypeScript
992960646,michaelshimeles,react-starter-kit,https://github.com/michaelshimeles/react-starter-kit,468,152,2025-05-30T01:38:58Z,2025-08-10T17:57:43Z,TypeScript
369262265,CodelyTV,typescript-ddd-skeleton,https://github.com/CodelyTV/typescript-ddd-skeleton,466,54,2021-05-20T15:53:08Z,2025-07-23T01:31:27Z,TypeScript
295621492,Uninen,vite-ts-tailwind-starter,https://github.com/Uninen/vite-ts-tailwind-starter,462,85,2020-09-15T05:14:35Z,2025-08-10T01:37:48Z,TypeScript
472978184,antfu,starter-vscode,https://github.com/antfu/starter-vscode,459,75,2022-03-23T00:06:41Z,2025-08-09T14:39:16Z,TypeScript
741963118,LuanRoger,electron-shadcn,https://github.com/LuanRoger/electron-shadcn,459,86,2024-01-11T13:29:15Z,2025-08-10T10:23:02Z,TypeScript
675772757,oyjt,uniapp-vue3-template,https://github.com/oyjt/uniapp-vue3-template,457,113,2023-08-07T17:27:35Z,2025-08-11T02:33:35Z,TypeScript
62022189,screepers,screeps-typescript-starter,https://github.com/screepers/screeps-typescript-starter,456,330,2016-06-27T03:16:10Z,2025-08-06T19:28:53Z,TypeScript
549295156,sanity-io,nextjs-blog-cms-sanity-v3,https://github.com/sanity-io/nextjs-blog-cms-sanity-v3,455,138,2022-10-11T01:10:36Z,2025-08-10T13:08:07Z,TypeScript
345620267,santoshshinde2012,node-boilerplate,https://github.com/santoshshinde2012/node-boilerplate,453,86,2021-03-08T10:40:31Z,2025-08-04T19:57:18Z,TypeScript
923952187,CodeGuide-dev,codeguide-starter-lite,https://github.com/CodeGuide-dev/codeguide-starter-lite,449,92,2025-01-29T06:05:48Z,2025-08-07T16:21:43Z,TypeScript
292526884,weizhanzhan,vue3-ts-template-h5,https://github.com/weizhanzhan/vue3-ts-template-h5,449,109,2020-09-03T09:36:35Z,2025-07-22T11:23:39Z,TypeScript
615536358,Jordan-Gilliam,ai-template,https://github.com/Jordan-Gilliam/ai-template,448,68,2023-03-17T23:41:59Z,2025-08-10T10:16:14Z,TypeScript
738630365,AlbertHernandez,nestjs-service-template,https://github.com/AlbertHernandez/nestjs-service-template,444,84,2024-01-03T17:10:05Z,2025-08-08T04:03:44Z,TypeScript
901728865,iAmCorey,coreychiu-portfolio-template,https://github.com/iAmCorey/coreychiu-portfolio-template,440,66,2024-12-11T07:52:46Z,2025-08-11T01:06:44Z,TypeScript
542866012,jeryqwq,ProApplication,https://github.com/jeryqwq/ProApplication,439,23,2022-09-29T01:35:21Z,2025-08-07T16:31:50Z,TypeScript
928003671,kleneway,next-ai-starter,https://github.com/kleneway/next-ai-starter,436,219,2025-02-05T22:32:21Z,2025-08-10T08:19:01Z,TypeScript
197237426,cloudflare,worker-typescript-template,https://github.com/cloudflare/worker-typescript-template,436,94,2019-07-16T17:19:41Z,2025-04-14T16:09:46Z,TypeScript
205373050,ahmetuysal,nest-hackathon-starter,https://github.com/ahmetuysal/nest-hackathon-starter,432,53,2019-08-30T11:56:17Z,2025-08-07T12:02:32Z,TypeScript
291475627,WrathChaos,react-native-typescript-boilerplate,https://github.com/WrathChaos/react-native-typescript-boilerplate,429,92,2020-08-30T13:28:45Z,2025-08-05T06:37:56Z,TypeScript
117544978,Robinfr,electron-react-typescript,https://github.com/Robinfr/electron-react-typescript,429,85,2018-01-15T12:51:56Z,2025-07-04T06:24:43Z,TypeScript
223105448,tjx666,awesome-chrome-extension-boilerplate,https://github.com/tjx666/awesome-chrome-extension-boilerplate,425,44,2019-11-21T06:35:55Z,2025-08-01T04:10:41Z,TypeScript
167690973,yandeu,phaser-project-template,https://github.com/yandeu/phaser-project-template,424,80,2019-01-26T13:19:59Z,2025-07-23T10:04:43Z,TypeScript
232842535,bcms,cms,https://github.com/bcms/cms,423,27,2020-01-09T15:39:21Z,2025-08-10T23:06:07Z,TypeScript
335607286,Tallyb,cucumber-playwright,https://github.com/Tallyb/cucumber-playwright,422,108,2021-02-03T11:48:26Z,2025-08-03T12:11:12Z,TypeScript
853685073,kovrichard,catalyst,https://github.com/kovrichard/catalyst,411,32,2024-09-07T08:35:50Z,2025-08-08T15:31:10Z,TypeScript
324602489,zeplia,minwiz,https://github.com/zeplia/minwiz,409,26,2020-12-26T17:23:24Z,2025-07-05T12:47:20Z,TypeScript
495231206,m1guelpf,dapp-starter,https://github.com/m1guelpf/dapp-starter,404,59,2022-05-23T02:19:32Z,2025-08-06T04:07:32Z,TypeScript
187669666,satishbabariya,nodejs-boilerplate,https://github.com/satishbabariya/nodejs-boilerplate,403,60,2019-05-20T15:41:30Z,2025-08-07T12:22:24Z,TypeScript
946691699,openai,openai-responses-starter-app,https://github.com/openai/openai-responses-starter-app,402,151,2025-03-11T14:29:27Z,2025-08-11T03:23:20Z,TypeScript
330174799,rubiin,ultimate-nest,https://github.com/rubiin/ultimate-nest,400,51,2021-01-16T13:58:35Z,2025-08-11T01:13:02Z,TypeScript
410223991,josephgoksu,prime-nestjs,https://github.com/josephgoksu/prime-nestjs,399,67,2021-09-25T08:59:13Z,2025-08-06T19:30:45Z,TypeScript
440302068,bot-base,telegram-bot-template,https://github.com/bot-base/telegram-bot-template,397,58,2021-12-20T20:45:24Z,2025-08-01T12:32:25Z,TypeScript
515014570,gaishimo,eas-widget-example,https://github.com/gaishimo/eas-widget-example,397,24,2022-07-18T02:51:02Z,2025-07-26T15:52:43Z,TypeScript
696409935,nisabmohd,Aria-Docs,https://github.com/nisabmohd/Aria-Docs,391,70,2023-09-25T17:27:49Z,2025-08-05T17:57:58Z,TypeScript
821078034,webdevcody,next-drizzle-lucia-sqlite-template,https://github.com/webdevcody/next-drizzle-lucia-sqlite-template,391,93,2024-06-27T19:07:53Z,2025-07-16T11:33:37Z,TypeScript
647506041,m1guelpf,armchair,https://github.com/m1guelpf/armchair,391,25,2023-05-30T23:49:25Z,2025-07-27T18:56:18Z,TypeScript
135783988,wataru-maeda,react-native-boilerplate,https://github.com/wataru-maeda/react-native-boilerplate,390,105,2018-06-02T03:27:41Z,2025-08-09T12:51:41Z,TypeScript
476269971,ttk-cli,uni-vue3-vite-ts-pinia,https://github.com/ttk-cli/uni-vue3-vite-ts-pinia,389,111,2022-03-31T11:10:04Z,2025-07-29T10:58:23Z,TypeScript
584951393,chen-rn,CUA,https://github.com/chen-rn/CUA,1012,66,2023-01-03T23:54:05Z,2025-07-24T20:36:08Z,TypeScript
374969877,web3templates,nextly-template,https://github.com/web3templates/nextly-template,1002,392,2021-06-08T10:28:37Z,2025-08-09T04:19:27Z,TypeScript
446153024,dishait,tov-template,https://github.com/dishait/tov-template,960,220,2022-01-09T17:11:54Z,2025-08-08T09:39:50Z,TypeScript
671595995,RicardoValdovinos,vite-react-boilerplate,https://github.com/RicardoValdovinos/vite-react-boilerplate,958,161,2023-07-27T17:21:44Z,2025-08-11T04:44:01Z,TypeScript
626978831,langgenius,webapp-conversation,https://github.com/langgenius/webapp-conversation,930,1657,2023-04-12T14:37:12Z,2025-08-08T09:16:50Z,TypeScript
760228505,devtodollars,mvp-boilerplate,https://github.com/devtodollars/mvp-boilerplate,910,118,2024-02-20T02:50:13Z,2025-08-09T09:13:08Z,TypeScript
483428846,JohnBra,vite-web-extension,https://github.com/JohnBra/vite-web-extension,900,121,2022-04-19T22:30:54Z,2025-08-10T18:42:08Z,TypeScript
744111131,Skolaczk,next-starter,https://github.com/Skolaczk/next-starter,899,148,2024-01-16T16:37:59Z,2025-08-09T19:59:02Z,TypeScript
529185517,sidebase,sidebase,https://github.com/sidebase/sidebase,841,21,2022-08-26T08:55:48Z,2025-07-29T09:27:08Z,TypeScript
192205098,antfu,starter-ts,https://github.com/antfu/starter-ts,830,186,2019-06-16T15:09:52Z,2025-08-09T03:09:48Z,TypeScript
287178075,agustinusnathaniel,nextarter-chakra,https://github.com/agustinusnathaniel/nextarter-chakra,827,101,2020-08-13T04:09:44Z,2025-08-07T09:53:17Z,TypeScript
867733739,w3cj,hono-open-api-starter,https://github.com/w3cj/hono-open-api-starter,810,99,2024-10-04T16:03:02Z,2025-08-10T23:34:08Z,TypeScript
538708932,Siumauricio,nextui-dashboard-template,https://github.com/Siumauricio/nextui-dashboard-template,792,161,2022-09-19T21:48:54Z,2025-08-10T05:15:28Z,TypeScript
350874478,notrab,headless-dropshipping-starter,https://github.com/notrab/headless-dropshipping-starter,786,144,2021-03-23T22:26:51Z,2025-08-07T20:57:50Z,TypeScript
373524663,trpc,examples-next-prisma-starter,https://github.com/trpc/examples-next-prisma-starter,768,107,2021-06-03T13:53:03Z,2025-08-06T21:43:46Z,TypeScript
414351618,darkroomengineering,satus,https://github.com/darkroomengineering/satus,754,66,2021-10-06T19:54:34Z,2025-08-10T15:13:51Z,TypeScript
279677883,squareboat,nestjs-boilerplate,https://github.com/squareboat/nestjs-boilerplate,744,106,2020-07-14T19:42:07Z,2025-08-08T17:16:35Z,TypeScript
374308646,VincentJouanne,nest-clean-architecture,https://github.com/VincentJouanne/nest-clean-architecture,726,81,2021-06-06T08:36:31Z,2025-08-08T00:21:36Z,TypeScript
579172366,wslyvh,nexth,https://github.com/wslyvh/nexth,722,146,2022-12-16T21:05:52Z,2025-08-04T17:22:53Z,TypeScript
342047111,jkytoela,next-startd,https://github.com/jkytoela/next-startd,712,123,2021-02-24T21:59:32Z,2025-07-02T01:06:25Z,TypeScript
343321117,buqiyuan,electron-vite-monorepo,https://github.com/buqiyuan/electron-vite-monorepo,709,185,2021-03-01T07:03:33Z,2025-08-01T11:35:54Z,TypeScript
633466210,shadcn,next-contentlayer,https://github.com/shadcn/next-contentlayer,709,106,2023-04-27T14:58:10Z,2025-08-06T19:00:22Z,TypeScript
689765175,different-ai,note-companion,https://github.com/different-ai/note-companion,703,117,2023-09-10T20:33:20Z,2025-08-11T03:24:37Z,TypeScript
386114506,joaopaulomoraes,reactjs-vite-tailwindcss-boilerplate,https://github.com/joaopaulomoraes/reactjs-vite-tailwindcss-boilerplate,694,131,2021-07-15T00:35:20Z,2025-08-10T05:34:44Z,TypeScript
615708882,prompt-engineering,chat-flow,https://github.com/prompt-engineering/chat-flow,693,66,2023-03-18T13:00:03Z,2025-08-07T12:28:20Z,TypeScript
347532125,Debdut,browser-extension,https://github.com/Debdut/browser-extension,692,55,2021-03-14T03:07:41Z,2025-08-04T00:42:44Z,TypeScript
372046792,samchon,backend,https://github.com/samchon/backend,691,74,2021-05-29T18:40:45Z,2025-08-07T21:02:19Z,TypeScript
212514423,n8n-io,n8n-nodes-starter,https://github.com/n8n-io/n8n-nodes-starter,689,461,2019-10-03T06:50:43Z,2025-08-10T23:51:07Z,TypeScript
188380025,nice-boys,product-boilerplate,https://github.com/nice-boys/product-boilerplate,686,51,2019-05-24T08:05:13Z,2025-07-11T11:52:32Z,TypeScript
460429656,daltonmenezes,electron-app,https://github.com/daltonmenezes/electron-app,682,49,2022-02-17T12:38:52Z,2025-08-09T14:33:54Z,TypeScript
158307590,aws-samples,aws-bookstore-demo-app,https://github.com/aws-samples/aws-bookstore-demo-app,665,335,2018-11-20T00:26:00Z,2025-07-17T01:17:30Z,TypeScript
271595146,suren-atoyan,react-pwa,https://github.com/suren-atoyan/react-pwa,663,153,2020-06-11T16:29:29Z,2025-08-10T20:11:52Z,TypeScript
233860269,rwieruch,nextjs-firebase-authentication,https://github.com/rwieruch/nextjs-firebase-authentication,656,115,2020-01-14T14:30:53Z,2025-07-20T19:06:28Z,TypeScript
526717123,windingwind,zotero-plugin-template,https://github.com/windingwind/zotero-plugin-template,650,142,2022-08-19T18:42:12Z,2025-08-08T19:23:47Z,TypeScript
776867889,d-ivashchuk,cascade,https://github.com/d-ivashchuk/cascade,638,64,2024-03-24T17:04:38Z,2025-08-05T10:22:20Z,TypeScript
152983001,Vivify-Ideas,nestjs-boilerplate,https://github.com/Vivify-Ideas/nestjs-boilerplate,636,93,2018-10-14T14:31:01Z,2025-08-06T16:26:39Z,TypeScript
756932518,ocluf,justship,https://github.com/ocluf/justship,632,48,2024-02-13T15:34:38Z,2025-08-11T02:46:41Z,TypeScript
743433979,KolbySisk,next-supabase-stripe-starter,https://github.com/KolbySisk/next-supabase-stripe-starter,630,115,2024-01-15T08:24:11Z,2025-08-11T03:51:50Z,TypeScript
543080324,nkzw-tech,web-app-template,https://github.com/nkzw-tech/web-app-template,606,43,2022-09-29T11:18:21Z,2025-07-19T18:32:09Z,TypeScript
281077067,monstar-lab-oss,nestjs-starter-rest-api,https://github.com/monstar-lab-oss/nestjs-starter-rest-api,595,101,2020-07-20T09:46:28Z,2025-08-10T06:12:50Z,TypeScript
291597982,andrechristikan,ack-nestjs-boilerplate,https://github.com/andrechristikan/ack-nestjs-boilerplate,594,201,2020-08-31T02:47:40Z,2025-08-03T15:57:49Z,TypeScript
337183873,wtchnm,Vitamin,https://github.com/wtchnm/Vitamin,591,52,2021-02-08T19:18:44Z,2025-08-10T20:10:58Z,TypeScript
485650081,stacksjs,stacks,https://github.com/stacksjs/stacks,591,15,2022-04-26T05:46:57Z,2025-08-10T18:51:51Z,TypeScript
846384296,dotnize,react-tanstarter,https://github.com/dotnize/react-tanstarter,586,39,2024-08-23T05:08:16Z,2025-08-10T10:59:59Z,TypeScript
118283973,xmlking,ngx-starter-kit,https://github.com/xmlking/ngx-starter-kit,586,129,2018-01-20T21:56:55Z,2025-07-31T06:05:13Z,TypeScript
205427090,0xb4lamx,nestjs-boilerplate-microservice,https://github.com/0xb4lamx/nestjs-boilerplate-microservice,577,71,2019-08-30T17:21:50Z,2025-08-08T14:15:40Z,TypeScript
609401547,ladunjexa,reactjs18-3d-portfolio,https://github.com/ladunjexa/reactjs18-3d-portfolio,575,218,2023-03-04T04:06:00Z,2025-08-11T03:32:57Z,TypeScript
467168308,ejazahm3d,fullstack-turborepo-starter,https://github.com/ejazahm3d/fullstack-turborepo-starter,572,66,2022-03-07T16:15:47Z,2025-08-03T05:12:42Z,TypeScript
397731209,borjapazr,express-typescript-skeleton,https://github.com/borjapazr/express-typescript-skeleton,570,68,2021-08-18T20:48:02Z,2025-08-10T17:21:20Z,TypeScript
261606258,KevinNovak,Discord-Bot-TypeScript-Template,https://github.com/KevinNovak/Discord-Bot-TypeScript-Template,569,107,2020-05-05T23:35:21Z,2025-08-06T19:43:21Z,TypeScript
131748683,Saluki,nestjs-template,https://github.com/Saluki/nestjs-template,567,176,2018-05-01T18:31:27Z,2025-08-06T23:56:55Z,TypeScript
692014462,enesozturk,json-data-ai-template,https://github.com/enesozturk/json-data-ai-template,567,38,2023-09-15T11:24:34Z,2025-07-22T14:32:32Z,TypeScript
209091974,Tony133,nestjs-api-boilerplate-jwt,https://github.com/Tony133/nestjs-api-boilerplate-jwt,561,82,2019-09-17T15:34:18Z,2025-08-09T15:47:27Z,TypeScript
236869351,mvllow,next-pwa-template,https://github.com/mvllow/next-pwa-template,549,60,2020-01-28T23:58:41Z,2025-08-08T06:19:59Z,TypeScript
146887316,EmaSuriano,gatsby-starter-mate,https://github.com/EmaSuriano/gatsby-starter-mate,543,158,2018-08-31T12:10:46Z,2025-07-30T07:35:27Z,TypeScript
536714670,justboil,admin-one-react-tailwind,https://github.com/justboil/admin-one-react-tailwind,543,163,2022-09-14T18:39:45Z,2025-08-09T17:24:27Z,TypeScript
109707258,Angular-RU,universal-starter,https://github.com/Angular-RU/universal-starter,541,197,2017-11-06T14:41:04Z,2025-07-23T21:48:41Z,TypeScript
905645437,ibelick,nim,https://github.com/ibelick/nim,538,148,2024-12-19T08:45:08Z,2025-08-11T01:28:51Z,TypeScript
736352317,saasykits,nextjs-sessionauth-template,https://github.com/saasykits/nextjs-sessionauth-template,537,64,2023-12-27T17:00:33Z,2025-08-02T05:23:10Z,TypeScript
725481072,NextJSTemplates,play-nextjs,https://github.com/NextJSTemplates/play-nextjs,524,159,2023-11-30T08:30:35Z,2025-08-07T03:01:54Z,TypeScript
306618195,wighawag,template-ethereum-contracts,https://github.com/wighawag/template-ethereum-contracts,516,118,2020-10-23T11:39:16Z,2025-08-09T11:16:01Z,TypeScript
616138495,langchain-ai,langchain-template-supabase,https://github.com/langchain-ai/langchain-template-supabase,512,56,2023-03-19T18:07:33Z,2025-07-29T17:39:44Z,TypeScript
101394335,ant-design,ant-design-pro,https://github.com/ant-design/ant-design-pro,37380,8206,2017-08-25T10:40:44Z,2025-08-11T01:20:20Z,TypeScript
35810174,electron-react-boilerplate,electron-react-boilerplate,https://github.com/electron-react-boilerplate/electron-react-boilerplate,23960,4004,2015-05-18T09:54:57Z,2025-08-10T22:24:33Z,TypeScript
18840003,kriasoft,react-starter-kit,https://github.com/kriasoft/react-starter-kit,23057,4181,2014-04-16T13:08:18Z,2025-08-11T00:39:35Z,TypeScript
642917329,vercel,ai-chatbot,https://github.com/vercel/ai-chatbot,17382,5195,2023-05-19T16:36:23Z,2025-08-11T02:55:05Z,TypeScript
281769216,ixartz,Next-js-Boilerplate,https://github.com/ixartz/Next-js-Boilerplate,11692,2179,2020-07-22T19:47:35Z,2025-08-11T04:47:41Z,TypeScript
328121260,timlrx,tailwind-nextjs-starter-blog,https://github.com/timlrx/tailwind-nextjs-starter-blog,9972,2404,2021-01-09T09:41:22Z,2025-08-11T02:34:53Z,TypeScript
286295150,antfu-collective,vitesse,https://github.com/antfu-collective/vitesse,9266,975,2020-08-09T18:34:19Z,2025-08-10T00:48:21Z,TypeScript
162028712,leerob,next-mdx-blog,https://github.com/leerob/next-mdx-blog,7475,1439,2018-12-16T18:22:37Z,2025-08-10T15:10:40Z,TypeScript
630874227,Blazity,next-enterprise,https://github.com/Blazity/next-enterprise,7026,1966,2023-04-21T10:57:41Z,2025-08-10T21:48:55Z,TypeScript
584272649,vercel,next-forge,https://github.com/vercel/next-forge,6347,555,2023-01-02T04:19:54Z,2025-08-10T17:21:07Z,TypeScript
527335176,t3-oss,create-t3-turbo,https://github.com/t3-oss/create-t3-turbo,5498,483,2022-08-21T21:53:40Z,2025-08-10T23:53:53Z,TypeScript
588602746,steven-tey,precedent,https://github.com/steven-tey/precedent,5033,466,2023-01-13T14:27:05Z,2025-08-10T19:32:07Z,TypeScript
287875495,electron-vite,electron-vite-vue,https://github.com/electron-vite/electron-vite-vue,4708,619,2020-08-16T04:49:23Z,2025-08-11T04:33:33Z,TypeScript
479995878,Jonghakseo,chrome-extension-boilerplate-react-vite,https://github.com/Jonghakseo/chrome-extension-boilerplate-react-vite,4294,595,2022-04-10T11:24:16Z,2025-08-11T03:03:43Z,TypeScript
69668139,kriasoft,graphql-starter-kit,https://github.com/kriasoft/graphql-starter-kit,3961,561,2016-09-30T13:14:17Z,2025-08-08T07:59:36Z,TypeScript
289747144,brocoders,nestjs-boilerplate,https://github.com/brocoders/nestjs-boilerplate,3927,851,2020-08-23T18:47:14Z,2025-08-10T16:43:26Z,TypeScript
175489142,react-native-community,upgrade-helper,https://github.com/react-native-community/upgrade-helper,3905,127,2019-03-13T19:52:36Z,2025-08-08T12:37:14Z,TypeScript
830102284,supermemoryai,cloudflare-saas-stack,https://github.com/supermemoryai/cloudflare-saas-stack,3545,303,2024-07-17T15:37:20Z,2025-08-10T13:21:23Z,TypeScript
307179377,obsidianmd,obsidian-sample-plugin,https://github.com/obsidianmd/obsidian-sample-plugin,3298,1303,2020-10-25T19:47:57Z,2025-08-10T11:42:09Z,TypeScript
393673673,theodorusclarence,ts-nextjs-tailwind-starter,https://github.com/theodorusclarence/ts-nextjs-tailwind-starter,3281,588,2021-08-07T12:09:52Z,2025-08-11T02:33:36Z,TypeScript
388693827,antfu-collective,vitesse-webext,https://github.com/antfu-collective/vitesse-webext,3258,244,2021-07-23T06:02:01Z,2025-08-08T01:29:56Z,TypeScript
66166156,jsynowiec,node-typescript-boilerplate,https://github.com/jsynowiec/node-typescript-boilerplate,2903,557,2016-08-20T20:12:47Z,2025-08-01T16:24:18Z,TypeScript
90904321,tomastrajan,angular-ngrx-material-starter,https://github.com/tomastrajan/angular-ngrx-material-starter,2868,920,2017-05-10T20:13:47Z,2025-08-07T09:59:46Z,TypeScript
314510510,cawa-93,vite-electron-builder,https://github.com/cawa-93/vite-electron-builder,2803,282,2020-11-20T09:46:27Z,2025-08-08T15:15:06Z,TypeScript
74578054,chibat,chrome-extension-typescript-starter,https://github.com/chibat/chrome-extension-typescript-starter,2752,462,2016-11-23T13:11:41Z,2025-08-10T09:51:52Z,TypeScript
172971012,NarHakobyan,awesome-nest-boilerplate,https://github.com/NarHakobyan/awesome-nest-boilerplate,2660,497,2019-02-27T18:50:30Z,2025-08-10T16:41:46Z,TypeScript
697075481,michaelshimeles,nextjs-starter-kit,https://github.com/michaelshimeles/nextjs-starter-kit,2600,655,2023-09-27T02:16:15Z,2025-08-10T23:46:42Z,TypeScript
160067449,notiz-dev,nestjs-prisma-starter,https://github.com/notiz-dev/nestjs-prisma-starter,2488,355,2018-12-02T16:35:28Z,2025-08-10T05:55:37Z,TypeScript
380267876,medusajs,nextjs-starter-medusa,https://github.com/medusajs/nextjs-starter-medusa,2359,805,2021-06-25T14:44:03Z,2025-08-11T01:09:18Z,TypeScript
193558319,actions,typescript-action,https://github.com/actions/typescript-action,2278,540,2019-06-24T18:28:35Z,2025-08-10T02:01:07Z,TypeScript
423712737,electron-vite,electron-vite-react,https://github.com/electron-vite/electron-vite-react,2265,294,2021-11-02T05:02:59Z,2025-08-11T01:41:52Z,TypeScript
502087689,morethanmin,morethan-log,https://github.com/morethanmin/morethan-log,2193,1753,2022-06-10T15:12:53Z,2025-08-08T07:27:53Z,TypeScript
672095858,langchain-ai,langchain-nextjs-template,https://github.com/langchain-ai/langchain-nextjs-template,2089,480,2023-07-28T23:20:05Z,2025-08-11T03:00:32Z,TypeScript
304054369,vbenjs,vben-admin-thin-next,https://github.com/vbenjs/vben-admin-thin-next,2081,842,2020-10-14T15:16:51Z,2025-08-10T05:24:41Z,TypeScript
112917393,tbakerx,react-resume-template,https://github.com/tbakerx/react-resume-template,2039,1557,2017-12-03T10:05:09Z,2025-08-07T13:30:09Z,TypeScript
83135958,nestjs,typescript-starter,https://github.com/nestjs/typescript-starter,2010,1157,2017-02-25T14:10:34Z,2025-08-09T00:55:09Z,TypeScript
277660991,PaulRBerg,hardhat-template,https://github.com/PaulRBerg/hardhat-template,1981,566,2020-07-06T22:23:42Z,2025-08-07T03:07:19Z,TypeScript
250347048,react-boilerplate,react-boilerplate-cra-template,https://github.com/react-boilerplate/react-boilerplate-cra-template,1869,385,2020-03-26T19:01:11Z,2025-08-07T01:42:44Z,TypeScript
849159862,mckaywrigley,mckays-app-template,https://github.com/mckaywrigley/mckays-app-template,1869,401,2024-08-29T04:54:33Z,2025-08-09T17:17:45Z,TypeScript
424297966,antfu,vitesse-nuxt,https://github.com/antfu/vitesse-nuxt,1848,241,2021-11-03T16:22:30Z,2025-08-08T08:45:49Z,TypeScript
323224836,mlynch,nextjs-tailwind-ionic-capacitor-starter,https://github.com/mlynch/nextjs-tailwind-ionic-capacitor-starter,1842,368,2020-12-21T03:54:02Z,2025-08-08T23:46:10Z,TypeScript
496523424,vue-zone,vue3-vant-mobile,https://github.com/vue-zone/vue3-vant-mobile,1809,338,2022-05-26T07:29:01Z,2025-08-09T04:23:56Z,TypeScript
181560785,graphile,starter,https://github.com/graphile/starter,1802,226,2019-04-15T20:28:31Z,2025-08-07T08:10:47Z,TypeScript
538538681,scaffold-eth,scaffold-eth-2,https://github.com/scaffold-eth/scaffold-eth-2,1750,1088,2022-09-19T14:19:48Z,2025-08-11T03:14:19Z,TypeScript
633030618,timothymiller,t4-app,https://github.com/timothymiller/t4-app,1677,95,2023-04-26T16:20:25Z,2025-08-06T22:48:27Z,TypeScript
733974330,weijunext,smart-excel-ai,https://github.com/weijunext/smart-excel-ai,1617,250,2023-12-20T15:04:50Z,2025-08-07T12:29:54Z,TypeScript
162442403,pankod,next-boilerplate,https://github.com/pankod/next-boilerplate,1606,279,2018-12-19T13:36:52Z,2025-07-25T02:52:49Z,TypeScript
402884762,Blazity,next-saas-starter,https://github.com/Blazity/next-saas-starter,1593,381,2021-09-03T20:00:32Z,2025-08-11T02:37:35Z,TypeScript
188588605,NiGhTTraX,ts-monorepo,https://github.com/NiGhTTraX/ts-monorepo,1591,179,2019-05-25T16:26:55Z,2025-08-10T13:13:34Z,TypeScript
793731570,AtotheY,saas-landingpage,https://github.com/AtotheY/saas-landingpage,1532,217,2024-04-29T19:03:10Z,2025-08-01T21:30:15Z,TypeScript
565280125,vercel,nextjs-postgres-nextauth-tailwindcss-template,https://github.com/vercel/nextjs-postgres-nextauth-tailwindcss-template,1520,551,2022-11-12T22:18:35Z,2025-08-09T15:58:33Z,TypeScript
719998558,tldraw,make-real-starter,https://github.com/tldraw/make-real-starter,1517,249,2023-11-17T11:04:18Z,2025-08-03T18:58:48Z,TypeScript
596620163,NextJSTemplates,startup-nextjs,https://github.com/NextJSTemplates/startup-nextjs,1513,536,2023-02-02T15:27:45Z,2025-08-11T02:40:18Z,TypeScript
227635919,BearStudio,start-ui-web,https://github.com/BearStudio/start-ui-web,1494,142,2019-12-12T15:18:26Z,2025-08-07T16:14:34Z,TypeScript
135847095,LekoArts,gatsby-starter-portfolio-cara,https://github.com/LekoArts/gatsby-starter-portfolio-cara,1449,381,2018-06-02T19:41:22Z,2025-08-07T03:05:24Z,TypeScript
889798967,sendaifun,solana-agent-kit,https://github.com/sendaifun/solana-agent-kit,1448,792,2024-11-17T09:10:19Z,2025-08-11T01:52:41Z,TypeScript
677839173,blefnk,relivator-nextjs-template,https://github.com/blefnk/relivator-nextjs-template,1394,257,2023-08-12T20:07:56Z,2025-08-10T01:08:12Z,TypeScript
204027780,CodelyTV,typescript-ddd-example,https://github.com/CodelyTV/typescript-ddd-example,1375,222,2019-08-23T15:46:03Z,2025-08-09T04:20:06Z,TypeScript
226095363,yulimchen,vue3-h5-template,https://github.com/yulimchen/vue3-h5-template,1359,307,2019-12-05T12:17:33Z,2025-08-10T08:33:42Z,TypeScript
372321301,pomber,stargazer,https://github.com/pomber/stargazer,1347,280,2021-05-30T21:47:21Z,2025-08-10T19:07:24Z,TypeScript
825159076,webdevcody,wdc-saas-starter-kit,https://github.com/webdevcody/wdc-saas-starter-kit,1335,294,2024-07-07T00:49:20Z,2025-08-06T12:27:06Z,TypeScript
543918342,JoshuaKGoldberg,create-typescript-app,https://github.com/JoshuaKGoldberg/create-typescript-app,1329,83,2022-10-01T06:32:37Z,2025-08-07T15:08:07Z,TypeScript
66834034,wellyshen,react-cool-starter,https://github.com/wellyshen/react-cool-starter,1310,240,2016-08-29T10:26:56Z,2025-06-28T18:24:26Z,TypeScript
84050925,ngx-rocket,starter-kit,https://github.com/ngx-rocket/starter-kit,1269,636,2017-03-06T08:52:41Z,2025-06-25T16:11:56Z,TypeScript
248865968,pwa-builder,pwa-starter,https://github.com/pwa-builder/pwa-starter,1242,275,2020-03-20T22:43:49Z,2025-08-07T19:12:45Z,TypeScript
162537377,GeekyAnts,express-typescript,https://github.com/GeekyAnts/express-typescript,1241,328,2018-12-20T06:37:24Z,2025-08-03T19:28:23Z,TypeScript
644861240,moinulmoin,chadnext,https://github.com/moinulmoin/chadnext,1220,123,2023-05-24T12:09:58Z,2025-08-09T13:16:27Z,TypeScript
387509632,antfu-collective,vitesse-lite,https://github.com/antfu-collective/vitesse-lite,1220,234,2021-07-19T15:23:06Z,2025-08-07T02:25:04Z,TypeScript
767869293,weijunext,landing-page-boilerplate,https://github.com/weijunext/landing-page-boilerplate,1180,228,2024-03-06T03:21:53Z,2025-08-10T07:56:12Z,TypeScript
629919861,juliusmarminge,acme-corp,https://github.com/juliusmarminge/acme-corp,1173,56,2023-04-19T09:42:18Z,2025-08-09T12:54:46Z,TypeScript
926503730,agno-agi,agent-ui,https://github.com/agno-agi/agent-ui,1121,203,2025-02-03T11:24:42Z,2025-08-11T02:48:24Z,TypeScript
781634560,vercel-labs,gemini-chatbot,https://github.com/vercel-labs/gemini-chatbot,1117,436,2024-04-03T18:51:44Z,2025-08-11T02:36:45Z,TypeScript
735783287,edwinhern,express-typescript,https://github.com/edwinhern/express-typescript,1055,204,2023-12-26T04:22:17Z,2025-08-10T20:50:13Z,TypeScript
376861015,altence,lightence-ant-design-react-template,https://github.com/altence/lightence-ant-design-react-template,1042,261,2021-06-14T14:54:52Z,2025-08-07T11:18:50Z,TypeScript
