id,username,project_name,original_link_repository,stars,forks,created_at,updated_at,language
618025542,lighthouse-labs,photolabs-starter,https://github.com/lighthouse-labs/photolabs-starter,2,317,2023-03-23T15:45:03Z,2025-02-12T23:44:26Z,JavaScript
587941207,Davidcharlie381,react-js-tailwind,https://github.com/Davidcharlie381/react-js-tailwind,2,24,2023-01-12T00:08:38Z,2025-08-31T11:20:01Z,JavaScript
366908692,shipyard,react-starter,https://github.com/shipyard/react-starter,2,9,2021-05-13T02:14:31Z,2024-04-30T23:19:54Z,JavaScript
426538953,nightwatchjs-community,nightwatch-typescript-boilerplate,https://github.com/nightwatchjs-community/nightwatch-typescript-boilerplate,2,6,2021-11-10T08:17:43Z,2024-11-09T21:09:22Z,JavaScript
533510250,WeAreAcademy,js-kata-template,https://github.com/WeAreAcademy/js-kata-template,2,12,2022-09-06T21:38:35Z,2024-06-04T13:54:39Z,JavaScript
366908686,shipyard,react-express-starter,https://github.com/shipyard/react-express-starter,2,6,2021-05-13T02:14:30Z,2023-03-30T13:58:31Z,JavaScript
366908643,shipyard,express-starter,https://github.com/shipyard/express-starter,2,5,2021-05-13T02:14:22Z,2022-12-30T19:47:51Z,JavaScript
225570524,noi-techpark,webcomp-boilerplate,https://github.com/noi-techpark/webcomp-boilerplate,2,15,2019-12-03T08:39:55Z,2025-07-21T10:01:37Z,JavaScript
341646613,kustomer,kustomer-apps-starter-configs,https://github.com/kustomer/kustomer-apps-starter-configs,2,5,2021-02-23T18:12:16Z,2025-05-08T02:29:46Z,JavaScript
782701272,HackYourFuture-CPH,hyf-project-template,https://github.com/HackYourFuture-CPH/hyf-project-template,2,23,2024-04-05T20:51:26Z,2024-12-09T14:22:53Z,JavaScript
929663103,DFanso,nextjs-boilerplate,https://github.com/DFanso/nextjs-boilerplate,2,3,2025-02-09T04:29:23Z,2025-10-03T08:32:18Z,JavaScript
825073626,Npower-Inc,my_portfolio_template,https://github.com/Npower-Inc/my_portfolio_template,2,48,2024-07-06T17:35:01Z,2025-06-28T01:50:24Z,JavaScript
477454729,zuixjs,web-app,https://github.com/zuixjs/web-app,2,3,2022-04-03T20:14:11Z,2025-05-12T17:40:29Z,JavaScript
265483827,AndrewR3K,discord-bot-boilerplate,https://github.com/AndrewR3K/discord-bot-boilerplate,2,2,2020-05-20T07:22:05Z,2025-05-10T17:27:31Z,JavaScript
724379729,ibm-developer-skills-network,tqqej-fullstack-capstone-template,https://github.com/ibm-developer-skills-network/tqqej-fullstack-capstone-template,2,21,2023-11-28T00:39:25Z,2025-08-30T08:38:21Z,JavaScript
464800045,zuixjs,news-blog,https://github.com/zuixjs/news-blog,2,3,2022-03-01T08:07:43Z,2025-05-12T17:36:14Z,JavaScript
914927808,adobe-summit2025-l335,l335-base,https://github.com/adobe-summit2025-l335/l335-base,2,3,2025-01-10T15:43:27Z,2025-06-05T12:46:39Z,JavaScript
1051895472,ibeh-promise,Sequelize-Backend-Template,https://github.com/ibeh-promise/Sequelize-Backend-Template,2,0,2025-09-07T00:22:27Z,2025-09-09T23:22:32Z,JavaScript
684046360,0xBenjamintan,SolanaBoilerplate,https://github.com/0xBenjamintan/SolanaBoilerplate,2,2,2023-08-28T10:44:50Z,2025-04-21T09:26:55Z,JavaScript
171289486,bpmn-io,boilerplate-extension,https://github.com/bpmn-io/boilerplate-extension,2,1,2019-02-18T13:29:46Z,2024-12-05T16:09:35Z,JavaScript
876856917,EXORD-STUDIO,Pocketbase_Sveltekit_Starter,https://github.com/EXORD-STUDIO/Pocketbase_Sveltekit_Starter,2,0,2024-10-22T17:04:18Z,2025-03-30T22:28:25Z,JavaScript
988950879,4GeeksAcademy,4GeeksAcademy-Fs-Pf-100-OhMyChef,https://github.com/4GeeksAcademy/4GeeksAcademy-Fs-Pf-100-OhMyChef,2,3,2025-05-23T10:22:19Z,2025-07-03T14:52:06Z,JavaScript
433799424,flotiq,gatsby-starter-boilerplate,https://github.com/flotiq/gatsby-starter-boilerplate,2,1,2021-12-01T11:28:49Z,2025-02-25T15:05:29Z,JavaScript
801913232,reactpractice-dev,basic-vite-react-boilerplate,https://github.com/reactpractice-dev/basic-vite-react-boilerplate,2,0,2024-05-17T06:55:46Z,2025-04-07T14:07:36Z,JavaScript
790563110,ndimoforaretas,react-form-starter,https://github.com/ndimoforaretas/react-form-starter,2,2,2024-04-23T05:35:43Z,2024-06-10T22:52:26Z,JavaScript
304255610,smit-luvani,express-forster,https://github.com/smit-luvani/express-forster,2,2,2020-10-15T08:13:22Z,2024-12-20T02:34:34Z,JavaScript
434883218,Meyclem,starter-typescript-node,https://github.com/Meyclem/starter-typescript-node,2,0,2021-12-04T11:30:41Z,2025-10-17T08:05:25Z,JavaScript
811278391,rheech,spring-boot-react-boilerplate,https://github.com/rheech/spring-boot-react-boilerplate,2,2,2024-06-06T09:35:59Z,2025-05-06T12:43:56Z,JavaScript
464789333,szilvesztercsab,eleventy-netlify-boilerplate,https://github.com/szilvesztercsab/eleventy-netlify-boilerplate,2,1,2022-03-01T07:32:31Z,2025-06-06T23:06:59Z,JavaScript
1005593787,Ipso-ferro,templateViteAndTailwind,https://github.com/Ipso-ferro/templateViteAndTailwind,2,0,2025-06-20T13:31:57Z,2025-06-28T02:57:31Z,JavaScript
990050177,orielhaim,Starter-Server,https://github.com/orielhaim/Starter-Server,2,0,2025-05-25T11:57:19Z,2025-06-04T15:39:21Z,JavaScript
526170341,Mumbzi96,Express-Starter,https://github.com/Mumbzi96/Express-Starter,2,2,2022-08-18T10:48:58Z,2023-07-07T07:55:55Z,JavaScript
886640387,sofiatechnology,boilerplate-nestjs,https://github.com/sofiatechnology/boilerplate-nestjs,2,3,2024-11-11T10:43:54Z,2025-02-23T17:08:18Z,JavaScript
535342161,Strike24,Discord.js-Starter-Bot,https://github.com/Strike24/Discord.js-Starter-Bot,2,2,2022-09-11T15:35:36Z,2025-04-07T16:14:10Z,JavaScript
949217912,smoudjs,playable-template-base-js,https://github.com/smoudjs/playable-template-base-js,2,2,2025-03-15T23:53:42Z,2025-08-01T13:38:57Z,JavaScript
458248640,JekelyLab,new_paper_template,https://github.com/JekelyLab/new_paper_template,2,12,2022-02-11T15:52:14Z,2024-12-01T16:27:43Z,JavaScript
283277323,JoHoop,semantic-ui-react-firebase-starter,https://github.com/JoHoop/semantic-ui-react-firebase-starter,2,0,2020-07-28T17:07:56Z,2023-03-09T02:01:03Z,JavaScript
1009106867,wangkaifn,nextjs-boilerplates-starter,https://github.com/wangkaifn/nextjs-boilerplates-starter,2,0,2025-06-26T15:30:29Z,2025-09-09T08:54:42Z,JavaScript
749010222,foolish-pine,shopify-boilerplate,https://github.com/foolish-pine/shopify-boilerplate,2,0,2024-01-27T10:16:58Z,2025-06-01T07:55:06Z,JavaScript
250537393,posthtml,posthtml-plugin-starter,https://github.com/posthtml/posthtml-plugin-starter,2,1,2020-03-27T13:09:54Z,2025-10-06T09:45:32Z,JavaScript
789986438,astitvsingh,nodejs-boilerplate,https://github.com/astitvsingh/nodejs-boilerplate,2,1,2024-04-22T03:45:57Z,2025-01-29T01:55:44Z,JavaScript
813154990,0xsequence-demos,server-side-transactions-boilerplate,https://github.com/0xsequence-demos/server-side-transactions-boilerplate,2,3,2024-06-10T15:16:30Z,2025-03-19T21:07:18Z,JavaScript
884144009,Telefonica,opensource-scaffold,https://github.com/Telefonica/opensource-scaffold,2,0,2024-11-06T08:18:13Z,2025-04-15T06:57:11Z,JavaScript
818490990,mud-ali,react-template,https://github.com/mud-ali/react-template,2,0,2024-06-22T01:46:35Z,2024-09-04T17:51:42Z,JavaScript
922185202,yashbeer,nextjs-frontend-starter,https://github.com/yashbeer/nextjs-frontend-starter,2,0,2025-01-25T14:49:28Z,2025-05-24T13:22:15Z,JavaScript
792507641,Dynamatrix,laravel-vue-scaffold,https://github.com/Dynamatrix/laravel-vue-scaffold,2,0,2024-04-26T20:18:08Z,2025-06-18T11:34:48Z,JavaScript
425491908,andriyfm,next-boilerplate,https://github.com/andriyfm/next-boilerplate,2,0,2021-11-07T12:03:11Z,2025-03-13T13:19:14Z,JavaScript
234295592,klefstad-teaching,cs122b-starter-fe1,https://github.com/klefstad-teaching/cs122b-starter-fe1,2,4,2020-01-16T10:32:01Z,2025-02-19T15:51:21Z,JavaScript
241191784,ArianZargaran,cra-ts-starter-kit,https://github.com/ArianZargaran/cra-ts-starter-kit,2,0,2020-02-17T19:36:59Z,2021-06-15T00:43:50Z,JavaScript
862723743,a6h15hek,microapp-boilerplate,https://github.com/a6h15hek/microapp-boilerplate,2,0,2024-09-25T04:54:13Z,2025-04-24T02:36:33Z,JavaScript
480784010,uptoolkit,upcms-strapi,https://github.com/uptoolkit/upcms-strapi,2,0,2022-04-12T11:38:29Z,2022-09-17T13:59:45Z,JavaScript
490992902,bsi-software,bsi-cx-design-master-template-web,https://github.com/bsi-software/bsi-cx-design-master-template-web,2,12,2022-05-11T06:58:54Z,2025-10-01T09:05:33Z,JavaScript
320338628,ucl-casa-ce,casa0017-web-assessment,https://github.com/ucl-casa-ce/casa0017-web-assessment,2,20,2020-12-10T17:10:23Z,2025-10-18T09:13:52Z,JavaScript
344842415,permafrost-dev,typescript-project-skeleton-rollup-jest,https://github.com/permafrost-dev/typescript-project-skeleton-rollup-jest,2,0,2021-03-05T14:52:29Z,2023-05-08T10:58:08Z,JavaScript
685603940,es-labs,express-template,https://github.com/es-labs/express-template,2,6,2023-08-31T15:46:39Z,2025-05-17T05:38:18Z,JavaScript
860865138,lukasjhan,nestjs-lib-starter,https://github.com/lukasjhan/nestjs-lib-starter,2,0,2024-09-21T11:25:43Z,2024-09-21T13:52:46Z,JavaScript
823779861,soualahmohammedzakaria,Electron-React-App-Boilerplate,https://github.com/soualahmohammedzakaria/Electron-React-App-Boilerplate,2,0,2024-07-03T17:42:47Z,2024-12-04T19:56:00Z,JavaScript
1018634659,riktikdev,ts-starter,https://github.com/riktikdev/ts-starter,2,0,2025-07-12T17:31:08Z,2025-07-13T16:46:38Z,JavaScript
956065009,localfirstfm,landscape-data-template,https://github.com/localfirstfm/landscape-data-template,2,10,2025-03-27T16:34:13Z,2025-05-28T05:27:04Z,JavaScript
1032012350,Netrona-xyz,netrona-node-auth-api,https://github.com/Netrona-xyz/netrona-node-auth-api,2,0,2025-08-04T17:05:47Z,2025-09-20T19:07:01Z,JavaScript
301995259,PostHog,posthog-hello-world-plugin,https://github.com/PostHog/posthog-hello-world-plugin,2,9,2020-10-07T10:01:16Z,2022-03-22T10:02:20Z,JavaScript
772615729,montasim,node-express-boilerplate,https://github.com/montasim/node-express-boilerplate,2,1,2024-03-15T14:45:15Z,2024-11-13T18:56:32Z,JavaScript
863557652,a6h15hek,microapp-library-boilerplate,https://github.com/a6h15hek/microapp-library-boilerplate,2,0,2024-09-26T13:55:31Z,2025-04-17T05:32:49Z,JavaScript
867743925,tony-sull,monorepo-starter,https://github.com/tony-sull/monorepo-starter,2,0,2024-10-04T16:26:24Z,2025-06-08T19:59:18Z,JavaScript
707699031,AndiKod,zoujs,https://github.com/AndiKod/zoujs,2,0,2023-10-20T13:14:19Z,2023-12-16T10:53:34Z,JavaScript
910782492,yashbeer,node-express-starter,https://github.com/yashbeer/node-express-starter,2,1,2025-01-01T12:11:44Z,2025-05-24T13:21:57Z,JavaScript
304145399,MylesBorins,starter-deck,https://github.com/MylesBorins/starter-deck,2,0,2020-10-14T22:00:43Z,2024-06-13T17:00:39Z,JavaScript
772757089,builtbyjonas,personal-nextjs-starter,https://github.com/builtbyjonas/personal-nextjs-starter,2,0,2024-03-15T20:45:15Z,2025-10-14T17:50:47Z,JavaScript
377908702,gSchool,mcsp-full-stack-react-template,https://github.com/gSchool/mcsp-full-stack-react-template,2,23,2021-06-17T17:18:37Z,2023-11-22T22:21:11Z,JavaScript
700093647,Enalmada,npm-module-template,https://github.com/Enalmada/npm-module-template,2,0,2023-10-03T23:45:19Z,2025-10-18T18:10:22Z,JavaScript
623141347,shanep,cs208-p1-starter,https://github.com/shanep/cs208-p1-starter,2,3,2023-04-03T19:26:23Z,2025-01-21T14:21:47Z,JavaScript
619819652,DevZoneOne,starter.eleventy,https://github.com/DevZoneOne/starter.eleventy,2,0,2023-03-27T13:46:49Z,2025-09-24T02:12:08Z,JavaScript
320585279,adapttive,strapi-template-blog,https://github.com/adapttive/strapi-template-blog,2,1,2020-12-11T13:43:06Z,2021-02-08T17:23:32Z,JavaScript
780088137,huntabyte,svelte-starter,https://github.com/huntabyte/svelte-starter,2,0,2024-03-31T17:09:39Z,2024-04-02T11:19:21Z,JavaScript
265409873,wang1212,create-lib-starter,https://github.com/wang1212/create-lib-starter,2,0,2020-05-20T01:06:16Z,2024-11-04T08:15:35Z,JavaScript
710090036,choiruladamm,vite-js-tailwind-starter,https://github.com/choiruladamm/vite-js-tailwind-starter,2,0,2023-10-26T02:07:07Z,2023-12-13T03:32:43Z,JavaScript
765171628,capogreco,blog_template,https://github.com/capogreco/blog_template,2,4,2024-02-29T12:17:31Z,2025-05-07T14:46:50Z,JavaScript
691031264,Technigo,react-vite-use-context-boiler-plate,https://github.com/Technigo/react-vite-use-context-boiler-plate,3,9,2023-09-13T11:16:20Z,2025-03-11T14:43:36Z,JavaScript
622258241,walinejs,netlify-starter,https://github.com/walinejs/netlify-starter,3,304,2023-04-01T15:28:44Z,2025-10-14T00:42:10Z,JavaScript
110068997,balasasidhar,react-starter-template,https://github.com/balasasidhar/react-starter-template,3,4,2017-11-09T04:53:57Z,2023-09-25T16:37:40Z,JavaScript
654261937,apostrophecms,starter-kit-ecommerce,https://github.com/apostrophecms/starter-kit-ecommerce,3,3,2023-06-15T18:26:29Z,2025-09-10T15:37:14Z,JavaScript
227094561,platformsh-templates,gatsby,https://github.com/platformsh-templates/gatsby,3,3,2019-12-10T10:48:24Z,2025-10-18T19:33:58Z,JavaScript
179379979,puncsky,typescript-react-lib-starter,https://github.com/puncsky/typescript-react-lib-starter,3,5,2019-04-03T22:32:15Z,2025-02-20T03:27:18Z,JavaScript
463582135,fastly,compute-starter-kit-javascript-empty,https://github.com/fastly/compute-starter-kit-javascript-empty,3,7,2022-02-25T15:26:25Z,2025-10-10T14:29:23Z,JavaScript
366908680,shipyard,react-django-starter,https://github.com/shipyard/react-django-starter,3,9,2021-05-13T02:14:28Z,2024-08-27T21:52:24Z,JavaScript
475204049,basiqio-oss,account-verification-v3,https://github.com/basiqio-oss/account-verification-v3,3,10,2022-03-28T22:52:28Z,2025-09-25T23:18:15Z,JavaScript
306560766,aeternity,aepp-boilerplate-vue,https://github.com/aeternity/aepp-boilerplate-vue,3,3,2020-10-23T07:28:11Z,2023-11-28T02:58:40Z,JavaScript
200697669,sportstimes,gatsby-template,https://github.com/sportstimes/gatsby-template,3,2,2019-08-05T17:13:35Z,2025-02-05T09:06:44Z,JavaScript
877029279,CarterOgunsola,v2-weblow-starter,https://github.com/CarterOgunsola/v2-weblow-starter,3,2,2024-10-23T00:54:29Z,2025-02-03T07:55:07Z,JavaScript
849583280,CarterOgunsola,balky-webflow-starter,https://github.com/CarterOgunsola/balky-webflow-starter,3,2,2024-08-29T21:24:49Z,2025-08-22T22:19:21Z,JavaScript
349205404,wunderio,nextjs-project,https://github.com/wunderio/nextjs-project,3,3,2021-03-18T20:14:50Z,2024-10-11T12:28:04Z,JavaScript
662396687,HackAtUCI,starter-pack-full-stack-web-app,https://github.com/HackAtUCI/starter-pack-full-stack-web-app,3,4,2023-07-05T03:47:52Z,2025-02-03T21:47:15Z,JavaScript
715059304,Khurram554,CoreUi-Dashboard-With-Laravel-Starter,https://github.com/Khurram554/CoreUi-Dashboard-With-Laravel-Starter,3,3,2023-11-06T11:57:17Z,2023-11-16T11:02:52Z,JavaScript
247054053,savaslabs,pug-boilerplate,https://github.com/savaslabs/pug-boilerplate,3,2,2020-03-13T11:16:56Z,2023-08-19T12:37:18Z,JavaScript
600937277,skyciv,qd-calc-pack-template,https://github.com/skyciv/qd-calc-pack-template,3,5,2023-02-13T02:21:07Z,2024-06-25T14:21:38Z,JavaScript
795851378,MathisHumbert,ssr-creative-boilerplate,https://github.com/MathisHumbert/ssr-creative-boilerplate,3,2,2024-05-04T08:39:30Z,2025-07-23T15:13:55Z,JavaScript
526779872,yzdbg,threejs-nuxt-starter-kit,https://github.com/yzdbg/threejs-nuxt-starter-kit,3,0,2022-08-19T23:41:59Z,2024-03-29T16:23:53Z,JavaScript
451036217,nash-protocol,starter-kit,https://github.com/nash-protocol/starter-kit,3,2,2022-01-23T07:40:40Z,2023-04-20T05:21:29Z,JavaScript
713871287,Salmandabbakuti,react-vite-boilerplate,https://github.com/Salmandabbakuti/react-vite-boilerplate,3,2,2023-11-03T12:14:21Z,2024-11-25T00:39:35Z,JavaScript
904801487,4GeeksAcademy,PetPals80,https://github.com/4GeeksAcademy/PetPals80,3,3,2024-12-17T15:23:18Z,2025-04-04T02:38:42Z,JavaScript
742551257,4GeeksAcademy,ECP49-Proyecto,https://github.com/4GeeksAcademy/ECP49-Proyecto,3,3,2024-01-12T18:21:48Z,2024-01-15T19:46:03Z,JavaScript
582443817,mendesbarreto,live-reload-typescript-template,https://github.com/mendesbarreto/live-reload-typescript-template,3,2,2022-12-26T21:18:16Z,2025-09-17T16:04:21Z,JavaScript
276855824,ashwinkshenoy,zendesk-app-boilerplate,https://github.com/ashwinkshenoy/zendesk-app-boilerplate,3,0,2020-07-03T09:04:01Z,2024-12-10T09:43:50Z,JavaScript
847897805,Jason-Black,Vite-Tailwind-React-Portfolio2,https://github.com/Jason-Black/Vite-Tailwind-React-Portfolio2,3,3,2024-08-26T18:51:32Z,2025-07-16T09:35:17Z,JavaScript
746340253,itsMinar,vite-react-tailwind-starter,https://github.com/itsMinar/vite-react-tailwind-starter,3,2,2024-01-21T19:11:25Z,2024-11-10T17:08:24Z,JavaScript
954006985,kottster,kottster-template-js,https://github.com/kottster/kottster-template-js,3,4,2025-03-24T12:26:07Z,2025-10-13T13:31:20Z,JavaScript
257929045,merklefruit,mern-template-antd,https://github.com/merklefruit/mern-template-antd,3,1,2020-04-22T14:41:00Z,2025-05-24T03:02:38Z,JavaScript
758527917,itsMinar,express-mongodb-starter,https://github.com/itsMinar/express-mongodb-starter,3,1,2024-02-16T14:14:34Z,2025-10-15T07:53:19Z,JavaScript
811579926,firxworx,fx-pnpm-monorepo-starter,https://github.com/firxworx/fx-pnpm-monorepo-starter,3,0,2024-06-06T22:00:16Z,2025-09-25T15:54:43Z,JavaScript
444465603,cmubtg,btg-website,https://github.com/cmubtg/btg-website,3,4,2022-01-04T15:16:04Z,2025-09-29T19:02:50Z,JavaScript
686725273,Bludiot,configureight,https://github.com/Bludiot/configureight,3,0,2023-09-03T18:33:02Z,2025-10-14T06:34:32Z,JavaScript
685024141,AyemunHossain,nodejs-boilerplate,https://github.com/AyemunHossain/nodejs-boilerplate,3,3,2023-08-30T10:57:06Z,2024-12-01T19:10:13Z,JavaScript
608577896,roybarber,vite-static-starter,https://github.com/roybarber/vite-static-starter,3,1,2023-03-02T10:02:14Z,2025-05-18T10:05:53Z,JavaScript
705924407,4GeeksAcademy,Yarnib--Drink-Mixing-App,https://github.com/4GeeksAcademy/Yarnib--Drink-Mixing-App,3,2,2023-10-17T01:01:56Z,2023-11-18T23:32:29Z,JavaScript
736122132,boeschj,browser-extension-starter,https://github.com/boeschj/browser-extension-starter,3,0,2023-12-27T03:40:20Z,2025-01-31T20:35:49Z,JavaScript
898506665,perceptui,vite-react-tailwind-template,https://github.com/perceptui/vite-react-tailwind-template,3,2,2024-12-04T14:16:13Z,2025-08-31T07:52:53Z,JavaScript
825146345,neobrutalism-templates,astro-starter-template,https://github.com/neobrutalism-templates/astro-starter-template,3,0,2024-07-06T23:22:36Z,2025-10-16T19:40:24Z,JavaScript
425770012,JakyeRU,package-skeleton-discordjs,https://github.com/JakyeRU/package-skeleton-discordjs,3,1,2021-11-08T09:15:24Z,2024-06-09T15:53:24Z,JavaScript
613844317,IceyWu,starter-web,https://github.com/IceyWu/starter-web,3,1,2023-03-14T11:39:49Z,2024-03-19T06:27:02Z,JavaScript
377799682,happeo,custom-widget-templates,https://github.com/happeo/custom-widget-templates,3,7,2021-06-17T11:00:20Z,2025-01-27T12:06:52Z,JavaScript
828072149,RavenHogWarts,obsidian-plugin-starter,https://github.com/RavenHogWarts/obsidian-plugin-starter,3,0,2024-07-13T03:44:07Z,2025-10-16T10:14:13Z,JavaScript
752394713,Andersonlimahw,boilerplate-react-ts-reactquery-zustand-tailwindcss,https://github.com/Andersonlimahw/boilerplate-react-ts-reactquery-zustand-tailwindcss,3,0,2024-02-03T19:56:55Z,2025-04-13T22:17:54Z,JavaScript
536405958,Talljack,starter-ts-lib,https://github.com/Talljack/starter-ts-lib,3,0,2022-09-14T03:59:10Z,2024-06-04T21:13:07Z,JavaScript
558409370,lenntt,tdd-starter,https://github.com/lenntt/tdd-starter,3,0,2022-10-27T13:47:35Z,2024-08-27T07:22:29Z,JavaScript
723451907,Andersonlimahw,boiler-plate-react-firebase-tailwind-zustand,https://github.com/Andersonlimahw/boiler-plate-react-firebase-tailwind-zustand,3,0,2023-11-25T17:58:07Z,2025-04-13T22:17:55Z,JavaScript
660862300,henryegloff,Basic-Three.js-Starter,https://github.com/henryegloff/Basic-Three.js-Starter,3,0,2023-07-01T03:56:08Z,2025-01-21T04:14:57Z,JavaScript
719465062,andreivictor,webpack-tailwind-starter,https://github.com/andreivictor/webpack-tailwind-starter,3,0,2023-11-16T08:18:08Z,2024-12-08T09:55:32Z,JavaScript
309692809,ricardomatias,playa-starter,https://github.com/ricardomatias/playa-starter,3,1,2020-11-03T13:21:03Z,2024-08-19T22:40:28Z,JavaScript
573161835,fastly,compute-starter-kit-javascript-expressly,https://github.com/fastly/compute-starter-kit-javascript-expressly,3,3,2022-12-01T20:45:33Z,2025-10-10T14:29:15Z,JavaScript
719530386,andreivictor,webpack-bootstrap5-starter,https://github.com/andreivictor/webpack-bootstrap5-starter,3,0,2023-11-16T11:15:00Z,2024-07-20T16:00:54Z,JavaScript
702475578,Barbapapazes,starter-npm-package,https://github.com/Barbapapazes/starter-npm-package,3,0,2023-10-09T11:44:57Z,2024-12-16T00:02:22Z,JavaScript
842167988,MettaSurendhar,express-api-boilerplate,https://github.com/MettaSurendhar/express-api-boilerplate,3,1,2024-08-13T20:08:54Z,2025-10-17T12:23:09Z,JavaScript
248526720,yevgalis,webpack-react-starter,https://github.com/yevgalis/webpack-react-starter,3,1,2020-03-19T14:39:18Z,2025-03-19T07:26:24Z,JavaScript
591989362,Bjenhamin4Alfredolvchenki,QWIND_STARTER,https://github.com/Bjenhamin4Alfredolvchenki/QWIND_STARTER,3,0,2023-01-22T15:32:36Z,2023-03-15T17:19:56Z,JavaScript
974589727,tariqul420,mongoose-js-starter,https://github.com/tariqul420/mongoose-js-starter,3,0,2025-04-29T02:31:26Z,2025-07-06T06:37:19Z,JavaScript
653325127,30DaysOf,astro-starlight-ghpages,https://github.com/30DaysOf/astro-starlight-ghpages,3,2,2023-06-13T20:56:32Z,2025-06-14T23:23:26Z,JavaScript
789160132,andremarques94,vanilla-js-boilerplate,https://github.com/andremarques94/vanilla-js-boilerplate,3,0,2024-04-19T20:26:59Z,2024-09-10T09:58:03Z,JavaScript
753437124,Xeven777,reactvite-starter,https://github.com/Xeven777/reactvite-starter,3,0,2024-02-06T05:42:52Z,2024-12-22T07:04:24Z,JavaScript
808649891,ministryofjustice,govuk-frontend-express,https://github.com/ministryofjustice/govuk-frontend-express,3,0,2024-05-31T14:10:24Z,2025-04-15T11:57:33Z,JavaScript
1030779891,melamriD365,powerpages-spa-bot-starter,https://github.com/melamriD365/powerpages-spa-bot-starter,3,1,2025-08-02T10:01:13Z,2025-08-10T13:16:53Z,JavaScript
711257306,MUSA-550-Fall-2023,quarto-website-template,https://github.com/MUSA-550-Fall-2023/quarto-website-template,3,7,2023-10-28T17:23:57Z,2024-09-26T17:43:27Z,JavaScript
238057695,andrewiggins,preact-starter,https://github.com/andrewiggins/preact-starter,3,0,2020-02-03T20:40:59Z,2025-09-25T16:53:42Z,JavaScript
434689354,kiyohken2000,ReactNativeExpoBoilerplate,https://github.com/kiyohken2000/ReactNativeExpoBoilerplate,3,1,2021-12-03T18:03:59Z,2025-09-18T10:38:13Z,JavaScript
207229527,scriptex,rollup-mpa,https://github.com/scriptex/rollup-mpa,3,0,2019-09-09T05:19:04Z,2025-10-09T17:10:23Z,JavaScript
247279435,rohmanhm,nextjs-starter,https://github.com/rohmanhm/nextjs-starter,3,0,2020-03-14T13:13:50Z,2025-04-14T17:51:26Z,JavaScript
891049857,trieb-work,public-typescript-npm-package-starter,https://github.com/trieb-work/public-typescript-npm-package-starter,3,0,2024-11-19T16:31:16Z,2025-08-02T09:54:04Z,JavaScript
592370057,angeloanan,personal-astro-template,https://github.com/angeloanan/personal-astro-template,3,0,2023-01-23T15:33:28Z,2024-05-12T19:42:26Z,JavaScript
326107043,michigandaily,cookie,https://github.com/michigandaily/cookie,3,1,2021-01-02T04:19:51Z,2024-04-02T18:02:08Z,JavaScript
395554034,kubi-codes,express-starterkit,https://github.com/kubi-codes/express-starterkit,3,0,2021-08-13T07:13:49Z,2024-03-29T07:48:03Z,JavaScript
444461075,platformsh-templates,strapi4,https://github.com/platformsh-templates/strapi4,3,5,2022-01-04T15:02:04Z,2025-07-30T19:39:56Z,JavaScript
237633141,PDMLab,ts-node-prettier-vscode-starter,https://github.com/PDMLab/ts-node-prettier-vscode-starter,3,0,2020-02-01T15:16:16Z,2023-10-29T09:54:01Z,JavaScript
853846400,saqibbedar,Reactfolio,https://github.com/saqibbedar/Reactfolio,3,10,2024-09-07T17:41:13Z,2025-09-25T17:52:05Z,JavaScript
385031198,mikesprague,react-tailwind-vercel-starter,https://github.com/mikesprague/react-tailwind-vercel-starter,3,0,2021-07-11T19:03:04Z,2025-10-17T15:03:38Z,JavaScript
355686397,MichaelCurrin,react-frontend-quickstart,https://github.com/MichaelCurrin/react-frontend-quickstart,3,1,2021-04-07T21:27:07Z,2024-05-28T09:35:22Z,JavaScript
744220384,Moneemsaadaoui,Node.js-Starter,https://github.com/Moneemsaadaoui/Node.js-Starter,3,1,2024-01-16T21:20:01Z,2024-06-13T02:05:33Z,JavaScript
1036832125,QlikSenseStudios,qs-ext-jump-start,https://github.com/QlikSenseStudios/qs-ext-jump-start,3,2,2025-08-12T16:42:35Z,2025-10-17T15:03:31Z,JavaScript
781776916,itsaboy,bun-hono-start,https://github.com/itsaboy/bun-hono-start,3,0,2024-04-04T02:35:09Z,2025-07-27T18:47:15Z,JavaScript
117112105,vu-webtech-class,example_code,https://github.com/vu-webtech-class/example_code,3,19,2018-01-11T14:35:33Z,2025-03-04T22:30:36Z,JavaScript
453718490,revell29,ts-nextjs-chakra-starter,https://github.com/revell29/ts-nextjs-chakra-starter,3,0,2022-01-30T15:28:21Z,2022-03-10T06:51:40Z,JavaScript
770510405,r2hu1,nsmc-stack,https://github.com/r2hu1/nsmc-stack,3,0,2024-03-11T17:15:52Z,2025-03-17T05:34:24Z,JavaScript
213314697,scriptex,parcel-mpa,https://github.com/scriptex/parcel-mpa,3,0,2019-10-07T06:53:49Z,2025-10-08T08:29:36Z,JavaScript
535048726,wopjs,template,https://github.com/wopjs/template,3,0,2022-09-10T16:06:50Z,2025-10-15T06:37:15Z,JavaScript
827657095,nexoslabs,bot-discord-template,https://github.com/nexoslabs/bot-discord-template,3,0,2024-07-12T05:35:53Z,2025-09-23T09:36:32Z,JavaScript
751413400,flightphp,fleact,https://github.com/flightphp/fleact,3,1,2024-02-01T15:08:08Z,2025-09-26T05:49:57Z,JavaScript
813158621,bigbluebutton,plugin-template,https://github.com/bigbluebutton/plugin-template,3,4,2024-06-10T15:23:17Z,2025-08-19T18:31:39Z,JavaScript
236743684,dapplets,dapplet-template,https://github.com/dapplets/dapplet-template,3,3,2020-01-28T13:39:49Z,2022-11-03T01:07:10Z,JavaScript
795931018,phcode-dev,extension-node-template,https://github.com/phcode-dev/extension-node-template,3,3,2024-05-04T12:33:51Z,2025-07-15T15:42:17Z,JavaScript
183856881,patomation,react-boilerplate,https://github.com/patomation/react-boilerplate,3,1,2019-04-28T04:49:06Z,2024-10-12T02:40:42Z,JavaScript
240397005,e2e-boilerplate,playwright-commonjs-cucumber-expect,https://github.com/e2e-boilerplate/playwright-commonjs-cucumber-expect,3,0,2020-02-14T00:35:35Z,2022-11-15T08:40:21Z,JavaScript
384819323,moonscreens,intro-example-threejs,https://github.com/moonscreens/intro-example-threejs,3,0,2021-07-10T23:34:18Z,2024-10-12T16:17:04Z,JavaScript
199037053,sfeir-open-source,sfeir-school-template,https://github.com/sfeir-open-source/sfeir-school-template,3,4,2019-07-26T15:05:58Z,2025-09-12T14:27:16Z,JavaScript
343230873,kadirgombel,rnb,https://github.com/kadirgombel/rnb,3,0,2021-02-28T22:39:17Z,2023-03-09T00:18:38Z,JavaScript
943112892,ekmigasari,Nextjs-15,https://github.com/ekmigasari/Nextjs-15,3,1,2025-03-05T07:29:35Z,2025-04-28T04:11:06Z,JavaScript
312609147,lucky-media,nextstarter,https://github.com/lucky-media/nextstarter,3,0,2020-11-13T15:13:17Z,2025-02-13T12:58:52Z,JavaScript
359677533,doangocthach,nextjs-jumpx-template,https://github.com/doangocthach/nextjs-jumpx-template,3,6,2021-04-20T03:55:15Z,2024-09-26T09:57:54Z,JavaScript
897879417,DavidBatoDev,gdg-pup-js,https://github.com/DavidBatoDev/gdg-pup-js,3,7,2024-12-03T11:59:53Z,2025-07-07T17:33:25Z,JavaScript
581509678,aequitas-aod,template-python-project-poetry,https://github.com/aequitas-aod/template-python-project-poetry,3,4,2022-12-23T11:54:20Z,2025-10-19T02:48:28Z,JavaScript
294143971,besteadfast,carbon,https://github.com/besteadfast/carbon,3,2,2020-09-09T14:53:01Z,2025-06-25T14:44:26Z,JavaScript
486274289,LukasAndreano,vkma-boilerplate,https://github.com/LukasAndreano/vkma-boilerplate,3,1,2022-04-27T16:40:44Z,2024-10-21T06:24:22Z,JavaScript
972885586,msa-iqbal,tailwindcss-boilerplate,https://github.com/msa-iqbal/tailwindcss-boilerplate,3,0,2025-04-25T20:43:20Z,2025-09-14T11:57:43Z,JavaScript
216213770,m4tt72,express-rest-boilerplate,https://github.com/m4tt72/express-rest-boilerplate,3,1,2019-10-19T13:50:41Z,2023-09-08T17:59:15Z,JavaScript
358558746,micro-lc,react-template,https://github.com/micro-lc/react-template,3,1,2021-04-16T10:15:44Z,2025-01-29T15:45:15Z,JavaScript
823554295,Golden-Flash,express-sequelize-boilerplate,https://github.com/Golden-Flash/express-sequelize-boilerplate,3,1,2024-07-03T08:52:01Z,2024-09-11T07:09:06Z,JavaScript
614803107,xDAnkit,vanilla-javascript-boilerplate,https://github.com/xDAnkit/vanilla-javascript-boilerplate,3,0,2023-03-16T10:58:44Z,2024-04-03T02:12:45Z,JavaScript
277769092,limgit,react-typescript-boilerplate,https://github.com/limgit/react-typescript-boilerplate,3,0,2020-07-07T09:06:47Z,2025-10-03T11:38:15Z,JavaScript
844601743,AkiaCode,python-react-boilerplate,https://github.com/AkiaCode/python-react-boilerplate,3,1,2024-08-19T15:36:37Z,2025-08-02T13:30:39Z,JavaScript
944896312,justintieu,chrome-extension-boilerplate,https://github.com/justintieu/chrome-extension-boilerplate,3,1,2025-03-08T07:20:18Z,2025-09-13T17:04:48Z,JavaScript
987090209,flynncao,bangumi-plugin-boilerplate,https://github.com/flynncao/bangumi-plugin-boilerplate,3,0,2025-05-20T14:59:35Z,2025-10-10T04:56:37Z,JavaScript
972866929,msa-iqbal,node-js-boilerplate,https://github.com/msa-iqbal/node-js-boilerplate,3,0,2025-04-25T19:53:54Z,2025-09-14T11:57:49Z,JavaScript
972852894,msa-iqbal,express-js-boilerplate,https://github.com/msa-iqbal/express-js-boilerplate,3,0,2025-04-25T19:19:58Z,2025-09-14T11:57:51Z,JavaScript
792947075,phucbm,single-web-page-boilerplate,https://github.com/phucbm/single-web-page-boilerplate,3,0,2024-04-28T02:06:17Z,2025-07-06T13:31:13Z,JavaScript
781338281,Bonny-kato,pkg-template,https://github.com/Bonny-kato/pkg-template,3,0,2024-04-03T07:36:59Z,2024-06-04T11:42:37Z,JavaScript
219443850,ekanshsinghal,mongodb-react-flask-boilerplate,https://github.com/ekanshsinghal/mongodb-react-flask-boilerplate,3,0,2019-11-04T07:39:54Z,2024-12-11T03:08:45Z,JavaScript
835658801,United-Codes,svelte-orclapex-webcomponent-template,https://github.com/United-Codes/svelte-orclapex-webcomponent-template,3,1,2024-07-30T09:24:13Z,2025-05-08T02:37:32Z,JavaScript
215225884,vishwasnavadak,next.js-jest-rtl-setup,https://github.com/vishwasnavadak/next.js-jest-rtl-setup,3,0,2019-10-15T06:41:25Z,2023-03-04T08:19:41Z,JavaScript
230486958,flaviotux,express-es6,https://github.com/flaviotux/express-es6,3,0,2019-12-27T17:34:40Z,2023-01-16T07:13:17Z,JavaScript
914540336,digitalocean,template-job-manager,https://github.com/digitalocean/template-job-manager,3,4,2025-01-09T19:50:45Z,2025-10-15T12:32:50Z,JavaScript
569206691,hanhdz025,nestjs-starter,https://github.com/hanhdz025/nestjs-starter,3,0,2022-11-22T10:13:17Z,2024-09-18T04:17:44Z,JavaScript
1002692999,basementstudio,lib-starter,https://github.com/basementstudio/lib-starter,3,0,2025-06-16T01:50:38Z,2025-08-22T01:13:31Z,JavaScript
702943374,Barbapapazes,starter-nitro,https://github.com/Barbapapazes/starter-nitro,3,0,2023-10-10T09:55:09Z,2024-11-26T04:41:02Z,JavaScript
714610875,albaart,alba-template-p5-javascript,https://github.com/albaart/alba-template-p5-javascript,3,2,2023-11-05T11:39:16Z,2024-09-16T06:41:20Z,JavaScript
622842980,HZ-HBO-ICT,ms-svelte-tailwindcss-boilerplate,https://github.com/HZ-HBO-ICT/ms-svelte-tailwindcss-boilerplate,4,20,2023-04-03T07:16:11Z,2025-01-27T08:28:51Z,JavaScript
526938438,codiume,astro-component-starter,https://github.com/codiume/astro-component-starter,4,0,2022-08-20T13:44:42Z,2024-08-13T16:23:53Z,JavaScript
198613968,wdr-data,starter,https://github.com/wdr-data/starter,4,1,2019-07-24T10:34:02Z,2025-08-23T20:36:40Z,JavaScript
190491616,deakin-launchpad,react-frontend-boilerplate,https://github.com/deakin-launchpad/react-frontend-boilerplate,4,19,2019-06-06T01:10:45Z,2025-06-08T11:52:43Z,JavaScript
691102140,Technigo,react-zustand-boiler-plate,https://github.com/Technigo/react-zustand-boiler-plate,4,13,2023-09-13T13:58:51Z,2025-09-09T08:07:41Z,JavaScript
508699720,mateeqazam,nodejs-microservice-base,https://github.com/mateeqazam/nodejs-microservice-base,4,3,2022-06-29T13:19:07Z,2024-04-08T07:11:13Z,JavaScript
739736552,TheRavenSeb,Att-Client-Starter,https://github.com/TheRavenSeb/Att-Client-Starter,4,3,2024-01-06T11:44:38Z,2025-07-02T16:55:29Z,JavaScript
978184946,adobe-commerce,partner-day-accs,https://github.com/adobe-commerce/partner-day-accs,4,7,2025-05-05T15:44:07Z,2025-08-29T20:47:29Z,JavaScript
807294438,Npower-Inc,Weather-App-Template,https://github.com/Npower-Inc/Weather-App-Template,4,55,2024-05-28T20:36:01Z,2025-06-28T01:43:43Z,JavaScript
861898664,evidence-dev,sf311_starter,https://github.com/evidence-dev/sf311_starter,4,3,2024-09-23T17:36:42Z,2025-01-12T18:24:15Z,JavaScript
98322870,Udo,canvas-game-starter,https://github.com/Udo/canvas-game-starter,4,0,2017-07-25T15:39:41Z,2025-08-26T21:35:39Z,JavaScript
209814467,mitevpi,vue-composition-api-template,https://github.com/mitevpi/vue-composition-api-template,4,3,2019-09-20T14:48:01Z,2023-10-16T14:45:12Z,JavaScript
894206151,4GeeksAcademy,Grupo2-BuscoProfe,https://github.com/4GeeksAcademy/Grupo2-BuscoProfe,4,3,2024-11-26T00:09:44Z,2025-04-04T02:33:39Z,JavaScript
282037369,tarkant,webpack-typescript-sass-boilerplate,https://github.com/tarkant/webpack-typescript-sass-boilerplate,4,2,2020-07-23T19:24:08Z,2025-05-28T19:51:15Z,JavaScript
771378028,RajaRakoto,vscode-boilerplate,https://github.com/RajaRakoto/vscode-boilerplate,4,1,2024-03-13T07:32:08Z,2024-12-01T00:18:03Z,JavaScript
176002804,zsevic,express-starter,https://github.com/zsevic/express-starter,4,0,2019-03-16T17:28:13Z,2025-03-02T19:08:46Z,JavaScript
421265719,iamsomraj,react-ts-tailwind-eslint-prettier,https://github.com/iamsomraj/react-ts-tailwind-eslint-prettier,4,7,2021-10-26T03:26:34Z,2025-07-30T17:15:27Z,JavaScript
402870427,PhaserEditor2D,starter-example-sunny-land,https://github.com/PhaserEditor2D/starter-example-sunny-land,4,7,2021-09-03T18:54:13Z,2024-06-29T06:10:36Z,JavaScript
377535132,yashbeer,google-cloud-function-template,https://github.com/yashbeer/google-cloud-function-template,4,2,2021-06-16T15:01:31Z,2025-02-11T23:01:09Z,JavaScript
958753801,doganarif,build-it,https://github.com/doganarif/build-it,4,4,2025-04-01T17:52:43Z,2025-08-29T07:09:45Z,JavaScript
668535494,Tim-Quattrochi,MERN-Starter,https://github.com/Tim-Quattrochi/MERN-Starter,4,1,2023-07-20T03:34:29Z,2024-04-29T01:27:13Z,JavaScript
173644241,puncsky,typescript-starter,https://github.com/puncsky/typescript-starter,4,1,2019-03-03T23:50:04Z,2025-09-25T10:08:36Z,JavaScript
950544264,HichemTab-tech,npm-package-skeleton,https://github.com/HichemTab-tech/npm-package-skeleton,4,0,2025-03-18T10:25:14Z,2025-10-04T21:14:08Z,JavaScript
243109681,wellmann,kwio-gutenberg-blocks,https://github.com/wellmann/kwio-gutenberg-blocks,4,2,2020-02-25T21:49:26Z,2024-04-09T20:19:33Z,JavaScript
199330880,HugoDF,node-mit-boilerplate,https://github.com/HugoDF/node-mit-boilerplate,4,1,2019-07-28T19:53:18Z,2024-10-20T22:32:55Z,JavaScript
723666804,Andersonlimahw,boilerplate-react-ts-zustand-tailwindcss,https://github.com/Andersonlimahw/boilerplate-react-ts-zustand-tailwindcss,4,1,2023-11-26T12:00:57Z,2025-04-13T22:17:41Z,JavaScript
845104849,federicofanini,astroport-js,https://github.com/federicofanini/astroport-js,4,2,2024-08-20T15:34:27Z,2024-10-01T22:52:55Z,JavaScript
614336237,Szandor72,devops-center-template,https://github.com/Szandor72/devops-center-template,4,8,2023-03-15T11:37:29Z,2024-06-28T12:10:06Z,JavaScript
721265755,IT4Change,boilerplate-e2e-cypress-cucumber,https://github.com/IT4Change/boilerplate-e2e-cypress-cucumber,4,0,2023-11-20T17:40:35Z,2025-08-25T17:16:13Z,JavaScript
782664591,eleva,serverless-node-api-skeleton,https://github.com/eleva/serverless-node-api-skeleton,4,0,2024-04-05T18:59:12Z,2025-08-13T13:21:13Z,JavaScript
665743322,kambereBr,webpack-starter,https://github.com/kambereBr/webpack-starter,4,0,2023-07-12T22:46:55Z,2024-01-27T20:01:37Z,JavaScript
699934792,roniardev,caelus,https://github.com/roniardev/caelus,4,1,2023-10-03T16:13:32Z,2024-06-11T03:33:59Z,JavaScript
437118593,inframanufaktur,no-11,https://github.com/inframanufaktur/no-11,4,2,2021-12-10T21:28:32Z,2024-05-29T19:37:47Z,JavaScript
757220404,xkeshav,template,https://github.com/xkeshav/template,4,0,2024-02-14T03:18:05Z,2024-10-15T11:57:24Z,JavaScript
239224959,mkhorin,evado-app-boilerplate,https://github.com/mkhorin/evado-app-boilerplate,4,0,2020-02-09T00:33:48Z,2024-09-29T20:28:15Z,JavaScript
725024244,IT4Change,boilerplate-backend,https://github.com/IT4Change/boilerplate-backend,4,0,2023-11-29T09:29:36Z,2025-08-25T17:16:22Z,JavaScript
81375840,PrimeAcademy,object-group-bonus-calculator,https://github.com/PrimeAcademy/object-group-bonus-calculator,4,1064,2017-02-08T21:05:25Z,2025-01-18T14:16:53Z,JavaScript
422914078,coder-ka,vite-ts-lib-starter,https://github.com/coder-ka/vite-ts-lib-starter,4,0,2021-10-30T15:08:26Z,2025-05-05T14:23:33Z,JavaScript
1022516332,SSShooter,react-tailwind-template-for-vibe-coding,https://github.com/SSShooter/react-tailwind-template-for-vibe-coding,4,0,2025-07-19T08:38:12Z,2025-10-01T16:25:59Z,JavaScript
385954505,teo-garcia,react-template-rr,https://github.com/teo-garcia/react-template-rr,4,0,2021-07-14T13:41:29Z,2025-10-14T18:14:31Z,JavaScript
676266336,lnsy-dev,vanilla-webpack-boilerplate,https://github.com/lnsy-dev/vanilla-webpack-boilerplate,4,1,2023-08-08T20:09:04Z,2025-07-22T20:54:43Z,JavaScript
825229465,akhshyganesh,HapiTS-MongoStarter,https://github.com/akhshyganesh/HapiTS-MongoStarter,4,0,2024-07-07T07:25:49Z,2025-10-12T06:31:35Z,JavaScript
291432242,rohmanhm,nextjs-starter-tailwindcss,https://github.com/rohmanhm/nextjs-starter-tailwindcss,4,0,2020-08-30T08:40:00Z,2024-03-03T15:17:32Z,JavaScript
498586947,ow3org,vue-starter,https://github.com/ow3org/vue-starter,4,0,2022-06-01T04:13:09Z,2024-02-05T14:22:15Z,JavaScript
793967739,StyleShit,create-typescript-package,https://github.com/StyleShit/create-typescript-package,4,7,2024-04-30T07:54:04Z,2025-02-15T19:32:30Z,JavaScript
825233106,akhshyganesh,HapiTS-PostgresStarter,https://github.com/akhshyganesh/HapiTS-PostgresStarter,4,0,2024-07-07T07:41:24Z,2025-04-23T10:31:21Z,JavaScript
718965019,rishi-raj-jain,pinecone-langchain-harperdb-chatbot,https://github.com/rishi-raj-jain/pinecone-langchain-harperdb-chatbot,4,1,2023-11-15T06:44:03Z,2024-07-16T00:48:30Z,JavaScript
674295333,room302studio,nuxt-template,https://github.com/room302studio/nuxt-template,4,0,2023-08-03T15:35:57Z,2025-02-25T17:22:44Z,JavaScript
646348832,TheHellTower,Discord.JS-v14-Bot-Boilerplate,https://github.com/TheHellTower/Discord.JS-v14-Bot-Boilerplate,4,0,2023-05-28T05:15:31Z,2025-04-10T08:31:30Z,JavaScript
151210142,scriptex,webpack-mpa-ts,https://github.com/scriptex/webpack-mpa-ts,4,0,2018-10-02T06:31:08Z,2025-10-06T21:50:15Z,JavaScript
506512450,themefisher,navigator-bootstrap,https://github.com/themefisher/navigator-bootstrap,4,5,2022-06-23T05:47:44Z,2025-10-09T09:50:58Z,JavaScript
789246502,daysgobye,defold_ts_template,https://github.com/daysgobye/defold_ts_template,4,0,2024-04-20T02:57:43Z,2025-09-22T00:35:50Z,JavaScript
439752521,lbenie,ts-vite,https://github.com/lbenie/ts-vite,4,2,2021-12-19T01:44:32Z,2025-10-13T01:51:30Z,JavaScript
218965330,adobe,aio-lib-template,https://github.com/adobe/aio-lib-template,4,4,2019-11-01T10:34:40Z,2025-04-04T03:45:13Z,JavaScript
932479446,balintbrews,canvas-cc-starter,https://github.com/balintbrews/canvas-cc-starter,4,0,2025-02-14T01:21:29Z,2025-10-16T19:28:25Z,JavaScript
927891331,Run37927,starterkit-new,https://github.com/Run37927/starterkit-new,4,0,2025-02-05T18:00:38Z,2025-09-14T14:58:59Z,JavaScript
66815624,remarkablemark,npm-package-template,https://github.com/remarkablemark/npm-package-template,4,3,2016-08-29T05:59:02Z,2025-08-26T18:37:24Z,JavaScript
890263591,Aleign,serverless-localstack-esbuild-dev-template,https://github.com/Aleign/serverless-localstack-esbuild-dev-template,4,0,2024-11-18T09:22:11Z,2025-04-25T19:51:28Z,JavaScript
723203602,langchain-ai,langchainjs-integration-template,https://github.com/langchain-ai/langchainjs-integration-template,4,4,2023-11-24T23:41:21Z,2025-05-05T17:30:27Z,JavaScript
420957936,Olivr,app-node-js,https://github.com/Olivr/app-node-js,4,0,2021-10-25T09:24:44Z,2025-08-25T17:01:29Z,JavaScript
240429531,e2e-boilerplate,playwright-es-modules-esm-mocha-assert,https://github.com/e2e-boilerplate/playwright-es-modules-esm-mocha-assert,4,0,2020-02-14T04:42:25Z,2023-08-03T14:31:11Z,JavaScript
576514246,jasonsturges,vite-npm-package,https://github.com/jasonsturges/vite-npm-package,4,0,2022-12-10T04:33:26Z,2025-08-31T07:44:47Z,JavaScript
906333371,StevenStavrakis,obsidian-plugin-svelte-template,https://github.com/StevenStavrakis/obsidian-plugin-svelte-template,4,0,2024-12-20T17:00:43Z,2025-10-18T17:20:18Z,JavaScript
77367117,donniean,react-app,https://github.com/donniean/react-app,4,0,2016-12-26T07:38:53Z,2025-10-17T10:07:14Z,JavaScript
211443742,cuongndc9,node-rest-boilerplate,https://github.com/cuongndc9/node-rest-boilerplate,4,1,2019-09-28T04:27:09Z,2024-12-27T15:29:34Z,JavaScript
540776202,CathyDolle,template,https://github.com/CathyDolle/template,4,7,2022-09-24T09:30:20Z,2024-05-22T12:26:53Z,JavaScript
141205617,SandroMiguel,react-sceleto,https://github.com/SandroMiguel/react-sceleto,4,1,2018-07-16T23:28:51Z,2025-03-29T08:30:36Z,JavaScript
212565564,cuongndc9,expo-boilerplate,https://github.com/cuongndc9/expo-boilerplate,4,0,2019-10-03T11:42:28Z,2025-07-12T19:36:17Z,JavaScript
933468475,Omegahed,aframe-vite-template,https://github.com/Omegahed/aframe-vite-template,4,7,2025-02-16T02:57:43Z,2025-08-21T07:51:53Z,JavaScript
756586345,NEARBuilders,monorepo,https://github.com/NEARBuilders/monorepo,4,2,2024-02-12T22:30:09Z,2024-06-10T21:20:29Z,JavaScript
666352031,agam778,Telegram-JavaScript-Bot,https://github.com/agam778/Telegram-JavaScript-Bot,4,4,2023-07-14T09:51:19Z,2025-05-17T09:47:00Z,JavaScript
450721209,DonAdam2,webpack-react-typescript-boilerplate,https://github.com/DonAdam2/webpack-react-typescript-boilerplate,4,1,2022-01-22T04:59:11Z,2025-08-06T08:38:17Z,JavaScript
268935036,EldknMD,discord-js-chatbot-template,https://github.com/EldknMD/discord-js-chatbot-template,4,5,2020-06-03T00:08:40Z,2023-08-26T10:15:52Z,JavaScript
497066269,leandroandrade,fastify-cjs,https://github.com/leandroandrade/fastify-cjs,4,0,2022-05-27T16:31:20Z,2025-10-01T21:04:00Z,JavaScript
770724242,salamatsu,Reactjs-vite-reactQuery-zustand-template,https://github.com/salamatsu/Reactjs-vite-reactQuery-zustand-template,4,5,2024-03-12T03:30:40Z,2025-01-28T05:48:52Z,JavaScript
666640597,uwu,neptune-template,https://github.com/uwu/neptune-template,4,2,2023-07-15T04:51:49Z,2025-10-08T08:22:30Z,JavaScript
1036478963,lianecagara,CassieahBoT,https://github.com/lianecagara/CassieahBoT,4,8,2025-08-12T06:18:54Z,2025-10-09T20:16:35Z,JavaScript
796335370,observablehq,framework-codespace,https://github.com/observablehq/framework-codespace,4,2,2024-05-05T16:34:37Z,2025-09-12T20:29:27Z,JavaScript
441139673,MakairaIO,storefront-starter-kit,https://github.com/MakairaIO/storefront-starter-kit,4,1,2021-12-23T10:10:08Z,2025-08-06T08:51:30Z,JavaScript
167357109,bndynet,typescript-lib-starter,https://github.com/bndynet/typescript-lib-starter,4,0,2019-01-24T11:33:19Z,2024-12-12T09:19:45Z,JavaScript
445711931,walinejs,aliyun-fc-starter,https://github.com/walinejs/aliyun-fc-starter,4,1,2022-01-08T03:15:01Z,2025-09-01T17:09:08Z,JavaScript
793894841,markanator,sveltekit-platforms-starter,https://github.com/markanator/sveltekit-platforms-starter,4,0,2024-04-30T04:29:07Z,2025-09-11T18:18:44Z,JavaScript
259110412,cyber-eternal,nodejs-express-sequelize,https://github.com/cyber-eternal/nodejs-express-sequelize,4,0,2020-04-26T19:01:37Z,2025-03-11T06:53:51Z,JavaScript
645378293,rishimohan,nextjs-13-tailwind-starter,https://github.com/rishimohan/nextjs-13-tailwind-starter,4,0,2023-05-25T14:13:53Z,2025-04-07T19:27:44Z,JavaScript
231716656,mixcore,mix.spa.portal,https://github.com/mixcore/mix.spa.portal,4,5,2020-01-04T05:59:59Z,2023-09-18T11:01:35Z,JavaScript
962644002,storyblok,blueprint-core-nextjs,https://github.com/storyblok/blueprint-core-nextjs,4,2,2025-04-08T13:12:09Z,2025-09-09T13:18:02Z,JavaScript
628134516,snipx-io,template,https://github.com/snipx-io/template,4,1,2023-04-15T02:29:13Z,2024-06-26T11:11:24Z,JavaScript
840950502,0xBenjamintan,maschainworkshop,https://github.com/0xBenjamintan/maschainworkshop,4,3,2024-08-11T07:30:36Z,2024-08-17T02:58:37Z,JavaScript
665839933,mh-anwar,chrome-extension-maker,https://github.com/mh-anwar/chrome-extension-maker,4,0,2023-07-13T05:58:51Z,2025-05-29T18:08:53Z,JavaScript
522343599,lisafeets,product_portfolio,https://github.com/lisafeets/product_portfolio,4,2,2022-08-07T22:59:45Z,2025-09-20T05:50:24Z,JavaScript
179253004,jefrydco,nuxt-pwa-element-ui-starter,https://github.com/jefrydco/nuxt-pwa-element-ui-starter,4,0,2019-04-03T09:09:57Z,2023-05-04T11:48:19Z,JavaScript
1034340277,logicbyroshan,portfolio-v2.0,https://github.com/logicbyroshan/portfolio-v2.0,4,3,2025-08-08T08:29:23Z,2025-10-17T10:21:51Z,JavaScript
102518854,cvgellhorn,landing-page-template,https://github.com/cvgellhorn/landing-page-template,4,2,2017-09-05T18:58:11Z,2025-02-02T22:36:02Z,JavaScript
925208111,fleek-tools,fleek-onchainkit-base,https://github.com/fleek-tools/fleek-onchainkit-base,4,4,2025-01-31T12:48:23Z,2025-02-04T14:02:38Z,JavaScript
478028125,adobe,aem-cloudflare-prod-worker,https://github.com/adobe/aem-cloudflare-prod-worker,4,3,2022-04-05T07:55:27Z,2025-09-22T16:57:02Z,JavaScript
738965618,coldrun,monorepo-typescript,https://github.com/coldrun/monorepo-typescript,4,1,2024-01-04T13:11:53Z,2025-04-12T16:22:37Z,JavaScript
845813186,tudan110,vue2-sfc-template,https://github.com/tudan110/vue2-sfc-template,4,1,2024-08-22T01:18:09Z,2025-09-30T07:09:12Z,JavaScript
315094491,acrosman,electron-sf-base,https://github.com/acrosman/electron-sf-base,4,1,2020-11-22T17:32:33Z,2025-10-18T19:46:44Z,JavaScript
878762110,nikhilsnayak,cosmos-rsc,https://github.com/nikhilsnayak/cosmos-rsc,4,0,2024-10-26T03:38:08Z,2025-06-07T07:56:00Z,JavaScript
725468714,chunge16,vitepress-blogs-theme-template,https://github.com/chunge16/vitepress-blogs-theme-template,4,1,2023-11-30T07:54:47Z,2025-03-16T04:32:24Z,JavaScript
120765088,geostarters,js-project-template,https://github.com/geostarters/js-project-template,4,0,2018-02-08T13:30:50Z,2024-08-08T01:45:49Z,JavaScript
698946567,zexoverz,express-prisma-template,https://github.com/zexoverz/express-prisma-template,4,2,2023-10-01T13:22:00Z,2025-09-19T21:28:56Z,JavaScript
449167045,Davicho-Dev,ReactTs-Vite-Jest-Testing_Library-TailwindCSS-Cypress-Storybook,https://github.com/Davicho-Dev/ReactTs-Vite-Jest-Testing_Library-TailwindCSS-Cypress-Storybook,4,2,2022-01-18T06:27:57Z,2025-09-15T23:15:07Z,JavaScript
488324141,Gangula2,ifcjs-viewer-101,https://github.com/Gangula2/ifcjs-viewer-101,4,5,2022-05-03T18:39:37Z,2025-09-19T10:15:44Z,JavaScript
609344277,amonradev,react-template,https://github.com/amonradev/react-template,4,0,2023-03-03T23:03:27Z,2024-05-30T23:13:47Z,JavaScript
657319307,python-project-templates,python-template-js,https://github.com/python-project-templates/python-template-js,4,1,2023-06-22T19:59:30Z,2025-10-12T18:50:44Z,JavaScript
630002748,Code-Institute-Org,react-ci-template,https://github.com/Code-Institute-Org/react-ci-template,4,2,2023-04-19T13:16:10Z,2024-08-05T14:32:44Z,JavaScript
697810620,kalisio,skeleton,https://github.com/kalisio/skeleton,5,3,2023-09-28T14:20:29Z,2025-10-13T14:44:45Z,JavaScript
238541768,ecomplus,application-starter,https://github.com/ecomplus/application-starter,5,4,2020-02-05T20:27:20Z,2025-10-02T04:44:32Z,JavaScript
791332672,OpenRefine,sample-extension,https://github.com/OpenRefine/sample-extension,5,8,2024-04-24T14:25:21Z,2025-05-01T16:31:41Z,JavaScript
453175723,nightwatchjs-community,nightwatch-examples,https://github.com/nightwatchjs-community/nightwatch-examples,5,14,2022-01-28T18:30:02Z,2025-03-05T02:03:43Z,JavaScript
594815447,near,boilerplate-template-loyalty-program-with-ft,https://github.com/near/boilerplate-template-loyalty-program-with-ft,5,3,2023-01-29T18:15:07Z,2024-12-03T14:40:05Z,JavaScript
133872831,veritone,veritone-app-boilerplate-react,https://github.com/veritone/veritone-app-boilerplate-react,5,5,2018-05-17T22:02:23Z,2025-01-27T21:06:44Z,JavaScript
655966033,renchris,panda-boilerplate,https://github.com/renchris/panda-boilerplate,5,0,2023-06-20T02:05:04Z,2024-10-09T19:49:06Z,JavaScript
478023352,remarcmij,vanilla-starter,https://github.com/remarcmij/vanilla-starter,5,4,2022-04-05T07:40:05Z,2025-10-13T18:42:11Z,JavaScript
408816904,nightwatchjs,cucumberjs-boilerplate,https://github.com/nightwatchjs/cucumberjs-boilerplate,5,5,2021-09-21T12:46:09Z,2024-08-07T12:43:18Z,JavaScript
942150107,mdjastrzebski,ts-lib-template,https://github.com/mdjastrzebski/ts-lib-template,5,0,2025-03-03T16:49:13Z,2025-09-18T09:20:54Z,JavaScript
435485171,omermorad,typescript-backend-monorepo-starter,https://github.com/omermorad/typescript-backend-monorepo-starter,5,0,2021-12-06T12:18:36Z,2023-11-05T11:35:35Z,JavaScript
379686171,awaragi,jest-supertest-starter,https://github.com/awaragi/jest-supertest-starter,5,2,2021-06-23T17:47:58Z,2025-04-30T03:00:47Z,JavaScript
284535331,NazimHAli,svelte-template,https://github.com/NazimHAli/svelte-template,5,1,2020-08-02T20:23:10Z,2024-09-07T12:09:21Z,JavaScript
998968762,wannn-one,node-express-pg-starter,https://github.com/wannn-one/node-express-pg-starter,5,1,2025-06-09T14:34:55Z,2025-07-14T20:42:17Z,JavaScript
337394606,DevSkillsHQ,fullstack-boilerplate-express-react,https://github.com/DevSkillsHQ/fullstack-boilerplate-express-react,5,4,2021-02-09T12:17:26Z,2025-09-30T15:12:50Z,JavaScript
254615003,flatlogic,user-management-template,https://github.com/flatlogic/user-management-template,5,11,2020-04-10T11:11:16Z,2025-02-11T07:36:08Z,JavaScript
284277237,amoghmadan,JavaScript-Express-GraphQL-Starter,https://github.com/amoghmadan/JavaScript-Express-GraphQL-Starter,5,0,2020-08-01T14:36:51Z,2024-04-15T11:31:14Z,JavaScript
273457140,phartenfeller,svelte-tailwind-template,https://github.com/phartenfeller/svelte-tailwind-template,5,2,2020-06-19T09:41:11Z,2024-11-05T08:24:09Z,JavaScript
166273665,Level,webpack-starter,https://github.com/Level/webpack-starter,5,4,2019-01-17T18:15:30Z,2023-02-04T13:42:51Z,JavaScript
322734720,BrunoCasotto,nestjs-vue-ssr-boilerplate,https://github.com/BrunoCasotto/nestjs-vue-ssr-boilerplate,5,0,2020-12-19T00:27:39Z,2024-07-05T01:19:50Z,JavaScript
437644963,UmairJibran,node-express-sequelize-boilerplate,https://github.com/UmairJibran/node-express-sequelize-boilerplate,5,1,2021-12-12T20:05:56Z,2023-06-19T13:55:32Z,JavaScript
998445331,Andersonlimahw,boilerplate-react-ts-reactquery-zustand-tailwind-genai,https://github.com/Andersonlimahw/boilerplate-react-ts-reactquery-zustand-tailwind-genai,5,0,2025-06-08T16:14:56Z,2025-10-15T14:28:38Z,JavaScript
381425514,razshare,svelte-starter,https://github.com/razshare/svelte-starter,5,0,2021-06-29T16:10:52Z,2024-10-15T10:49:09Z,JavaScript
307438596,matthiaaas,clean-electron-react,https://github.com/matthiaaas/clean-electron-react,5,0,2020-10-26T16:38:15Z,2023-06-09T22:02:02Z,JavaScript
466821343,typhonjs-fvtt-demo,template-svelte-esm,https://github.com/typhonjs-fvtt-demo/template-svelte-esm,5,3,2022-03-06T18:26:11Z,2025-10-11T03:06:35Z,JavaScript
1056704820,ProModels,vite-react-javascript-starter,https://github.com/ProModels/vite-react-javascript-starter,5,0,2025-09-14T16:32:21Z,2025-10-08T22:40:11Z,JavaScript
355990658,whoisYeshua,webpack-simple-boilerplate,https://github.com/whoisYeshua/webpack-simple-boilerplate,5,0,2021-04-08T17:11:26Z,2025-10-17T09:30:43Z,JavaScript
509735892,pongstr,vite-svelte-tailwind,https://github.com/pongstr/vite-svelte-tailwind,5,0,2022-07-02T11:22:33Z,2025-09-11T14:30:49Z,JavaScript
507579752,1tool,1tool-module-skeleton,https://github.com/1tool/1tool-module-skeleton,5,0,2022-06-26T13:19:25Z,2022-07-27T21:12:41Z,JavaScript
1056716605,ProModels,vite-react-javascript-tailwind-starter,https://github.com/ProModels/vite-react-javascript-tailwind-starter,5,0,2025-09-14T16:58:56Z,2025-10-08T22:40:10Z,JavaScript
809136624,smart-link-mk,template-base,https://github.com/smart-link-mk/template-base,5,0,2024-06-01T19:48:27Z,2024-11-16T01:03:18Z,JavaScript
839011776,Phoenix7290,React-Template,https://github.com/Phoenix7290/React-Template,5,11,2024-08-06T19:39:01Z,2025-09-07T19:20:36Z,JavaScript
711000836,hcp-uw,react-fastapi-starter-template,https://github.com/hcp-uw/react-fastapi-starter-template,5,2,2023-10-27T23:43:03Z,2025-07-15T19:16:52Z,JavaScript
662090821,miltonbolonha,next-boilerplate,https://github.com/miltonbolonha/next-boilerplate,5,1,2023-07-04T10:33:57Z,2024-12-28T14:26:32Z,JavaScript
1036238747,ProModels,electron-starter,https://github.com/ProModels/electron-starter,5,0,2025-08-11T19:11:34Z,2025-10-08T22:40:15Z,JavaScript
413091645,SujithJr,vue3-vite-tailwind-starter,https://github.com/SujithJr/vue3-vite-tailwind-starter,5,0,2021-10-03T13:52:17Z,2024-12-07T13:55:17Z,JavaScript
987183029,adobe-commerce,api-mesh-starter-kit,https://github.com/adobe-commerce/api-mesh-starter-kit,5,1,2025-05-20T17:41:03Z,2025-08-12T20:10:36Z,JavaScript
432008270,karaage0703,daily-creative-coding,https://github.com/karaage0703/daily-creative-coding,5,0,2021-11-26T00:14:44Z,2025-08-11T12:28:27Z,JavaScript
378724292,mikesprague,react-tailwind-ghpages-starter,https://github.com/mikesprague/react-tailwind-ghpages-starter,5,0,2021-06-20T19:25:57Z,2025-10-17T14:03:17Z,JavaScript
700014632,hygraph,hygraph-next-commerce-starter,https://github.com/hygraph/hygraph-next-commerce-starter,5,0,2023-10-03T19:25:33Z,2025-06-25T09:22:56Z,JavaScript
506515034,themefisher,orbitor-bootstrap,https://github.com/themefisher/orbitor-bootstrap,5,5,2022-06-23T05:59:05Z,2025-10-09T10:01:29Z,JavaScript
365304584,aicore,template-nodejs,https://github.com/aicore/template-nodejs,5,6,2021-05-07T17:17:32Z,2025-06-21T12:39:27Z,JavaScript
172065299,darkmavis1980,nodejs-mongo-boilerplate,https://github.com/darkmavis1980/nodejs-mongo-boilerplate,5,1,2019-02-22T12:48:11Z,2025-03-07T09:33:48Z,JavaScript
269433521,urban-bot,urban-bot-starter-javascript,https://github.com/urban-bot/urban-bot-starter-javascript,5,1,2020-06-04T18:21:23Z,2025-01-21T11:29:03Z,JavaScript
434538939,angeloanan,personal-next-template,https://github.com/angeloanan/personal-next-template,5,0,2021-12-03T09:30:47Z,2024-09-12T18:50:06Z,JavaScript
639442997,polyipseity,obsidian-plugin-template,https://github.com/polyipseity/obsidian-plugin-template,5,2,2023-05-11T13:35:24Z,2025-10-14T00:48:31Z,JavaScript
496695953,fastly,compute-starter-kit-javascript-queue,https://github.com/fastly/compute-starter-kit-javascript-queue,5,1,2022-05-26T16:36:58Z,2025-10-10T14:29:01Z,JavaScript
861891806,evidence-dev,sf311,https://github.com/evidence-dev/sf311,5,0,2024-09-23T17:22:55Z,2024-12-07T13:06:45Z,JavaScript
792033749,surelle-ha,ZentinelJS,https://github.com/surelle-ha/ZentinelJS,5,1,2024-04-25T21:04:15Z,2025-10-01T13:59:38Z,JavaScript
586352212,jirihofman,nextjs-fullstack-app-template,https://github.com/jirihofman/nextjs-fullstack-app-template,5,5,2023-01-07T20:34:25Z,2025-07-26T16:28:36Z,JavaScript
315168974,ByChanderZap,Express-MongoAPI-BoilerTemplate,https://github.com/ByChanderZap/Express-MongoAPI-BoilerTemplate,5,4,2020-11-23T01:22:33Z,2023-04-01T07:54:08Z,JavaScript
240410800,e2e-boilerplate,playwright-es-modules-babel-jest-assert,https://github.com/e2e-boilerplate/playwright-es-modules-babel-jest-assert,5,0,2020-02-14T02:19:35Z,2022-01-10T23:09:15Z,JavaScript
195715689,SARImgGeodesy,SARImgGeodesy.github.io,https://github.com/SARImgGeodesy/SARImgGeodesy.github.io,5,6,2019-07-08T01:29:24Z,2025-05-21T00:15:46Z,JavaScript
224231668,ckeditor,ckeditor4-webpack-template,https://github.com/ckeditor/ckeditor4-webpack-template,5,4,2019-11-26T16:00:56Z,2025-01-28T13:23:43Z,JavaScript
289081437,H1emu,h1z1-server-QuickStart,https://github.com/H1emu/h1z1-server-QuickStart,5,3,2020-08-20T18:34:51Z,2024-11-03T16:14:08Z,JavaScript
472284084,fingerprintjs,library-template-typescript,https://github.com/fingerprintjs/library-template-typescript,5,2,2022-03-21T10:17:43Z,2025-06-19T19:36:56Z,JavaScript
788960306,butburg,laravel-11-sail-codespace,https://github.com/butburg/laravel-11-sail-codespace,5,4,2024-04-19T12:31:43Z,2025-07-19T00:36:23Z,JavaScript
721691440,ktisakib,nextart,https://github.com/ktisakib/nextart,5,2,2023-11-21T15:22:04Z,2024-06-17T19:47:00Z,JavaScript
665466802,chiguayeshao,dapp-forge,https://github.com/chiguayeshao/dapp-forge,5,4,2023-07-12T09:11:49Z,2024-08-16T08:24:08Z,JavaScript
230937611,tool3,bump,https://github.com/tool3/bump,5,6,2019-12-30T15:23:40Z,2025-07-08T13:38:28Z,JavaScript
1026154661,nexoslabs,bot-whatsapp-template,https://github.com/nexoslabs/bot-whatsapp-template,5,9,2025-07-25T11:57:29Z,2025-10-13T10:08:38Z,JavaScript
877921533,turco-vic,BackEnd-Node.JS_First.Boilerplate,https://github.com/turco-vic/BackEnd-Node.JS_First.Boilerplate,5,0,2024-10-24T13:25:00Z,2025-04-08T14:34:49Z,JavaScript
609217052,a-rustacean,meent-starter,https://github.com/a-rustacean/meent-starter,5,0,2023-03-03T16:10:49Z,2025-10-13T06:33:10Z,JavaScript
726465361,hyoban,starter-ts,https://github.com/hyoban/starter-ts,5,1,2023-12-02T13:35:40Z,2025-05-27T20:36:03Z,JavaScript
696088481,nickcode95,nextjs-seo,https://github.com/nickcode95/nextjs-seo,5,4,2023-09-25T03:59:21Z,2025-02-13T06:34:12Z,JavaScript
509948378,themefisher,influencer-bootstrap,https://github.com/themefisher/influencer-bootstrap,5,3,2022-07-03T07:02:45Z,2025-10-09T10:46:45Z,JavaScript
590883125,ChetanXpro,nodejs-typescript-starter,https://github.com/ChetanXpro/nodejs-typescript-starter,5,0,2023-01-19T12:46:42Z,2025-07-19T06:33:55Z,JavaScript
609046317,Tars4815,ponti,https://github.com/Tars4815/ponti,5,3,2023-03-03T09:08:01Z,2025-08-16T17:38:51Z,JavaScript
371787393,perjo927,react-webpack5-starter,https://github.com/perjo927/react-webpack5-starter,5,1,2021-05-28T18:28:11Z,2025-05-14T21:31:38Z,JavaScript
657318985,python-project-templates,python-template-jupyter,https://github.com/python-project-templates/python-template-jupyter,5,2,2023-06-22T19:58:23Z,2025-10-12T18:54:17Z,JavaScript
794717644,Navin-Jethwani-76,pixelui-nextjs-template,https://github.com/Navin-Jethwani-76/pixelui-nextjs-template,5,2,2024-05-01T20:01:43Z,2024-06-26T18:15:08Z,JavaScript
794839264,yadav-saurabh,node-express-drizzle,https://github.com/yadav-saurabh/node-express-drizzle,5,2,2024-05-02T04:05:24Z,2025-01-23T12:10:19Z,JavaScript
843793367,mrqx0195,NFWC-DLC-Template,https://github.com/mrqx0195/NFWC-DLC-Template,5,3,2024-08-17T12:42:56Z,2025-09-21T16:16:35Z,JavaScript
526205822,muratkeremozcan,react-cypress-ts-template,https://github.com/muratkeremozcan/react-cypress-ts-template,5,6,2022-08-18T12:38:10Z,2025-10-18T02:12:09Z,JavaScript
770469685,wasmer-examples,next-server-components-wasmer-starter,https://github.com/wasmer-examples/next-server-components-wasmer-starter,5,0,2024-03-11T15:55:09Z,2024-06-22T08:48:35Z,JavaScript
503712498,shoppingzh,vitepress-template,https://github.com/shoppingzh/vitepress-template,5,4,2022-06-15T10:09:13Z,2025-08-17T03:32:52Z,JavaScript
683819582,net-partner-011-ab,code-crafter,https://github.com/net-partner-011-ab/code-crafter,5,2,2023-08-27T19:50:51Z,2024-10-17T04:03:15Z,JavaScript
425956305,JuanPRubio,vanessapetit,https://github.com/JuanPRubio/vanessapetit,5,3,2021-11-08T18:49:58Z,2024-09-06T21:09:10Z,JavaScript
880802389,hivemq,hivemq-hello-world-datahub-module,https://github.com/hivemq/hivemq-hello-world-datahub-module,5,0,2024-10-30T11:43:44Z,2024-11-26T17:03:04Z,JavaScript
787336964,deworkerai,deworker-worker,https://github.com/deworkerai/deworker-worker,5,1,2024-04-16T10:32:43Z,2025-04-03T09:39:31Z,JavaScript
686577800,creatif-studio,creatif-blog,https://github.com/creatif-studio/creatif-blog,5,0,2023-09-03T09:04:23Z,2024-10-08T14:06:19Z,JavaScript
519554708,ehmicky,template-javascript,https://github.com/ehmicky/template-javascript,5,0,2022-07-30T15:37:12Z,2025-05-25T23:03:26Z,JavaScript
232120731,YornQiu,koa-server,https://github.com/YornQiu/koa-server,5,2,2020-01-06T14:41:51Z,2024-01-26T07:54:28Z,JavaScript
561743734,hugomods,template-mod,https://github.com/hugomods/template-mod,5,0,2022-11-04T11:48:34Z,2025-10-14T05:00:31Z,JavaScript
929771095,dev-himanshu-karnwal,react-vite-shadcn-ts-tailwind-setup,https://github.com/dev-himanshu-karnwal/react-vite-shadcn-ts-tailwind-setup,5,0,2025-02-09T11:11:45Z,2025-08-30T17:52:35Z,JavaScript
945888417,maanimis,cross-extension-template,https://github.com/maanimis/cross-extension-template,5,0,2025-03-10T09:34:05Z,2025-05-20T19:31:04Z,JavaScript
728061626,warioddly,threejs-template,https://github.com/warioddly/threejs-template,5,0,2023-12-06T06:29:31Z,2024-11-15T18:53:06Z,JavaScript
444999098,oakmound,game-template,https://github.com/oakmound/game-template,5,1,2022-01-06T01:12:25Z,2024-10-30T12:50:24Z,JavaScript
190990573,jehna,maso,https://github.com/jehna/maso,5,0,2019-06-09T10:01:21Z,2025-07-22T07:58:17Z,JavaScript
703203710,shubhansu-kr,EcoFriendly-GitHub,https://github.com/shubhansu-kr/EcoFriendly-GitHub,5,2,2023-10-10T19:41:33Z,2025-06-04T16:10:25Z,JavaScript
751851245,ProxyStorage,rule_generate_template,https://github.com/ProxyStorage/rule_generate_template,5,0,2024-02-02T13:18:34Z,2025-07-10T11:56:19Z,JavaScript
789655641,aiwaki,gleam-browser-extension,https://github.com/aiwaki/gleam-browser-extension,5,1,2024-04-21T07:11:41Z,2024-06-15T16:55:02Z,JavaScript
793981508,CIFriends,typescript-action-template,https://github.com/CIFriends/typescript-action-template,5,0,2024-04-30T08:28:15Z,2025-03-21T23:37:49Z,JavaScript
472933488,the-collab-lab,career-lab-challenge-next,https://github.com/the-collab-lab/career-lab-challenge-next,5,2,2022-03-22T20:51:05Z,2024-11-21T13:42:14Z,JavaScript
841993914,victoricoma,NomadeLifeDev_dmp3,https://github.com/victoricoma/NomadeLifeDev_dmp3,5,21,2024-08-13T13:08:11Z,2025-05-27T12:59:24Z,JavaScript
636560058,siyuan-note,theme-sample,https://github.com/siyuan-note/theme-sample,5,4,2023-05-05T06:05:22Z,2025-09-07T23:53:51Z,JavaScript
665159007,lenra-io,template-bun-js,https://github.com/lenra-io/template-bun-js,5,0,2023-07-11T15:05:17Z,2023-11-29T19:31:12Z,JavaScript
215478177,anchan828,nest-lerna-template,https://github.com/anchan828/nest-lerna-template,5,0,2019-10-16T06:54:27Z,2024-09-21T19:29:18Z,JavaScript
394758515,domdomegg,typescript-library-template,https://github.com/domdomegg/typescript-library-template,5,0,2021-08-10T19:18:43Z,2025-09-09T21:27:18Z,JavaScript
652468995,yazilimcimekani,DiscordBotTemplate,https://github.com/yazilimcimekani/DiscordBotTemplate,5,0,2023-06-12T06:20:35Z,2024-07-17T07:49:12Z,JavaScript
736622160,barelyhuman,adex-default-template,https://github.com/barelyhuman/adex-default-template,5,0,2023-12-28T12:04:22Z,2025-04-01T15:41:00Z,JavaScript
264487939,vicasas,cra-template-awesome,https://github.com/vicasas/cra-template-awesome,5,0,2020-05-16T17:18:58Z,2023-03-04T03:57:25Z,JavaScript
470727791,DenisSoloveyDev,webpack-kit__vanila-multipage-figma-plugin,https://github.com/DenisSoloveyDev/webpack-kit__vanila-multipage-figma-plugin,5,0,2022-03-16T19:39:56Z,2025-10-03T13:56:06Z,JavaScript
737221463,xoxohorses,react-typescript-express-postgres-template,https://github.com/xoxohorses/react-typescript-express-postgres-template,5,0,2023-12-30T08:30:12Z,2025-10-01T13:57:58Z,JavaScript
674164306,ElonMusk2002,react-portfolio-template,https://github.com/ElonMusk2002/react-portfolio-template,5,1,2023-08-03T09:35:57Z,2024-03-31T10:56:11Z,JavaScript
768200778,Bhargav230m,Discord-Bot-Template,https://github.com/Bhargav230m/Discord-Bot-Template,5,1,2024-03-06T16:47:23Z,2024-04-15T11:28:49Z,JavaScript
869793465,AdobeDevXSC,citisignal-one,https://github.com/AdobeDevXSC/citisignal-one,6,21,2024-10-08T22:41:02Z,2025-10-17T11:34:56Z,JavaScript
160745599,adobe,aio-cli-plugin-boilerplate,https://github.com/adobe/aio-cli-plugin-boilerplate,6,7,2018-12-06T23:32:47Z,2025-04-04T03:45:08Z,JavaScript
102189218,GLO3102,vue-starter,https://github.com/GLO3102/vue-starter,6,8,2017-09-02T10:30:33Z,2025-08-24T23:03:22Z,JavaScript
417567571,Snivilization,nodejs-esm-starter,https://github.com/Snivilization/nodejs-esm-starter,6,3,2021-10-15T16:31:31Z,2023-11-18T02:35:35Z,JavaScript
799492942,apelmahmudDev,react-native-starter,https://github.com/apelmahmudDev/react-native-starter,6,5,2024-05-12T10:14:44Z,2025-09-13T20:58:46Z,JavaScript
692197892,dacadeorg,vector-database-boilerplate,https://github.com/dacadeorg/vector-database-boilerplate,6,6,2023-09-15T19:34:13Z,2024-09-11T10:57:03Z,JavaScript
353470987,djizco,mern-client,https://github.com/djizco/mern-client,6,3,2021-03-31T19:41:52Z,2022-09-25T07:04:12Z,JavaScript
460350965,flotiq,nextjs-starter-boilerplate,https://github.com/flotiq/nextjs-starter-boilerplate,6,0,2022-02-17T08:44:49Z,2025-06-23T09:12:37Z,JavaScript
290583579,sparkbox,sparkpress-wordpress-starter,https://github.com/sparkbox/sparkpress-wordpress-starter,6,1,2020-08-26T19:13:28Z,2025-06-25T07:47:05Z,JavaScript
742007810,RajaRakoto,node-boilerplate,https://github.com/RajaRakoto/node-boilerplate,6,0,2024-01-11T15:14:01Z,2025-10-15T13:30:54Z,JavaScript
794449340,Run37927,starterKit,https://github.com/Run37927/starterKit,6,2,2024-05-01T07:29:08Z,2025-07-12T14:24:32Z,JavaScript
432713270,Pamavoc,vite-vanilla-boilerplate,https://github.com/Pamavoc/vite-vanilla-boilerplate,6,4,2021-11-28T13:00:02Z,2023-12-27T11:48:10Z,JavaScript
330634160,PostHog,posthog-plugin-starter-kit,https://github.com/PostHog/posthog-plugin-starter-kit,6,2,2021-01-18T10:42:34Z,2024-09-14T19:11:55Z,JavaScript
180082356,yikeda6616,gulp-static-starter-v4,https://github.com/yikeda6616/gulp-static-starter-v4,6,1,2019-04-08T06:16:59Z,2024-12-30T15:00:44Z,JavaScript
725155349,starterstack,starterstack,https://github.com/starterstack/starterstack,6,0,2023-11-29T14:53:32Z,2025-10-16T04:16:30Z,JavaScript
584564809,GreenfireInc,Sparkplate.Vue,https://github.com/GreenfireInc/Sparkplate.Vue,6,9,2023-01-02T23:41:22Z,2025-04-02T16:29:12Z,JavaScript
1063539866,niokagi,hapi-pgsql-boilerplate,https://github.com/niokagi/hapi-pgsql-boilerplate,6,0,2025-09-24T19:09:03Z,2025-10-02T15:07:08Z,JavaScript
674463133,laxmanpokhrel,xmanscript-npm-package-boilerplate,https://github.com/laxmanpokhrel/xmanscript-npm-package-boilerplate,6,0,2023-08-04T02:38:47Z,2024-04-15T10:14:38Z,JavaScript
494961806,farinchan,backend-starter,https://github.com/farinchan/backend-starter,6,4,2022-05-22T04:51:05Z,2025-08-25T17:00:50Z,JavaScript
578205602,The-Adult-In-The-Room,react-boilerplate,https://github.com/The-Adult-In-The-Room/react-boilerplate,6,0,2022-12-14T14:01:56Z,2025-01-24T20:43:58Z,JavaScript
182283285,yunusemredilber,antd-boilerplate,https://github.com/yunusemredilber/antd-boilerplate,6,2,2019-04-19T15:11:33Z,2023-04-15T18:53:44Z,JavaScript
507917107,mbti-nf-team,nextjs-starter,https://github.com/mbti-nf-team/nextjs-starter,6,1,2022-06-27T13:18:28Z,2025-04-02T05:35:50Z,JavaScript
457622239,nyu-software-engineering,full-mern-stack-web-app,https://github.com/nyu-software-engineering/full-mern-stack-web-app,6,76,2022-02-10T03:54:31Z,2025-09-29T13:41:30Z,JavaScript
451984314,teo-garcia,react-template-next,https://github.com/teo-garcia/react-template-next,6,0,2022-01-25T17:54:24Z,2025-10-14T23:13:49Z,JavaScript
588728883,adobecom,milo-college,https://github.com/adobecom/milo-college,6,23,2023-01-13T21:03:56Z,2025-08-14T15:01:55Z,JavaScript
811542676,RanitManik,React-Vite-Tailwind-App-Template,https://github.com/RanitManik/React-Vite-Tailwind-App-Template,6,14,2024-06-06T19:57:11Z,2025-10-03T08:11:13Z,JavaScript
768271003,rhpds,showroom_template_summit_2024,https://github.com/rhpds/showroom_template_summit_2024,6,10,2024-03-06T19:26:11Z,2025-04-29T10:40:10Z,JavaScript
881893163,ajaymahadeven,django-tailwind-react-webpack,https://github.com/ajaymahadeven/django-tailwind-react-webpack,6,0,2024-11-01T13:02:05Z,2025-03-17T21:06:39Z,JavaScript
184608028,Mariede,boiler-server,https://github.com/Mariede/boiler-server,6,0,2019-05-02T15:42:22Z,2025-09-18T20:50:16Z,JavaScript
204467249,hihebark,node-starter-kit,https://github.com/hihebark/node-starter-kit,6,2,2019-08-26T12:07:18Z,2025-09-19T18:45:19Z,JavaScript
274652591,draftbox-co,gatsby-wordpress-novela-starter,https://github.com/draftbox-co/gatsby-wordpress-novela-starter,6,2,2020-06-24T11:31:45Z,2021-12-28T14:23:17Z,JavaScript
354234265,martinadamsdev,vue-cesium-vite-starter,https://github.com/martinadamsdev/vue-cesium-vite-starter,6,2,2021-04-03T08:01:34Z,2024-06-30T05:04:33Z,JavaScript
1029020269,stevekinney,basic-template,https://github.com/stevekinney/basic-template,6,5,2025-07-30T12:02:03Z,2025-10-03T11:53:47Z,JavaScript
679616705,dariasmyr,ts-template,https://github.com/dariasmyr/ts-template,6,0,2023-08-17T08:34:25Z,2024-09-15T08:41:48Z,JavaScript
721747910,vikiival,kodahash,https://github.com/vikiival/kodahash,6,1,2023-11-21T17:35:33Z,2025-03-13T09:42:57Z,JavaScript
793100611,SillyTavern,Plugin-WebpackTemplate,https://github.com/SillyTavern/Plugin-WebpackTemplate,6,6,2024-04-28T12:31:23Z,2025-07-29T06:57:56Z,JavaScript
674919210,BijanProgrammer,boilerno,https://github.com/BijanProgrammer/boilerno,6,1,2023-08-05T06:58:41Z,2025-08-13T17:27:12Z,JavaScript
510272547,jarntz,react,https://github.com/jarntz/react,6,0,2022-07-04T08:22:43Z,2024-09-25T15:02:07Z,JavaScript
459632915,mehedi-shafi,django-react-boilerplate,https://github.com/mehedi-shafi/django-react-boilerplate,6,0,2022-02-15T15:17:47Z,2024-08-11T20:03:15Z,JavaScript
436926966,s-kawabe,next-ts-template,https://github.com/s-kawabe/next-ts-template,6,4,2021-12-10T09:46:33Z,2023-06-09T04:04:56Z,JavaScript
745133017,webwisetech,discord-bot-base-js,https://github.com/webwisetech/discord-bot-base-js,6,0,2024-01-18T17:51:34Z,2024-08-16T20:44:19Z,JavaScript
413523259,davidrf88,Mongo-Express-JWT-Boilerplate,https://github.com/davidrf88/Mongo-Express-JWT-Boilerplate,6,0,2021-10-04T17:36:23Z,2023-12-16T10:25:21Z,JavaScript
403238310,AppiumTestDistribution,appium-plugin-template,https://github.com/AppiumTestDistribution/appium-plugin-template,6,5,2021-09-05T06:59:22Z,2025-07-05T20:29:52Z,JavaScript
164749275,Kamahl19,node-api-starter,https://github.com/Kamahl19/node-api-starter,6,0,2019-01-08T23:17:38Z,2023-08-27T12:41:14Z,JavaScript
770886009,aatmmr,github-training-api,https://github.com/aatmmr/github-training-api,6,4,2024-03-12T10:35:04Z,2025-04-24T10:02:30Z,JavaScript
239638267,lcnogueira,react-firebase-auth,https://github.com/lcnogueira/react-firebase-auth,6,0,2020-02-10T23:54:39Z,2025-01-28T19:08:09Z,JavaScript
931291257,EmryMcGill,react_pocketbase_template,https://github.com/EmryMcGill/react_pocketbase_template,6,2,2025-02-12T03:01:53Z,2025-06-07T05:12:36Z,JavaScript
427353675,tuhinpal,investment-ready,https://github.com/tuhinpal/investment-ready,6,4,2021-11-12T12:33:18Z,2025-09-08T17:43:25Z,JavaScript
518631733,Serpentiel,template,https://github.com/Serpentiel/template,6,0,2022-07-27T22:46:29Z,2025-09-09T04:55:53Z,JavaScript
751351171,gomander,sveltekit-gh-actions-cloud-run,https://github.com/gomander/sveltekit-gh-actions-cloud-run,6,1,2024-02-01T12:45:54Z,2025-05-25T02:52:31Z,JavaScript
734827100,KIDI-S-TECH,Automation-repetitive-task-software,https://github.com/KIDI-S-TECH/Automation-repetitive-task-software,6,10,2023-12-22T18:25:43Z,2025-04-19T01:46:52Z,JavaScript
564474440,starmode-base,nextjs-template,https://github.com/starmode-base/nextjs-template,6,0,2022-11-10T19:53:13Z,2025-04-13T23:14:12Z,JavaScript
648772490,tinyplex,vite-tinybase-react,https://github.com/tinyplex/vite-tinybase-react,6,1,2023-06-02T19:20:45Z,2025-08-28T18:43:33Z,JavaScript
694584014,nightly-labs,aleph-zero-web3-template,https://github.com/nightly-labs/aleph-zero-web3-template,6,1,2023-09-21T09:38:31Z,2025-03-03T10:26:55Z,JavaScript
711069420,i-a-n,astra,https://github.com/i-a-n/astra,6,0,2023-10-28T05:54:12Z,2024-12-26T06:07:44Z,JavaScript
598081413,lokalise,npm-package-template,https://github.com/lokalise/npm-package-template,6,1,2023-02-06T11:05:35Z,2025-10-15T17:09:18Z,JavaScript
855147821,koii-network,orca-task-template,https://github.com/koii-network/orca-task-template,6,2,2024-09-10T11:50:12Z,2025-05-03T22:47:02Z,JavaScript
979014076,icebeam7,github-codespace-wth,https://github.com/icebeam7/github-codespace-wth,6,2,2025-05-06T21:31:41Z,2025-05-08T11:16:46Z,JavaScript
839342021,phaserjs,template-rapier,https://github.com/phaserjs/template-rapier,6,0,2024-08-07T12:18:02Z,2025-07-08T21:56:26Z,JavaScript
930631621,brunnoTripovichy,template-react-vite,https://github.com/brunnoTripovichy/template-react-vite,6,0,2025-02-11T00:20:13Z,2025-10-09T03:11:16Z,JavaScript
668982849,henryegloff,Three.js-Basic-PWA-Template,https://github.com/henryegloff/Three.js-Basic-PWA-Template,6,1,2023-07-21T04:23:51Z,2025-01-21T04:16:22Z,JavaScript
236365685,esm-bundle,autopublish-template,https://github.com/esm-bundle/autopublish-template,6,0,2020-01-26T19:39:49Z,2025-10-16T05:31:54Z,JavaScript
648324548,NullDev,DiscordJS-Template,https://github.com/NullDev/DiscordJS-Template,6,0,2023-06-01T17:54:40Z,2025-09-27T04:13:14Z,JavaScript
1029222130,eronwolf,GameJamAITemplate,https://github.com/eronwolf/GameJamAITemplate,6,0,2025-07-30T17:49:23Z,2025-08-04T16:37:16Z,JavaScript
726266383,sebjulliand,vscode-extension-template,https://github.com/sebjulliand/vscode-extension-template,6,0,2023-12-01T22:39:36Z,2025-09-17T21:50:10Z,JavaScript
895028418,pqh22,pqh22.github.io,https://github.com/pqh22/pqh22.github.io,6,0,2024-11-27T12:37:07Z,2025-08-21T20:55:03Z,JavaScript
879444933,fhilipemonteiro,template-api-node,https://github.com/fhilipemonteiro/template-api-node,6,1,2024-10-27T23:00:58Z,2025-01-18T03:00:18Z,JavaScript
766712163,terraria-catalyst,template-mod,https://github.com/terraria-catalyst/template-mod,6,0,2024-03-04T01:16:31Z,2024-04-26T00:52:12Z,JavaScript
650302786,9d8dev,twilio-nextjs,https://github.com/9d8dev/twilio-nextjs,6,1,2023-06-06T19:29:35Z,2024-07-02T15:13:19Z,JavaScript
777119151,towsifkafi,DiscordJS-v14-Template,https://github.com/towsifkafi/DiscordJS-v14-Template,6,1,2024-03-25T08:35:53Z,2025-08-13T08:22:58Z,JavaScript
933345766,vigneshmb,mern-stack-template,https://github.com/vigneshmb/mern-stack-template,6,0,2025-02-15T18:26:34Z,2025-08-10T06:34:49Z,JavaScript
141051076,bhdicaire,dnsConfiguration,https://github.com/bhdicaire/dnsConfiguration,6,4,2018-07-15T19:00:41Z,2025-06-27T20:56:10Z,JavaScript
843124485,nicholasmacedoo,lab-timer365,https://github.com/nicholasmacedoo/lab-timer365,6,0,2024-08-15T20:45:55Z,2024-10-22T22:00:33Z,JavaScript
690185255,MathisHumbert,ssg-creative-boilerplate,https://github.com/MathisHumbert/ssg-creative-boilerplate,7,5,2023-09-11T17:41:33Z,2025-09-05T12:09:02Z,JavaScript
284523112,acrosman,ElectronSimpleStarter,https://github.com/acrosman/ElectronSimpleStarter,7,5,2020-08-02T18:58:50Z,2025-10-12T01:15:07Z,JavaScript
353838173,djizco,mern-server,https://github.com/djizco/mern-server,7,4,2021-04-01T22:09:00Z,2023-02-01T11:51:35Z,JavaScript
486073796,oumarbarry,vital,https://github.com/oumarbarry/vital,7,3,2022-04-27T06:31:49Z,2024-08-29T13:17:56Z,JavaScript
329687507,SaltyAom,next-starter,https://github.com/SaltyAom/next-starter,7,2,2021-01-14T17:30:47Z,2024-04-20T19:54:03Z,JavaScript
239028680,Israel-Laguan,HTML-CSS-JS-Webpack-starter,https://github.com/Israel-Laguan/HTML-CSS-JS-Webpack-starter,7,3,2020-02-07T21:49:03Z,2025-07-24T16:56:51Z,JavaScript
458465821,zgramming,laravel-starter-project,https://github.com/zgramming/laravel-starter-project,7,2,2022-02-12T08:37:48Z,2025-09-04T01:38:57Z,JavaScript
242956300,noammanyfler,otorio-components,https://github.com/noammanyfler/otorio-components,7,6,2020-02-25T09:08:53Z,2024-06-28T00:47:52Z,JavaScript
373445827,pixel-point,nextjs-tailwind-starter,https://github.com/pixel-point/nextjs-tailwind-starter,7,4,2021-06-03T09:05:58Z,2025-02-01T12:52:03Z,JavaScript
431352850,MadeInHaus,next-starter,https://github.com/MadeInHaus/next-starter,7,0,2021-11-24T05:01:02Z,2025-01-08T19:26:52Z,JavaScript
272847791,mikesprague,react-tailwind-netlify-starter,https://github.com/mikesprague/react-tailwind-netlify-starter,7,3,2020-06-17T01:16:34Z,2025-10-17T14:03:07Z,JavaScript
257558232,amoghmadan,JavaScript-Express-REST-Starter,https://github.com/amoghmadan/JavaScript-Express-REST-Starter,7,0,2020-04-21T10:22:30Z,2025-05-29T11:43:58Z,JavaScript
727848914,joelanman,govuk-prototype-kit-prototype,https://github.com/joelanman/govuk-prototype-kit-prototype,7,8,2023-12-05T17:46:00Z,2025-09-15T11:55:54Z,JavaScript
836837024,HAPPYS1NGH,rabble-tg-mini-app-nextjs-js,https://github.com/HAPPYS1NGH/rabble-tg-mini-app-nextjs-js,7,4,2024-08-01T16:55:34Z,2025-04-01T12:27:06Z,JavaScript
278895503,SanjaySunil,firebase-login,https://github.com/SanjaySunil/firebase-login,7,4,2020-07-11T16:05:07Z,2025-03-24T23:57:15Z,JavaScript
190652182,cazala,react-storybook-typescript-template,https://github.com/cazala/react-storybook-typescript-template,7,2,2019-06-06T21:29:01Z,2023-10-12T18:33:29Z,JavaScript
386734565,Wyndace,halfdeal-weblayout-starter,https://github.com/Wyndace/halfdeal-weblayout-starter,7,0,2021-07-16T18:49:14Z,2024-11-12T21:09:54Z,JavaScript
785929100,AhsanAyaz,reveal-multi-slides-template,https://github.com/AhsanAyaz/reveal-multi-slides-template,7,0,2024-04-12T23:48:54Z,2025-10-04T15:57:14Z,JavaScript
597954030,thedaviddias,nextjs-typescript-starter,https://github.com/thedaviddias/nextjs-typescript-starter,7,1,2023-02-06T04:18:07Z,2025-10-06T09:40:38Z,JavaScript
718948868,Zahed75,BackendBoilerPlateNode,https://github.com/Zahed75/BackendBoilerPlateNode,7,1,2023-11-15T05:48:33Z,2025-06-22T15:21:54Z,JavaScript
444170615,yafkari,chrome-extension-react-boilerplate,https://github.com/yafkari/chrome-extension-react-boilerplate,7,2,2022-01-03T19:04:18Z,2024-11-16T13:20:17Z,JavaScript
491700416,ow3org,ts-starter,https://github.com/ow3org/ts-starter,7,0,2022-05-12T23:49:46Z,2022-09-27T14:26:18Z,JavaScript
680617494,iamspark1e,decap-cms-widget-starter,https://github.com/iamspark1e/decap-cms-widget-starter,7,1,2023-08-19T20:30:09Z,2025-10-16T17:10:28Z,JavaScript
542302616,quasar-army,modular-quasar-template,https://github.com/quasar-army/modular-quasar-template,7,0,2022-09-27T21:53:31Z,2024-07-22T17:10:46Z,JavaScript
496569712,learnthisacademy,nodejs-template,https://github.com/learnthisacademy/nodejs-template,7,8,2022-05-26T10:07:49Z,2025-04-11T14:52:33Z,JavaScript
693251889,pot-app,pot-app-collection-plugin-template,https://github.com/pot-app/pot-app-collection-plugin-template,7,5,2023-09-18T16:46:32Z,2025-08-23T15:29:17Z,JavaScript
246568801,draftbox-co,gatsby-attila-theme-starter,https://github.com/draftbox-co/gatsby-attila-theme-starter,7,2,2020-03-11T12:45:57Z,2020-08-05T15:53:35Z,JavaScript
213271753,StefansArya,scarletsframe-default,https://github.com/StefansArya/scarletsframe-default,7,3,2019-10-07T01:23:58Z,2024-10-23T17:27:02Z,JavaScript
240396068,e2e-boilerplate,playwright-commonjs-cucumber-assert,https://github.com/e2e-boilerplate/playwright-commonjs-cucumber-assert,7,1,2020-02-14T00:28:15Z,2024-09-27T21:17:49Z,JavaScript
474714098,bgins,svelte-elementary-template,https://github.com/bgins/svelte-elementary-template,7,1,2022-03-27T17:46:39Z,2024-05-14T07:43:00Z,JavaScript
664901134,nss-evening-web-development,TEMPLATE-nextjs-withauth-full-stack,https://github.com/nss-evening-web-development/TEMPLATE-nextjs-withauth-full-stack,7,7,2023-07-11T02:26:48Z,2024-11-27T01:16:06Z,JavaScript
765739553,carsten-walther,homeassistant-boilerplate,https://github.com/carsten-walther/homeassistant-boilerplate,7,0,2024-03-01T14:21:49Z,2025-03-13T19:51:35Z,JavaScript
91959960,oe,web-extension-boilerplate,https://github.com/oe/web-extension-boilerplate,7,0,2017-05-21T13:40:01Z,2024-01-01T09:18:00Z,JavaScript
877923562,PedroLeoo07,nodejs-first-boilerplate,https://github.com/PedroLeoo07/nodejs-first-boilerplate,7,0,2024-10-24T13:28:38Z,2025-10-14T19:15:44Z,JavaScript
747885913,AsharibAli,cbd,https://github.com/AsharibAli/cbd,7,1,2024-01-24T20:45:14Z,2024-12-18T02:47:44Z,JavaScript
370357127,codaxy,cxjs-tailwindcss-template,https://github.com/codaxy/cxjs-tailwindcss-template,7,7,2021-05-24T13:13:33Z,2025-09-26T10:05:27Z,JavaScript
735705383,shawntabrizi,polkadot-react-template,https://github.com/shawntabrizi/polkadot-react-template,7,3,2023-12-25T22:28:45Z,2024-08-24T19:34:13Z,JavaScript
706629388,AminoffZ,catonaut-node,https://github.com/AminoffZ/catonaut-node,7,0,2023-10-18T10:21:09Z,2025-03-06T21:38:07Z,JavaScript
851788213,Repped-School,NextJS-with-Firebase-Auth-App-Router,https://github.com/Repped-School/NextJS-with-Firebase-Auth-App-Router,7,2,2024-09-03T17:48:10Z,2025-06-03T02:24:51Z,JavaScript
391525770,imomaliev,vue-ts-tailwind,https://github.com/imomaliev/vue-ts-tailwind,7,1,2021-08-01T04:33:25Z,2023-03-17T22:42:27Z,JavaScript
767260486,LukeberryPi,naked-react,https://github.com/LukeberryPi/naked-react,7,1,2024-03-05T01:11:08Z,2024-03-31T02:46:22Z,JavaScript
240676912,ink8bit,ts-lib-template,https://github.com/ink8bit/ts-lib-template,7,0,2020-02-15T09:26:36Z,2025-07-18T04:49:11Z,JavaScript
673404926,rishi-raj-jain,custom-content-ai-chatbot,https://github.com/rishi-raj-jain/custom-content-ai-chatbot,7,2,2023-08-01T14:47:39Z,2025-04-04T07:06:51Z,JavaScript
734506286,KidiIT,Clearing-SetTimeout-with-JavaScript,https://github.com/KidiIT/Clearing-SetTimeout-with-JavaScript,7,8,2023-12-21T21:30:09Z,2025-04-29T12:23:23Z,JavaScript
803065863,markdalgleish,template-init-script-example,https://github.com/markdalgleish/template-init-script-example,7,0,2024-05-20T02:03:12Z,2024-11-03T13:00:55Z,JavaScript
995104081,ElBartt,Discord-Bot-Template,https://github.com/ElBartt/Discord-Bot-Template,7,0,2025-06-03T01:20:24Z,2025-08-29T23:46:25Z,JavaScript
363710241,leedom92,vue-h5-template,https://github.com/leedom92/vue-h5-template,7,4,2021-05-02T17:28:54Z,2025-08-13T02:19:21Z,JavaScript
910250288,Nyasami,getUDID-JS,https://github.com/Nyasami/getUDID-JS,7,2,2024-12-30T19:42:40Z,2025-10-18T18:08:09Z,JavaScript
733053800,Shreyasi2002,ReactJS-Portfolio,https://github.com/Shreyasi2002/ReactJS-Portfolio,7,1,2023-12-18T13:10:12Z,2025-09-15T02:53:53Z,JavaScript
689659770,julesrx,Dotnet.Web.Nuxt,https://github.com/julesrx/Dotnet.Web.Nuxt,7,1,2023-09-10T14:12:54Z,2025-05-01T17:57:11Z,JavaScript
497221390,EdisonTKPcom,Counter_Dapp,https://github.com/EdisonTKPcom/Counter_Dapp,7,2,2022-05-28T05:20:58Z,2025-08-14T05:00:32Z,JavaScript
797897237,namnguyenthanhwork,docusaurus-material-ui-template,https://github.com/namnguyenthanhwork/docusaurus-material-ui-template,7,3,2024-05-08T17:39:23Z,2025-05-30T22:07:07Z,JavaScript
820754249,lucadalzilio,lucadalzilio.github.io,https://github.com/lucadalzilio/lucadalzilio.github.io,7,0,2024-06-27T05:47:41Z,2025-10-09T09:18:14Z,JavaScript
815577176,ChenAnno,ChenAnno.github.io,https://github.com/ChenAnno/ChenAnno.github.io,7,0,2024-06-15T14:19:16Z,2025-08-07T17:07:56Z,JavaScript
579342165,nakigoe,blazorwasm,https://github.com/nakigoe/blazorwasm,7,0,2022-12-17T11:25:13Z,2025-10-04T15:43:12Z,JavaScript
913063152,meticha,gravity-launch-page-template,https://github.com/meticha/gravity-launch-page-template,7,0,2025-01-07T00:43:15Z,2025-09-26T07:43:19Z,JavaScript
446696672,CFenner,MMM-PersonalConfig-Template,https://github.com/CFenner/MMM-PersonalConfig-Template,7,1,2022-01-11T06:00:51Z,2024-08-06T22:26:40Z,JavaScript
811790416,Choaib-ELMADI,portfolio,https://github.com/Choaib-ELMADI/portfolio,7,0,2024-06-07T10:00:29Z,2025-10-08T10:54:08Z,JavaScript
978800940,jfullstackdev,mern-fullstack,https://github.com/jfullstackdev/mern-fullstack,7,0,2025-05-06T14:26:05Z,2025-10-17T09:41:33Z,JavaScript
531964799,DigitalCausalityLab,demo_repo,https://github.com/DigitalCausalityLab/demo_repo,7,1,2022-09-02T14:44:38Z,2023-04-19T09:39:31Z,JavaScript
199643896,Adamdad,Adamdad.github.io,https://github.com/Adamdad/Adamdad.github.io,7,0,2019-07-30T12:05:07Z,2025-10-17T03:23:05Z,JavaScript
1021341336,xavidop,book-template,https://github.com/xavidop/book-template,7,1,2025-07-17T08:53:37Z,2025-09-17T20:15:47Z,JavaScript
1013691905,yairm210,base44-site-template,https://github.com/yairm210/base44-site-template,7,1,2025-07-04T10:01:32Z,2025-10-17T08:49:38Z,JavaScript
861017161,top-ghost,octobug,https://github.com/top-ghost/octobug,7,0,2024-09-21T19:19:47Z,2024-10-29T05:18:55Z,JavaScript
722567741,KidiIT,Cyber-security-payroll-table-on--two-dimensional--array-with-javascript,https://github.com/KidiIT/Cyber-security-payroll-table-on--two-dimensional--array-with-javascript,7,0,2023-11-23T12:31:46Z,2025-04-29T12:23:11Z,JavaScript
961662082,usrrname,cursorrules,https://github.com/usrrname/cursorrules,7,2,2025-04-07T00:46:14Z,2025-10-01T17:48:01Z,JavaScript
838214552,wrappid,wrappid-package,https://github.com/wrappid/wrappid-package,7,0,2024-08-05T07:23:41Z,2024-09-17T06:28:43Z,JavaScript
723023197,KidiIT,Free-multiplication-table-with-module.Js,https://github.com/KidiIT/Free-multiplication-table-with-module.Js,7,0,2023-11-24T13:50:31Z,2025-06-17T21:33:11Z,JavaScript
821324840,gitboyzcf,vue3-vite-template,https://github.com/gitboyzcf/vue3-vite-template,7,2,2024-06-28T09:35:52Z,2025-06-25T08:54:13Z,JavaScript
120963648,fredcallaway,heroku-experiment,https://github.com/fredcallaway/heroku-experiment,8,9,2018-02-09T22:41:59Z,2024-12-18T01:19:26Z,JavaScript
607140745,dreygur,rest-api-boilerplate,https://github.com/dreygur/rest-api-boilerplate,8,4,2023-02-27T11:58:23Z,2025-06-27T16:41:37Z,JavaScript
844171324,ezoltech,react-shadcn-starter-boilerplate,https://github.com/ezoltech/react-shadcn-starter-boilerplate,8,0,2024-08-18T15:44:16Z,2025-07-26T08:21:27Z,JavaScript
605001841,doinel1a,vite-react-js-starter,https://github.com/doinel1a/vite-react-js-starter,8,4,2023-02-22T08:29:47Z,2025-06-10T05:25:08Z,JavaScript
539598898,codeforamerica,form-flow-starter-app,https://github.com/codeforamerica/form-flow-starter-app,8,3,2022-09-21T17:06:27Z,2025-10-16T14:43:17Z,JavaScript
731960424,arrafi-mahin,React-Boilerplate,https://github.com/arrafi-mahin/React-Boilerplate,8,2,2023-12-15T09:43:13Z,2024-11-04T03:08:20Z,JavaScript
223591544,hschne,reveal.js-starter,https://github.com/hschne/reveal.js-starter,8,2,2019-11-23T13:19:23Z,2024-12-02T17:28:08Z,JavaScript
170014780,benAkehurst,nodejs-api-server,https://github.com/benAkehurst/nodejs-api-server,8,3,2019-02-10T19:03:59Z,2025-06-24T19:27:12Z,JavaScript
176945980,lykmapipo,iso-lib-starter,https://github.com/lykmapipo/iso-lib-starter,8,2,2019-03-21T13:04:02Z,2025-05-21T00:27:41Z,JavaScript
594866167,fwd,nano-blog,https://github.com/fwd/nano-blog,8,7,2023-01-29T21:35:50Z,2025-08-31T01:03:47Z,JavaScript
240681578,logustra,vuad,https://github.com/logustra/vuad,8,3,2020-02-15T09:59:23Z,2024-10-09T18:29:13Z,JavaScript
103871380,okamoai,gulp-boilerplate,https://github.com/okamoai/gulp-boilerplate,8,2,2017-09-18T00:01:49Z,2021-11-05T10:41:47Z,JavaScript
581674526,flement,threejs-vite-starter,https://github.com/flement/threejs-vite-starter,8,1,2022-12-23T23:01:46Z,2025-10-13T05:38:20Z,JavaScript
503195533,SunSeekerX,uniapp_stack,https://github.com/SunSeekerX/uniapp_stack,8,3,2022-06-14T03:28:26Z,2025-09-14T14:41:13Z,JavaScript
447137560,svierk,sfdx-project-starter-kit,https://github.com/svierk/sfdx-project-starter-kit,8,1,2022-01-12T08:36:54Z,2025-08-06T07:09:53Z,JavaScript
277627052,PrismarineJS,prismarine-template,https://github.com/PrismarineJS/prismarine-template,8,10,2020-07-06T19:09:53Z,2025-10-11T14:08:12Z,JavaScript
841070007,Thor-x86,template-rollup-typescript,https://github.com/Thor-x86/template-rollup-typescript,8,1,2024-08-11T14:54:20Z,2024-11-23T18:27:31Z,JavaScript
305680696,three11,email-template,https://github.com/three11/email-template,8,1,2020-10-20T11:06:22Z,2025-09-19T02:25:57Z,JavaScript
188484025,c0nst4ntin,gulp-sass-starter,https://github.com/c0nst4ntin/gulp-sass-starter,8,1,2019-05-24T20:32:22Z,2024-11-21T21:08:18Z,JavaScript
695128519,nightly-labs,sui-web3-template,https://github.com/nightly-labs/sui-web3-template,8,9,2023-09-22T12:18:53Z,2025-10-01T08:24:14Z,JavaScript
713382382,lester-lee,fullstack-template,https://github.com/lester-lee/fullstack-template,8,15,2023-11-02T12:09:05Z,2024-05-01T17:27:26Z,JavaScript
715785432,jtr13,quarto-edav-template,https://github.com/jtr13/quarto-edav-template,8,4,2023-11-07T20:37:29Z,2025-10-17T20:03:52Z,JavaScript
750717807,flightphp,velt,https://github.com/flightphp/velt,8,1,2024-01-31T07:14:42Z,2025-04-29T06:48:49Z,JavaScript
832589856,Shannzx10,shannz-store,https://github.com/Shannzx10/shannz-store,8,8,2024-07-23T10:26:32Z,2025-10-17T21:11:12Z,JavaScript
536107874,algonacci,express-docker-template,https://github.com/algonacci/express-docker-template,8,4,2022-09-13T12:08:33Z,2024-06-26T10:52:49Z,JavaScript
196732968,evenstensberg,webpack-react-boilerplate,https://github.com/evenstensberg/webpack-react-boilerplate,8,0,2019-07-13T14:49:45Z,2024-07-18T17:29:17Z,JavaScript
283291827,tsparticles,react-auth-template,https://github.com/tsparticles/react-auth-template,8,3,2020-07-28T18:12:14Z,2024-12-21T00:51:48Z,JavaScript
733367463,rsksmart,e2e_dapps_automation,https://github.com/rsksmart/e2e_dapps_automation,8,4,2023-12-19T07:03:13Z,2025-03-13T12:16:37Z,JavaScript
212676023,serenity-js,serenity-js-cucumber-protractor-template,https://github.com/serenity-js/serenity-js-cucumber-protractor-template,8,10,2019-10-03T20:41:39Z,2024-12-12T18:17:08Z,JavaScript
964297989,dealenx,vitepress-tailwind,https://github.com/dealenx/vitepress-tailwind,8,1,2025-04-11T01:59:17Z,2025-10-06T02:32:25Z,JavaScript
771213875,OPCODE-Open-Spring-Fest,template,https://github.com/OPCODE-Open-Spring-Fest/template,8,2,2024-03-12T22:22:14Z,2025-09-10T07:31:29Z,JavaScript
446707673,ikaw-bahala,zohoCRM-widget-template,https://github.com/ikaw-bahala/zohoCRM-widget-template,8,3,2022-01-11T06:44:04Z,2025-07-21T23:19:29Z,JavaScript
736392111,eslint-stylistic,repro-template,https://github.com/eslint-stylistic/repro-template,8,3,2023-12-27T19:21:35Z,2025-07-09T01:15:16Z,JavaScript
638010701,kfan1,boiler_plate,https://github.com/kfan1/boiler_plate,8,1,2023-05-08T22:30:16Z,2023-06-26T18:44:45Z,JavaScript
636098229,hyf0,starter-libesm,https://github.com/hyf0/starter-libesm,8,0,2023-05-04T06:01:24Z,2024-05-17T20:36:55Z,JavaScript
348298978,docgeni,docgeni-template,https://github.com/docgeni/docgeni-template,8,3,2021-03-16T10:10:12Z,2025-10-16T00:46:37Z,JavaScript
496292706,sillsdev,docu-notion-sample-site,https://github.com/sillsdev/docu-notion-sample-site,8,7,2022-05-25T15:39:32Z,2024-10-04T23:08:33Z,JavaScript
520156085,nfdi4plants,dataplan,https://github.com/nfdi4plants/dataplan,8,11,2022-08-01T15:03:27Z,2025-09-25T11:41:05Z,JavaScript
277036173,bymattlee,bymattlee-sanity-studio-starter,https://github.com/bymattlee/bymattlee-sanity-studio-starter,8,1,2020-07-04T04:11:29Z,2024-07-28T02:42:28Z,JavaScript
657319375,python-project-templates,rust-js-wasm-template,https://github.com/python-project-templates/rust-js-wasm-template,8,2,2023-06-22T19:59:46Z,2025-01-13T04:24:27Z,JavaScript
853853319,Dennis-Rosenbaum,MMM-Template,https://github.com/Dennis-Rosenbaum/MMM-Template,8,2,2024-09-07T18:04:33Z,2025-07-21T23:36:31Z,JavaScript
714565016,vbharadwaj-bk,al-folio-python,https://github.com/vbharadwaj-bk/al-folio-python,8,2,2023-11-05T09:30:35Z,2025-08-17T16:55:02Z,JavaScript
741249193,thaitype,minimal-typescript-node-esm-starter,https://github.com/thaitype/minimal-typescript-node-esm-starter,8,1,2024-01-10T02:10:48Z,2025-03-24T18:11:55Z,JavaScript
521174406,frjo,zen-demo,https://github.com/frjo/zen-demo,8,3,2022-08-04T07:52:34Z,2025-10-13T11:19:16Z,JavaScript
369187400,userscripters,template,https://github.com/userscripters/template,8,0,2021-05-20T11:39:18Z,2025-10-18T23:21:30Z,JavaScript
993683004,jfullstackdev,codespaces-template-mern,https://github.com/jfullstackdev/codespaces-template-mern,8,0,2025-05-31T09:40:48Z,2025-10-17T09:41:56Z,JavaScript
294469806,lukeshay,yarn-berry-typescript-monorepo,https://github.com/lukeshay/yarn-berry-typescript-monorepo,8,2,2020-09-10T16:54:27Z,2023-11-05T10:54:47Z,JavaScript
747261837,phaserjs,template-importmap,https://github.com/phaserjs/template-importmap,8,2,2024-01-23T15:34:20Z,2025-09-30T14:09:55Z,JavaScript
690651535,hunghg255,rollup-svelte-package-template,https://github.com/hunghg255/rollup-svelte-package-template,8,0,2023-09-12T15:46:23Z,2024-10-07T02:25:36Z,JavaScript
277325042,MRLSK8,react-complete-template,https://github.com/MRLSK8/react-complete-template,8,3,2020-07-05T15:04:31Z,2023-01-02T12:04:38Z,JavaScript
350434667,ahmadnassri,template-js-lib,https://github.com/ahmadnassri/template-js-lib,8,0,2021-03-22T17:40:02Z,2025-01-07T20:49:13Z,JavaScript
74918732,michibo,fabulation,https://github.com/michibo/fabulation,8,3,2016-11-27T22:39:04Z,2024-03-28T05:44:51Z,JavaScript
317599381,caiangums,aoc-template,https://github.com/caiangums/aoc-template,8,0,2020-12-01T16:20:35Z,2024-12-04T00:32:11Z,JavaScript
726085603,lachlancollins,svelte-library-template,https://github.com/lachlancollins/svelte-library-template,8,1,2023-12-01T14:02:21Z,2025-10-13T04:26:43Z,JavaScript
273343751,gaerfield,reveal-md-github-pages,https://github.com/gaerfield/reveal-md-github-pages,8,3,2020-06-18T21:29:52Z,2025-07-02T11:16:50Z,JavaScript
879565326,internet-development,nextjs-sass-base,https://github.com/internet-development/nextjs-sass-base,8,1,2024-10-28T06:31:41Z,2025-08-25T17:22:49Z,JavaScript
785546364,hacxy,library-complete-template,https://github.com/hacxy/library-complete-template,8,0,2024-04-12T05:23:56Z,2025-05-02T08:08:49Z,JavaScript
826960108,ai4co,research-project-page-template,https://github.com/ai4co/research-project-page-template,8,0,2024-07-10T18:15:59Z,2025-03-17T02:48:02Z,JavaScript
547735785,hvlxh,djs-template,https://github.com/hvlxh/djs-template,8,0,2022-10-08T07:30:13Z,2025-10-04T21:39:14Z,JavaScript
492907731,raflymln,nextjs-template,https://github.com/raflymln/nextjs-template,8,1,2022-05-16T16:05:59Z,2025-09-10T12:01:17Z,JavaScript
847108143,SiavoshZarrasvand,LevelsJS,https://github.com/SiavoshZarrasvand/LevelsJS,8,1,2024-08-24T21:47:53Z,2025-10-03T04:11:43Z,JavaScript
593517116,owlsome-official,vite-react-tailwind-antd,https://github.com/owlsome-official/vite-react-tailwind-antd,8,1,2023-01-26T07:41:05Z,2025-07-13T03:37:34Z,JavaScript
236823343,mihaur,node-fastify-template,https://github.com/mihaur/node-fastify-template,8,1,2020-01-28T19:35:51Z,2025-10-16T06:26:45Z,JavaScript
674620008,deemoe404,NanoSite,https://github.com/deemoe404/NanoSite,8,1,2023-08-04T11:39:57Z,2025-10-02T06:37:05Z,JavaScript
526561600,Da4ndo,Better-DiscordJS-V14-Bot-Template,https://github.com/Da4ndo/Better-DiscordJS-V14-Bot-Template,8,2,2022-08-19T10:25:35Z,2024-09-29T09:43:52Z,JavaScript
530409314,gieoon,NextJS-Firebase-CMS-Blank-Template-,https://github.com/gieoon/NextJS-Firebase-CMS-Blank-Template-,8,1,2022-08-29T22:06:35Z,2025-05-20T13:05:37Z,JavaScript
203035452,reconbot,typescript-library-template,https://github.com/reconbot/typescript-library-template,8,0,2019-08-18T17:23:21Z,2025-10-18T14:04:08Z,JavaScript
783148236,mootoday,devbox-tmux,https://github.com/mootoday/devbox-tmux,8,0,2024-04-07T04:15:25Z,2024-08-17T04:22:42Z,JavaScript
815143923,gargmegham,LaunchBit,https://github.com/gargmegham/LaunchBit,8,2,2024-06-14T12:53:16Z,2025-08-31T12:01:11Z,JavaScript
219091620,jimthoburn,picture-gallery,https://github.com/jimthoburn/picture-gallery,8,1,2019-11-02T02:17:36Z,2025-08-18T00:28:35Z,JavaScript
361837813,mate-academy,react-typescript-starter-pack,https://github.com/mate-academy/react-typescript-starter-pack,9,49,2021-04-26T17:32:47Z,2025-08-26T23:59:48Z,JavaScript
252734053,unchainedshop,create,https://github.com/unchainedshop/create,9,3,2020-04-03T13:03:18Z,2025-09-19T07:17:18Z,JavaScript
289368918,MichaelCurrin,node-project-template,https://github.com/MichaelCurrin/node-project-template,9,31,2020-08-21T21:32:28Z,2025-04-25T18:38:15Z,JavaScript
771130792,FelipeSantos92Dev,rn-boilerplate,https://github.com/FelipeSantos92Dev/rn-boilerplate,9,43,2024-03-12T18:34:10Z,2025-09-01T17:54:04Z,JavaScript
402170560,PhaserEditor2D,starter-template-basic-javascript,https://github.com/PhaserEditor2D/starter-template-basic-javascript,9,9,2021-09-01T18:53:30Z,2025-04-10T13:04:48Z,JavaScript
999816431,AIFundTeam,genai-starter,https://github.com/AIFundTeam/genai-starter,9,5,2025-06-10T20:41:27Z,2025-10-15T23:37:32Z,JavaScript
201963539,brown-ccv,honeycomb,https://github.com/brown-ccv/honeycomb,9,8,2019-08-12T16:02:09Z,2025-09-29T16:20:16Z,JavaScript
107192637,chuntington,webpack-boilerplate,https://github.com/chuntington/webpack-boilerplate,9,1,2017-10-16T23:11:37Z,2024-12-04T18:15:38Z,JavaScript
327041496,app-generator,django-azia-dashboard,https://github.com/app-generator/django-azia-dashboard,9,6,2021-01-05T15:33:20Z,2024-11-13T22:13:10Z,JavaScript
446234219,clayton,jekyll-tailwind-stimulus-starter,https://github.com/clayton/jekyll-tailwind-stimulus-starter,9,2,2022-01-10T00:18:15Z,2024-12-16T20:54:05Z,JavaScript
753218925,RajaRakoto,bun-boilerplate,https://github.com/RajaRakoto/bun-boilerplate,9,1,2024-02-05T17:40:51Z,2025-08-09T17:03:57Z,JavaScript
168953131,ooade,react-library-starter,https://github.com/ooade/react-library-starter,9,1,2019-02-03T14:20:19Z,2024-11-21T20:33:43Z,JavaScript
802712938,crllect,UV-on-vercel,https://github.com/crllect/UV-on-vercel,9,46,2024-05-19T03:59:38Z,2025-05-19T22:38:09Z,JavaScript
589298916,reaby,TMModeTemplate,https://github.com/reaby/TMModeTemplate,9,0,2023-01-15T18:14:49Z,2025-03-14T20:13:49Z,JavaScript
686631763,pot-app,pot-app-recognize-plugin-template,https://github.com/pot-app/pot-app-recognize-plugin-template,9,13,2023-09-03T12:45:47Z,2025-10-09T08:46:13Z,JavaScript
240934550,kaypacha,next-boilerplate,https://github.com/kaypacha/next-boilerplate,9,0,2020-02-16T17:30:51Z,2024-02-06T20:38:19Z,JavaScript
770707682,Zyruks,astro-starter,https://github.com/Zyruks/astro-starter,9,1,2024-03-12T02:34:14Z,2025-08-05T16:55:03Z,JavaScript
152632054,apsislabs,chrome_extension_starter,https://github.com/apsislabs/chrome_extension_starter,9,1,2018-10-11T17:45:51Z,2025-06-28T20:06:38Z,JavaScript
327581481,victorocna,express-mongo-api-starter,https://github.com/victorocna/express-mongo-api-starter,9,3,2021-01-07T10:43:36Z,2025-08-28T10:42:15Z,JavaScript
688004463,startbase-dev,tsup-template,https://github.com/startbase-dev/tsup-template,9,0,2023-09-06T13:01:30Z,2024-11-29T08:29:38Z,JavaScript
638639222,fleekxyz,lens-template,https://github.com/fleekxyz/lens-template,9,4,2023-05-09T19:27:51Z,2024-05-30T19:20:21Z,JavaScript
669217038,rock-biter,threejs-starter,https://github.com/rock-biter/threejs-starter,9,2,2023-07-21T16:21:50Z,2024-07-29T14:05:36Z,JavaScript
920822570,joyco-studio,library-template,https://github.com/joyco-studio/library-template,9,1,2025-01-22T20:40:52Z,2025-10-18T14:56:06Z,JavaScript
366967260,markedjs,marked-extension-template,https://github.com/markedjs/marked-extension-template,9,4,2021-05-13T07:18:53Z,2025-10-13T23:02:39Z,JavaScript
912766924,adobe-rnd,aem-commerce-prerender,https://github.com/adobe-rnd/aem-commerce-prerender,9,13,2025-01-06T10:55:42Z,2025-10-15T14:52:43Z,JavaScript
864192303,worldcoin,minikit-js-template,https://github.com/worldcoin/minikit-js-template,9,8,2024-09-27T17:03:56Z,2025-10-16T18:08:12Z,JavaScript
344944135,internetarchive,iaux-typescript-wc-template,https://github.com/internetarchive/iaux-typescript-wc-template,9,3,2021-03-05T21:57:23Z,2025-10-08T17:14:29Z,JavaScript
136684979,xg4,rollup-typescript-boilerplate,https://github.com/xg4/rollup-typescript-boilerplate,9,1,2018-06-09T02:45:35Z,2024-10-22T23:43:45Z,JavaScript
501463171,fonoster,nodejs-voiceapp,https://github.com/fonoster/nodejs-voiceapp,9,10,2022-06-09T01:22:31Z,2025-01-11T06:21:18Z,JavaScript
844178728,MettaSurendhar,node-express-backend-template-using-prisma,https://github.com/MettaSurendhar/node-express-backend-template-using-prisma,9,0,2024-08-18T16:09:05Z,2025-08-09T20:55:46Z,JavaScript
901450943,NexGenStudioDev,ciitm-frontend,https://github.com/NexGenStudioDev/ciitm-frontend,9,38,2024-12-10T17:21:40Z,2025-10-15T03:17:14Z,JavaScript
842635500,MettaSurendhar,node-express-backend-template-for-intermediate,https://github.com/MettaSurendhar/node-express-backend-template-for-intermediate,9,1,2024-08-14T18:48:45Z,2025-09-15T09:54:28Z,JavaScript
789355041,fachryluid,laravel-mazer-dashboard-starter,https://github.com/fachryluid/laravel-mazer-dashboard-starter,9,1,2024-04-20T10:03:47Z,2025-06-16T14:28:34Z,JavaScript
187885424,flatlogic,nodejs-backend,https://github.com/flatlogic/nodejs-backend,9,12,2019-05-21T17:37:06Z,2025-10-17T08:48:27Z,JavaScript
221922043,Meteor-Community-Packages,template-package,https://github.com/Meteor-Community-Packages/template-package,9,3,2019-11-15T12:42:49Z,2025-05-06T08:19:40Z,JavaScript
274913794,PaulRBerg,javascript-template,https://github.com/PaulRBerg/javascript-template,9,2,2020-06-25T12:44:21Z,2025-10-04T14:07:58Z,JavaScript
470695725,render-examples,strapiconf2022-workshop-strapi,https://github.com/render-examples/strapiconf2022-workshop-strapi,9,9,2022-03-16T17:57:20Z,2023-08-01T18:29:50Z,JavaScript
206237049,rescript-react-native,__template__,https://github.com/rescript-react-native/__template__,9,1,2019-09-04T05:16:33Z,2025-04-15T15:06:09Z,JavaScript
463631424,cdhawke,ts-package-template,https://github.com/cdhawke/ts-package-template,9,0,2022-02-25T18:08:57Z,2025-04-15T03:19:42Z,JavaScript
388155176,guritso,slash-bot-template,https://github.com/guritso/slash-bot-template,9,4,2021-07-21T15:05:19Z,2025-05-24T18:35:34Z,JavaScript
745470843,phaserjs,template-rollup,https://github.com/phaserjs/template-rollup,9,1,2024-01-19T12:04:56Z,2025-05-23T16:05:13Z,JavaScript
843835492,PouyaSonej,PouyaSonej.github.io,https://github.com/PouyaSonej/PouyaSonej.github.io,9,0,2024-08-17T15:08:13Z,2025-03-20T06:38:59Z,JavaScript
875054068,Fairy-09,Fairy-09.github.io,https://github.com/Fairy-09/Fairy-09.github.io,9,0,2024-10-19T01:46:47Z,2025-08-21T18:23:28Z,JavaScript
863659904,yashksaini-coder,Leetcode-monthly-template,https://github.com/yashksaini-coder/Leetcode-monthly-template,9,0,2024-09-26T17:19:30Z,2025-06-03T05:59:09Z,JavaScript
579691205,Zenoo,fullstack-typescript-monorepo,https://github.com/Zenoo/fullstack-typescript-monorepo,9,2,2022-12-18T14:58:47Z,2025-10-07T16:27:05Z,JavaScript
691219040,MaciekWin3,azure-devops-blazor-extension,https://github.com/MaciekWin3/azure-devops-blazor-extension,9,1,2023-09-13T18:24:37Z,2025-07-24T22:32:38Z,JavaScript
442620535,ornato-t,DiA-dynMap,https://github.com/ornato-t/DiA-dynMap,9,5,2021-12-29T00:44:35Z,2025-10-03T02:56:41Z,JavaScript
174624502,LegacyTemplates,react-lite,https://github.com/LegacyTemplates/react-lite,9,1,2019-03-08T23:23:14Z,2024-03-15T11:00:33Z,JavaScript
307716036,agonkolgeci,discord-handler-js,https://github.com/agonkolgeci/discord-handler-js,9,1,2020-10-27T13:52:34Z,2025-08-13T08:22:04Z,JavaScript
760437542,GitHubSecurityLab,secure-code-challenge,https://github.com/GitHubSecurityLab/secure-code-challenge,9,0,2024-02-20T12:24:34Z,2025-10-07T01:14:49Z,JavaScript
517641189,fadhlaouir,express-node-starter,https://github.com/fadhlaouir/express-node-starter,10,7,2022-07-25T11:41:40Z,2025-08-20T10:41:52Z,JavaScript
177784927,yunusemredilber,material-ui-starter,https://github.com/yunusemredilber/material-ui-starter,10,4,2019-03-26T12:33:27Z,2023-07-20T18:25:54Z,JavaScript
653252052,Webflow-Examples,webflow-app-starter-v2,https://github.com/Webflow-Examples/webflow-app-starter-v2,10,23,2023-06-13T17:32:03Z,2025-09-08T06:18:20Z,JavaScript
262984389,MichaelCurrin,react-quickstart,https://github.com/MichaelCurrin/react-quickstart,10,11,2020-05-11T08:31:25Z,2025-09-01T03:26:40Z,JavaScript
140944662,DemoMacro,hexo-boilerplate-netlify-cms,https://github.com/DemoMacro/hexo-boilerplate-netlify-cms,10,32,2018-07-14T12:32:00Z,2023-07-11T06:25:55Z,JavaScript
420526236,KlausSchaefers,luisa-vue3-starter,https://github.com/KlausSchaefers/luisa-vue3-starter,10,4,2021-10-23T21:24:13Z,2023-09-13T15:41:08Z,JavaScript
96178370,cycjimmy,h5-webpack-starter,https://github.com/cycjimmy/h5-webpack-starter,10,4,2017-07-04T05:25:01Z,2025-09-04T16:52:45Z,JavaScript
604436523,DaianaArena,react-zoho-widget-boilerplate,https://github.com/DaianaArena/react-zoho-widget-boilerplate,10,2,2023-02-21T03:47:24Z,2025-07-06T00:38:34Z,JavaScript
179300700,visual-framework,vf-eleventy,https://github.com/visual-framework/vf-eleventy,10,2,2019-04-03T13:53:23Z,2024-11-25T12:04:38Z,JavaScript
625608323,emrecancorapci,vite-react-bootstrap,https://github.com/emrecancorapci/vite-react-bootstrap,10,7,2023-04-09T16:31:18Z,2025-10-07T15:49:27Z,JavaScript
329940755,andrewlevada,webpack-lit-template,https://github.com/andrewlevada/webpack-lit-template,10,2,2021-01-15T14:52:00Z,2024-06-05T07:42:51Z,JavaScript
520898622,fastly,compute-starter-kit-javascript-openapi-validation,https://github.com/fastly/compute-starter-kit-javascript-openapi-validation,10,2,2022-08-03T13:47:04Z,2025-10-07T14:27:27Z,JavaScript
539809869,BryceCanyonCounty,bcc-vue-boilerplate,https://github.com/BryceCanyonCounty/bcc-vue-boilerplate,10,3,2022-09-22T05:14:32Z,2025-07-11T07:13:56Z,JavaScript
578910104,wonsss,react-boilerplate,https://github.com/wonsss/react-boilerplate,10,0,2022-12-16T07:14:31Z,2025-06-19T11:09:01Z,JavaScript
1008449605,mnove,mcp-server-starter,https://github.com/mnove/mcp-server-starter,10,1,2025-06-25T15:01:34Z,2025-10-06T09:45:14Z,JavaScript
468488578,ics-software-engineering,meteor-application-template-react,https://github.com/ics-software-engineering/meteor-application-template-react,10,20,2022-03-10T19:46:07Z,2024-10-01T04:30:24Z,JavaScript
623918361,Ando-Mickael,starter-react,https://github.com/Ando-Mickael/starter-react,10,0,2023-04-05T11:13:42Z,2024-01-11T07:03:09Z,JavaScript
127404028,shavo007,serverless-nodejs-starter,https://github.com/shavo007/serverless-nodejs-starter,10,2,2018-03-30T08:38:14Z,2025-08-22T18:27:41Z,JavaScript
615198415,agency-kit,agencykit-11ty-starter,https://github.com/agency-kit/agencykit-11ty-starter,10,0,2023-03-17T06:55:36Z,2025-03-30T09:59:31Z,JavaScript
705413488,metarhia,Template,https://github.com/metarhia/Template,10,4,2023-10-16T00:11:17Z,2025-03-12T22:05:11Z,JavaScript
937303640,NajibHossain49,code-in-react-19,https://github.com/NajibHossain49/code-in-react-19,10,0,2025-02-22T20:15:07Z,2025-10-11T08:55:27Z,JavaScript
773114360,SillyTavern,Extension-ReactTemplate,https://github.com/SillyTavern/Extension-ReactTemplate,10,6,2024-03-16T19:36:37Z,2025-09-30T22:53:51Z,JavaScript
606991559,hunghg255,template-docusaurus,https://github.com/hunghg255/template-docusaurus,10,3,2023-02-27T04:35:42Z,2024-10-07T02:26:14Z,JavaScript
457306984,jwstegemann,fritz2-tailwind-template,https://github.com/jwstegemann/fritz2-tailwind-template,10,3,2022-02-09T10:15:37Z,2025-07-30T09:09:08Z,JavaScript
674886496,simaraconceicao,oficina-tdd,https://github.com/simaraconceicao/oficina-tdd,10,3,2023-08-05T04:18:21Z,2025-05-11T01:17:44Z,JavaScript
568047648,amitastreait,github-actions,https://github.com/amitastreait/github-actions,10,4,2022-11-19T09:31:41Z,2025-10-04T03:23:40Z,JavaScript
910815167,rahil1202,electron-react-vite-template,https://github.com/rahil1202/electron-react-vite-template,10,3,2025-01-01T14:14:07Z,2025-10-01T13:59:54Z,JavaScript
671495074,yumemi-inc,daigirin-template,https://github.com/yumemi-inc/daigirin-template,10,2,2023-07-27T12:55:50Z,2025-10-11T16:14:07Z,JavaScript
626576586,SocketSomeone,nestjs-open-source-template,https://github.com/SocketSomeone/nestjs-open-source-template,10,2,2023-04-11T18:41:19Z,2025-10-17T09:09:55Z,JavaScript
577064126,brunoimbrizi,vite-threejs,https://github.com/brunoimbrizi/vite-threejs,10,1,2022-12-11T21:20:15Z,2025-01-27T06:06:06Z,JavaScript
543277465,va1les,DiscordBotTemplateV14.17.3,https://github.com/va1les/DiscordBotTemplateV14.17.3,10,2,2022-09-29T18:59:38Z,2025-02-06T14:40:16Z,JavaScript
512991759,karmaniverous,nextjs-template,https://github.com/karmaniverous/nextjs-template,10,2,2022-07-12T03:57:18Z,2025-02-26T02:29:31Z,JavaScript
646114491,hunghg255,rollup-package-react-template,https://github.com/hunghg255/rollup-package-react-template,10,1,2023-05-27T10:32:25Z,2024-02-07T03:23:11Z,JavaScript
277334577,jpwilliams,cloudflare-workers-svelte,https://github.com/jpwilliams/cloudflare-workers-svelte,10,2,2020-07-05T15:53:26Z,2025-03-18T03:51:58Z,JavaScript
514549098,MuhammadAgungMahardhika,Web-gis-desa-wisata-apar-pariaman,https://github.com/MuhammadAgungMahardhika/Web-gis-desa-wisata-apar-pariaman,10,1,2022-07-16T10:41:10Z,2025-01-23T12:20:28Z,JavaScript
643084407,Alok-2002,old_portfolio,https://github.com/Alok-2002/old_portfolio,10,0,2023-05-20T04:03:04Z,2024-02-06T04:01:42Z,JavaScript
847627676,eduhund,figma-plugin-template,https://github.com/eduhund/figma-plugin-template,10,2,2024-08-26T08:27:37Z,2025-05-22T10:22:22Z,JavaScript
514062616,lukasbach,gfont-cloudless,https://github.com/lukasbach/gfont-cloudless,10,0,2022-07-14T22:17:42Z,2025-03-13T15:10:35Z,JavaScript
880986144,pluto,web-proofs-examples,https://github.com/pluto/web-proofs-examples,10,1,2024-10-30T18:03:45Z,2025-07-22T13:20:45Z,JavaScript
833091607,phaserjs,template-youtube-playables,https://github.com/phaserjs/template-youtube-playables,10,0,2024-07-24T10:36:11Z,2025-04-28T01:34:23Z,JavaScript
981762731,AnandChowdhary,limitless,https://github.com/AnandChowdhary/limitless,10,0,2025-05-11T20:34:02Z,2025-08-25T08:51:27Z,JavaScript
489844282,deep-fish-pixel,keep-alive-router,https://github.com/deep-fish-pixel/keep-alive-router,10,2,2022-05-08T04:23:08Z,2025-08-05T03:09:46Z,JavaScript
730798171,KidiIT,-Clearing-SetTimeout-with-JavaScript-,https://github.com/KidiIT/-Clearing-SetTimeout-with-JavaScript-,10,0,2023-12-12T17:38:37Z,2025-06-06T13:17:04Z,JavaScript
782757907,alicangunduz,DevTo-Connect,https://github.com/alicangunduz/DevTo-Connect,10,0,2024-04-06T00:46:19Z,2025-02-03T22:20:47Z,JavaScript
783826521,Bestmart721,sms-verification-android-node,https://github.com/Bestmart721/sms-verification-android-node,10,0,2024-04-08T16:42:41Z,2024-11-25T00:30:59Z,JavaScript
727048919,DodgyBadger,GPT2DB,https://github.com/DodgyBadger/GPT2DB,10,0,2023-12-04T04:28:56Z,2024-10-02T13:12:58Z,JavaScript
428068084,permafrost-dev,vite-vue-tailwind-ts-electron-skeleton,https://github.com/permafrost-dev/vite-vue-tailwind-ts-electron-skeleton,11,2,2021-11-14T23:43:49Z,2025-02-17T21:05:03Z,JavaScript
349444943,wikimedia-gadgets,twinkle-starter,https://github.com/wikimedia-gadgets/twinkle-starter,11,9,2021-03-19T14:08:35Z,2025-06-14T12:35:55Z,JavaScript
746770792,gadget-inc,shopify-chatbot-theme-ext-template,https://github.com/gadget-inc/shopify-chatbot-theme-ext-template,11,8,2024-01-22T16:36:11Z,2025-09-12T05:14:15Z,JavaScript
550599402,imrishit98,rp-nextjs-starter,https://github.com/imrishit98/rp-nextjs-starter,11,3,2022-10-13T02:57:20Z,2025-10-04T11:35:46Z,JavaScript
273727218,catdad,electron-template,https://github.com/catdad/electron-template,11,2,2020-06-20T14:48:44Z,2025-06-11T19:24:07Z,JavaScript
240685193,logustra,read,https://github.com/logustra/read,11,5,2020-02-15T10:21:30Z,2025-05-06T18:14:02Z,JavaScript
413041741,saseungmin,yarn-berry-example,https://github.com/saseungmin/yarn-berry-example,11,2,2021-10-03T10:13:05Z,2025-05-02T02:07:58Z,JavaScript
531659292,moderntribe,moose,https://github.com/moderntribe/moose,11,5,2022-09-01T19:29:49Z,2025-10-17T19:26:57Z,JavaScript
1019829772,davidwkeith,11ty-webc-starter,https://github.com/davidwkeith/11ty-webc-starter,11,0,2025-07-15T00:18:21Z,2025-10-05T11:05:01Z,JavaScript
775835053,BastiDood,sveltekit-tailwind-template,https://github.com/BastiDood/sveltekit-tailwind-template,11,0,2024-03-22T06:16:21Z,2025-10-07T16:26:45Z,JavaScript
130965587,agonxgashi,MEAN-template,https://github.com/agonxgashi/MEAN-template,11,7,2018-04-25T07:11:58Z,2023-10-20T17:13:41Z,JavaScript
731500918,atapas,custom-hook-npm,https://github.com/atapas/custom-hook-npm,11,4,2023-12-14T08:17:49Z,2025-09-17T06:20:48Z,JavaScript
776934923,erdemkosk,fastify-awilix-boilerplate,https://github.com/erdemkosk/fastify-awilix-boilerplate,11,0,2024-03-24T20:55:26Z,2025-09-27T10:44:49Z,JavaScript
511643797,IBM,template-carbon-react,https://github.com/IBM/template-carbon-react,11,8,2022-07-07T19:01:57Z,2025-01-28T14:02:04Z,JavaScript
602859875,Ys-sudo,gatsby-openai-firebase-starter,https://github.com/Ys-sudo/gatsby-openai-firebase-starter,11,0,2023-02-17T04:53:51Z,2024-11-02T08:16:56Z,JavaScript
763171095,Yoghurt1337,Bio-Website,https://github.com/Yoghurt1337/Bio-Website,11,8,2024-02-25T18:31:33Z,2025-07-10T17:10:20Z,JavaScript
763114537,k0msenapati,TerminalFolio,https://github.com/k0msenapati/TerminalFolio,11,14,2024-02-25T15:46:03Z,2025-07-07T19:07:30Z,JavaScript
564990700,2factorauth,2fa.directory,https://github.com/2factorauth/2fa.directory,11,10,2022-11-12T02:06:30Z,2025-10-04T13:58:18Z,JavaScript
238350136,Clientrace,py-micro,https://github.com/Clientrace/py-micro,11,0,2020-02-05T02:17:37Z,2025-09-14T16:14:21Z,JavaScript
294439249,UWStout,phaser3-esbuild-es6-template,https://github.com/UWStout/phaser3-esbuild-es6-template,11,2,2020-09-10T14:50:10Z,2025-02-04T23:09:24Z,JavaScript
955770590,waahah,VExt,https://github.com/waahah/VExt,11,0,2025-03-27T07:04:20Z,2025-06-28T18:28:47Z,JavaScript
405942392,bbc,audio-orchestration,https://github.com/bbc/audio-orchestration,11,1,2021-09-13T11:19:03Z,2025-08-23T20:19:49Z,JavaScript
715293568,EllaKaye,advent-of-code-website-template,https://github.com/EllaKaye/advent-of-code-website-template,11,1,2023-11-06T21:14:42Z,2025-03-22T18:44:54Z,JavaScript
360809985,didinele,typescript-docker-monorepo,https://github.com/didinele/typescript-docker-monorepo,11,0,2021-04-23T08:08:05Z,2025-02-18T06:18:45Z,JavaScript
463458519,MesseBasseProduction,BandWebsite,https://github.com/MesseBasseProduction/BandWebsite,11,0,2022-02-25T08:40:19Z,2025-10-15T12:22:00Z,JavaScript
82147214,link-loom,loom-svc-js,https://github.com/link-loom/loom-svc-js,11,2,2017-02-16T06:27:03Z,2025-08-02T20:15:27Z,JavaScript
791873268,flotiq,flotiq-ui-plugin-templates-plain-js,https://github.com/flotiq/flotiq-ui-plugin-templates-plain-js,11,2,2024-04-25T14:35:01Z,2025-03-17T15:36:35Z,JavaScript
318018338,ControlledChaos,sitecore,https://github.com/ControlledChaos/sitecore,11,0,2020-12-02T23:23:53Z,2025-02-15T20:07:42Z,JavaScript
844307841,aviTak,BinanceSpotAlgoTrader,https://github.com/aviTak/BinanceSpotAlgoTrader,11,6,2024-08-19T01:29:46Z,2025-09-16T15:57:27Z,JavaScript
71083297,lighthouse-labs,tweeter,https://github.com/lighthouse-labs/tweeter,13,3932,2016-10-16T23:19:39Z,2025-08-03T22:07:07Z,JavaScript
394662434,gitpod-samples,template-nextjs,https://github.com/gitpod-samples/template-nextjs,13,28,2021-08-10T13:21:25Z,2025-01-29T11:03:50Z,JavaScript
229268496,Technigo,express-api-starter,https://github.com/Technigo/express-api-starter,13,141,2019-12-20T13:18:54Z,2025-06-09T18:35:12Z,JavaScript
1069010504,doggy8088,playwright-library-starter-template,https://github.com/doggy8088/playwright-library-starter-template,13,14,2025-10-03T09:04:00Z,2025-10-18T08:34:18Z,JavaScript
131982298,zuixjs,zuix-web-starter,https://github.com/zuixjs/zuix-web-starter,13,5,2018-05-03T10:55:46Z,2025-06-03T04:30:20Z,JavaScript
80391250,Intecmedia,Intecmedia.Webpack,https://github.com/Intecmedia/Intecmedia.Webpack,13,6,2017-01-30T03:34:15Z,2025-10-16T09:37:40Z,JavaScript
787804956,crper,rollup-typescript-lib-boilerplate,https://github.com/crper/rollup-typescript-lib-boilerplate,13,0,2024-04-17T08:07:11Z,2025-08-20T15:52:35Z,JavaScript
245175014,juiceo,cloudflare-worker-cra,https://github.com/juiceo/cloudflare-worker-cra,13,46,2020-03-05T13:48:36Z,2025-04-18T22:55:21Z,JavaScript
327041626,app-generator,flask-azia-dashboard,https://github.com/app-generator/flask-azia-dashboard,13,2,2021-01-05T15:33:52Z,2024-10-22T00:09:57Z,JavaScript
283681167,cyrdam,lerna-monorepo-starter,https://github.com/cyrdam/lerna-monorepo-starter,13,3,2020-07-30T05:47:55Z,2025-01-22T11:21:34Z,JavaScript
496439397,near,near-sdk-js-template-project,https://github.com/near/near-sdk-js-template-project,13,7,2022-05-26T01:13:23Z,2025-04-04T04:26:49Z,JavaScript
1059137182,anon57396,adaptive-tests,https://github.com/anon57396/adaptive-tests,13,2,2025-09-18T03:46:43Z,2025-09-30T08:00:04Z,JavaScript
362177133,tomzhu1024,webpack-boilerplate-chrome,https://github.com/tomzhu1024/webpack-boilerplate-chrome,13,0,2021-04-27T16:19:42Z,2025-08-18T17:10:47Z,JavaScript
888760022,webrecorder,web-archive-site-mirror,https://github.com/webrecorder/web-archive-site-mirror,13,1,2024-11-15T00:39:17Z,2025-10-09T19:07:23Z,JavaScript
916115016,DrynkinSergey,FS_111_React,https://github.com/DrynkinSergey/FS_111_React,13,8,2025-01-13T13:39:48Z,2025-03-07T06:10:41Z,JavaScript
159562975,kireerik,refo,https://github.com/kireerik/refo,13,4,2018-11-28T20:49:29Z,2025-10-04T15:57:13Z,JavaScript
747744890,phaserjs,template-esbuild,https://github.com/phaserjs/template-esbuild,13,3,2024-01-24T15:00:28Z,2025-05-23T16:05:14Z,JavaScript
1035871377,sachinbhujel,NextJS-Portfolio-Template,https://github.com/sachinbhujel/NextJS-Portfolio-Template,13,3,2025-08-11T08:08:57Z,2025-10-16T11:56:07Z,JavaScript
374873307,remotion-dev,template-helloworld-javascript,https://github.com/remotion-dev/template-helloworld-javascript,13,7,2021-06-08T03:49:31Z,2025-07-24T09:51:25Z,JavaScript
697375867,bnema,gkick-htmx,https://github.com/bnema/gkick-htmx,13,0,2023-09-27T15:46:56Z,2025-03-05T12:00:39Z,JavaScript
269869755,neonexus,sails-react-bootstrap-webpack,https://github.com/neonexus/sails-react-bootstrap-webpack,13,7,2020-06-06T04:44:35Z,2025-09-23T06:24:20Z,JavaScript
714751297,NEARBuilders,near-bos-webcomponent,https://github.com/NEARBuilders/near-bos-webcomponent,13,6,2023-11-05T18:53:29Z,2024-10-01T13:15:46Z,JavaScript
551896314,woodcox,11ty-solid-base,https://github.com/woodcox/11ty-solid-base,13,0,2022-10-15T10:39:23Z,2024-02-11T19:15:10Z,JavaScript
690093833,Technigo,react-vite-boilerplate,https://github.com/Technigo/react-vite-boilerplate,12,66,2023-09-11T14:14:38Z,2025-06-26T15:38:08Z,JavaScript
270201044,iamsainikhil,gatsby-prismic-blog-starter,https://github.com/iamsainikhil/gatsby-prismic-blog-starter,12,4,2020-06-07T05:15:55Z,2025-08-08T23:29:48Z,JavaScript
432548411,LBognanni,adventofcode-typescript-starter,https://github.com/LBognanni/adventofcode-typescript-starter,12,19,2021-11-27T19:27:20Z,2024-12-02T00:37:56Z,JavaScript
175357822,RishikeshDarandale,serverless-graphql-boilerplate,https://github.com/RishikeshDarandale/serverless-graphql-boilerplate,12,2,2019-03-13T06:12:43Z,2021-01-19T03:07:36Z,JavaScript
456559437,dustin-jw,eleventy-starter,https://github.com/dustin-jw/eleventy-starter,12,1,2022-02-07T15:17:22Z,2025-08-02T20:47:06Z,JavaScript
276273456,redhat-scholars,courseware-template,https://github.com/redhat-scholars/courseware-template,12,27,2020-07-01T04:07:08Z,2025-08-29T17:56:27Z,JavaScript
169112193,rishichawda,minimal-react-boilerplate,https://github.com/rishichawda/minimal-react-boilerplate,12,6,2019-02-04T16:46:27Z,2025-04-21T13:40:20Z,JavaScript
183434280,DonAdam2,webpack-react-boilerplate,https://github.com/DonAdam2/webpack-react-boilerplate,12,4,2019-04-25T12:54:25Z,2025-08-06T08:36:14Z,JavaScript
594465697,foolish-pine,static-site-boilerplate-astro,https://github.com/foolish-pine/static-site-boilerplate-astro,12,0,2023-01-28T16:32:38Z,2025-09-27T02:22:55Z,JavaScript
626390403,web-infra-dev,rspack-repro,https://github.com/web-infra-dev/rspack-repro,12,52,2023-04-11T11:26:28Z,2025-09-27T04:52:46Z,JavaScript
675476363,pot-app,pot-app-translate-plugin-template,https://github.com/pot-app/pot-app-translate-plugin-template,12,18,2023-08-07T02:41:10Z,2025-09-02T09:38:50Z,JavaScript
285970675,mtmckenna,js13k-webpack-typescript-starter-party,https://github.com/mtmckenna/js13k-webpack-typescript-starter-party,12,6,2020-08-08T04:11:26Z,2025-07-30T03:01:36Z,JavaScript
449999531,funnyzak,koa-starter,https://github.com/funnyzak/koa-starter,12,3,2022-01-20T07:38:01Z,2025-10-13T02:51:56Z,JavaScript
406035715,kouts,vue3-vite-starter-template,https://github.com/kouts/vue3-vite-starter-template,12,1,2021-09-13T15:51:18Z,2024-12-25T15:57:38Z,JavaScript
653248783,barelyhuman,prev-nitro,https://github.com/barelyhuman/prev-nitro,12,0,2023-06-13T17:24:18Z,2025-06-01T19:54:34Z,JavaScript
638784183,wrappid,wrappid-module,https://github.com/wrappid/wrappid-module,12,1,2023-05-10T05:18:32Z,2025-10-01T13:59:22Z,JavaScript
368341742,harvanchik,tailwind-template,https://github.com/harvanchik/tailwind-template,12,0,2021-05-17T22:56:38Z,2025-10-13T00:28:10Z,JavaScript
355375554,gitpod-samples,template-sveltekit,https://github.com/gitpod-samples/template-sveltekit,12,14,2021-04-07T01:22:30Z,2025-08-24T20:05:03Z,JavaScript
285244850,intersystems-community,iris-fhir-template,https://github.com/intersystems-community/iris-fhir-template,12,16,2020-08-05T09:41:00Z,2025-06-05T15:15:22Z,JavaScript
351560875,codefellows,python-401-api-quickstart,https://github.com/codefellows/python-401-api-quickstart,12,17,2021-03-25T20:02:39Z,2024-08-02T02:26:55Z,JavaScript
856608392,arnobt78,HotelBooking--React-Frontend,https://github.com/arnobt78/HotelBooking--React-Frontend,12,4,2024-09-12T21:52:11Z,2025-09-28T14:32:39Z,JavaScript
644140990,The-Marcy-Lab-School,react-express-auth,https://github.com/The-Marcy-Lab-School/react-express-auth,12,77,2023-05-22T22:56:16Z,2025-08-13T16:05:59Z,JavaScript
758349992,dleeftink,observable-node-codespace,https://github.com/dleeftink/observable-node-codespace,12,1,2024-02-16T05:55:26Z,2025-07-19T00:36:17Z,JavaScript
349575352,Eomm,fastify-plugin-template,https://github.com/Eomm/fastify-plugin-template,12,2,2021-03-19T22:58:16Z,2024-08-17T15:04:27Z,JavaScript
480225154,gethinode,template,https://github.com/gethinode/template,12,3,2022-04-11T04:24:15Z,2025-09-09T04:22:43Z,JavaScript
843448980,MettaSurendhar,node-express-backend-template-for-beginner,https://github.com/MettaSurendhar/node-express-backend-template-for-beginner,12,1,2024-08-16T14:38:01Z,2025-09-25T12:51:10Z,JavaScript
604629197,niridya,base-bot-v14,https://github.com/niridya/base-bot-v14,12,5,2023-02-21T13:16:50Z,2025-10-09T01:11:56Z,JavaScript
828246534,alexrusin,node-template-2024,https://github.com/alexrusin/node-template-2024,12,2,2024-07-13T14:54:03Z,2025-07-17T16:43:48Z,JavaScript
699834742,erikdubbelboer,poki-pixijs-template,https://github.com/erikdubbelboer/poki-pixijs-template,12,0,2023-10-03T12:43:26Z,2025-01-25T14:51:03Z,JavaScript
381244941,bring-shrubbery,easy-npm-package-react,https://github.com/bring-shrubbery/easy-npm-package-react,12,1,2021-06-29T05:04:58Z,2025-02-14T13:13:09Z,JavaScript
915943387,ChuwuYo,ChuwuBookmarks,https://github.com/ChuwuYo/ChuwuBookmarks,12,3,2025-01-13T06:37:57Z,2025-10-17T09:50:16Z,JavaScript
1011722445,rspack-contrib,rspack-binding-template,https://github.com/rspack-contrib/rspack-binding-template,12,3,2025-07-01T08:44:39Z,2025-10-14T03:23:24Z,JavaScript
1049134722,Varietyz,discord-js-bot-template,https://github.com/Varietyz/discord-js-bot-template,12,0,2025-09-02T14:34:00Z,2025-10-16T00:48:55Z,JavaScript
799364120,ubiobio,Plantilla-Proyecto-MDD,https://github.com/ubiobio/Plantilla-Proyecto-MDD,12,0,2024-05-11T23:03:15Z,2024-08-02T23:30:16Z,JavaScript
801482660,dharam-gfx,github-portfolio,https://github.com/dharam-gfx/github-portfolio,12,1,2024-05-16T10:11:43Z,2025-07-17T17:06:24Z,JavaScript
1006880143,ProModels,javascript-react-app,https://github.com/ProModels/javascript-react-app,12,0,2025-06-23T06:17:18Z,2025-10-09T16:27:59Z,JavaScript
317166626,crowbartools,firebot-custom-script-starter,https://github.com/crowbartools/firebot-custom-script-starter,15,31,2020-11-30T09:04:40Z,2025-04-30T17:52:40Z,JavaScript
199118973,bradwindy,mern-stack-template,https://github.com/bradwindy/mern-stack-template,15,10,2019-07-27T05:12:11Z,2024-06-15T10:26:45Z,JavaScript
630791976,wrappid,wrappid-app,https://github.com/wrappid/wrappid-app,15,6,2023-04-21T06:59:03Z,2025-09-06T18:44:55Z,JavaScript
752508088,oluwadareseyi,vite-webflow-starter,https://github.com/oluwadareseyi/vite-webflow-starter,15,7,2024-02-04T03:25:23Z,2025-10-06T09:24:10Z,JavaScript
128651581,wearemd,spa-starter,https://github.com/wearemd/spa-starter,15,1,2018-04-08T14:49:36Z,2025-10-16T10:33:51Z,JavaScript
553988093,replugged-org,plugin-template,https://github.com/replugged-org/plugin-template,15,9,2022-10-19T04:25:15Z,2025-10-13T18:01:24Z,JavaScript
615737200,GamesTwoLife,DiscordBot-Template,https://github.com/GamesTwoLife/DiscordBot-Template,15,1,2023-03-18T14:35:13Z,2025-08-27T12:33:41Z,JavaScript
426719954,rawgraphs,custom-rawcharts-template,https://github.com/rawgraphs/custom-rawcharts-template,15,9,2021-11-10T17:46:08Z,2025-10-12T17:30:52Z,JavaScript
885987624,Open-Trader,custom-strategy,https://github.com/Open-Trader/custom-strategy,15,5,2024-11-09T22:18:02Z,2025-10-14T20:57:51Z,JavaScript
267073685,leouieda,talk-template,https://github.com/leouieda/talk-template,15,3,2020-05-26T14:59:18Z,2024-10-30T11:23:17Z,JavaScript
549619534,pact-foundation,pact-5-minute-getting-started-guide,https://github.com/pact-foundation/pact-5-minute-getting-started-guide,15,544,2022-10-11T13:22:28Z,2025-10-13T16:17:45Z,JavaScript
643218141,svierk,salesforce-utam-e2e-testing,https://github.com/svierk/salesforce-utam-e2e-testing,15,5,2023-05-20T13:19:32Z,2025-06-25T11:25:24Z,JavaScript
642352122,asigdel29,matrixportfolio,https://github.com/asigdel29/matrixportfolio,15,1,2023-05-18T11:29:34Z,2025-10-06T09:19:18Z,JavaScript
240461337,geoloniamaps,basic,https://github.com/geoloniamaps/basic,15,6,2020-02-14T08:27:26Z,2025-09-23T06:37:16Z,JavaScript
469712918,nuxt-contrib,vue3-ssr-starter,https://github.com/nuxt-contrib/vue3-ssr-starter,14,8,2022-03-14T11:57:35Z,2025-10-06T08:35:14Z,JavaScript
519052982,thirdweb-example,hardhat-javascript-starter,https://github.com/thirdweb-example/hardhat-javascript-starter,14,12,2022-07-29T02:19:53Z,2025-09-19T18:45:40Z,JavaScript
536721667,ederssouza,react-typescript-boilerplate,https://github.com/ederssouza/react-typescript-boilerplate,14,4,2022-09-14T19:00:36Z,2025-10-17T21:52:51Z,JavaScript
504059049,valora-inc,typescript-app-starter,https://github.com/valora-inc/typescript-app-starter,14,0,2022-06-16T07:39:19Z,2025-10-17T03:37:11Z,JavaScript
508629151,themefisher,galaxy-bootstrap,https://github.com/themefisher/galaxy-bootstrap,14,13,2022-06-29T09:36:16Z,2025-10-09T10:26:20Z,JavaScript
702552979,MuddusarZulfiqar,react-boilerplate,https://github.com/MuddusarZulfiqar/react-boilerplate,14,2,2023-10-09T14:31:26Z,2025-08-12T10:40:11Z,JavaScript
294867274,jkhmtx,ts-lib-starter,https://github.com/jkhmtx/ts-lib-starter,14,1,2020-09-12T04:09:17Z,2023-03-17T12:28:56Z,JavaScript
225491249,matzkoh,typescript-npm-starter,https://github.com/matzkoh/typescript-npm-starter,14,2,2019-12-02T23:54:17Z,2024-06-18T01:24:16Z,JavaScript
534378483,apollographql,next-apollo-example,https://github.com/apollographql/next-apollo-example,14,7,2022-09-08T20:14:41Z,2025-05-21T04:31:18Z,JavaScript
669514062,Acode-Foundation,AcodeTSTemplate,https://github.com/Acode-Foundation/AcodeTSTemplate,14,4,2023-07-22T14:23:23Z,2025-09-08T08:00:18Z,JavaScript
907948635,gabrieldrouin,express-typescript-eslint-prettier-template,https://github.com/gabrieldrouin/express-typescript-eslint-prettier-template,14,8,2024-12-24T17:16:31Z,2025-10-06T08:44:44Z,JavaScript
521175008,markmead,alpinejs-plugin-template,https://github.com/markmead/alpinejs-plugin-template,14,3,2022-08-04T07:54:33Z,2025-04-18T08:08:04Z,JavaScript
925606984,adityatelange,astro-obsidian-starlight-notes-template,https://github.com/adityatelange/astro-obsidian-starlight-notes-template,14,3,2025-02-01T09:30:25Z,2025-10-18T04:56:11Z,JavaScript
671211270,clicktodev,TSYP-11-Congress-Website,https://github.com/clicktodev/TSYP-11-Congress-Website,14,6,2023-07-26T19:52:51Z,2025-08-22T18:31:27Z,JavaScript
415367101,tsparticles,react-glass-auth-template,https://github.com/tsparticles/react-glass-auth-template,14,3,2021-10-09T16:47:57Z,2025-06-10T18:06:49Z,JavaScript
332392881,probot,example-aws-lambda-serverless,https://github.com/probot/example-aws-lambda-serverless,14,11,2021-01-24T07:39:22Z,2025-10-04T08:49:58Z,JavaScript
822562048,rakshixh,Portfolio-Template-For-Artists,https://github.com/rakshixh/Portfolio-Template-For-Artists,14,2,2024-07-01T11:34:12Z,2025-10-18T03:04:00Z,JavaScript
1016063596,skills,customize-your-github-copilot-experience,https://github.com/skills/customize-your-github-copilot-experience,14,9,2025-07-08T12:40:50Z,2025-10-03T03:40:36Z,JavaScript
38488883,bywatersolutions,dev-koha-plugin-kitchen-sink,https://github.com/bywatersolutions/dev-koha-plugin-kitchen-sink,14,18,2015-07-03T11:13:07Z,2025-10-05T06:49:04Z,JavaScript
792635841,qnighy,tiny-react-template,https://github.com/qnighy/tiny-react-template,14,0,2024-04-27T06:06:30Z,2024-12-29T08:39:46Z,JavaScript
224706544,paperplanefactory,paperplane-photography-theme,https://github.com/paperplanefactory/paperplane-photography-theme,14,3,2019-11-28T18:08:16Z,2025-08-02T22:05:02Z,JavaScript
194688794,miranj,craft-boilerplate,https://github.com/miranj/craft-boilerplate,17,3,2019-07-01T14:28:58Z,2025-10-09T18:51:17Z,JavaScript
235611213,flotiq,flotiq-blog,https://github.com/flotiq/flotiq-blog,17,8,2020-01-22T16:10:10Z,2025-05-21T14:03:10Z,JavaScript
633439174,hygraph,hygraph-nextjs-blog-starter,https://github.com/hygraph/hygraph-nextjs-blog-starter,17,7,2023-04-27T13:54:23Z,2025-10-06T09:18:59Z,JavaScript
613284088,owlsome-official,next-antd-tailwind,https://github.com/owlsome-official/next-antd-tailwind,17,4,2023-03-13T09:17:33Z,2025-10-15T04:25:48Z,JavaScript
291092715,koji,node-typescript-boilerplate,https://github.com/koji/node-typescript-boilerplate,17,12,2020-08-28T16:20:14Z,2024-01-07T23:13:29Z,JavaScript
575714146,tahirahmadin,web3-onboarding-starter-kits,https://github.com/tahirahmadin/web3-onboarding-starter-kits,17,16,2022-12-08T06:06:56Z,2025-10-04T13:20:35Z,JavaScript
230316499,JoviDeCroock,product-boilerplate,https://github.com/JoviDeCroock/product-boilerplate,17,2,2019-12-26T19:23:02Z,2025-08-27T13:22:31Z,JavaScript
749973625,javiergold112,meteor-starter-kit,https://github.com/javiergold112/meteor-starter-kit,17,2,2024-01-29T18:46:42Z,2024-03-21T02:43:43Z,JavaScript
261190351,draftbox-co,gatsby-wordpress-balsa-starter,https://github.com/draftbox-co/gatsby-wordpress-balsa-starter,17,8,2020-05-04T13:44:12Z,2023-11-06T10:27:07Z,JavaScript
275955163,PoweredLocal,typescript-starter,https://github.com/PoweredLocal/typescript-starter,17,4,2020-06-30T00:19:00Z,2024-11-11T20:50:35Z,JavaScript
735229153,phuctm97,turbo-template,https://github.com/phuctm97/turbo-template,17,1,2023-12-24T06:13:27Z,2024-05-13T07:08:55Z,JavaScript
793912431,panntod,Vite-Tailwind-Starter,https://github.com/panntod/Vite-Tailwind-Starter,17,1,2024-04-30T05:27:46Z,2025-09-02T14:40:19Z,JavaScript
77849526,excaliburjs,template-electron,https://github.com/excaliburjs/template-electron,17,4,2017-01-02T17:17:54Z,2025-10-06T09:01:07Z,JavaScript
270928691,Ghosts,svelte-redux-toolkit,https://github.com/Ghosts/svelte-redux-toolkit,17,0,2020-06-09T07:06:06Z,2025-04-18T15:21:22Z,JavaScript
557524112,soulmachines,react-reference-ui-public,https://github.com/soulmachines/react-reference-ui-public,17,14,2022-10-25T20:58:40Z,2025-07-23T05:59:45Z,JavaScript
679572389,SofiDevO,alurageek-API,https://github.com/SofiDevO/alurageek-API,17,28,2023-08-17T06:28:45Z,2025-10-03T15:18:50Z,JavaScript
271502392,jefrydco,nuxt-pwa-tailwindcss-starter,https://github.com/jefrydco/nuxt-pwa-tailwindcss-starter,17,0,2020-06-11T09:13:24Z,2024-06-26T07:35:12Z,JavaScript
271433114,solve-it-once,frost,https://github.com/solve-it-once/frost,17,4,2020-06-11T02:30:39Z,2025-01-28T01:51:34Z,JavaScript
856194169,atapas,nextshad,https://github.com/atapas/nextshad,17,3,2024-09-12T06:43:59Z,2025-09-17T06:24:42Z,JavaScript
738056080,anburocky3,vite-html-tailwind-template,https://github.com/anburocky3/vite-html-tailwind-template,17,2,2024-01-02T10:07:56Z,2025-08-20T20:55:06Z,JavaScript
727155508,Sneakyhydra,Portfolio-Template,https://github.com/Sneakyhydra/Portfolio-Template,17,0,2023-12-04T09:50:11Z,2025-01-13T20:03:58Z,JavaScript
677739266,turkwr,discord.js-v14-bot-template,https://github.com/turkwr/discord.js-v14-bot-template,17,0,2023-08-12T13:30:02Z,2025-07-30T11:51:19Z,JavaScript
828455144,deepakness,putout,https://github.com/deepakness/putout,17,0,2024-07-14T07:47:42Z,2025-10-06T09:28:45Z,JavaScript
1022412170,aizhimou,sparrow,https://github.com/aizhimou/sparrow,17,1,2025-07-19T02:59:28Z,2025-10-09T17:32:29Z,JavaScript
752038138,alexmckenley,react-flow-vite-template,https://github.com/alexmckenley/react-flow-vite-template,17,0,2024-02-02T21:51:25Z,2025-02-18T18:08:10Z,JavaScript
718498885,rishi-raj-jain,upstash-nextjs-publish-messages-with-sse-example,https://github.com/rishi-raj-jain/upstash-nextjs-publish-messages-with-sse-example,17,0,2023-11-14T07:54:45Z,2025-07-25T19:55:17Z,JavaScript
520610697,EvanCesanek,Ouvrai,https://github.com/EvanCesanek/Ouvrai,17,2,2022-08-02T18:36:22Z,2025-10-14T09:05:47Z,JavaScript
143473773,vulkanojs,vulkano,https://github.com/vulkanojs/vulkano,17,1,2018-08-03T21:13:19Z,2025-10-06T09:03:11Z,JavaScript
309335523,oneness0,uni-app_base,https://github.com/oneness0/uni-app_base,17,3,2020-11-02T10:29:07Z,2024-11-21T06:32:29Z,JavaScript
347198156,chromaui,learnstorybook-design-system-template,https://github.com/chromaui/learnstorybook-design-system-template,16,13,2021-03-12T21:07:33Z,2024-12-16T01:27:11Z,JavaScript
430039003,SallaApp,express-starter-kit,https://github.com/SallaApp/express-starter-kit,16,8,2021-11-20T07:34:04Z,2025-09-09T21:25:53Z,JavaScript
763852659,TheShittyList,GDListTemplate,https://github.com/TheShittyList/GDListTemplate,16,441,2024-02-27T03:04:55Z,2025-10-04T20:28:30Z,JavaScript
395745688,kouts,vue-vite-starter-template,https://github.com/kouts/vue-vite-starter-template,16,3,2021-08-13T17:55:32Z,2024-09-28T23:05:39Z,JavaScript
169822872,corey-mitchell,React-MVC-Boilerplate,https://github.com/corey-mitchell/React-MVC-Boilerplate,16,8,2019-02-09T02:06:18Z,2025-10-06T09:04:02Z,JavaScript
379206937,WorldHealthOrganization,smart-ig-starter-kit,https://github.com/WorldHealthOrganization/smart-ig-starter-kit,16,15,2021-06-22T09:05:10Z,2025-10-06T09:10:58Z,JavaScript
873174583,iTzArshia,Discord-Bot-Template,https://github.com/iTzArshia/Discord-Bot-Template,16,3,2024-10-15T18:11:31Z,2025-09-10T17:13:26Z,JavaScript
695510119,jayeen28,falcon-boilerplate,https://github.com/jayeen28/falcon-boilerplate,16,2,2023-09-23T12:11:02Z,2025-10-17T17:11:30Z,JavaScript
700224058,shyguy1412,bb-external-editor,https://github.com/shyguy1412/bb-external-editor,16,15,2023-10-04T07:28:12Z,2025-10-15T12:00:38Z,JavaScript
732220916,bracesproul,monorepo-template,https://github.com/bracesproul/monorepo-template,16,16,2023-12-16T00:47:31Z,2025-01-14T20:02:08Z,JavaScript
627370387,PonomareVlad,grammYVercel,https://github.com/PonomareVlad/grammYVercel,16,8,2023-04-13T10:24:31Z,2025-07-14T23:33:57Z,JavaScript
263002668,sinedied,swag-demo,https://github.com/sinedied/swag-demo,16,30,2020-05-11T09:50:54Z,2025-10-06T09:06:57Z,JavaScript
193327712,shudv,azure-pipelines-task-template,https://github.com/shudv/azure-pipelines-task-template,16,0,2019-06-23T09:10:03Z,2025-09-19T13:22:39Z,JavaScript
678818901,owieth,turborepo-example,https://github.com/owieth/turborepo-example,16,5,2023-08-15T13:03:42Z,2025-10-14T07:10:18Z,JavaScript
276153540,FloorLamp,dfinity-react-ts-tailwind-starter,https://github.com/FloorLamp/dfinity-react-ts-tailwind-starter,16,2,2020-06-30T16:30:05Z,2024-06-26T15:45:27Z,JavaScript
750999328,FhenixProtocol,fhenix-hardhat-example,https://github.com/FhenixProtocol/fhenix-hardhat-example,16,16,2024-01-31T18:29:59Z,2025-08-17T13:25:52Z,JavaScript
394788729,render-examples,sveltekit,https://github.com/render-examples/sveltekit,16,12,2021-08-10T21:47:09Z,2025-09-13T19:04:43Z,JavaScript
519047781,icebreaker-template,uni-app-vue2-tailwind-hbuilder-template,https://github.com/icebreaker-template/uni-app-vue2-tailwind-hbuilder-template,16,2,2022-07-29T01:53:40Z,2025-10-18T19:02:13Z,JavaScript
301725430,wednesday-solutions,nextjs-template,https://github.com/wednesday-solutions/nextjs-template,16,11,2020-10-06T12:52:08Z,2025-02-07T09:18:35Z,JavaScript
619208492,MacdonaldRobinson,Godot4-3D-inventory-and-interaction-system,https://github.com/MacdonaldRobinson/Godot4-3D-inventory-and-interaction-system,16,4,2023-03-26T15:32:42Z,2025-09-25T22:41:11Z,JavaScript
744450979,foumart,AppleII.Project.template,https://github.com/foumart/AppleII.Project.template,16,0,2024-01-17T10:24:55Z,2025-10-06T09:23:41Z,JavaScript
868594824,zikojs,ziko-addons-template,https://github.com/zikojs/ziko-addons-template,16,1,2024-10-06T19:20:06Z,2025-08-11T09:55:35Z,JavaScript
392004407,reeseschultz,reese.codes,https://github.com/reeseschultz/reese.codes,16,2,2021-08-02T15:38:35Z,2025-02-12T04:13:17Z,JavaScript
829596551,fcor,mx-ink-webxr,https://github.com/fcor/mx-ink-webxr,16,1,2024-07-16T18:52:02Z,2025-06-17T05:11:11Z,JavaScript
765343490,NaveenKumar2003,Food-Website-,https://github.com/NaveenKumar2003/Food-Website-,16,0,2024-02-29T18:31:14Z,2025-10-06T09:24:51Z,JavaScript
163492753,felipecustodio,p5-starter,https://github.com/felipecustodio/p5-starter,19,9,2018-12-29T08:28:29Z,2025-10-04T20:24:56Z,JavaScript
684604816,strapi,strapi-cloud-template-blog,https://github.com/strapi/strapi-cloud-template-blog,19,67,2023-08-29T13:33:17Z,2025-10-19T01:39:08Z,JavaScript
724197350,hutte-recipes,hutte-project-template,https://github.com/hutte-recipes/hutte-project-template,19,3,2023-11-27T15:37:41Z,2024-12-13T09:02:39Z,JavaScript
561416705,open-source-bootcamp,CubeFlyer,https://github.com/open-source-bootcamp/CubeFlyer,19,77,2022-11-03T16:36:01Z,2024-09-21T17:39:04Z,JavaScript
325253943,themefisher,bingo-bootstrap,https://github.com/themefisher/bingo-bootstrap,19,22,2020-12-29T10:17:17Z,2025-10-09T09:32:45Z,JavaScript
482377292,ow3org,web-components-starter,https://github.com/ow3org/web-components-starter,19,1,2022-04-16T22:47:03Z,2025-05-30T23:35:27Z,JavaScript
852489834,slack-samples,bolt-js-assistant-template,https://github.com/slack-samples/bolt-js-assistant-template,19,8,2024-09-04T22:33:48Z,2025-10-08T21:35:43Z,JavaScript
196266223,primer,doctocat-template,https://github.com/primer/doctocat-template,19,15,2019-07-10T19:48:47Z,2025-06-29T16:07:12Z,JavaScript
432985677,clerk,clerk-javascript-quickstart,https://github.com/clerk/clerk-javascript-quickstart,19,15,2021-11-29T09:48:42Z,2025-07-09T04:46:25Z,JavaScript
497475304,web-tech-tw,template.recv,https://github.com/web-tech-tw/template.recv,19,1,2022-05-29T02:53:50Z,2025-06-21T13:33:50Z,JavaScript
682550378,finnoh,RWDS_post_template,https://github.com/finnoh/RWDS_post_template,19,7,2023-08-24T12:16:00Z,2025-10-06T09:42:16Z,JavaScript
634372790,Basssiiie,OpenRCT2-Simple-Typescript-Template,https://github.com/Basssiiie/OpenRCT2-Simple-Typescript-Template,19,5,2023-04-29T22:44:10Z,2025-10-14T19:09:34Z,JavaScript
244172935,suyalcinkaya,nextailwind,https://github.com/suyalcinkaya/nextailwind,19,0,2020-03-01T15:23:08Z,2025-08-30T04:39:00Z,JavaScript
524878879,tonyfromundefined,monorepo-app-tony,https://github.com/tonyfromundefined/monorepo-app-tony,19,0,2022-08-15T06:30:22Z,2025-04-25T08:07:44Z,JavaScript
864991152,Hariharanpugazh,Portfolio-Template-01,https://github.com/Hariharanpugazh/Portfolio-Template-01,19,0,2024-09-29T17:47:33Z,2025-10-05T21:13:35Z,JavaScript
546352269,jooy2,vutron-webpack,https://github.com/jooy2/vutron-webpack,19,1,2022-10-06T00:23:14Z,2025-09-23T09:56:12Z,JavaScript
192135234,kaelig,google-spreadsheets-theo-demo,https://github.com/kaelig/google-spreadsheets-theo-demo,19,1,2019-06-16T00:28:50Z,2024-12-01T16:11:27Z,JavaScript
739969801,atapas,vite-tailwind-react,https://github.com/atapas/vite-tailwind-react,18,10,2024-01-07T05:18:28Z,2025-10-06T09:23:23Z,JavaScript
216678399,stanleygomes,nodevader,https://github.com/stanleygomes/nodevader,18,4,2019-10-21T22:44:07Z,2025-06-22T08:35:24Z,JavaScript
580380355,onikienko,mv3-parcel-webext-template,https://github.com/onikienko/mv3-parcel-webext-template,18,3,2022-12-20T12:21:52Z,2025-10-14T03:09:42Z,JavaScript
225728354,twilio-labs,sample-template-nodejs,https://github.com/twilio-labs/sample-template-nodejs,18,27,2019-12-03T22:19:08Z,2025-07-20T15:52:07Z,JavaScript
611248741,phcode-dev,extension-template,https://github.com/phcode-dev/extension-template,18,19,2023-03-08T12:42:37Z,2025-08-12T09:57:02Z,JavaScript
425406133,statichunt,iwriter-hugo,https://github.com/statichunt/iwriter-hugo,18,21,2021-11-07T03:46:32Z,2025-10-11T06:30:10Z,JavaScript
233210872,jankapunkt,npm-package-template,https://github.com/jankapunkt/npm-package-template,18,8,2020-01-11T10:00:49Z,2025-09-28T01:48:11Z,JavaScript
238845763,IBM,template-node-react,https://github.com/IBM/template-node-react,18,37,2020-02-07T04:47:14Z,2025-08-14T11:37:34Z,JavaScript
290769788,Enterprise-CMCS,macpro-quickstart-serverless,https://github.com/Enterprise-CMCS/macpro-quickstart-serverless,18,14,2020-08-27T12:30:25Z,2025-06-23T05:11:44Z,JavaScript
688437532,diplodoc-platform,documentation-template,https://github.com/diplodoc-platform/documentation-template,18,4,2023-09-07T10:52:43Z,2025-10-01T12:39:02Z,JavaScript
743701395,phaserjs,template-parcel,https://github.com/phaserjs/template-parcel,18,4,2024-01-15T19:53:28Z,2025-05-23T16:05:14Z,JavaScript
858072849,RahmatRafiq,Laravel-11-starter-kit-bootstrap5,https://github.com/RahmatRafiq/Laravel-11-starter-kit-bootstrap5,18,1,2024-09-16T08:59:57Z,2025-10-06T09:30:09Z,JavaScript
628326200,ubiobio,Template-ISW-Proyecto-2023,https://github.com/ubiobio/Template-ISW-Proyecto-2023,18,1,2023-04-15T15:46:44Z,2025-05-12T17:25:01Z,JavaScript
366952927,valmisson,tauri-app-template,https://github.com/valmisson/tauri-app-template,18,1,2021-05-13T06:15:09Z,2025-08-31T15:53:57Z,JavaScript
518582637,brandonsaldan,sassafras,https://github.com/brandonsaldan/sassafras,18,0,2022-07-27T19:10:16Z,2025-01-17T14:49:47Z,JavaScript
363856843,sachie,react-quickstart,https://github.com/sachie/react-quickstart,18,1,2021-05-03T07:56:50Z,2024-09-23T15:23:06Z,JavaScript
875776851,Pakillo,academic-website-template-Quarto,https://github.com/Pakillo/academic-website-template-Quarto,18,0,2024-10-20T19:52:15Z,2025-10-06T09:30:53Z,JavaScript
529393957,WeRules,home-finder,https://github.com/WeRules/home-finder,18,1,2022-08-26T20:19:00Z,2025-10-05T19:13:23Z,JavaScript
449094318,lucky-byte,reactgo,https://github.com/lucky-byte/reactgo,18,1,2022-01-18T00:52:46Z,2025-06-20T17:22:32Z,JavaScript
786408898,foyzulkarim,commitstreams-server,https://github.com/foyzulkarim/commitstreams-server,23,10,2024-04-14T11:26:21Z,2025-07-02T16:12:42Z,JavaScript
408293017,vitmalina,w2ui-starter-es6,https://github.com/vitmalina/w2ui-starter-es6,23,11,2021-09-20T02:55:18Z,2025-09-08T09:38:05Z,JavaScript
509011035,themefisher,mono-bootstrap,https://github.com/themefisher/mono-bootstrap,23,22,2022-06-30T09:14:13Z,2025-10-09T09:15:22Z,JavaScript
140305837,flatlogic,light-blue-react,https://github.com/flatlogic/light-blue-react,23,27,2018-07-09T15:32:36Z,2025-10-15T03:35:19Z,JavaScript
896748029,ace-trump-tech,Chenbin_ZHANG.github.io,https://github.com/ace-trump-tech/Chenbin_ZHANG.github.io,23,16,2024-12-01T07:38:33Z,2025-10-12T09:37:18Z,JavaScript
208302275,themefisher,parsa-jekyll,https://github.com/themefisher/parsa-jekyll,23,26,2019-09-13T16:19:42Z,2025-01-26T16:34:53Z,JavaScript
272525762,templates-world,nest-svelte,https://github.com/templates-world/nest-svelte,23,3,2020-06-15T19:27:11Z,2025-08-22T12:34:38Z,JavaScript
791815310,TheSleepyKoala,Svelcordot,https://github.com/TheSleepyKoala/Svelcordot,23,6,2024-04-25T12:29:36Z,2025-08-29T03:59:53Z,JavaScript
764850836,HoneySinghDev,go-templ-htmx-template,https://github.com/HoneySinghDev/go-templ-htmx-template,23,0,2024-02-28T20:31:01Z,2025-07-27T22:06:16Z,JavaScript
634500035,thatbeautifuldream,express-starter,https://github.com/thatbeautifuldream/express-starter,22,8,2023-04-30T10:28:57Z,2025-04-22T03:13:35Z,JavaScript
549445444,jankapunkt,meteor-react-native-starter,https://github.com/jankapunkt/meteor-react-native-starter,22,7,2022-10-11T07:44:38Z,2025-04-24T22:16:55Z,JavaScript
388426048,fastly,compute-starter-kit-javascript-default,https://github.com/fastly/compute-starter-kit-javascript-default,22,30,2021-07-22T10:43:52Z,2025-10-07T14:25:42Z,JavaScript
410202516,melonjs,es6-boilerplate,https://github.com/melonjs/es6-boilerplate,22,13,2021-09-25T07:08:25Z,2025-08-25T17:00:58Z,JavaScript
285842145,flareact,flareact-template,https://github.com/flareact/flareact-template,22,255,2020-08-07T13:58:34Z,2023-08-18T06:55:24Z,JavaScript
487905486,mryechkin,rollup-library-starter,https://github.com/mryechkin/rollup-library-starter,22,2,2022-05-02T15:59:51Z,2024-09-04T21:21:20Z,JavaScript
247928339,draftbox-co,gatsby-wordpress-libre-starter,https://github.com/draftbox-co/gatsby-wordpress-libre-starter,22,7,2020-03-17T09:26:20Z,2023-05-12T16:58:06Z,JavaScript
956854724,The-Pocket,PocketFlow-Template-Typescript,https://github.com/The-Pocket/PocketFlow-Template-Typescript,22,15,2025-03-29T01:36:24Z,2025-07-29T11:58:37Z,JavaScript
140305346,flatlogic,sing-app-react,https://github.com/flatlogic/sing-app-react,22,18,2018-07-09T15:28:42Z,2025-09-21T09:25:11Z,JavaScript
261397069,draftbox-co,gatsby-ghost-balsa-starter,https://github.com/draftbox-co/gatsby-ghost-balsa-starter,22,3,2020-05-05T08:10:55Z,2023-11-06T10:12:35Z,JavaScript
941278940,betterstack-community,mcp-template-ts,https://github.com/betterstack-community/mcp-template-ts,22,10,2025-03-01T22:52:12Z,2025-10-06T09:33:38Z,JavaScript
279989488,hendrikdemir,under-construction-template,https://github.com/hendrikdemir/under-construction-template,22,31,2020-07-15T22:01:32Z,2025-09-30T21:20:49Z,JavaScript
450322833,tomoyanakano,clasp-typescript-template,https://github.com/tomoyanakano/clasp-typescript-template,22,3,2022-01-21T02:09:41Z,2025-10-14T03:47:30Z,JavaScript
612807083,NetCoreTemplates,razor-ssg,https://github.com/NetCoreTemplates/razor-ssg,22,2,2023-03-12T02:57:22Z,2025-10-18T01:31:05Z,JavaScript
117211249,kaxi1993,mern-template,https://github.com/kaxi1993/mern-template,21,7,2018-01-12T07:54:08Z,2024-12-20T19:21:04Z,JavaScript
328199976,permafrost-dev,typescript-project-skeleton-esbuild-jest,https://github.com/permafrost-dev/typescript-project-skeleton-esbuild-jest,21,3,2021-01-09T16:41:47Z,2025-08-30T16:49:21Z,JavaScript
790128476,Avinava,simple-vite-react-express,https://github.com/Avinava/simple-vite-react-express,21,7,2024-04-22T10:12:45Z,2025-09-17T11:36:39Z,JavaScript
304066868,asyncapi,template-for-generator-templates,https://github.com/asyncapi/template-for-generator-templates,21,10,2020-10-14T16:04:03Z,2025-10-15T14:52:57Z,JavaScript
255059723,ttntm,hugo-tailwind-boilerplate,https://github.com/ttntm/hugo-tailwind-boilerplate,21,2,2020-04-12T10:36:49Z,2024-04-19T12:42:56Z,JavaScript
164148524,canada-ca,template-gabarit,https://github.com/canada-ca/template-gabarit,21,21,2019-01-04T19:48:21Z,2025-08-25T16:45:14Z,JavaScript
574553794,app-generator,django-admin-adminlte,https://github.com/app-generator/django-admin-adminlte,21,3,2022-12-05T15:06:25Z,2025-04-28T16:16:43Z,JavaScript
379884007,akx,vite-react-ts-template,https://github.com/akx/vite-react-ts-template,21,1,2021-06-24T10:15:49Z,2024-11-28T11:35:18Z,JavaScript
824606989,dgtlntv,protostar,https://github.com/dgtlntv/protostar,21,8,2024-07-05T13:52:07Z,2025-10-18T14:29:33Z,JavaScript
563465346,wpengine,faust-scaffold,https://github.com/wpengine/faust-scaffold,20,6,2022-11-08T17:08:25Z,2025-09-17T06:16:30Z,JavaScript
272649355,victorocna,awesome-react-starter,https://github.com/victorocna/awesome-react-starter,20,8,2020-06-16T08:13:27Z,2025-09-01T09:53:19Z,JavaScript
476404731,joanrodas,plubo,https://github.com/joanrodas/plubo,20,2,2022-03-31T17:12:44Z,2025-06-05T13:20:22Z,JavaScript
479035310,app-generator,sample-react-mui-introduction,https://github.com/app-generator/sample-react-mui-introduction,20,17,2022-04-07T15:06:25Z,2025-05-02T15:48:58Z,JavaScript
432506234,DaveInchy,tailwind-app,https://github.com/DaveInchy/tailwind-app,20,5,2021-11-27T16:07:48Z,2025-09-13T08:53:24Z,JavaScript
449032760,interactive-game-maps,template,https://github.com/interactive-game-maps/template,20,5,2022-01-17T20:03:27Z,2025-08-05T09:49:42Z,JavaScript
669179030,andersonfontes,api-crud-client,https://github.com/andersonfontes/api-crud-client,20,1,2023-07-21T14:34:01Z,2024-05-29T16:49:26Z,JavaScript
748204827,MiroslavRusev,cuppet,https://github.com/MiroslavRusev/cuppet,20,1,2024-01-25T13:51:52Z,2025-10-15T15:34:48Z,JavaScript
900992830,4GeeksAcademy,react-hello,https://github.com/4GeeksAcademy/react-hello,31,1554,2024-12-09T21:03:56Z,2025-10-03T18:56:37Z,JavaScript
224230399,WebexSamples,webex-bot-starter,https://github.com/WebexSamples/webex-bot-starter,31,66,2019-11-26T15:55:03Z,2025-10-07T19:44:11Z,JavaScript
223019042,Sparklytical,Infinity-react-boilerplate,https://github.com/Sparklytical/Infinity-react-boilerplate,31,10,2019-11-20T20:12:50Z,2023-07-29T12:55:15Z,JavaScript
167470616,jimmylee,next-express-emotion,https://github.com/jimmylee/next-express-emotion,31,10,2019-01-25T02:19:45Z,2025-04-04T06:46:52Z,JavaScript
373071612,hendraaagil,next-chakra-starter,https://github.com/hendraaagil/next-chakra-starter,31,4,2021-06-02T07:01:54Z,2025-06-30T04:45:19Z,JavaScript
270961687,clean-commit,gatsby-starter-henlo,https://github.com/clean-commit/gatsby-starter-henlo,31,4,2020-06-09T09:38:08Z,2025-07-22T11:07:36Z,JavaScript
375011158,ZumZoom,solidity-template,https://github.com/ZumZoom/solidity-template,31,11,2021-06-08T13:02:14Z,2025-09-18T11:32:43Z,JavaScript
133946571,simondate,create-react-scorm-app,https://github.com/simondate/create-react-scorm-app,31,7,2018-05-18T11:39:06Z,2025-04-18T23:35:23Z,JavaScript
249332187,ofnullable,react-spa-template,https://github.com/ofnullable/react-spa-template,31,12,2020-03-23T04:03:53Z,2025-08-13T14:32:22Z,JavaScript
456636274,remnoteio,remnote-plugin-template-react,https://github.com/remnoteio/remnote-plugin-template-react,31,23,2022-02-07T18:54:58Z,2025-07-26T17:01:30Z,JavaScript
669798283,senegalha,template-monorepo-typescript,https://github.com/senegalha/template-monorepo-typescript,31,4,2023-07-23T13:14:53Z,2025-08-20T23:46:07Z,JavaScript
666432517,KevinTrinh1227,Reactfolio,https://github.com/KevinTrinh1227/Reactfolio,31,9,2023-07-14T13:57:58Z,2025-06-08T15:35:09Z,JavaScript
407899423,Twinklebear,webgpu-webpack-starter,https://github.com/Twinklebear/webgpu-webpack-starter,30,4,2021-09-18T15:36:55Z,2024-11-07T02:10:32Z,JavaScript
227324688,wednesday-solutions,nodejs-hapi-template,https://github.com/wednesday-solutions/nodejs-hapi-template,30,21,2019-12-11T09:20:43Z,2024-08-25T07:50:28Z,JavaScript
657577759,oceans404,fullstack-polygon-id-vc-gated-dapp,https://github.com/oceans404/fullstack-polygon-id-vc-gated-dapp,30,24,2023-06-23T11:19:46Z,2025-09-13T12:58:08Z,JavaScript
64794204,foumart,JS.13kGames,https://github.com/foumart/JS.13kGames,30,1,2016-08-02T21:37:11Z,2025-01-29T02:20:20Z,JavaScript
455273349,netlify-templates,nuxt-toolbox,https://github.com/netlify-templates/nuxt-toolbox,30,21,2022-02-03T18:02:46Z,2025-10-13T04:53:17Z,JavaScript
107809356,psychobolt,react-rollup-boilerplate,https://github.com/psychobolt/react-rollup-boilerplate,30,1,2017-10-21T19:24:21Z,2025-09-18T13:33:24Z,JavaScript
906930905,Amarjha01,InfantCareCompass,https://github.com/Amarjha01/InfantCareCompass,30,117,2024-12-22T10:45:03Z,2025-10-14T17:17:29Z,JavaScript
232669620,BattlesnakeOfficial,starter-snake-javascript,https://github.com/BattlesnakeOfficial/starter-snake-javascript,29,112,2020-01-08T22:07:51Z,2025-07-17T20:49:34Z,JavaScript
460096627,wpengine,atlas-blueprint-portfolio,https://github.com/wpengine/atlas-blueprint-portfolio,29,14,2022-02-16T16:58:30Z,2025-09-03T08:36:22Z,JavaScript
284727271,rightsaidjames,cypress-starter-kit,https://github.com/rightsaidjames/cypress-starter-kit,29,11,2020-08-03T14:49:17Z,2024-06-14T08:09:44Z,JavaScript
581624010,angular-experts-io,angular-library-starter,https://github.com/angular-experts-io/angular-library-starter,29,5,2022-12-23T18:48:35Z,2025-07-24T14:36:56Z,JavaScript
775779683,dogokit,dogokit-akita,https://github.com/dogokit/dogokit-akita,29,3,2024-03-22T02:53:46Z,2025-10-03T04:10:43Z,JavaScript
689923398,IvettaGoIT,react_vite,https://github.com/IvettaGoIT/react_vite,29,11,2023-09-11T07:32:41Z,2025-02-06T07:31:07Z,JavaScript
45713708,silverstripe,silverstripe-module,https://github.com/silverstripe/silverstripe-module,28,13,2015-11-06T23:26:58Z,2025-07-24T00:29:45Z,JavaScript
607590912,netlify-templates,nextjs-contentful-starter,https://github.com/netlify-templates/nextjs-contentful-starter,28,119,2023-02-28T09:31:35Z,2025-10-13T04:40:03Z,JavaScript
997981427,fbrbovic,cursor-rule-framework,https://github.com/fbrbovic/cursor-rule-framework,28,8,2025-06-07T16:04:45Z,2025-10-11T20:49:33Z,JavaScript
292113172,MetaMask,metamask-module-template,https://github.com/MetaMask/metamask-module-template,28,18,2020-09-01T21:39:11Z,2025-10-14T17:25:25Z,JavaScript
758766783,birbhouse-games,electron-steam-app-template,https://github.com/birbhouse-games/electron-steam-app-template,28,0,2024-02-17T03:00:09Z,2025-10-05T12:59:46Z,JavaScript
399252557,evidence-dev,template,https://github.com/evidence-dev/template,27,24,2021-08-23T21:29:36Z,2025-09-27T05:41:59Z,JavaScript
135592817,labnol,javascript-starter,https://github.com/labnol/javascript-starter,27,12,2018-05-31T14:13:10Z,2025-07-17T10:32:43Z,JavaScript
316430565,iamsainikhil,nextjs-prismic-blog-starter,https://github.com/iamsainikhil/nextjs-prismic-blog-starter,27,7,2020-11-27T07:28:58Z,2025-08-08T20:43:15Z,JavaScript
282016284,nullRefErr,microservice-base,https://github.com/nullRefErr/microservice-base,27,6,2020-07-23T17:35:01Z,2024-03-21T05:48:54Z,JavaScript
680959439,stefbowerman,cadaver-2.0,https://github.com/stefbowerman/cadaver-2.0,27,2,2023-08-21T00:21:19Z,2025-10-14T14:59:52Z,JavaScript
206208364,metonym,svelte-rollup-template,https://github.com/metonym/svelte-rollup-template,27,2,2019-09-04T01:56:23Z,2024-08-30T20:30:05Z,JavaScript
278093670,AdobeDocs,dev-site-documentation-template,https://github.com/AdobeDocs/dev-site-documentation-template,27,23,2020-07-08T13:14:48Z,2025-10-06T21:28:17Z,JavaScript
390014924,imomaliev,vue-ts,https://github.com/imomaliev/vue-ts,27,7,2021-07-27T14:30:32Z,2024-10-12T04:24:30Z,JavaScript
603383240,beforesemicolon,node-typescript-project-template,https://github.com/beforesemicolon/node-typescript-project-template,27,8,2023-02-18T10:46:27Z,2025-06-04T06:16:58Z,JavaScript
405437629,icebreaker-template,uni-app-vue2-tailwind-vscode-template,https://github.com/icebreaker-template/uni-app-vue2-tailwind-vscode-template,27,7,2021-09-11T17:11:41Z,2025-10-18T19:00:48Z,JavaScript
775468665,phaserjs,discord-template,https://github.com/phaserjs/discord-template,27,11,2024-03-21T12:56:46Z,2025-10-11T20:22:31Z,JavaScript
496007897,saifalisew1508,Portfolio,https://github.com/saifalisew1508/Portfolio,27,7,2022-05-24T22:35:14Z,2025-09-24T08:36:22Z,JavaScript
330545291,steedos,steedos-project-template,https://github.com/steedos/steedos-project-template,27,160,2021-01-18T03:33:54Z,2025-10-14T09:55:45Z,JavaScript
539862221,zqy233,vite-vue2-ie-template,https://github.com/zqy233/vite-vue2-ie-template,27,4,2022-09-22T07:51:32Z,2025-09-30T10:53:06Z,JavaScript
361909466,donnyroufs,starter-template-typescript,https://github.com/donnyroufs/starter-template-typescript,26,9,2021-04-26T22:21:12Z,2025-10-06T09:35:39Z,JavaScript
242910433,calebnance,expo-starter,https://github.com/calebnance/expo-starter,26,7,2020-02-25T04:34:53Z,2025-07-03T10:57:45Z,JavaScript
188932841,nwtgck,typescript-on-browser-starter,https://github.com/nwtgck/typescript-on-browser-starter,26,3,2019-05-28T01:38:03Z,2025-02-20T03:41:32Z,JavaScript
456575779,sushil-kamble,django-react-auth,https://github.com/sushil-kamble/django-react-auth,26,13,2022-02-07T16:00:29Z,2025-06-11T06:16:19Z,JavaScript
462566948,sawyerclick,CMSvelte,https://github.com/sawyerclick/CMSvelte,26,2,2022-02-23T03:28:28Z,2025-07-20T20:38:43Z,JavaScript
208453250,awibox,react-redux-app-template,https://github.com/awibox/react-redux-app-template,26,5,2019-09-14T14:38:52Z,2025-04-11T14:59:23Z,JavaScript
544899030,Hugolify,hugolify-template,https://github.com/Hugolify/hugolify-template,26,4,2022-10-03T12:33:31Z,2025-10-17T07:26:52Z,JavaScript
586498841,mendhak,eleventy-satisfactory,https://github.com/mendhak/eleventy-satisfactory,26,3,2023-01-08T11:16:04Z,2025-09-02T08:13:01Z,JavaScript
603089656,chromaui,intro-storybook-react-native-template,https://github.com/chromaui/intro-storybook-react-native-template,25,15,2023-02-17T15:42:51Z,2025-10-16T09:39:08Z,JavaScript
629502837,annaerdelen,baustelle,https://github.com/annaerdelen/baustelle,25,1,2023-04-18T12:52:08Z,2025-08-18T00:17:23Z,JavaScript
289377978,MicrosoftDocs,mslearn-staticwebapp-api,https://github.com/MicrosoftDocs/mslearn-staticwebapp-api,25,36,2020-08-21T22:37:19Z,2025-10-02T07:31:50Z,JavaScript
514413141,adobe,aem-block-collection,https://github.com/adobe/aem-block-collection,25,52,2022-07-15T21:47:06Z,2025-10-06T15:29:44Z,JavaScript
323809863,shaynak,taylor-swift,https://github.com/shaynak/taylor-swift,25,7,2020-12-23T05:20:53Z,2025-10-15T07:30:43Z,JavaScript
609310557,dalelane,scratch-extension-development,https://github.com/dalelane/scratch-extension-development,25,22,2023-03-03T20:44:26Z,2025-08-20T18:09:47Z,JavaScript
453036386,algolia,algolia-react-boilerplate,https://github.com/algolia/algolia-react-boilerplate,24,13,2022-01-28T11:06:38Z,2025-04-27T09:10:42Z,JavaScript
618863750,gulalicelik,nodejs-express-sequelize-mysql-api-boilerplate,https://github.com/gulalicelik/nodejs-express-sequelize-mysql-api-boilerplate,24,14,2023-03-25T15:18:18Z,2025-10-06T18:04:27Z,JavaScript
124266004,webandras,static-site-express,https://github.com/webandras/static-site-express,24,9,2018-03-07T16:49:02Z,2025-08-27T21:31:19Z,JavaScript
366556527,bgoonz,BGOONZ_BLOG_2.0,https://github.com/bgoonz/BGOONZ_BLOG_2.0,24,46,2021-05-12T01:21:28Z,2024-10-26T13:14:05Z,JavaScript
341448362,sarthaktexas,perfect,https://github.com/sarthaktexas/perfect,24,2,2021-02-23T06:10:20Z,2025-03-28T19:25:10Z,JavaScript
510454948,boilerplatedev,typescript-library-starter,https://github.com/boilerplatedev/typescript-library-starter,24,2,2022-07-04T17:53:00Z,2025-08-14T14:16:55Z,JavaScript
438031626,quavedev,meteor-template,https://github.com/quavedev/meteor-template,24,6,2021-12-13T21:34:37Z,2025-10-04T14:11:16Z,JavaScript
740068817,napi-rs,package-template-pnpm,https://github.com/napi-rs/package-template-pnpm,24,5,2024-01-07T12:40:52Z,2025-10-14T15:40:24Z,JavaScript
250421369,deadlyjack,quickpage,https://github.com/deadlyjack/quickpage,24,8,2020-03-27T02:25:05Z,2025-08-23T17:10:05Z,JavaScript
474870603,utilForever,rust-wasm-ts-template,https://github.com/utilForever/rust-wasm-ts-template,24,2,2022-03-28T06:17:20Z,2025-09-12T10:05:39Z,JavaScript
181373263,chriscalo,vue-multipage,https://github.com/chriscalo/vue-multipage,24,1,2019-04-14T21:51:36Z,2025-04-11T13:13:29Z,JavaScript
918710878,StevenStavrakis,mcp-starter-template,https://github.com/StevenStavrakis/mcp-starter-template,39,16,2025-01-18T16:54:10Z,2025-10-01T20:10:47Z,JavaScript
396289120,Maithanhdanh,express-typescript-boilerplate,https://github.com/Maithanhdanh/express-typescript-boilerplate,39,8,2021-08-15T09:05:36Z,2025-01-16T14:03:48Z,JavaScript
628185282,zeon-studio,themeplate,https://github.com/zeon-studio/themeplate,39,15,2023-04-15T06:52:32Z,2025-10-05T09:45:35Z,JavaScript
147945051,xxczaki,static-webpack-boilerplate,https://github.com/xxczaki/static-webpack-boilerplate,39,3,2018-09-08T15:21:06Z,2024-12-28T12:16:12Z,JavaScript
464029648,KevinBatdorf,gutenberg-rust-starter,https://github.com/KevinBatdorf/gutenberg-rust-starter,39,3,2022-02-27T03:44:27Z,2025-10-18T06:07:31Z,JavaScript
234616801,netlify,build-plugin-template,https://github.com/netlify/build-plugin-template,39,21,2020-01-17T18:59:27Z,2025-10-12T21:15:52Z,JavaScript
595659710,roboflow,homepage-demo,https://github.com/roboflow/homepage-demo,39,17,2023-01-31T14:51:02Z,2025-09-08T14:42:15Z,JavaScript
845118814,muneebhashone,ts-easy,https://github.com/muneebhashone/ts-easy,39,8,2024-08-20T16:06:02Z,2025-06-04T09:39:13Z,JavaScript
382551446,app-generator,api-server-django,https://github.com/app-generator/api-server-django,39,16,2021-07-03T07:15:14Z,2025-10-04T15:56:29Z,JavaScript
828176481,dark-flames,apollo-typst,https://github.com/dark-flames/apollo-typst,39,3,2024-07-13T10:48:43Z,2025-07-09T18:32:53Z,JavaScript
112372302,internet4000,find,https://github.com/internet4000/find,39,3,2017-11-28T18:21:07Z,2025-09-26T04:30:08Z,JavaScript
63214868,lighthouse-labs,node-skeleton,https://github.com/lighthouse-labs/node-skeleton,38,121,2016-07-13T04:41:41Z,2025-08-25T16:34:46Z,JavaScript
781230981,yue,boilerplate-nodejs,https://github.com/yue/boilerplate-nodejs,38,5,2024-04-03T01:45:42Z,2025-05-25T02:27:41Z,JavaScript
278659860,app-generator,django-adminator,https://github.com/app-generator/django-adminator,38,19,2020-07-10T14:50:30Z,2025-07-11T03:00:05Z,JavaScript
267808198,espocrm,ext-template,https://github.com/espocrm/ext-template,38,25,2020-05-29T08:37:30Z,2025-09-30T19:42:50Z,JavaScript
623944941,SimpleMindedGuy,Simple-Obsidian-Vault,https://github.com/SimpleMindedGuy/Simple-Obsidian-Vault,38,3,2023-04-05T12:23:26Z,2025-10-08T16:31:20Z,JavaScript
428469723,slack-samples,bolt-js-starter-template,https://github.com/slack-samples/bolt-js-starter-template,37,24,2021-11-16T00:52:49Z,2025-10-07T22:06:23Z,JavaScript
37345844,OpenSourceAGI,StarterDOCS,https://github.com/OpenSourceAGI/StarterDOCS,37,6,2015-06-12T21:39:51Z,2025-09-23T20:51:55Z,JavaScript
272610520,patronage,bubs-next,https://github.com/patronage/bubs-next,37,10,2020-06-16T04:36:48Z,2024-10-17T18:21:43Z,JavaScript
658751907,vante-dev,discord-js-bot,https://github.com/vante-dev/discord-js-bot,37,5,2023-06-26T12:22:16Z,2025-06-21T22:37:33Z,JavaScript
341940320,einomi,frontenso-11ty-starter,https://github.com/einomi/frontenso-11ty-starter,36,3,2021-02-24T15:13:46Z,2025-09-04T19:03:31Z,JavaScript
656639103,Bhanu1776,Nextjs15-Starter-Template,https://github.com/Bhanu1776/Nextjs15-Starter-Template,36,9,2023-06-21T10:41:36Z,2025-10-14T14:33:15Z,JavaScript
273675756,draftbox-co,gatsby-ghost-novela-starter,https://github.com/draftbox-co/gatsby-ghost-novela-starter,36,14,2020-06-20T09:15:02Z,2024-03-18T20:02:00Z,JavaScript
36805771,bbc,childrens-games-starter-pack,https://github.com/bbc/childrens-games-starter-pack,36,13,2015-06-03T13:34:08Z,2024-06-28T09:52:30Z,JavaScript
123171439,openedx,frontend-template-application,https://github.com/openedx/frontend-template-application,36,56,2018-02-27T18:34:11Z,2025-10-13T05:41:36Z,JavaScript
81863935,apollographql,react-apollo-error-template,https://github.com/apollographql/react-apollo-error-template,36,205,2017-02-13T19:43:30Z,2025-09-02T14:32:02Z,JavaScript
433104616,project-error,fivem-typescript-boilerplate,https://github.com/project-error/fivem-typescript-boilerplate,35,27,2021-11-29T15:52:52Z,2025-08-28T10:43:08Z,JavaScript
559785021,ibm-developer-skills-network,ejtos-react_budget_app,https://github.com/ibm-developer-skills-network/ejtos-react_budget_app,35,7237,2022-10-31T04:43:48Z,2025-10-14T00:44:02Z,JavaScript
812104337,aarlin,wuthering-waves-mod-starter,https://github.com/aarlin/wuthering-waves-mod-starter,35,9,2024-06-08T01:14:32Z,2025-10-16T20:29:44Z,JavaScript
738279418,PlugFox,template,https://github.com/PlugFox/template,35,8,2024-01-02T21:30:20Z,2025-10-04T14:10:41Z,JavaScript
265935251,wednesday-solutions,node-express-graphql-template,https://github.com/wednesday-solutions/node-express-graphql-template,35,30,2020-05-21T19:33:09Z,2025-02-02T08:33:35Z,JavaScript
280197886,digitalocean,sample-react,https://github.com/digitalocean/sample-react,35,176,2020-07-16T16:04:09Z,2025-10-07T15:50:09Z,JavaScript
580225650,kobbled,technical-obsidian-template,https://github.com/kobbled/technical-obsidian-template,35,2,2022-12-20T02:55:09Z,2025-10-06T09:40:18Z,JavaScript
675762926,nasa-gcn,americana-stack,https://github.com/nasa-gcn/americana-stack,35,3,2023-08-07T16:59:24Z,2025-10-01T15:06:06Z,JavaScript
272448025,akhilome,express-vercel,https://github.com/akhilome/express-vercel,34,44,2020-06-15T13:36:02Z,2025-04-01T13:50:39Z,JavaScript
260514098,staticwebdev,nextjs-starter,https://github.com/staticwebdev/nextjs-starter,34,28,2020-05-01T17:08:10Z,2025-08-13T22:37:23Z,JavaScript
267152773,carbon-design-system,carbon-for-ibm-dotcom-nextjs-template,https://github.com/carbon-design-system/carbon-for-ibm-dotcom-nextjs-template,34,23,2020-05-26T21:10:17Z,2025-05-20T03:35:14Z,JavaScript
639617869,karimfromjordan,sveltekit-systemd,https://github.com/karimfromjordan/sveltekit-systemd,34,4,2023-05-11T21:00:12Z,2025-05-12T13:33:58Z,JavaScript
365048604,shipyard,react-flask-starter,https://github.com/shipyard/react-flask-starter,33,42,2021-05-06T22:08:12Z,2025-09-24T06:31:37Z,JavaScript
650039609,NagariaHussain,doppio_mobile,https://github.com/NagariaHussain/doppio_mobile,33,19,2023-06-06T07:51:12Z,2025-07-01T06:49:20Z,JavaScript
328935609,theodorusclarence,nextjs-tailwind-starter,https://github.com/theodorusclarence/nextjs-tailwind-starter,33,7,2021-01-12T09:30:10Z,2025-03-18T16:36:00Z,JavaScript
736809289,crllect,How-to-make-an-ultraviolet-proxy,https://github.com/crllect/How-to-make-an-ultraviolet-proxy,33,97,2023-12-29T00:06:43Z,2025-10-17T10:42:40Z,JavaScript
229996992,outsrc,my-components,https://github.com/outsrc/my-components,33,10,2019-12-24T19:50:38Z,2024-11-22T19:56:41Z,JavaScript
441284141,Black-Axe,Animated-Dev-Portfolio,https://github.com/Black-Axe/Animated-Dev-Portfolio,33,15,2021-12-23T20:03:44Z,2025-07-03T06:50:58Z,JavaScript
649352921,3urobeat,steam-comment-bot-template-plugin,https://github.com/3urobeat/steam-comment-bot-template-plugin,33,1,2023-06-04T15:29:02Z,2025-10-11T15:42:38Z,JavaScript
143220535,ConsenSys-Academy,simple-bank-exercise,https://github.com/ConsenSys-Academy/simple-bank-exercise,32,78,2018-08-02T00:05:43Z,2025-08-25T16:43:16Z,JavaScript
105324990,finos,software-project-blueprint,https://github.com/finos/software-project-blueprint,32,33,2017-09-29T23:22:55Z,2025-10-06T09:22:34Z,JavaScript
408614875,megasanjay,electron-vue3-flask,https://github.com/megasanjay/electron-vue3-flask,32,2,2021-09-20T22:12:01Z,2025-04-30T07:15:09Z,JavaScript
819143938,isturiz,sync-graph,https://github.com/isturiz/sync-graph,32,2,2024-06-23T22:44:10Z,2025-08-29T17:33:18Z,JavaScript
775176483,acalejos,kino_smartcell_template,https://github.com/acalejos/kino_smartcell_template,32,0,2024-03-20T22:37:48Z,2025-02-17T12:34:01Z,JavaScript
964507406,Infinitai-cn,paiperwork,https://github.com/Infinitai-cn/paiperwork,32,2,2025-04-11T10:19:03Z,2025-10-12T15:55:47Z,JavaScript
559437981,app-generator,django-dynamic-datatb,https://github.com/app-generator/django-dynamic-datatb,47,20,2022-10-30T05:26:03Z,2025-03-06T04:34:43Z,JavaScript
118332087,scriptex,webpack-mpa,https://github.com/scriptex/webpack-mpa,47,3,2018-01-21T12:18:53Z,2025-10-14T05:15:08Z,JavaScript
755405468,foru-ms,nextjs-starter,https://github.com/foru-ms/nextjs-starter,46,35,2024-02-10T05:08:25Z,2025-08-08T23:19:30Z,JavaScript
278659398,app-generator,flask-adminator,https://github.com/app-generator/flask-adminator,46,26,2020-07-10T14:48:40Z,2025-10-06T09:32:21Z,JavaScript
512167887,ClydeDz,chrome-extension-template,https://github.com/ClydeDz/chrome-extension-template,44,14,2022-07-09T11:25:32Z,2025-08-16T04:48:40Z,JavaScript
454170048,netlify-templates,nextjs-toolbox,https://github.com/netlify-templates/nextjs-toolbox,44,32,2022-01-31T21:06:36Z,2025-09-27T23:08:23Z,JavaScript
501344028,cosmicjs,nextjs-developer-portfolio,https://github.com/cosmicjs/nextjs-developer-portfolio,44,15,2022-06-08T17:15:02Z,2025-08-23T19:49:49Z,JavaScript
212649185,wednesday-solutions,react-native-template,https://github.com/wednesday-solutions/react-native-template,44,24,2019-10-03T18:22:35Z,2025-07-08T14:50:38Z,JavaScript
355685365,fredmaiaarantes,simpletasks,https://github.com/fredmaiaarantes/simpletasks,44,31,2021-04-07T21:21:51Z,2025-09-19T12:28:55Z,JavaScript
812427561,rodydavis,pocketbase-cloudrun,https://github.com/rodydavis/pocketbase-cloudrun,44,24,2024-06-08T21:31:39Z,2025-09-12T00:43:41Z,JavaScript
949782883,nkzw-tech,library-template,https://github.com/nkzw-tech/library-template,44,0,2025-03-17T06:09:46Z,2025-10-16T08:23:40Z,JavaScript
143284829,wearemd,wordpress-starter,https://github.com/wearemd/wordpress-starter,43,10,2018-08-02T11:19:20Z,2025-09-07T01:38:50Z,JavaScript
165129768,nstungcom,gulp-starter-kit,https://github.com/nstungcom/gulp-starter-kit,43,14,2019-01-10T20:55:53Z,2025-06-21T16:05:39Z,JavaScript
397796397,payloadcms,plugin-template,https://github.com/payloadcms/plugin-template,43,24,2021-08-19T02:49:24Z,2025-10-07T09:03:34Z,JavaScript
88230280,cornellsml,truman,https://github.com/cornellsml/truman,43,10,2017-04-14T03:40:26Z,2025-06-04T12:54:03Z,JavaScript
369156422,innei-template,pnpm-workspace-monorepo,https://github.com/innei-template/pnpm-workspace-monorepo,43,13,2021-05-20T09:41:47Z,2024-09-22T02:33:32Z,JavaScript
215646217,Xkonti,quasar-clean-typescript,https://github.com/Xkonti/quasar-clean-typescript,42,14,2019-10-16T21:17:29Z,2025-02-13T21:05:33Z,JavaScript
616518589,KudoAI,chatgpt.js-greasemonkey-starter,https://github.com/KudoAI/chatgpt.js-greasemonkey-starter,42,13,2023-03-20T14:44:24Z,2025-10-14T10:31:06Z,JavaScript
407114353,primer,react-template,https://github.com/primer/react-template,42,23,2021-09-16T10:05:49Z,2025-09-30T07:17:31Z,JavaScript
716089295,elog-x,notion-hexo,https://github.com/elog-x/notion-hexo,42,57,2023-11-08T12:32:11Z,2025-10-11T13:21:58Z,JavaScript
542722262,htmlacademy,html2-basic-template,https://github.com/htmlacademy/html2-basic-template,42,244,2022-09-28T17:54:33Z,2025-08-28T09:13:20Z,JavaScript
654609731,zera-app,zera-dashboard-laravel,https://github.com/zera-app/zera-dashboard-laravel,41,11,2023-06-16T14:04:03Z,2025-08-18T19:51:05Z,JavaScript
231108248,LekoArts,gatsby-starter-styleguide,https://github.com/LekoArts/gatsby-starter-styleguide,41,6,2019-12-31T15:10:35Z,2025-06-26T07:47:48Z,JavaScript
526680454,github-education-resources,codespaces-teaching-js-template,https://github.com/github-education-resources/codespaces-teaching-js-template,41,22,2022-08-19T16:37:26Z,2025-09-18T14:21:07Z,JavaScript
611759936,mmonfared,CyFramework,https://github.com/mmonfared/CyFramework,41,9,2023-03-09T13:44:08Z,2025-05-07T17:03:52Z,JavaScript
189639385,textbook,starter-kit,https://github.com/textbook/starter-kit,40,74,2019-05-31T18:19:44Z,2025-10-19T00:27:00Z,JavaScript
646483769,ktisakib,kazooo,https://github.com/ktisakib/kazooo,40,9,2023-05-28T14:48:07Z,2025-05-02T07:13:20Z,JavaScript
159738755,cloud-gov,pages-uswds-gatsby,https://github.com/cloud-gov/pages-uswds-gatsby,40,22,2018-11-29T23:04:45Z,2025-10-03T15:26:26Z,JavaScript
139710343,themefisher,infinity-hugo,https://github.com/themefisher/infinity-hugo,40,54,2018-07-04T11:01:47Z,2025-10-09T06:21:48Z,JavaScript
79372738,fulldecent,github-pages-template,https://github.com/fulldecent/github-pages-template,40,49,2017-01-18T18:54:30Z,2025-10-06T19:09:01Z,JavaScript
205136166,bennycode,ts-node-starter,https://github.com/bennycode/ts-node-starter,63,13,2019-08-29T10:12:47Z,2025-10-10T02:15:49Z,JavaScript
629170086,11ty,eleventy-base-webc,https://github.com/11ty/eleventy-base-webc,63,7,2023-04-17T19:12:17Z,2025-08-25T16:37:24Z,JavaScript
271790344,softwarecrafters-io,ts-eslint-prettier-jest,https://github.com/softwarecrafters-io/ts-eslint-prettier-jest,63,27,2020-06-12T12:15:00Z,2025-10-16T12:50:03Z,JavaScript
673380452,sagarkhanal07,reactnative-enterprise,https://github.com/sagarkhanal07/reactnative-enterprise,62,4,2023-08-01T13:50:05Z,2025-09-25T10:00:39Z,JavaScript
252830029,nirmaoz,svelte-component-library-template,https://github.com/nirmaoz/svelte-component-library-template,62,13,2020-04-03T20:07:06Z,2025-01-31T04:41:12Z,JavaScript
451524451,gatsbyjs,gatsby-starter-contentful-homepage,https://github.com/gatsbyjs/gatsby-starter-contentful-homepage,61,60,2022-01-24T15:40:32Z,2025-08-26T08:20:48Z,JavaScript
486934151,mezotv,Discord-Bot-Template,https://github.com/mezotv/Discord-Bot-Template,61,5,2022-04-29T10:41:55Z,2025-09-16T18:43:22Z,JavaScript
178036397,CappeDiem,Discord.js-bot-template,https://github.com/CappeDiem/Discord.js-bot-template,61,27,2019-03-27T16:45:27Z,2025-09-29T20:19:55Z,JavaScript
255305233,tiddly-gittly,Tiddlywiki-NodeJS-Github-Template,https://github.com/tiddly-gittly/Tiddlywiki-NodeJS-Github-Template,61,16,2020-04-13T11:18:15Z,2025-10-13T16:19:47Z,JavaScript
587848375,lifeart,demo-ember-vite,https://github.com/lifeart/demo-ember-vite,61,5,2023-01-11T18:21:34Z,2025-02-20T09:59:03Z,JavaScript
717206129,GabrielToth,Angular-V17-Template,https://github.com/GabrielToth/Angular-V17-Template,60,12,2023-11-10T20:03:36Z,2025-09-09T23:32:57Z,JavaScript
1006918432,ursisterbtw,ccprompts,https://github.com/ursisterbtw/ccprompts,60,8,2025-06-23T07:34:05Z,2025-10-18T05:10:43Z,JavaScript
255124551,dwiyatci,redux-toolkit-login-flow,https://github.com/dwiyatci/redux-toolkit-login-flow,60,10,2020-04-12T16:31:12Z,2025-08-03T10:37:15Z,JavaScript
400956717,Munz1211-Project,DISCORD-JS-V14-TEMPLATE,https://github.com/Munz1211-Project/DISCORD-JS-V14-TEMPLATE,60,1,2021-08-29T05:14:34Z,2025-02-19T06:57:52Z,JavaScript
664007812,KudoAI,chatgpt.js-chrome-starter,https://github.com/KudoAI/chatgpt.js-chrome-starter,59,48,2023-07-08T17:05:28Z,2025-10-16T03:07:08Z,JavaScript
222737446,hchiam,learning-lighthouse-ci,https://github.com/hchiam/learning-lighthouse-ci,59,18,2019-11-19T16:13:38Z,2025-07-19T18:33:21Z,JavaScript
816710742,denkiwakame,academic-project-template,https://github.com/denkiwakame/academic-project-template,59,3,2024-06-18T09:01:05Z,2025-10-07T06:15:10Z,JavaScript
225620755,seratch,bolt-starter,https://github.com/seratch/bolt-starter,58,14,2019-12-03T12:58:54Z,2025-07-24T07:05:08Z,JavaScript
396080302,htdangkhoa,react-ssr-starter,https://github.com/htdangkhoa/react-ssr-starter,58,5,2021-08-14T17:31:38Z,2025-02-15T06:26:34Z,JavaScript
818116906,PaulleDemon,Django-website-template,https://github.com/PaulleDemon/Django-website-template,58,16,2024-06-21T06:19:44Z,2025-10-16T18:51:41Z,JavaScript
334643111,inokawa,lang-box,https://github.com/inokawa/lang-box,58,162,2021-01-31T11:51:58Z,2025-07-19T08:05:46Z,JavaScript
549863053,AdvancedCustomFields,acf-example-field-type,https://github.com/AdvancedCustomFields/acf-example-field-type,58,7,2022-10-11T21:22:23Z,2025-08-28T15:51:19Z,JavaScript
463622438,hankypoo7,The-blooket-hacks,https://github.com/hankypoo7/The-blooket-hacks,57,66,2022-02-25T17:37:16Z,2025-09-10T17:51:26Z,JavaScript
374483928,hebertcisco,ts-npm-package-boilerplate,https://github.com/hebertcisco/ts-npm-package-boilerplate,55,11,2021-06-06T23:25:33Z,2025-09-12T18:38:48Z,JavaScript
806042358,ZTL-UwU,shadcn-docs-nuxt-starter,https://github.com/ZTL-UwU/shadcn-docs-nuxt-starter,55,9,2024-05-26T07:57:05Z,2025-10-05T18:41:44Z,JavaScript
708110752,NetCoreTemplates,blazor,https://github.com/NetCoreTemplates/blazor,55,7,2023-10-21T15:00:32Z,2025-10-15T04:31:59Z,JavaScript
704221009,two-trick-pony-NL,Django_AWS_Lightsail_Template,https://github.com/two-trick-pony-NL/Django_AWS_Lightsail_Template,55,5,2023-10-12T19:48:00Z,2025-06-23T17:00:51Z,JavaScript
425262845,blopa,top-down-react-phaser-game-template,https://github.com/blopa/top-down-react-phaser-game-template,55,8,2021-11-06T14:20:43Z,2025-09-22T04:41:37Z,JavaScript
763182097,opensrc0,fe-pilot,https://github.com/opensrc0/fe-pilot,54,11,2024-02-25T19:07:26Z,2025-08-07T03:12:13Z,JavaScript
189353543,opensrc0,fe-theme,https://github.com/opensrc0/fe-theme,54,11,2019-05-30T05:50:25Z,2025-08-21T02:23:08Z,JavaScript
1006380532,PlagueHO,github-copilot-assets-library,https://github.com/PlagueHO/github-copilot-assets-library,54,13,2025-06-22T06:13:24Z,2025-10-16T14:09:11Z,JavaScript
490168455,Dun-sin,template-portfolio,https://github.com/Dun-sin/template-portfolio,54,20,2022-05-09T06:54:41Z,2025-08-18T01:13:33Z,JavaScript
749212913,sojijr,valentine-website,https://github.com/sojijr/valentine-website,54,34,2024-01-27T22:29:55Z,2025-08-30T04:53:05Z,JavaScript
285166785,vueComponent,ant-design-vue-pro-template,https://github.com/vueComponent/ant-design-vue-pro-template,53,20,2020-08-05T03:20:24Z,2025-08-12T06:26:13Z,JavaScript
432192147,narcisbugeag,ragemp-typescript,https://github.com/narcisbugeag/ragemp-typescript,53,12,2021-11-26T13:41:45Z,2025-10-16T04:13:05Z,JavaScript
278100325,forcedotcom,dx-empty,https://github.com/forcedotcom/dx-empty,53,84,2020-07-08T13:42:53Z,2025-08-12T12:53:23Z,JavaScript
138023640,AndreKelling,jspdf-template,https://github.com/AndreKelling/jspdf-template,53,5,2018-06-20T11:29:15Z,2025-10-11T19:40:06Z,JavaScript
706717020,shardeum,shardeum-dapp-boilerplate,https://github.com/shardeum/shardeum-dapp-boilerplate,52,30,2023-10-18T13:37:44Z,2025-08-16T09:09:29Z,JavaScript
300857736,karpolan,react-mui-pro-starter,https://github.com/karpolan/react-mui-pro-starter,52,22,2020-10-03T10:51:39Z,2025-09-25T14:30:56Z,JavaScript
361150903,gilangheavy,CI4-StarterPanel,https://github.com/gilangheavy/CI4-StarterPanel,51,38,2021-04-24T12:02:36Z,2025-10-02T09:26:26Z,JavaScript
406929766,michaelsieminski,laravelte,https://github.com/michaelsieminski/laravelte,51,5,2021-09-15T21:29:03Z,2025-08-27T21:20:28Z,JavaScript
315214512,gethugothemes,omega-hugo,https://github.com/gethugothemes/omega-hugo,51,67,2020-11-23T05:55:45Z,2025-10-15T13:42:35Z,JavaScript
379064860,simarmannsingh,silverlux,https://github.com/simarmannsingh/silverlux,50,12,2021-06-21T21:16:31Z,2025-08-04T10:58:05Z,JavaScript
357103612,barbarbar338,electron-react-tailwind-template,https://github.com/barbarbar338/electron-react-tailwind-template,50,17,2021-04-12T07:47:27Z,2025-08-26T18:40:18Z,JavaScript
625938873,VulcanWM,login-signup-nextjs,https://github.com/VulcanWM/login-signup-nextjs,50,23,2023-04-10T12:55:20Z,2025-10-13T16:10:34Z,JavaScript
306980733,cvzi,rollup-userscript-template,https://github.com/cvzi/rollup-userscript-template,50,6,2020-10-24T22:14:30Z,2025-09-25T23:54:27Z,JavaScript
453523945,daoodaba975,exlogrn,https://github.com/daoodaba975/exlogrn,49,25,2022-01-29T21:33:14Z,2025-10-18T17:15:46Z,JavaScript
186606853,thundermiracle,gatsby-simple-blog,https://github.com/thundermiracle/gatsby-simple-blog,49,20,2019-05-14T11:18:12Z,2025-05-29T21:12:40Z,JavaScript
174736591,Alicannklc,intellij-tailwind-css,https://github.com/Alicannklc/intellij-tailwind-css,49,7,2019-03-09T19:21:01Z,2025-10-15T09:38:12Z,JavaScript
418750653,atorber,puppet-xp-getting-started,https://github.com/atorber/puppet-xp-getting-started,49,13,2021-10-19T03:04:43Z,2025-10-16T15:45:39Z,JavaScript
859612115,syntatis,howdy,https://github.com/syntatis/howdy,48,4,2024-09-19T01:12:40Z,2025-10-03T22:23:25Z,JavaScript
800868532,atapas,code-in-react-19,https://github.com/atapas/code-in-react-19,48,13,2024-05-15T06:42:55Z,2025-10-17T15:56:21Z,JavaScript
287734031,vimal-verma,Master-Portfolio,https://github.com/vimal-verma/Master-Portfolio,48,22,2020-08-15T11:31:53Z,2025-09-03T05:10:48Z,JavaScript
1003439939,yashrajnayak,developer-portfolio,https://github.com/yashrajnayak/developer-portfolio,94,5,2025-06-17T06:43:54Z,2025-10-14T17:51:27Z,JavaScript
907428019,golanlevin,p5-single-line-font-resources,https://github.com/golanlevin/p5-single-line-font-resources,94,4,2024-12-23T14:59:46Z,2025-10-12T19:30:11Z,JavaScript
702210009,cevheri,flutter-bloc-advanced,https://github.com/cevheri/flutter-bloc-advanced,93,28,2023-10-08T20:06:27Z,2025-09-22T17:42:56Z,JavaScript
862757137,KoiiKikko,KOII-Pond-Pioneers,https://github.com/KoiiKikko/KOII-Pond-Pioneers,93,18,2024-09-25T06:26:30Z,2025-09-04T10:40:54Z,JavaScript
273850171,gadfaria,express-sequelize-boilerplate,https://github.com/gadfaria/express-sequelize-boilerplate,92,21,2020-06-21T06:44:45Z,2025-10-17T20:39:20Z,JavaScript
250518612,grafana,k6-template-es6,https://github.com/grafana/k6-template-es6,90,20,2020-03-27T11:37:41Z,2025-08-28T23:59:00Z,JavaScript
324186577,quavedev,code-challenge,https://github.com/quavedev/code-challenge,90,51,2020-12-24T15:35:27Z,2025-09-28T19:51:05Z,JavaScript
449077671,btholt,next-course-starter,https://github.com/btholt/next-course-starter,89,25,2022-01-17T23:23:04Z,2025-10-18T11:50:42Z,JavaScript
355100926,AdamBien,bce.design,https://github.com/AdamBien/bce.design,89,22,2021-04-06T07:40:39Z,2025-10-17T14:54:08Z,JavaScript
191181073,muhajirdev,svelte-tailwind-template,https://github.com/muhajirdev/svelte-tailwind-template,88,7,2019-06-10T14:13:11Z,2025-06-19T10:31:00Z,JavaScript
441643407,Sekuta82,oil-on-threejs-template,https://github.com/Sekuta82/oil-on-threejs-template,88,4,2021-12-25T09:11:57Z,2024-10-20T19:39:29Z,JavaScript
394246599,gethugothemes,andromeda-light-hugo,https://github.com/gethugothemes/andromeda-light-hugo,88,69,2021-08-09T10:25:21Z,2025-10-13T04:36:27Z,JavaScript
268358983,antoinemcx,Structure-Discord-Bot,https://github.com/antoinemcx/Structure-Discord-Bot,86,10,2020-05-31T20:30:08Z,2025-10-06T11:57:25Z,JavaScript
194412660,vsoch,mkdocs-jekyll,https://github.com/vsoch/mkdocs-jekyll,85,39,2019-06-29T14:10:11Z,2025-10-09T08:38:40Z,JavaScript
175758582,marisademeglio,eleventypub,https://github.com/marisademeglio/eleventypub,85,7,2019-03-15T06:01:44Z,2025-09-19T17:00:37Z,JavaScript
553322455,RoyRao2333,template-vite-react-ts-tailwind,https://github.com/RoyRao2333/template-vite-react-ts-tailwind,84,15,2022-10-18T03:29:33Z,2025-10-16T03:10:05Z,JavaScript
443407967,pondorasti,nextjs-chrome-extension,https://github.com/pondorasti/nextjs-chrome-extension,83,21,2021-12-31T18:47:56Z,2025-09-16T18:57:56Z,JavaScript
428852164,DalSoft,create-react-app-webpack-5-module-federation-tailwind-typeScript,https://github.com/DalSoft/create-react-app-webpack-5-module-federation-tailwind-typeScript,82,12,2021-11-17T00:01:58Z,2025-10-10T11:57:31Z,JavaScript
877945203,ZhgChgLi,linkyee,https://github.com/ZhgChgLi/linkyee,82,18,2024-10-24T14:07:30Z,2025-10-17T15:40:45Z,JavaScript
672261648,scottsweb,elva,https://github.com/scottsweb/elva,81,12,2023-07-29T13:20:35Z,2025-10-17T08:33:34Z,JavaScript
756310422,phaserjs,template-vue,https://github.com/phaserjs/template-vue,80,15,2024-02-12T12:16:22Z,2025-10-01T03:58:43Z,JavaScript
617147495,doinel1a,vite-three-js,https://github.com/doinel1a/vite-three-js,79,23,2023-03-21T19:43:54Z,2025-10-10T19:02:39Z,JavaScript
169509658,tientran0019,boilerplate-nextjs-antd-less,https://github.com/tientran0019/boilerplate-nextjs-antd-less,79,33,2019-02-07T02:41:01Z,2025-06-03T09:45:08Z,JavaScript
838705937,Run37927,saas-landing-page,https://github.com/Run37927/saas-landing-page,79,9,2024-08-06T07:22:12Z,2025-08-31T05:34:44Z,JavaScript
536939744,SunsetMkt,blue-archive-spine,https://github.com/SunsetMkt/blue-archive-spine,79,44,2022-09-15T08:48:11Z,2025-09-28T13:09:36Z,JavaScript
970999531,CaptainCrouton89,mcp-boilerplate,https://github.com/CaptainCrouton89/mcp-boilerplate,78,18,2025-04-22T21:24:38Z,2025-10-16T04:58:05Z,JavaScript
376679633,minor,plutonium,https://github.com/minor/plutonium,78,24,2021-06-14T02:02:16Z,2025-09-22T19:11:20Z,JavaScript
605836759,koii-network,task-template,https://github.com/koii-network/task-template,78,88,2023-02-24T02:04:41Z,2025-08-25T17:11:01Z,JavaScript
285014818,mamless,Gentella-admin-Symfony-6,https://github.com/mamless/Gentella-admin-Symfony-6,77,42,2020-08-04T15:04:55Z,2025-08-27T08:53:14Z,JavaScript
346343327,codemirror,lang-example,https://github.com/codemirror/lang-example,76,46,2021-03-10T12:08:53Z,2025-08-14T14:16:41Z,JavaScript
655609309,Mini-Sylar,shopify-app-vue-template,https://github.com/Mini-Sylar/shopify-app-vue-template,75,11,2023-06-19T08:41:46Z,2025-10-14T22:32:18Z,JavaScript
283171327,hygraph,gatsby-starter-hygraph-blog,https://github.com/hygraph/gatsby-starter-hygraph-blog,73,26,2020-07-28T09:54:17Z,2025-10-09T08:38:48Z,JavaScript
799893145,anxndsgn,academic-homepage-template,https://github.com/anxndsgn/academic-homepage-template,72,18,2024-05-13T09:59:27Z,2025-10-13T07:42:42Z,JavaScript
196274344,vtex-apps,react-app-template,https://github.com/vtex-apps/react-app-template,72,73,2019-07-10T20:59:37Z,2025-09-24T13:25:38Z,JavaScript
644730097,feernandobraga,vitesvelctron,https://github.com/feernandobraga/vitesvelctron,72,7,2023-05-24T06:22:10Z,2025-09-19T07:56:09Z,JavaScript
655320280,Barata-Ribeiro,vite-vanilla-js-template,https://github.com/Barata-Ribeiro/vite-vanilla-js-template,71,10,2023-06-18T14:46:54Z,2025-10-14T21:25:04Z,JavaScript
247456423,labnol,react-tailwind,https://github.com/labnol/react-tailwind,70,47,2020-03-15T11:51:22Z,2025-09-23T14:39:00Z,JavaScript
241533537,jimmylee,next-postgres,https://github.com/jimmylee/next-postgres,70,9,2020-02-19T04:36:24Z,2023-10-27T17:33:14Z,JavaScript
477670704,TheCodersStudio,node-pg-sequelize-boilerplate,https://github.com/TheCodersStudio/node-pg-sequelize-boilerplate,69,10,2022-04-04T11:28:41Z,2025-10-16T05:25:02Z,JavaScript
335198554,sVoxelDev,minecraft-server-template,https://github.com/sVoxelDev/minecraft-server-template,69,11,2021-02-02T07:02:51Z,2025-06-29T21:01:51Z,JavaScript
87536428,fox1t,typescript-microservice-starter,https://github.com/fox1t/typescript-microservice-starter,68,11,2017-04-07T10:52:50Z,2025-04-23T22:03:32Z,JavaScript
415222332,app-generator,react-purity-nodejs,https://github.com/app-generator/react-purity-nodejs,67,26,2021-10-09T06:23:50Z,2025-05-02T15:51:14Z,JavaScript
20498221,NodeBB,nodebb-plugin-quickstart,https://github.com/NodeBB/nodebb-plugin-quickstart,67,102,2014-06-04T20:08:41Z,2025-10-17T21:49:42Z,JavaScript
172842744,MarkKhramko,nodejs-express-jwt,https://github.com/MarkKhramko/nodejs-express-jwt,67,19,2019-02-27T04:25:50Z,2025-09-08T10:58:39Z,JavaScript
174178688,arswaw,VueSpaNONODE,https://github.com/arswaw/VueSpaNONODE,66,15,2019-03-06T16:16:28Z,2024-12-23T18:38:17Z,JavaScript
724600500,danurbanowicz,halide,https://github.com/danurbanowicz/halide,66,16,2023-11-28T12:16:59Z,2025-10-15T22:43:00Z,JavaScript
525947291,Nodeguardians,ng-questplay,https://github.com/Nodeguardians/ng-questplay,66,38,2022-08-17T20:42:04Z,2025-10-16T11:42:49Z,JavaScript
420029074,whirlxd,Musico,https://github.com/whirlxd/Musico,65,72,2021-10-22T08:51:17Z,2025-10-04T18:08:49Z,JavaScript
232343553,WrathChaos,react-native-typescript-library-starter,https://github.com/WrathChaos/react-native-typescript-library-starter,65,8,2020-01-07T14:35:36Z,2025-09-16T09:27:06Z,JavaScript
950054137,AlonXt,ai-portfolio,https://github.com/AlonXt/ai-portfolio,65,4,2025-03-17T14:59:57Z,2025-06-23T22:28:12Z,JavaScript
280198101,digitalocean,sample-nextjs,https://github.com/digitalocean/sample-nextjs,65,131,2020-07-16T16:04:58Z,2025-09-10T07:26:33Z,JavaScript
575489905,kasmtech,workspaces_registry_template,https://github.com/kasmtech/workspaces_registry_template,64,34,2022-12-07T16:19:21Z,2025-10-09T04:09:40Z,JavaScript
661793593,LiteLoaderQQNT,Plugin-Template,https://github.com/LiteLoaderQQNT/Plugin-Template,64,15,2023-07-03T16:57:17Z,2025-10-02T09:01:33Z,JavaScript
16351017,julianlam,nodebb-plugin-sso-oauth,https://github.com/julianlam/nodebb-plugin-sso-oauth,127,317,2014-01-29T16:39:10Z,2025-10-18T01:02:14Z,JavaScript
367656446,faisalnazik,Django-React-Redux-Boilerplate,https://github.com/faisalnazik/Django-React-Redux-Boilerplate,125,35,2021-05-15T14:45:40Z,2025-09-03T09:33:27Z,JavaScript
157969283,anandundavia,express-api-structure,https://github.com/anandundavia/express-api-structure,120,26,2018-11-17T09:22:14Z,2025-08-11T08:35:47Z,JavaScript
442095991,Elvincth,turbo-strapi-nextjs,https://github.com/Elvincth/turbo-strapi-nextjs,119,11,2021-12-27T08:18:17Z,2025-05-29T17:30:00Z,JavaScript
602106487,janetech-inc,fast-api-admin-template,https://github.com/janetech-inc/fast-api-admin-template,119,16,2023-02-15T14:08:22Z,2025-09-07T18:37:32Z,JavaScript
916435381,namnguyenthanhwork,docusaurus-tailwind-shadcn-template,https://github.com/namnguyenthanhwork/docusaurus-tailwind-shadcn-template,117,19,2025-01-14T04:52:38Z,2025-10-14T01:24:22Z,JavaScript
246611274,sql-js,react-sqljs-demo,https://github.com/sql-js/react-sqljs-demo,116,33,2020-03-11T15:39:46Z,2025-10-13T14:19:32Z,JavaScript
743138395,phaserjs,template-vite,https://github.com/phaserjs/template-vite,115,25,2024-01-14T13:01:44Z,2025-10-17T11:22:36Z,JavaScript
78527533,wbkd,react-starter,https://github.com/wbkd/react-starter,114,21,2017-01-10T11:31:37Z,2025-05-24T09:06:22Z,JavaScript
486626017,app-generator,react-horizon-nodejs,https://github.com/app-generator/react-horizon-nodejs,114,41,2022-04-28T14:22:32Z,2025-05-02T16:15:21Z,JavaScript
414371184,MWDelaney,ZeroPoint,https://github.com/MWDelaney/ZeroPoint,112,7,2021-10-06T21:12:55Z,2025-10-14T14:28:37Z,JavaScript
228598539,the-road-to-learn-react,hacker-stories,https://github.com/the-road-to-learn-react/hacker-stories,112,50,2019-12-17T11:09:13Z,2025-09-10T15:02:34Z,JavaScript
354216783,xlzy520,uniapp-tailwind-uview-starter,https://github.com/xlzy520/uniapp-tailwind-uview-starter,110,38,2021-04-03T06:20:16Z,2025-09-19T01:22:54Z,JavaScript
739418606,RamiKrispin,vscode-python-template,https://github.com/RamiKrispin/vscode-python-template,110,25,2024-01-05T14:18:17Z,2025-10-07T05:26:10Z,JavaScript
623656450,elemaudio,srvb,https://github.com/elemaudio/srvb,110,16,2023-04-04T20:11:43Z,2025-09-25T18:37:18Z,JavaScript
364986769,SafdarJamal,vite-template-react,https://github.com/SafdarJamal/vite-template-react,109,64,2021-05-06T17:25:02Z,2025-10-13T10:26:10Z,JavaScript
114170702,4GeeksAcademy,react-hello-deprecated,https://github.com/4GeeksAcademy/react-hello-deprecated,108,3184,2017-12-13T21:27:48Z,2025-09-24T06:47:43Z,JavaScript
401216951,kiyohken2000,ReactNative-Expo-Firebase-Boilerplate-v2,https://github.com/kiyohken2000/ReactNative-Expo-Firebase-Boilerplate-v2,108,29,2021-08-30T04:36:08Z,2025-10-05T22:43:59Z,JavaScript
296356452,Tasin5541,portfolio,https://github.com/Tasin5541/portfolio,106,33,2020-09-17T14:48:15Z,2025-09-23T09:25:44Z,JavaScript
151753159,4GeeksAcademy,react-hello-webapp-deprecated,https://github.com/4GeeksAcademy/react-hello-webapp-deprecated,104,2495,2018-10-05T17:05:12Z,2025-07-01T18:07:29Z,JavaScript
338884062,tomhsiao1260,three-starter,https://github.com/tomhsiao1260/three-starter,104,22,2021-02-14T19:26:38Z,2025-07-31T13:51:47Z,JavaScript
205660899,wednesday-solutions,react-template,https://github.com/wednesday-solutions/react-template,103,95,2019-09-01T10:26:57Z,2025-09-24T06:54:51Z,JavaScript
146875335,flatfisher,cloud-functions-typescript-template,https://github.com/flatfisher/cloud-functions-typescript-template,103,15,2018-08-31T10:07:32Z,2025-05-30T07:14:28Z,JavaScript
360660176,metonym,sveltekit-gh-pages,https://github.com/metonym/sveltekit-gh-pages,101,7,2021-04-22T19:29:51Z,2025-10-07T00:16:31Z,JavaScript
307450568,stelligent,stelligent-u,https://github.com/stelligent/stelligent-u,100,126,2020-10-26T17:21:31Z,2025-10-08T23:05:09Z,JavaScript
345289921,DevUnltd,ts-library-boilerplate-basic,https://github.com/DevUnltd/ts-library-boilerplate-basic,99,17,2021-03-07T07:59:25Z,2025-10-08T08:06:04Z,JavaScript
775086205,netlify-templates,next-platform-starter,https://github.com/netlify-templates/next-platform-starter,99,201,2024-03-20T18:26:31Z,2025-10-16T03:22:55Z,JavaScript
346142715,GoogleCloudPlatform,cloud-run-microservice-template-nodejs,https://github.com/GoogleCloudPlatform/cloud-run-microservice-template-nodejs,99,55,2021-03-09T20:59:32Z,2025-10-13T02:06:39Z,JavaScript
778780949,vickymaulana,laravel12-stisla,https://github.com/vickymaulana/laravel12-stisla,99,20,2024-03-28T11:46:21Z,2025-10-16T10:54:18Z,JavaScript
656826260,UmaSahni,JSON_Server_Deployment,https://github.com/UmaSahni/JSON_Server_Deployment,99,61,2023-06-21T18:10:27Z,2025-09-22T14:42:17Z,JavaScript
272136468,agneym,svelte-tailwind-snowpack,https://github.com/agneym/svelte-tailwind-snowpack,99,9,2020-06-14T05:03:09Z,2025-07-08T15:21:33Z,JavaScript
171309074,VitorLuizC,typescript-library-boilerplate,https://github.com/VitorLuizC/typescript-library-boilerplate,98,11,2019-02-18T15:32:45Z,2025-09-05T21:52:38Z,JavaScript
314759262,arvinxx,npm-template,https://github.com/arvinxx/npm-template,98,12,2020-11-21T07:38:50Z,2025-09-18T09:04:38Z,JavaScript
424177451,rishimohan,rishimohan.me,https://github.com/rishimohan/rishimohan.me,98,15,2021-11-03T10:20:38Z,2025-10-17T22:43:41Z,JavaScript
792598788,craigsdennis,hackathon-helper-workers-ai,https://github.com/craigsdennis/hackathon-helper-workers-ai,97,26,2024-04-27T03:07:13Z,2025-10-06T13:19:54Z,JavaScript
1008260654,santhoshravindran7,Fabric-Analytics-MCP,https://github.com/santhoshravindran7/Fabric-Analytics-MCP,96,30,2025-06-25T09:17:19Z,2025-10-06T20:27:35Z,JavaScript
258570178,leotm,react-native-template-new-architecture,https://github.com/leotm/react-native-template-new-architecture,250,28,2020-04-24T16:50:07Z,2025-10-18T16:39:06Z,JavaScript
523839766,replicate,getting-started-nextjs,https://github.com/replicate/getting-started-nextjs,249,127,2022-08-11T19:11:00Z,2025-10-16T03:39:46Z,JavaScript
454603369,bevyengine,bevy_github_ci_template,https://github.com/bevyengine/bevy_github_ci_template,247,53,2022-02-02T00:58:15Z,2025-10-13T17:41:50Z,JavaScript
820879975,PaulleDemon,Django-SAAS-Boilerplate,https://github.com/PaulleDemon/Django-SAAS-Boilerplate,244,39,2024-06-27T11:11:26Z,2025-10-15T17:40:25Z,JavaScript
146505129,arabold,serverless-react-boilerplate,https://github.com/arabold/serverless-react-boilerplate,244,90,2018-08-28T20:48:25Z,2025-08-31T14:46:56Z,JavaScript
155170094,Devtography,electron-react-typescript-webpack-boilerplate,https://github.com/Devtography/electron-react-typescript-webpack-boilerplate,238,41,2018-10-29T07:32:06Z,2025-09-17T14:39:17Z,JavaScript
279828064,cirosantilli,cirosantilli,https://github.com/cirosantilli/cirosantilli,235,27,2020-07-15T09:42:24Z,2025-10-05T16:07:27Z,JavaScript
516206953,eryajf,vdoing-template,https://github.com/eryajf/vdoing-template,233,26,2022-07-21T03:09:52Z,2025-09-30T09:16:47Z,JavaScript
156781560,DevUnltd,js-library-boilerplate,https://github.com/DevUnltd/js-library-boilerplate,232,28,2018-11-08T23:16:49Z,2025-10-08T08:06:55Z,JavaScript
439201402,opensumi,ide-startup,https://github.com/opensumi/ide-startup,229,77,2021-12-17T03:39:21Z,2025-10-11T13:05:00Z,JavaScript
437419319,kefimochi,sync-contribution-graph,https://github.com/kefimochi/sync-contribution-graph,229,15,2021-12-12T00:31:02Z,2025-10-01T18:55:04Z,JavaScript
128910603,Sun0fABeach,vue-phaser3,https://github.com/Sun0fABeach/vue-phaser3,228,57,2018-04-10T09:48:45Z,2025-07-22T15:02:07Z,JavaScript
946334325,entrepeneur4lyf,engineered-meta-cognitive-workflow-architecture,https://github.com/entrepeneur4lyf/engineered-meta-cognitive-workflow-architecture,226,28,2025-03-11T01:22:50Z,2025-09-27T11:01:47Z,JavaScript
176167083,JasonEtco,activity-box,https://github.com/JasonEtco/activity-box,225,59,2019-03-17T22:12:42Z,2025-08-31T21:39:00Z,JavaScript
217929888,CreativeTechGuy,ReactTemplate,https://github.com/CreativeTechGuy/ReactTemplate,225,17,2019-10-27T23:20:23Z,2025-09-24T19:10:38Z,JavaScript
518698777,themefisher,bookworm-light-nextjs,https://github.com/themefisher/bookworm-light-nextjs,224,97,2022-07-28T04:24:37Z,2025-10-15T13:49:04Z,JavaScript
263652193,tretapey,svelte-pwa,https://github.com/tretapey/svelte-pwa,224,26,2020-05-13T14:23:04Z,2025-08-20T18:21:27Z,JavaScript
393974021,eramudeep,react-native-ecommerce,https://github.com/eramudeep/react-native-ecommerce,221,103,2021-08-08T13:52:13Z,2025-09-03T22:50:57Z,JavaScript
299279610,gethugothemes,bigspring-light-hugo,https://github.com/gethugothemes/bigspring-light-hugo,220,315,2020-09-28T10:58:13Z,2025-10-16T12:20:43Z,JavaScript
787785182,Alittfre,vitepress-theme-bluearchive,https://github.com/Alittfre/vitepress-theme-bluearchive,217,35,2024-04-17T07:18:54Z,2025-10-15T05:55:25Z,JavaScript
153951740,xxczaki,styled-react-boilerplate,https://github.com/xxczaki/styled-react-boilerplate,211,23,2018-10-20T21:55:13Z,2025-06-25T16:09:01Z,JavaScript
414873833,app-generator,react-soft-dashboard-nodejs,https://github.com/app-generator/react-soft-dashboard-nodejs,210,79,2021-10-08T06:36:13Z,2025-10-11T14:40:29Z,JavaScript
260315441,metarhia,Example,https://github.com/metarhia/Example,205,80,2020-04-30T20:48:23Z,2025-10-16T08:54:36Z,JavaScript
278759541,iPzard,electron-react-python-template,https://github.com/iPzard/electron-react-python-template,201,31,2020-07-11T00:33:46Z,2025-10-08T18:02:24Z,JavaScript
147486504,yhatt,marp-cli-example,https://github.com/yhatt/marp-cli-example,200,154,2018-09-05T08:37:32Z,2025-10-02T22:39:49Z,JavaScript
313072094,kekkorider,threejs-starter,https://github.com/kekkorider/threejs-starter,196,17,2020-11-15T16:21:12Z,2025-09-03T07:23:37Z,JavaScript
121739805,yue,boilerplate-cpp,https://github.com/yue/boilerplate-cpp,196,14,2018-02-16T10:41:48Z,2025-09-18T13:37:20Z,JavaScript
115687777,sfdx-isv,sfdx-falcon-template,https://github.com/sfdx-isv/sfdx-falcon-template,194,67,2017-12-29T04:51:14Z,2025-08-09T21:25:25Z,JavaScript
905020886,amclubs,am-check-in,https://github.com/amclubs/am-check-in,193,91,2024-12-18T02:13:07Z,2025-10-17T01:39:06Z,JavaScript
201915384,shawn-dsilva,mern-login-signup-component,https://github.com/shawn-dsilva/mern-login-signup-component,192,39,2019-08-12T11:16:05Z,2025-04-20T14:17:06Z,JavaScript
211361057,vbudilov,reactjs-cognito-starter,https://github.com/vbudilov/reactjs-cognito-starter,190,26,2019-09-27T16:33:28Z,2025-06-29T13:27:11Z,JavaScript
527670580,obsidianmd,obsidian-sample-theme,https://github.com/obsidianmd/obsidian-sample-theme,190,80,2022-08-22T17:40:55Z,2025-10-18T02:20:36Z,JavaScript
342894495,jacob-lcs,react-webpack5-template,https://github.com/jacob-lcs/react-webpack5-template,187,12,2021-02-27T15:49:47Z,2025-10-04T03:28:57Z,JavaScript
26237751,hapipal,boilerplate,https://github.com/hapipal/boilerplate,184,26,2014-11-05T20:13:42Z,2025-07-21T16:53:46Z,JavaScript
138785937,yordan-kanchelov,pixi-typescript-boilerplate,https://github.com/yordan-kanchelov/pixi-typescript-boilerplate,182,32,2018-06-26T19:51:53Z,2025-09-04T15:27:28Z,JavaScript
88385139,jimmylee,next-postgres-sequelize,https://github.com/jimmylee/next-postgres-sequelize,181,37,2017-04-16T02:01:20Z,2025-10-04T15:56:39Z,JavaScript
257695308,BharatKammakatla,Developer-Portfolio,https://github.com/BharatKammakatla/Developer-Portfolio,181,32,2020-04-21T19:27:23Z,2025-09-27T07:01:42Z,JavaScript
491287017,netlify-templates,gatsby-ecommerce-theme,https://github.com/netlify-templates/gatsby-ecommerce-theme,178,179,2022-05-11T22:15:36Z,2025-10-07T15:53:59Z,JavaScript
555372342,ElanYoung,vite-vue-js-starter-template,https://github.com/ElanYoung/vite-vue-js-starter-template,176,47,2022-10-21T12:59:08Z,2025-10-16T05:53:12Z,JavaScript
333799114,hygraph,hygraph-commerce-starter,https://github.com/hygraph/hygraph-commerce-starter,176,69,2021-01-28T15:24:09Z,2025-10-18T16:54:41Z,JavaScript
450627945,unjs,template,https://github.com/unjs/template,171,15,2022-01-21T20:16:23Z,2025-08-22T21:03:08Z,JavaScript
622147907,codescandy,dashui-free-nextjs-admin-template,https://github.com/codescandy/dashui-free-nextjs-admin-template,166,125,2023-04-01T09:06:26Z,2025-10-14T12:15:17Z,JavaScript
294731859,4GeeksAcademy,react-flask-hello-deprecated,https://github.com/4GeeksAcademy/react-flask-hello-deprecated,165,2417,2020-09-11T15:26:12Z,2025-10-06T09:33:11Z,JavaScript
284707810,posva,vue-ts-lib,https://github.com/posva/vue-ts-lib,164,4,2020-08-03T13:29:08Z,2025-08-30T17:36:10Z,JavaScript
186784209,gethugothemes,parsa-hugo,https://github.com/gethugothemes/parsa-hugo,161,310,2019-05-15T08:33:57Z,2025-10-13T04:10:04Z,JavaScript
353284145,ttntm,11ty-landing-page,https://github.com/ttntm/11ty-landing-page,159,58,2021-03-31T08:33:39Z,2025-10-09T08:38:53Z,JavaScript
479423125,Shopify,shopify-frontend-template-react,https://github.com/Shopify/shopify-frontend-template-react,157,77,2022-04-08T14:29:37Z,2025-10-18T12:17:51Z,JavaScript
779055967,foyzulkarim,nodejs-boilerplate,https://github.com/foyzulkarim/nodejs-boilerplate,157,67,2024-03-29T00:15:23Z,2025-10-18T01:37:27Z,JavaScript
596673597,MehraDevesh2022,mern-ecommerce-CricketWeapon-Store,https://github.com/MehraDevesh2022/mern-ecommerce-CricketWeapon-Store,157,59,2023-02-02T17:37:32Z,2025-10-17T13:24:00Z,JavaScript
320511680,adobe,aem-boilerplate,https://github.com/adobe/aem-boilerplate,156,564,2020-12-11T08:23:05Z,2025-10-16T11:57:33Z,JavaScript
85367602,vitorsalgado,create-nodejs-ts,https://github.com/vitorsalgado/create-nodejs-ts,156,28,2017-03-18T01:27:56Z,2025-10-13T14:33:02Z,JavaScript
66675046,HandsOnDataViz,leaflet-maps-with-google-sheets,https://github.com/HandsOnDataViz/leaflet-maps-with-google-sheets,156,585,2016-08-26T19:46:58Z,2025-10-12T09:46:33Z,JavaScript
295838036,League-of-Foundry-Developers,FoundryVTT-Module-Template,https://github.com/League-of-Foundry-Developers/FoundryVTT-Module-Template,155,87,2020-09-15T20:10:07Z,2025-09-13T08:33:05Z,JavaScript
318599822,mshuber1981,github-react-portfolio-template,https://github.com/mshuber1981/github-react-portfolio-template,154,69,2020-12-04T18:14:19Z,2025-10-17T13:00:53Z,JavaScript
151483825,trim21,webpack-userscript-template,https://github.com/trim21/webpack-userscript-template,151,19,2018-10-03T21:38:09Z,2025-10-16T19:08:27Z,JavaScript
764713900,prappo,wordpress-plugin-boilerplate,https://github.com/prappo/wordpress-plugin-boilerplate,150,25,2024-02-28T15:25:42Z,2025-10-19T00:03:14Z,JavaScript
619255095,qwacko,sveltekit-lucia-starter,https://github.com/qwacko/sveltekit-lucia-starter,149,14,2023-03-26T18:02:49Z,2025-10-18T04:57:25Z,JavaScript
110281245,sneas,cv-template,https://github.com/sneas/cv-template,149,47,2017-11-10T18:47:32Z,2025-08-26T12:37:40Z,JavaScript
631840812,jirihofman,portfolio,https://github.com/jirihofman/portfolio,149,33,2023-04-24T07:10:55Z,2025-10-16T11:54:05Z,JavaScript
260319516,mucahitnezir,express-starter,https://github.com/mucahitnezir/express-starter,146,47,2020-04-30T21:11:45Z,2025-09-20T04:04:06Z,JavaScript
164276291,dineshsonachalam,tech-courses-search-engine,https://github.com/dineshsonachalam/tech-courses-search-engine,146,41,2019-01-06T04:49:28Z,2025-10-06T09:26:27Z,JavaScript
260216382,flatlogic,one-react-template,https://github.com/flatlogic/one-react-template,145,68,2020-04-30T13:17:01Z,2025-07-09T06:36:25Z,JavaScript
80233370,tc39,template-for-proposals,https://github.com/tc39/template-for-proposals,145,31,2017-01-27T18:18:35Z,2025-09-22T09:20:39Z,JavaScript
505153043,auros-one,tauri-sveltekit,https://github.com/auros-one/tauri-sveltekit,144,11,2022-06-19T15:49:41Z,2025-09-23T16:27:44Z,JavaScript
165802776,patrickleet,streaming-ssr-react-styled-components,https://github.com/patrickleet/streaming-ssr-react-styled-components,142,24,2019-01-15T07:10:05Z,2023-06-09T12:01:11Z,JavaScript
425983661,netlify-templates,next-netlify-starter,https://github.com/netlify-templates/next-netlify-starter,140,258,2021-11-08T20:28:28Z,2025-10-15T13:02:18Z,JavaScript
297791838,miltoncandelero,pixi-hotwire,https://github.com/miltoncandelero/pixi-hotwire,137,57,2020-09-22T22:55:28Z,2025-10-06T23:35:21Z,JavaScript
267015032,hygraph,reference-marketing-website,https://github.com/hygraph/reference-marketing-website,135,54,2020-05-26T10:38:33Z,2025-10-09T08:38:46Z,JavaScript
34700695,leancloud,node-js-getting-started,https://github.com/leancloud/node-js-getting-started,133,116,2015-04-28T01:27:53Z,2024-05-08T09:38:24Z,JavaScript
225856271,Vladinho10,node-server-template,https://github.com/Vladinho10/node-server-template,131,16,2019-12-04T11:57:24Z,2025-10-06T10:33:21Z,JavaScript
111475164,slashman,jsrl,https://github.com/slashman/jsrl,131,11,2017-11-20T23:43:58Z,2025-10-11T05:58:11Z,JavaScript
63726747,electricbookworks,electric-book,https://github.com/electricbookworks/electric-book,131,47,2016-07-19T20:43:17Z,2025-10-17T07:42:29Z,JavaScript
757120101,phaserjs,template-react,https://github.com/phaserjs/template-react,131,49,2024-02-13T21:02:14Z,2025-10-11T05:58:17Z,JavaScript
352069424,mernjs,create-mern-app,https://github.com/mernjs/create-mern-app,129,13,2021-03-27T12:38:50Z,2025-07-11T03:40:48Z,JavaScript
106092241,nestjs,javascript-starter,https://github.com/nestjs/javascript-starter,129,30,2017-10-07T11:22:07Z,2025-10-15T04:59:30Z,JavaScript
907857886,mrofisr,sakeenah,https://github.com/mrofisr/sakeenah,129,35,2024-12-24T15:08:52Z,2025-10-16T13:05:02Z,JavaScript
567803683,GauBen,svelte-emails,https://github.com/GauBen/svelte-emails,129,6,2022-11-18T16:05:27Z,2025-10-19T01:32:01Z,JavaScript
513734670,kvnxiao,tauri-nextjs-template,https://github.com/kvnxiao/tauri-nextjs-template,510,63,2022-07-14T02:32:57Z,2025-10-18T21:55:22Z,JavaScript
597781671,ExamProCo,aws-bootcamp-cruddur-2023,https://github.com/ExamProCo/aws-bootcamp-cruddur-2023,505,363,2023-02-05T16:16:28Z,2025-10-09T15:50:38Z,JavaScript
585389337,viarotel-org,vite-uniapp-template,https://github.com/viarotel-org/vite-uniapp-template,496,100,2023-01-05T03:29:38Z,2025-10-16T11:49:45Z,JavaScript
101548791,posquit0,koa-rest-api-boilerplate,https://github.com/posquit0/koa-rest-api-boilerplate,495,81,2017-08-27T11:48:29Z,2025-10-02T16:36:40Z,JavaScript
366094293,kinngh,shopify-nextjs-prisma-app,https://github.com/kinngh/shopify-nextjs-prisma-app,492,139,2021-05-10T15:41:47Z,2025-10-01T22:53:52Z,JavaScript
280480890,binyamin,eleventy-garden,https://github.com/binyamin/eleventy-garden,481,47,2020-07-17T17:04:03Z,2025-10-06T09:32:30Z,JavaScript
127466906,philhawksworth,eleventyone,https://github.com/philhawksworth/eleventyone,463,108,2018-03-30T19:45:51Z,2025-07-28T15:48:03Z,JavaScript
142056865,w3cj,express-api-starter,https://github.com/w3cj/express-api-starter,460,277,2018-07-23T19:00:16Z,2025-10-13T12:26:24Z,JavaScript
114046093,StartBootstrap,startbootstrap-coming-soon,https://github.com/StartBootstrap/startbootstrap-coming-soon,402,499,2017-12-12T22:32:35Z,2025-10-06T09:23:12Z,JavaScript
129432063,marcofugaro,threejs-modern-app,https://github.com/marcofugaro/threejs-modern-app,387,37,2018-04-13T17:10:55Z,2025-09-22T11:35:28Z,JavaScript
555474622,matt765,Tailcast,https://github.com/matt765/Tailcast,385,142,2022-10-21T16:49:07Z,2025-10-18T07:26:37Z,JavaScript
130097095,coryhouse,reactjsconsulting,https://github.com/coryhouse/reactjsconsulting,376,35,2018-04-18T17:15:53Z,2025-10-16T08:56:01Z,JavaScript
191750397,WaftTech,WaftEngine,https://github.com/WaftTech/WaftEngine,375,97,2019-06-13T11:29:58Z,2025-09-22T08:38:51Z,JavaScript
606944550,maomao1996,vitepress-nav-template,https://github.com/maomao1996/vitepress-nav-template,371,104,2023-02-27T01:23:53Z,2025-10-17T04:22:17Z,JavaScript
130396886,thisisqubika,react-native-template,https://github.com/thisisqubika/react-native-template,370,452,2018-04-20T17:59:28Z,2025-07-24T07:24:42Z,JavaScript
756239221,open-ibc,ibc-app-solidity-template,https://github.com/open-ibc/ibc-app-solidity-template,357,849,2024-02-12T09:07:57Z,2025-09-22T15:48:07Z,JavaScript
526800150,songquanpeng,gin-template,https://github.com/songquanpeng/gin-template,357,82,2022-08-20T01:55:05Z,2025-10-14T02:58:29Z,JavaScript
527310237,realvjy,nxt-lnk,https://github.com/realvjy/nxt-lnk,355,57,2022-08-21T19:44:46Z,2025-10-15T17:57:29Z,JavaScript
81865571,simonh1000,elm-webpack-starter,https://github.com/simonh1000/elm-webpack-starter,343,38,2017-02-13T19:59:35Z,2025-01-28T11:25:54Z,JavaScript
480020412,kinngh,shopify-node-express-mongodb-app,https://github.com/kinngh/shopify-node-express-mongodb-app,337,119,2022-04-10T13:06:30Z,2025-10-17T17:13:33Z,JavaScript
283189209,NeuCharFramework,NCF,https://github.com/NeuCharFramework/NCF,335,137,2020-07-28T11:14:37Z,2025-09-30T06:55:09Z,JavaScript
8299434,cmv,cmv-app,https://github.com/cmv/cmv-app,333,276,2013-02-19T21:05:01Z,2025-08-26T09:35:52Z,JavaScript
505442159,eruptionjs,core,https://github.com/eruptionjs/core,331,19,2022-06-20T12:58:20Z,2025-09-14T11:21:38Z,JavaScript
53245912,hexlet-boilerplates,nodejs-package,https://github.com/hexlet-boilerplates/nodejs-package,328,625,2016-03-06T08:48:04Z,2025-10-16T08:55:50Z,JavaScript
116133038,CrystallizeAPI,crystallize-nextjs-boilerplate,https://github.com/CrystallizeAPI/crystallize-nextjs-boilerplate,326,60,2018-01-03T12:11:43Z,2025-09-09T18:53:30Z,JavaScript
364676755,NamVr,DiscordBot-Template,https://github.com/NamVr/DiscordBot-Template,322,80,2021-05-05T18:52:18Z,2025-10-04T13:57:05Z,JavaScript
131605470,mubaidr,vue-electron-template,https://github.com/mubaidr/vue-electron-template,321,51,2018-04-30T14:24:59Z,2025-09-21T05:55:35Z,JavaScript
24546575,StartBootstrap,startbootstrap-bare,https://github.com/StartBootstrap/startbootstrap-bare,319,474,2014-09-28T01:04:12Z,2025-09-26T09:50:24Z,JavaScript
218085568,app-generator,flask-adminlte,https://github.com/app-generator/flask-adminlte,313,104,2019-10-28T15:51:23Z,2025-10-06T09:29:20Z,JavaScript
100949236,cba85,electron-webview,https://github.com/cba85/electron-webview,300,79,2017-08-21T12:18:12Z,2025-10-04T13:57:38Z,JavaScript
521275950,kitloong,json-server-vercel,https://github.com/kitloong/json-server-vercel,300,718,2022-08-04T13:23:26Z,2025-10-04T22:48:19Z,JavaScript
283554413,gregives,Twelvety,https://github.com/gregives/Twelvety,297,13,2020-07-29T16:55:06Z,2025-09-29T18:59:23Z,JavaScript
48431764,EnclaveGames,Enclave-Phaser-Template,https://github.com/EnclaveGames/Enclave-Phaser-Template,296,62,2015-12-22T12:53:26Z,2025-10-08T15:38:22Z,JavaScript
186375954,themefisher,kross-hugo,https://github.com/themefisher/kross-hugo,295,368,2019-05-13T08:18:18Z,2025-10-13T05:15:41Z,JavaScript
512413873,Acode-Foundation,acode-plugin,https://github.com/Acode-Foundation/acode-plugin,287,101,2022-07-10T11:11:29Z,2025-10-13T16:27:28Z,JavaScript
200423311,actions,hello-world-javascript-action,https://github.com/actions/hello-world-javascript-action,287,258,2019-08-03T21:40:41Z,2025-10-15T09:31:46Z,JavaScript
131468928,djizco,mern-boilerplate,https://github.com/djizco/mern-boilerplate,284,99,2018-04-29T05:36:49Z,2025-10-12T12:47:04Z,JavaScript
794013572,said7388,github-portfolio,https://github.com/said7388/github-portfolio,277,101,2024-04-30T09:42:29Z,2025-09-21T15:30:44Z,JavaScript
164201555,gethugothemes,dot-hugo,https://github.com/gethugothemes/dot-hugo,270,147,2019-01-05T09:42:06Z,2025-10-13T03:40:49Z,JavaScript
3287527,IceCreamYou,HTML5-Canvas-Game-Boilerplate,https://github.com/IceCreamYou/HTML5-Canvas-Game-Boilerplate,261,57,2012-01-28T00:34:56Z,2025-10-12T12:30:43Z,JavaScript
1001910659,syahiidkamil,Software-Engineer-AI-Agent-Atlas,https://github.com/syahiidkamil/Software-Engineer-AI-Agent-Atlas,261,50,2025-06-14T09:53:42Z,2025-10-14T03:07:43Z,JavaScript
156182108,lazymozek,gulp-with-tailwindcss,https://github.com/lazymozek/gulp-with-tailwindcss,260,70,2018-11-05T08:11:19Z,2025-09-25T17:50:51Z,JavaScript
194833609,sindresorhus,node-cli-boilerplate,https://github.com/sindresorhus/node-cli-boilerplate,256,13,2019-07-02T09:34:13Z,2025-07-15T16:37:47Z,JavaScript
96649306,rollup,rollup-starter-lib,https://github.com/rollup/rollup-starter-lib,989,233,2017-07-08T23:19:55Z,2025-10-17T03:26:32Z,JavaScript
148527447,Shopify,shopify-app-template-node,https://github.com/Shopify/shopify-app-template-node,981,424,2018-09-12T18:57:12Z,2025-10-18T12:09:26Z,JavaScript
231162725,aeksco,react-typescript-web-extension-starter,https://github.com/aeksco/react-typescript-web-extension-starter,970,84,2020-01-01T01:14:35Z,2025-10-09T21:58:35Z,JavaScript
79922891,ooade,NextSimpleStarter,https://github.com/ooade/NextSimpleStarter,950,204,2017-01-24T15:15:43Z,2025-10-07T17:58:48Z,JavaScript
25714762,StartBootstrap,startbootstrap-stylish-portfolio,https://github.com/StartBootstrap/startbootstrap-stylish-portfolio,891,1383,2014-10-25T00:42:36Z,2025-10-18T21:27:16Z,JavaScript
356256080,wkylin,pro-react-admin,https://github.com/wkylin/pro-react-admin,865,201,2021-04-09T12:05:04Z,2025-10-16T08:02:17Z,JavaScript
78732688,wechaty,getting-started,https://github.com/wechaty/getting-started,842,359,2017-01-12T10:12:48Z,2025-10-04T14:24:01Z,JavaScript
163315057,smakosh,gatsby-portfolio-dev,https://github.com/smakosh/gatsby-portfolio-dev,831,194,2018-12-27T16:25:46Z,2025-10-12T14:51:13Z,JavaScript
192725951,fregante,browser-extension-template,https://github.com/fregante/browser-extension-template,822,83,2019-06-19T12:15:02Z,2025-10-14T20:58:57Z,JavaScript
294819014,uicrooks,shopify-theme-lab,https://github.com/uicrooks/shopify-theme-lab,785,151,2020-09-11T21:52:19Z,2025-10-17T04:04:57Z,JavaScript
475860324,Tencent,tdesign-miniprogram-starter-retail,https://github.com/Tencent/tdesign-miniprogram-starter-retail,754,186,2022-03-30T12:05:01Z,2025-10-15T04:39:56Z,JavaScript
32197913,sindresorhus,node-module-boilerplate,https://github.com/sindresorhus/node-module-boilerplate,740,74,2015-03-14T05:47:45Z,2025-08-30T21:15:16Z,JavaScript
349288944,vercel,nextjs-portfolio-starter,https://github.com/vercel/nextjs-portfolio-starter,723,278,2021-03-19T03:29:23Z,2025-10-11T00:08:30Z,JavaScript
225612764,nordicgiant2,react-nice-resume,https://github.com/nordicgiant2/react-nice-resume,688,460,2019-12-03T12:19:27Z,2025-10-18T08:24:50Z,JavaScript
526682619,github-education-resources,codespaces-project-template-js,https://github.com/github-education-resources/codespaces-project-template-js,680,548,2022-08-19T16:44:43Z,2025-10-18T10:27:08Z,JavaScript
401534462,Deluze,electron-vue-template,https://github.com/Deluze/electron-vue-template,678,129,2021-08-31T01:22:52Z,2025-10-18T01:10:27Z,JavaScript
595665533,dewanakl,undangan,https://github.com/dewanakl/undangan,608,373,2023-01-31T15:03:59Z,2025-10-17T03:16:15Z,JavaScript
556089040,colinwilson,lotusdocs,https://github.com/colinwilson/lotusdocs,584,129,2022-10-23T03:00:45Z,2025-10-17T10:01:02Z,JavaScript
251281230,flatlogic,light-blue-react-template,https://github.com/flatlogic/light-blue-react-template,580,196,2020-03-30T11:13:16Z,2025-10-09T21:03:29Z,JavaScript
436682271,netlify-templates,nextjs-blog-theme,https://github.com/netlify-templates/nextjs-blog-theme,568,255,2021-12-09T16:18:08Z,2025-10-16T17:12:33Z,JavaScript
202636981,mmacneil,devfolio,https://github.com/mmacneil/devfolio,554,173,2019-08-16T01:33:25Z,2025-10-18T21:28:27Z,JavaScript
263101910,Mini-Conf,Mini-Conf,https://github.com/Mini-Conf/Mini-Conf,539,108,2020-05-11T16:46:54Z,2025-07-28T11:24:53Z,JavaScript
225749649,lit,lit-element-starter-ts,https://github.com/lit/lit-element-starter-ts,526,213,2019-12-04T01:12:19Z,2025-10-16T19:25:40Z,JavaScript
311525798,microsoft,Web-Dev-For-Beginners,https://github.com/microsoft/Web-Dev-For-Beginners,92347,14283,2020-11-10T02:44:00Z,2025-10-19T02:25:19Z,JavaScript
95412229,PanJiaChen,vue-admin-template,https://github.com/PanJiaChen/vue-admin-template,20403,7456,2017-06-26T05:41:14Z,2025-10-17T02:01:10Z,JavaScript
117360777,d2-projects,d2-admin,https://github.com/d2-projects/d2-admin,12663,2453,2018-01-13T16:51:52Z,2025-10-10T21:32:38Z,JavaScript
44416666,electron,minimal-repro,https://github.com/electron/minimal-repro,11421,4948,2015-10-16T23:56:39Z,2025-10-19T01:54:24Z,JavaScript
338818430,upgundecha,howtheysre,https://github.com/upgundecha/howtheysre,9531,849,2021-02-14T14:03:02Z,2025-10-18T12:32:52Z,JavaScript
217603326,hagopj13,node-express-boilerplate,https://github.com/hagopj13/node-express-boilerplate,7492,2191,2019-10-25T19:38:50Z,2025-10-18T22:45:27Z,JavaScript
37616442,kriasoft,react-firebase-starter,https://github.com/kriasoft/react-firebase-starter,4513,760,2015-06-17T19:33:23Z,2025-10-12T16:55:42Z,JavaScript
572443146,eliahuhorwitz,Academic-project-page-template,https://github.com/eliahuhorwitz/Academic-project-page-template,3915,785,2022-11-30T09:35:33Z,2025-10-18T16:15:53Z,JavaScript
39476043,gatsbyjs,gatsby-starter-blog,https://github.com/gatsbyjs/gatsby-starter-blog,3527,2575,2015-07-22T00:07:37Z,2025-10-09T08:38:20Z,JavaScript
142161092,flatlogic,react-native-starter,https://github.com/flatlogic/react-native-starter,2422,782,2018-07-24T13:17:22Z,2025-10-18T02:24:08Z,JavaScript
206151984,taniarascia,webpack-boilerplate,https://github.com/taniarascia/webpack-boilerplate,2386,554,2019-09-03T19:02:57Z,2025-10-17T08:53:45Z,JavaScript
97540865,danielfsousa,express-rest-boilerplate,https://github.com/danielfsousa/express-rest-boilerplate,2381,614,2017-07-18T01:59:19Z,2025-10-17T04:24:04Z,JavaScript
538373370,said7388,developer-portfolio,https://github.com/said7388/developer-portfolio,2202,1074,2022-09-19T07:00:51Z,2025-10-17T17:19:38Z,JavaScript
208835354,abhijithvijayan,web-extension-starter,https://github.com/abhijithvijayan/web-extension-starter,2132,176,2019-09-16T15:33:44Z,2025-10-14T08:08:38Z,JavaScript
100426797,decaporg,gatsby-starter-decap-cms,https://github.com/decaporg/gatsby-starter-decap-cms,2062,971,2017-08-15T23:15:14Z,2025-10-12T16:39:45Z,JavaScript
237327049,dunky11,react-saas-template,https://github.com/dunky11/react-saas-template,1947,426,2020-01-30T23:38:23Z,2025-10-17T17:48:15Z,JavaScript
51619107,wbkd,webpack-starter,https://github.com/wbkd/webpack-starter,1919,854,2016-02-12T21:55:45Z,2025-10-08T19:07:58Z,JavaScript
183227539,flatlogic,react-material-admin,https://github.com/flatlogic/react-material-admin,1743,624,2019-04-24T12:47:06Z,2025-10-17T17:48:05Z,JavaScript
231309416,reZach,secure-electron-template,https://github.com/reZach/secure-electron-template,1709,155,2020-01-02T04:48:11Z,2025-10-12T15:26:20Z,JavaScript
67722021,sysgears,apollo-universal-starter-kit,https://github.com/sysgears/apollo-universal-starter-kit,1679,321,2016-09-08T16:44:45Z,2025-09-22T19:20:13Z,JavaScript
50924756,flatlogic,react-dashboard,https://github.com/flatlogic/react-dashboard,1640,390,2016-02-02T14:08:02Z,2025-09-30T11:07:24Z,JavaScript
192856899,chetanverma16,react-portfolio-template,https://github.com/chetanverma16/react-portfolio-template,1622,667,2019-06-20T05:51:10Z,2025-10-17T10:27:41Z,JavaScript
761917837,franceking1,Flash-Md-V2,https://github.com/franceking1/Flash-Md-V2,1605,5859,2024-02-22T18:22:20Z,2025-10-18T18:47:40Z,JavaScript
61835211,dwijitsolutions,laraadmin,https://github.com/dwijitsolutions/laraadmin,1582,535,2016-06-23T20:35:32Z,2025-10-14T09:51:59Z,JavaScript
148562547,enuchi,React-Google-Apps-Script,https://github.com/enuchi/React-Google-Apps-Script,1448,199,2018-09-13T01:11:53Z,2025-10-03T12:46:53Z,JavaScript
10862540,madhums,node-express-mongoose,https://github.com/madhums/node-express-mongoose,1444,385,2013-06-22T09:37:38Z,2025-10-15T10:17:06Z,JavaScript
305485770,ndimatteo,HULL,https://github.com/ndimatteo/HULL,1436,176,2020-10-19T19:00:26Z,2025-10-18T10:48:54Z,JavaScript
39415880,gatsbyjs,gatsby-starter-default,https://github.com/gatsbyjs/gatsby-starter-default,1406,986,2015-07-21T00:52:53Z,2025-10-15T19:50:59Z,JavaScript
645295049,zeon-studio,hugoplate,https://github.com/zeon-studio/hugoplate,1394,380,2023-05-25T10:41:33Z,2025-10-19T03:06:00Z,JavaScript
32074870,flatlogic,angular-material-dashboard,https://github.com/flatlogic/angular-material-dashboard,1368,492,2015-03-12T12:07:23Z,2025-10-03T21:39:19Z,JavaScript
661741181,x-dr,telegraph-Image,https://github.com/x-dr/telegraph-Image,1360,1067,2023-07-03T14:37:30Z,2025-10-18T03:50:20Z,JavaScript
445358332,nextacular,nextacular,https://github.com/nextacular/nextacular,1319,224,2022-01-07T01:12:41Z,2025-10-18T21:28:58Z,JavaScript
350740340,smartcontractkit,hardhat-starter-kit,https://github.com/smartcontractkit/hardhat-starter-kit,1276,512,2021-03-23T14:20:56Z,2025-10-16T00:39:55Z,JavaScript
289814672,colbyfayock,next-wordpress-starter,https://github.com/colbyfayock/next-wordpress-starter,1263,302,2020-08-24T03:05:23Z,2025-10-14T16:53:35Z,JavaScript
137205930,labnol,apps-script-starter,https://github.com/labnol/apps-script-starter,1191,192,2018-06-13T11:25:03Z,2025-10-16T10:34:31Z,JavaScript
98904874,phaserjs,template-webpack,https://github.com/phaserjs/template-webpack,1173,784,2017-07-31T15:39:58Z,2025-10-17T03:06:41Z,JavaScript
575758492,bramses,bramses-highly-opinionated-vault-2023,https://github.com/bramses/bramses-highly-opinionated-vault-2023,1160,62,2022-12-08T08:28:00Z,2025-10-07T09:27:29Z,JavaScript
255377480,NomicFoundation,hardhat-boilerplate,https://github.com/NomicFoundation/hardhat-boilerplate,1152,570,2020-04-13T16:12:28Z,2025-10-03T07:14:31Z,JavaScript
207549729,actions,javascript-action,https://github.com/actions/javascript-action,1113,449,2019-09-10T12:11:44Z,2025-10-18T12:49:01Z,JavaScript
