repo_url,repo_id,commit_hash,package_type,package_file,pip_audit,bandit,semgrep,errors
https://github.com/zzstoatzz/prefect-pack,prefect-pack,4cfc53ae94c6bd65ff0eefcb1c5ce72b48446179,pyproject.toml,C:\Users\leu_m\AppData\Local\Temp\repo_15bdxflm\pyproject.toml,vuln_results_final\prefect-pack\pip_audit.json,vuln_results_final\prefect-pack\bandit.json,vuln_results_final\prefect-pack\semgrep.json,
https://github.com/zyx898/fastapi-boilerplate-code,fastapi-boilerplate-code,322aa200c98442609e48a45601c9a08ea5bd1045,requirements.txt,C:\Users\leu_m\AppData\Local\Temp\repo_m1qg_3d_\requirements.txt,vuln_results_final\fastapi-boilerplate-code\pip_audit.json,vuln_results_final\fastapi-boilerplate-code\bandit.json,vuln_results_final\fastapi-boilerplate-code\semgrep.json,
https://github.com/zsrtp/REL,REL,06fa57e6e612054fef0173fd663e22093ba06fb2,,,vuln_results_final\REL\pip_audit.json,vuln_results_final\REL\bandit.json,vuln_results_final\REL\semgrep.json,
https://github.com/zobayer1/flask-restful-boilerplate,flask-restful-boilerplate,a954866faed4dd3862169bf7907f9fc0a5b2a3bf,pyproject.toml,C:\Users\leu_m\AppData\Local\Temp\repo_u5fafhl2\pyproject.toml,vuln_results_final\flask-restful-boilerplate\pip_audit.json,vuln_results_final\flask-restful-boilerplate\bandit.json,vuln_results_final\flask-restful-boilerplate\semgrep.json,
https://github.com/zhanymkanov/fastapi_production_template,fastapi_production_template,63a176607c914a4709bc8e3f0bf01eaa25ff93cb,pyproject.toml,C:\Users\leu_m\AppData\Local\Temp\repo_8fou6klk\pyproject.toml,vuln_results_final\fastapi_production_template\pip_audit.json,vuln_results_final\fastapi_production_template\bandit.json,vuln_results_final\fastapi_production_template\semgrep.json,
https://github.com/zevlee/hello-world-gtk,hello-world-gtk,279ed64e42f4211794edfd2c47850cd0ed84ba40,requirements.txt,C:\Users\leu_m\AppData\Local\Temp\repo_blemqo8l\requirements.txt,vuln_results_final\hello-world-gtk\pip_audit.json,vuln_results_final\hello-world-gtk\bandit.json,vuln_results_final\hello-world-gtk\semgrep.json,
https://github.com/zenml-io/zenml-gitflow,zenml-gitflow,03b4cf930f14ea17556629c6b6e64b015a54de75,requirements.txt,C:\Users\leu_m\AppData\Local\Temp\repo_lfjou5rs\requirements.txt,vuln_results_final\zenml-gitflow\pip_audit.json,vuln_results_final\zenml-gitflow\bandit.json,vuln_results_final\zenml-gitflow\semgrep.json,
https://github.com/zagran/django-boilerplate,django-boilerplate,2f9723c85a70dd44ad288e2e851cc00ac6be075e,pyproject.toml,C:\Users\leu_m\AppData\Local\Temp\repo_wpcpaot5\pyproject.toml,vuln_results_final\django-boilerplate\pip_audit.json,vuln_results_final\django-boilerplate\bandit.json,vuln_results_final\django-boilerplate\semgrep.json,
https://github.com/z0u/mi-ni,mi-ni,c0a0134cef2536545033f9423a6084fe8097f7f7,pyproject.toml,C:\Users\leu_m\AppData\Local\Temp\repo_t3v1n3oh\pyproject.toml,vuln_results_final\mi-ni\pip_audit.json,vuln_results_final\mi-ni\bandit.json,vuln_results_final\mi-ni\semgrep.json,
https://github.com/yunojuno/poetry-template,poetry-template,610100da99544808440c47e6b122c4748ea08268,pyproject.toml,C:\Users\leu_m\AppData\Local\Temp\repo_kqw8b2p7\pyproject.toml,vuln_results_final\poetry-template\pip_audit.json,vuln_results_final\poetry-template\bandit.json,vuln_results_final\poetry-template\semgrep.json,
https://github.com/yung-megafone/ExampleRepo,ExampleRepo,856a94e4d74c0f07b18aa103ce8b327843c6f424,requirements.txt,C:\Users\leu_m\AppData\Local\Temp\repo_2icfbosx\requirements.txt,vuln_results_final\ExampleRepo\pip_audit.json,vuln_results_final\ExampleRepo\bandit.json,vuln_results_final\ExampleRepo\semgrep.json,
https://github.com/yufree/autoaiscore,autoaiscore,4d29f073bb102411b7b9993c8f4a1854f1cb6996,,,vuln_results_final\autoaiscore\pip_audit.json,vuln_results_final\autoaiscore\bandit.json,vuln_results_final\autoaiscore\semgrep.json,
https://github.com/yoggys/discord-bot-template,discord-bot-template,59244dbeb9441b2c14b93f72014a30191e66959f,requirements.txt,C:\Users\leu_m\AppData\Local\Temp\repo_549xaupt\requirements.txt,vuln_results_final\discord-bot-template\pip_audit.json,vuln_results_final\discord-bot-template\bandit.json,vuln_results_final\discord-bot-template\semgrep.json,
https://github.com/yogeshbhutkar/fast-api-template,fast-api-template,09bbfbefc599c13ece86480c14b1e4279b3e4e7d,pyproject.toml,C:\Users\leu_m\AppData\Local\Temp\repo_peq24v11\pyproject.toml,vuln_results_final\fast-api-template\pip_audit.json,vuln_results_final\fast-api-template\bandit.json,vuln_results_final\fast-api-template\semgrep.json,
https://github.com/ynput/ayon-addon-template,ayon-addon-template,e0e0b828d0b5cac3aadda281dd8a7ba557e0e425,pyproject.toml,C:\Users\leu_m\AppData\Local\Temp\repo_h2rxr0mp\pyproject.toml,vuln_results_final\ayon-addon-template\pip_audit.json,vuln_results_final\ayon-addon-template\bandit.json,vuln_results_final\ayon-addon-template\semgrep.json,
https://github.com/yiwen-h/aoc_python_template,aoc_python_template,1242d25414d8b05aaa3c52bc352c778e44ff3161,requirements.txt,C:\Users\leu_m\AppData\Local\Temp\repo__ok781s7\requirements.txt,vuln_results_final\aoc_python_template\pip_audit.json,vuln_results_final\aoc_python_template\bandit.json,vuln_results_final\aoc_python_template\semgrep.json,
https://github.com/yezz123/stripe-template,stripe-template,9d9178c47a191112b86a6ce6edd71962faee80d1,pyproject.toml,C:\Users\leu_m\AppData\Local\Temp\repo_hissh_fr\pyproject.toml,vuln_results_final\stripe-template\pip_audit.json,vuln_results_final\stripe-template\bandit.json,vuln_results_final\stripe-template\semgrep.json,
https://github.com/yearn/yearn-multisig-actions,yearn-multisig-actions,56a4284e942054df3363ce09de73118728f3caff,,,vuln_results_final\yearn-multisig-actions\pip_audit.json,vuln_results_final\yearn-multisig-actions\bandit.json,vuln_results_final\yearn-multisig-actions\semgrep.json,
https://github.com/yashksaini-coder/Flask-Project-Template,Flask-Project-Template,8ba60cdfc01a874d7e4b8b46a530f74e66a94e8b,requirements.txt,C:\Users\leu_m\AppData\Local\Temp\repo_qnk84d0u\requirements.txt,vuln_results_final\Flask-Project-Template\pip_audit.json,vuln_results_final\Flask-Project-Template\bandit.json,vuln_results_final\Flask-Project-Template\semgrep.json,
https://github.com/yashhere/fastapi-htmx-starter,fastapi-htmx-starter,beffaf2f5271533f162fc4dde912c431db7ec00d,pyproject.toml,C:\Users\leu_m\AppData\Local\Temp\repo_29fubycw\pyproject.toml,vuln_results_final\fastapi-htmx-starter\pip_audit.json,vuln_results_final\fastapi-htmx-starter\bandit.json,vuln_results_final\fastapi-htmx-starter\semgrep.json,
https://github.com/xzhuah/BlenderAddonPackageTool,BlenderAddonPackageTool,c9345f00986a6b8133ab038d8d5bb4f648d14c48,requirements.txt,C:\Users\leu_m\AppData\Local\Temp\repo_67yiwz44\requirements.txt,vuln_results_final\BlenderAddonPackageTool\pip_audit.json,vuln_results_final\BlenderAddonPackageTool\bandit.json,vuln_results_final\BlenderAddonPackageTool\semgrep.json,
https://github.com/xmartlabs/python-template,python-template,1991a0323c4117a3fd57be3de8a138baee6051d3,pyproject.toml,C:\Users\leu_m\AppData\Local\Temp\repo_p3ukb2nw\pyproject.toml,vuln_results_final\python-template\pip_audit.json,vuln_results_final\python-template\bandit.json,vuln_results_final\python-template\semgrep.json,
https://github.com/xiaolinstar/zjnu-auto-clock,zjnu-auto-clock,f3580c8d667b31bb4890e9fba8834a88d1cbef0e,requirements.txt,C:\Users\leu_m\AppData\Local\Temp\repo_ipdl698v\requirements.txt,vuln_results_final\zjnu-auto-clock\pip_audit.json,vuln_results_final\zjnu-auto-clock\bandit.json,vuln_results_final\zjnu-auto-clock\semgrep.json,
https://github.com/xenmods/Telegram-Bot,Telegram-Bot,4d38b413075f5a86c8ed43ac34d4d0259aaf12f1,requirements.txt,C:\Users\leu_m\AppData\Local\Temp\repo_5obms9uh\requirements.txt,vuln_results_final\Telegram-Bot\pip_audit.json,vuln_results_final\Telegram-Bot\bandit.json,vuln_results_final\Telegram-Bot\semgrep.json,
https://github.com/xavdid/advent-of-code-python-template,advent-of-code-python-template,be255ce38893788ea6d74ac330a8c33838e28429,requirements.txt,C:\Users\leu_m\AppData\Local\Temp\repo_44_t3r6h\requirements.txt,vuln_results_final\advent-of-code-python-template\pip_audit.json,vuln_results_final\advent-of-code-python-template\bandit.json,vuln_results_final\advent-of-code-python-template\semgrep.json,
https://github.com/xanode/fastapi-starter,fastapi-starter,c83ebb966609c804fc39c26080a418c5ba905b71,pyproject.toml,C:\Users\leu_m\AppData\Local\Temp\repo_7nqkwn_v\pyproject.toml,vuln_results_final\fastapi-starter\pip_audit.json,vuln_results_final\fastapi-starter\bandit.json,vuln_results_final\fastapi-starter\semgrep.json,
https://github.com/wusche1/cursor-latex-zotero-template,cursor-latex-zotero-template,f7f1f270a61470a44a191583496a67d67f714a6a,pyproject.toml,C:\Users\leu_m\AppData\Local\Temp\repo_7u136p5a\pyproject.toml,vuln_results_final\cursor-latex-zotero-template\pip_audit.json,vuln_results_final\cursor-latex-zotero-template\bandit.json,vuln_results_final\cursor-latex-zotero-template\semgrep.json,
https://github.com/wsvincent/lithium,lithium,cdeec72d7e080a024c9887302c6d636fdb3440ef,requirements.txt,C:\Users\leu_m\AppData\Local\Temp\repo_s95tr9tr\requirements.txt,vuln_results_final\lithium\pip_audit.json,vuln_results_final\lithium\bandit.json,vuln_results_final\lithium\semgrep.json,
https://github.com/wragge/mirador-ghpages,mirador-ghpages,a1291ecf3698e5a30801b517801df12d4589d538,,,vuln_results_final\mirador-ghpages\pip_audit.json,vuln_results_final\mirador-ghpages\bandit.json,vuln_results_final\mirador-ghpages\semgrep.json,
https://github.com/wolovim/web3py-discord-bot,web3py-discord-bot,6e3c7baca2233100401ab5ebd917bcb598a087ab,requirements.txt,C:\Users\leu_m\AppData\Local\Temp\repo_9t97zjin\requirements.txt,vuln_results_final\web3py-discord-bot\pip_audit.json,vuln_results_final\web3py-discord-bot\bandit.json,vuln_results_final\web3py-discord-bot\semgrep.json,
https://github.com/wingorithm/fastapi-microservice-template,fastapi-microservice-template,feacfebd4508a8e88bf23b27a48b6b0a41e57b9d,,,vuln_results_final\fastapi-microservice-template\pip_audit.json,vuln_results_final\fastapi-microservice-template\bandit.json,vuln_results_final\fastapi-microservice-template\semgrep.json,
https://github.com/willyfh/lightning-hydra-boilerplate,lightning-hydra-boilerplate,006aa8e51c3cae2a3ca43d102804a03acb3ac450,pyproject.toml,C:\Users\leu_m\AppData\Local\Temp\repo_r2uvuuly\pyproject.toml,vuln_results_final\lightning-hydra-boilerplate\pip_audit.json,vuln_results_final\lightning-hydra-boilerplate\bandit.json,vuln_results_final\lightning-hydra-boilerplate\semgrep.json,
https://github.com/wilfredinni/django-starter-template,django-starter-template,9f8f717b7c04527f9bbc86ae49971243a07104d0,pyproject.toml,C:\Users\leu_m\AppData\Local\Temp\repo_jw_m28ba\pyproject.toml,vuln_results_final\django-starter-template\pip_audit.json,vuln_results_final\django-starter-template\bandit.json,vuln_results_final\django-starter-template\semgrep.json,
https://github.com/whyNLP/hf-starter,hf-starter,2bc4768285a34c6d182fdd87b62e6115261a5bd7,requirements.txt,C:\Users\leu_m\AppData\Local\Temp\repo_2txl421w\requirements.txt,vuln_results_final\hf-starter\pip_audit.json,vuln_results_final\hf-starter\bandit.json,vuln_results_final\hf-starter\semgrep.json,
https://github.com/webshining/aiogram-sqlalchemy-template,aiogram-sqlalchemy-template,26e6c858be879692a3e27df3ed4887b77e14c70f,requirements.txt,C:\Users\leu_m\AppData\Local\Temp\repo_bn49gpem\requirements.txt,vuln_results_final\aiogram-sqlalchemy-template\pip_audit.json,vuln_results_final\aiogram-sqlalchemy-template\bandit.json,vuln_results_final\aiogram-sqlalchemy-template\semgrep.json,
https://github.com/webshining/aiogram-mongo-template,aiogram-mongo-template,54c43163675dd70c537d0eb53c9b22fc74ac85d7,requirements.txt,C:\Users\leu_m\AppData\Local\Temp\repo_12ac7ltc\requirements.txt,vuln_results_final\aiogram-mongo-template\pip_audit.json,vuln_results_final\aiogram-mongo-template\bandit.json,vuln_results_final\aiogram-mongo-template\semgrep.json,
https://github.com/wasmer-examples/flask-wasmer-starter,flask-wasmer-starter,d2ec346313b77dff7afa897c6e3f6190f9be74c6,requirements.txt,C:\Users\leu_m\AppData\Local\Temp\repo_83o4ij0f\requirements.txt,vuln_results_final\flask-wasmer-starter\pip_audit.json,vuln_results_final\flask-wasmer-starter\bandit.json,vuln_results_final\flask-wasmer-starter\semgrep.json,
https://github.com/wasmer-examples/django-wasmer-starter,django-wasmer-starter,570dea40f06d35f13629bea6d8c7f7a57c01e957,pyproject.toml,C:\Users\leu_m\AppData\Local\Temp\repo_kffx1m8f\pyproject.toml,vuln_results_final\django-wasmer-starter\pip_audit.json,vuln_results_final\django-wasmer-starter\bandit.json,vuln_results_final\django-wasmer-starter\semgrep.json,
https://github.com/warpdotdev/themes,themes,7fd7ce9356fe9c25ed749552df63ced0a7d6b254,,,vuln_results_final\themes\pip_audit.json,vuln_results_final\themes\bandit.json,vuln_results_final\themes\semgrep.json,
https://github.com/wangxin688/fastapi-enterprise-template,fastapi-enterprise-template,8a63f3eacb6e8f44770c81c566bba4de6b7e5dab,pyproject.toml,C:\Users\leu_m\AppData\Local\Temp\repo_u_ki4a7r\pyproject.toml,vuln_results_final\fastapi-enterprise-template\pip_audit.json,vuln_results_final\fastapi-enterprise-template\bandit.json,vuln_results_final\fastapi-enterprise-template\semgrep.json,
https://github.com/walmsles/aws-sam-template-python,aws-sam-template-python,8e83e9a7f3e107b69d2cc9d03579ad2fe1708b22,pyproject.toml,C:\Users\leu_m\AppData\Local\Temp\repo__ph8tc5e\pyproject.toml,vuln_results_final\aws-sam-template-python\pip_audit.json,vuln_results_final\aws-sam-template-python\bandit.json,vuln_results_final\aws-sam-template-python\semgrep.json,
https://github.com/wakaree/aiogram_bot_template,aiogram_bot_template,356478511a871560cc8ed38f3783d2f85e9d50da,pyproject.toml,C:\Users\leu_m\AppData\Local\Temp\repo_r9nh6lgj\pyproject.toml,vuln_results_final\aiogram_bot_template\pip_audit.json,vuln_results_final\aiogram_bot_template\bandit.json,vuln_results_final\aiogram_bot_template\semgrep.json,
https://github.com/vvssttkk/dst,dst,734588bd09e32f89db8d85c938750cbd1d3a7e0f,requirements.txt,C:\Users\leu_m\AppData\Local\Temp\repo_yjd24zax\requirements.txt,vuln_results_final\dst\pip_audit.json,vuln_results_final\dst\bandit.json,vuln_results_final\dst\semgrep.json,
https://github.com/vvatelot/fastapi_boilerplate,fastapi_boilerplate,75b2ebd38985391334bda4ab3f300e9cf44fe8ff,pyproject.toml,C:\Users\leu_m\AppData\Local\Temp\repo_h8vfiphl\pyproject.toml,vuln_results_final\fastapi_boilerplate\pip_audit.json,vuln_results_final\fastapi_boilerplate\bandit.json,vuln_results_final\fastapi_boilerplate\semgrep.json,
https://github.com/vrsen-ai-solutions/agency-swarm-tools-template,agency-swarm-tools-template,0b0dcbac0215140d777d0f77fe5578bf566ba8b7,,,vuln_results_final\agency-swarm-tools-template\pip_audit.json,vuln_results_final\agency-swarm-tools-template\bandit.json,vuln_results_final\agency-swarm-tools-template\semgrep.json,
https://github.com/vjanz/fastapi-kickstart,fastapi-kickstart,01c555141c63b76e9d032cad893f017fa1b25a3d,pyproject.toml,C:\Users\leu_m\AppData\Local\Temp\repo_kaf1ms74\pyproject.toml,vuln_results_final\fastapi-kickstart\pip_audit.json,vuln_results_final\fastapi-kickstart\bandit.json,vuln_results_final\fastapi-kickstart\semgrep.json,
https://github.com/vinicinhus/botcity-rpa-template,botcity-rpa-template,1c3646851862397837f33b5de4857210c34c1f2c,requirements.txt,C:\Users\leu_m\AppData\Local\Temp\repo_o60kmxt0\requirements.txt,vuln_results_final\botcity-rpa-template\pip_audit.json,vuln_results_final\botcity-rpa-template\bandit.json,vuln_results_final\botcity-rpa-template\semgrep.json,
https://github.com/victoresque/pytorch-template,pytorch-template,41dc06f6f8f3f38c6ed49f01ff7d89cd5688adc4,requirements.txt,C:\Users\leu_m\AppData\Local\Temp\repo_szek7ren\requirements.txt,vuln_results_final\pytorch-template\pip_audit.json,vuln_results_final\pytorch-template\bandit.json,vuln_results_final\pytorch-template\semgrep.json,
https://github.com/vectornguyen76/flask-rest-api-template,flask-rest-api-template,f5879b883dbceb3f248ce0c70105d2b091e4d4c2,requirements.txt,C:\Users\leu_m\AppData\Local\Temp\repo_dvu1iggr\requirements.txt,vuln_results_final\flask-rest-api-template\pip_audit.json,vuln_results_final\flask-rest-api-template\bandit.json,vuln_results_final\flask-rest-api-template\semgrep.json,
https://github.com/vana-com/vana-dlp-template,vana-dlp-template,677edb627d920bc907172003c3d300b024783fcd,pyproject.toml,C:\Users\leu_m\AppData\Local\Temp\repo_llrbjzhw\pyproject.toml,vuln_results_final\vana-dlp-template\pip_audit.json,vuln_results_final\vana-dlp-template\bandit.json,vuln_results_final\vana-dlp-template\semgrep.json,
https://github.com/vaibhavpandeyvpz/starter-python,starter-python,b72fed3825ba998dcd769a0128fa6ee8c35836c1,pyproject.toml,C:\Users\leu_m\AppData\Local\Temp\repo_9ce9mqri\pyproject.toml,vuln_results_final\starter-python\pip_audit.json,vuln_results_final\starter-python\bandit.json,vuln_results_final\starter-python\semgrep.json,
https://github.com/vahidrnaderi/django-project-structure,django-project-structure,d19137adcc429253ea803b3865b05c928cfbd5a2,pyproject.toml,C:\Users\leu_m\AppData\Local\Temp\repo_3sbxye04\pyproject.toml,vuln_results_final\django-project-structure\pip_audit.json,vuln_results_final\django-project-structure\bandit.json,vuln_results_final\django-project-structure\semgrep.json,
https://github.com/v7ren/vmc2,vmc2,4072b84c7647d77a610f1d4b1e433bb65cc1f1cf,,,vuln_results_final\vmc2\pip_audit.json,vuln_results_final\vmc2\bandit.json,vuln_results_final\vmc2\semgrep.json,
https://github.com/uwidcit/flaskmvc,flaskmvc,792c994f0f82dd3ae53e1eb3e46d97224ec5dc10,requirements.txt,C:\Users\leu_m\AppData\Local\Temp\repo_mmonaadu\requirements.txt,vuln_results_final\flaskmvc\pip_audit.json,vuln_results_final\flaskmvc\bandit.json,vuln_results_final\flaskmvc\semgrep.json,
https://github.com/uw-ssec/python-project-template,python-project-template,0823439cc833b65aa6af8929ef66ba8593d4dcbb,pyproject.toml,C:\Users\leu_m\AppData\Local\Temp\repo_5dob5g0e\pyproject.toml,vuln_results_final\python-project-template\pip_audit.json,vuln_results_final\python-project-template\bandit.json,vuln_results_final\python-project-template\semgrep.json,
https://github.com/usman5K/backend-fastapi-template,backend-fastapi-template,3c62cdd3a7680784a9070fb76e159ac2c37d1bfd,pyproject.toml,C:\Users\leu_m\AppData\Local\Temp\repo_31woki4o\pyproject.toml,vuln_results_final\backend-fastapi-template\pip_audit.json,vuln_results_final\backend-fastapi-template\bandit.json,vuln_results_final\backend-fastapi-template\semgrep.json,
https://github.com/ursais/odoo-template,odoo-template,e51c3a16a30d799c2244cdc7b669c3afb04ba428,requirements.txt,C:\Users\leu_m\AppData\Local\Temp\repo_z00ge1vy\requirements.txt,vuln_results_final\odoo-template\pip_audit.json,vuln_results_final\odoo-template\bandit.json,vuln_results_final\odoo-template\semgrep.json,
https://github.com/upsidelab/enthusiast-starter,enthusiast-starter,d7dc2b951dc85e0426ef95f854ce4f07654ba651,,,vuln_results_final\enthusiast-starter\pip_audit.json,vuln_results_final\enthusiast-starter\bandit.json,vuln_results_final\enthusiast-starter\semgrep.json,
https://github.com/upmem/dpu_kmeans,dpu_kmeans,561d209f5e73f57ff2a5445f40e0f1d9aaab9d7a,pyproject.toml,C:\Users\leu_m\AppData\Local\Temp\repo_tusw_3h9\pyproject.toml,vuln_results_final\dpu_kmeans\pip_audit.json,vuln_results_final\dpu_kmeans\bandit.json,vuln_results_final\dpu_kmeans\semgrep.json,
https://github.com/ultralytics/template,template,15c002c709412037b695ec4b1fd444d360c9230f,pyproject.toml,C:\Users\leu_m\AppData\Local\Temp\repo_l7osyvga\pyproject.toml,vuln_results_final\template\pip_audit.json,vuln_results_final\template\bandit.json,vuln_results_final\template\semgrep.json,
https://github.com/ucb-152/lab6,lab6,687dc2fda18a2d200782575d5b73ecc77844a9ce,,,vuln_results_final\lab6\pip_audit.json,vuln_results_final\lab6\bandit.json,vuln_results_final\lab6\semgrep.json,
https://github.com/tweag/python-monorepo-example,python-monorepo-example,eb87c9f6b00684924ab2bab2454bc0135e159c88,pyproject.toml,C:\Users\leu_m\AppData\Local\Temp\repo_3w6z_f5c\pyproject.toml,vuln_results_final\python-monorepo-example\pip_audit.json,vuln_results_final\python-monorepo-example\bandit.json,vuln_results_final\python-monorepo-example\semgrep.json,
https://github.com/turboBasic/python-cli-app-template,python-cli-app-template,2e489440490762ce79703df58baf7c0297bcb1ac,pyproject.toml,C:\Users\leu_m\AppData\Local\Temp\repo_rgefpl24\pyproject.toml,vuln_results_final\python-cli-app-template\pip_audit.json,vuln_results_final\python-cli-app-template\bandit.json,vuln_results_final\python-cli-app-template\semgrep.json,
https://github.com/tum-esm/ivy,ivy,36f53e496b426fb970c3ce2610b6f6ea2e093921,pyproject.toml,C:\Users\leu_m\AppData\Local\Temp\repo_z0gpmu6k\pyproject.toml,vuln_results_final\ivy\pip_audit.json,vuln_results_final\ivy\bandit.json,vuln_results_final\ivy\semgrep.json,
https://github.com/tuhinmallick/streamlit-project-template,streamlit-project-template,479026ed7aaee2f4e50eedcc32545e922f8f9643,requirements.txt,C:\Users\leu_m\AppData\Local\Temp\repo_yrik9xpi\requirements.txt,vuln_results_final\streamlit-project-template\pip_audit.json,vuln_results_final\streamlit-project-template\bandit.json,vuln_results_final\streamlit-project-template\semgrep.json,
https://github.com/tugrulates/template-python,template-python,dd46e290707e45beb87bd3255901f47a4846ff32,pyproject.toml,C:\Users\leu_m\AppData\Local\Temp\repo_ptiwlw2k\pyproject.toml,vuln_results_final\template-python\pip_audit.json,vuln_results_final\template-python\bandit.json,vuln_results_final\template-python\semgrep.json,
https://github.com/tuan3w/obsidian-template,obsidian-template,741e11e3c6ae81a17d03bb5c4870b86256a74f4c,,,vuln_results_final\obsidian-template\pip_audit.json,vuln_results_final\obsidian-template\bandit.json,vuln_results_final\obsidian-template\semgrep.json,
https://github.com/tturocy/starter2025a,starter2025a,01184bda8c7dc6ef203b8718a3eeb4c271a3e231,requirements.txt,C:\Users\leu_m\AppData\Local\Temp\repo_tdpj335e\requirements.txt,vuln_results_final\starter2025a\pip_audit.json,vuln_results_final\starter2025a\bandit.json,vuln_results_final\starter2025a\semgrep.json,
https://github.com/tshu-w/lightning-template,lightning-template,083a0b8ac1af1f60eefdb0c0ffc454f4c8d5d782,requirements.txt,C:\Users\leu_m\AppData\Local\Temp\repo_t9dvkv5z\requirements.txt,vuln_results_final\lightning-template\pip_audit.json,vuln_results_final\lightning-template\bandit.json,vuln_results_final\lightning-template\semgrep.json,
https://github.com/trr266/aws-otree-template,aws-otree-template,05a01d68b82a5557d547d8851ecbaf62a0bdd0bb,requirements.txt,C:\Users\leu_m\AppData\Local\Temp\repo_dquv3pjx\requirements.txt,vuln_results_final\aws-otree-template\pip_audit.json,vuln_results_final\aws-otree-template\bandit.json,vuln_results_final\aws-otree-template\semgrep.json,
https://github.com/trin94/PySide6-project-template,PySide6-project-template,42e80440c10e456becd7517f085345c25f07113b,pyproject.toml,C:\Users\leu_m\AppData\Local\Temp\repo_kd3439sh\pyproject.toml,vuln_results_final\PySide6-project-template\pip_audit.json,vuln_results_final\PySide6-project-template\bandit.json,vuln_results_final\PySide6-project-template\semgrep.json,
https://github.com/tomasanchez/cosmic-fastapi,cosmic-fastapi,61a6ab2b976b06ba060afefd0aab1ffe1d0d6bae,pyproject.toml,C:\Users\leu_m\AppData\Local\Temp\repo_ih83eydy\pyproject.toml,vuln_results_final\cosmic-fastapi\pip_audit.json,vuln_results_final\cosmic-fastapi\bandit.json,vuln_results_final\cosmic-fastapi\semgrep.json,
https://github.com/tobiasvanderwerff/cuda-pytorch-template,cuda-pytorch-template,189908f4fb21b3470463897e826d79d81ffeed6e,requirements.txt,C:\Users\leu_m\AppData\Local\Temp\repo_f4nmxg7k\requirements.txt,vuln_results_final\cuda-pytorch-template\pip_audit.json,vuln_results_final\cuda-pytorch-template\bandit.json,vuln_results_final\cuda-pytorch-template\semgrep.json,
https://github.com/tmlabonte/milkshake,milkshake,86a89e5b72e2da15328df414a72bc90b2555c036,pyproject.toml,C:\Users\leu_m\AppData\Local\Temp\repo_y2d0oebb\pyproject.toml,vuln_results_final\milkshake\pip_audit.json,vuln_results_final\milkshake\bandit.json,vuln_results_final\milkshake\semgrep.json,
https://github.com/tlpss/research-template,research-template,eb50309d215cf8492a6cddfe982cd2f45177dd4f,requirements.txt,C:\Users\leu_m\AppData\Local\Temp\repo_p2wx_huv\requirements.txt,vuln_results_final\research-template\pip_audit.json,vuln_results_final\research-template\bandit.json,vuln_results_final\research-template\semgrep.json,
https://github.com/tjbencomo/ngs-pipeline,ngs-pipeline,73694bbb103c3f50de9cb7af956d621e3a8aca56,,,vuln_results_final\ngs-pipeline\pip_audit.json,vuln_results_final\ngs-pipeline\bandit.json,vuln_results_final\ngs-pipeline\semgrep.json,
https://github.com/timlau/adw_template_app,adw_template_app,4bed33048eb6d5870fc0630fe60ed07f5e13fcb3,,,vuln_results_final\adw_template_app\pip_audit.json,vuln_results_final\adw_template_app\bandit.json,vuln_results_final\adw_template_app\semgrep.json,
https://github.com/tilnoene/competitive-programming-template,competitive-programming-template,047932bdc7141a5f9341ee50dffd83dce414c57a,,,vuln_results_final\competitive-programming-template\pip_audit.json,vuln_results_final\competitive-programming-template\bandit.json,vuln_results_final\competitive-programming-template\semgrep.json,
https://github.com/til-ai/til-25,til-25,486032a271362195d7a120662030b1ebc81c9994,,,vuln_results_final\til-25\pip_audit.json,vuln_results_final\til-25\bandit.json,vuln_results_final\til-25\semgrep.json,
https://github.com/threeal/python-starter,python-starter,3da2c65fb278b5c60e05dcb1c8dc254430f7b0d6,pyproject.toml,C:\Users\leu_m\AppData\Local\Temp\repo_3l2br28t\pyproject.toml,vuln_results_final\python-starter\pip_audit.json,vuln_results_final\python-starter\bandit.json,vuln_results_final\python-starter\semgrep.json,
https://github.com/thombashi/python-lib-project-template,python-lib-project-template,7e7e5306ed05189169ec688d8861f0bb40fe1231,pyproject.toml,C:\Users\leu_m\AppData\Local\Temp\repo_74caw3uf\pyproject.toml,vuln_results_final\python-lib-project-template\pip_audit.json,vuln_results_final\python-lib-project-template\bandit.json,vuln_results_final\python-lib-project-template\semgrep.json,
https://github.com/thevahidal/jake,jake,3e39194775eab0fa8e290639ddbc3a91dc32ed90,pyproject.toml,C:\Users\leu_m\AppData\Local\Temp\repo_5xo21x8t\pyproject.toml,vuln_results_final\jake\pip_audit.json,vuln_results_final\jake\bandit.json,vuln_results_final\jake\semgrep.json,
https://github.com/therealthoren/python-selenium-scraper-template,python-selenium-scraper-template,d8f23f6b9eb6acd5659f1b171383ccc3bd39b358,,,vuln_results_final\python-selenium-scraper-template\pip_audit.json,vuln_results_final\python-selenium-scraper-template\bandit.json,vuln_results_final\python-selenium-scraper-template\semgrep.json,
https://github.com/therden/skeletal_flask,skeletal_flask,dad59b4608d7b93f064ef581b2d0e9ee20968307,requirements.txt,C:\Users\leu_m\AppData\Local\Temp\repo_u4ngck3v\requirements.txt,vuln_results_final\skeletal_flask\pip_audit.json,vuln_results_final\skeletal_flask\bandit.json,vuln_results_final\skeletal_flask\semgrep.json,
https://github.com/thepbordin/YOLOv5-Streamlit-Deployment,YOLOv5-Streamlit-Deployment,7e013edeea176077b0ecbb0a6bfef5307741767c,requirements.txt,C:\Users\leu_m\AppData\Local\Temp\repo_vqaqjy2f\requirements.txt,vuln_results_final\YOLOv5-Streamlit-Deployment\pip_audit.json,vuln_results_final\YOLOv5-Streamlit-Deployment\bandit.json,vuln_results_final\YOLOv5-Streamlit-Deployment\semgrep.json,
https://github.com/theluqmn/Matta,Matta,65ac38222762112d10ddf9229fdf7296631fe685,requirements.txt,C:\Users\leu_m\AppData\Local\Temp\repo_2kuyq711\requirements.txt,vuln_results_final\Matta\pip_audit.json,vuln_results_final\Matta\bandit.json,vuln_results_final\Matta\semgrep.json,
https://github.com/thecircleisround/pywebview-vue3-boilerplate,pywebview-vue3-boilerplate,c94beb279442702759c1793be30f93b740bb2836,requirements.txt,C:\Users\leu_m\AppData\Local\Temp\repo_pve2twsd\requirements.txt,vuln_results_final\pywebview-vue3-boilerplate\pip_audit.json,vuln_results_final\pywebview-vue3-boilerplate\bandit.json,vuln_results_final\pywebview-vue3-boilerplate\semgrep.json,
https://github.com/thebrownbreadtoast/the-django-boilerplate,the-django-boilerplate,c343e5c30f6fd9e4cf3dc2919fe1a0e2ced1415a,Pipfile,C:\Users\leu_m\AppData\Local\Temp\repo_f9xbnr23\Pipfile,vuln_results_final\the-django-boilerplate\pip_audit.json,vuln_results_final\the-django-boilerplate\bandit.json,vuln_results_final\the-django-boilerplate\semgrep.json,
https://github.com/thangbuiq/databricks-spark-app-starter,databricks-spark-app-starter,cf801d2b86b9e24c77cddb945ea1c799e208d53a,pyproject.toml,C:\Users\leu_m\AppData\Local\Temp\repo_g00osnoe\pyproject.toml,vuln_results_final\databricks-spark-app-starter\pip_audit.json,vuln_results_final\databricks-spark-app-starter\bandit.json,vuln_results_final\databricks-spark-app-starter\semgrep.json,
https://github.com/temporalio/money-transfer-project-template-python,money-transfer-project-template-python,9bcb4d951b7fde41d7787eadd5825128d579ef18,,,vuln_results_final\money-transfer-project-template-python\pip_audit.json,vuln_results_final\money-transfer-project-template-python\bandit.json,vuln_results_final\money-transfer-project-template-python\semgrep.json,
https://github.com/teamhide/fastapi-boilerplate,fastapi-boilerplate,df4e6d4f817ec187eeaf2d1c5a877b27c06bb77b,pyproject.toml,C:\Users\leu_m\AppData\Local\Temp\repo_ls7fnjrb\pyproject.toml,vuln_results_final\fastapi-boilerplate\pip_audit.json,vuln_results_final\fastapi-boilerplate\bandit.json,vuln_results_final\fastapi-boilerplate\semgrep.json,
https://github.com/teafrogsf/SI100B_DIE_Fall_2023_Repo,SI100B_DIE_Fall_2023_Repo,998546fe72cc6dc76758fbe0845e4d131044e050,,,vuln_results_final\SI100B_DIE_Fall_2023_Repo\pip_audit.json,vuln_results_final\SI100B_DIE_Fall_2023_Repo\bandit.json,vuln_results_final\SI100B_DIE_Fall_2023_Repo\semgrep.json,
https://github.com/tconbeer/harlequin-adapter-template,harlequin-adapter-template,2509a8e5a8f141e19d7d30b86a15f933638a75e0,pyproject.toml,C:\Users\leu_m\AppData\Local\Temp\repo_wgh7qx_3\pyproject.toml,vuln_results_final\harlequin-adapter-template\pip_audit.json,vuln_results_final\harlequin-adapter-template\bandit.json,vuln_results_final\harlequin-adapter-template\semgrep.json,
https://github.com/tboulet/research-project-template,research-project-template,d7be60347d05d2336ef3976dad527fd7faf01f2c,requirements.txt,C:\Users\leu_m\AppData\Local\Temp\repo_qejyf3x4\requirements.txt,vuln_results_final\research-project-template\pip_audit.json,vuln_results_final\research-project-template\bandit.json,vuln_results_final\research-project-template\semgrep.json,
https://github.com/taichi-dev/mpm_3d_exercise,mpm_3d_exercise,8e9b47c6528d1cc4380590da9c8cf7c005492fba,requirements.txt,C:\Users\leu_m\AppData\Local\Temp\repo_uzox8ipb\requirements.txt,vuln_results_final\mpm_3d_exercise\pip_audit.json,vuln_results_final\mpm_3d_exercise\bandit.json,vuln_results_final\mpm_3d_exercise\semgrep.json,
https://github.com/t1m4/fastapi_template,fastapi_template,e2144405fa5fe64a13c11c9b0fcf9f6abe90fba9,pyproject.toml,C:\Users\leu_m\AppData\Local\Temp\repo_1fezutmg\pyproject.toml,vuln_results_final\fastapi_template\pip_audit.json,vuln_results_final\fastapi_template\bandit.json,vuln_results_final\fastapi_template\semgrep.json,
https://github.com/szeyu/streamlit-authentication-template,streamlit-authentication-template,926d4dcc93086dd212e804bcb5c362ebe1cfbe33,requirements.txt,C:\Users\leu_m\AppData\Local\Temp\repo_e2e3crkk\requirements.txt,vuln_results_final\streamlit-authentication-template\pip_audit.json,vuln_results_final\streamlit-authentication-template\bandit.json,vuln_results_final\streamlit-authentication-template\semgrep.json,
https://github.com/sylhare/python-seed,python-seed,49e2f3e8d7d884c46ed6d34d0233716a66b301f9,requirements.txt,C:\Users\leu_m\AppData\Local\Temp\repo_xuymlnah\requirements.txt,vuln_results_final\python-seed\pip_audit.json,vuln_results_final\python-seed\bandit.json,vuln_results_final\python-seed\semgrep.json,
https://github.com/sunnysavita10/Project-Template-for-AI-Devlopment,Project-Template-for-AI-Devlopment,eef9b46fbbd72e91b8bf2401cc84d43d320a2269,requirements.txt,C:\Users\leu_m\AppData\Local\Temp\repo_xd_aswmd\requirements.txt,vuln_results_final\Project-Template-for-AI-Devlopment\pip_audit.json,vuln_results_final\Project-Template-for-AI-Devlopment\bandit.json,vuln_results_final\Project-Template-for-AI-Devlopment\semgrep.json,
https://github.com/sunholo-data/nextjs-fastapi-bootstrap,nextjs-fastapi-bootstrap,eed30c21bce4ee6c6565d2ed5ce8266953fad29f,,,vuln_results_final\nextjs-fastapi-bootstrap\pip_audit.json,vuln_results_final\nextjs-fastapi-bootstrap\bandit.json,vuln_results_final\nextjs-fastapi-bootstrap\semgrep.json,
https://github.com/sunbeam-labs/sbx_template,sbx_template,75d6ae4a283d5e84a4f7cfc1fc8402f3efbf9195,,,vuln_results_final\sbx_template\pip_audit.json,vuln_results_final\sbx_template\bandit.json,vuln_results_final\sbx_template\semgrep.json,
https://github.com/stribny/sidewinder,sidewinder,b44bcb360d8a80facb43bcbc45aa8cb3b489a66f,pyproject.toml,C:\Users\leu_m\AppData\Local\Temp\repo_a8dq346e\pyproject.toml,vuln_results_final\sidewinder\pip_audit.json,vuln_results_final\sidewinder\bandit.json,vuln_results_final\sidewinder\semgrep.json,
https://github.com/streamlit/support-tickets-template,support-tickets-template,7f3ffe38d0a8719631ff802f066ed0b4589e2c20,requirements.txt,C:\Users\leu_m\AppData\Local\Temp\repo_dk752zup\requirements.txt,vuln_results_final\support-tickets-template\pip_audit.json,vuln_results_final\support-tickets-template\bandit.json,vuln_results_final\support-tickets-template\semgrep.json,
https://github.com/streamlit/movies-dataset-template,movies-dataset-template,c4147a30eaa5658cb708375be1588c0166b26d05,requirements.txt,C:\Users\leu_m\AppData\Local\Temp\repo_ggyvuhah\requirements.txt,vuln_results_final\movies-dataset-template\pip_audit.json,vuln_results_final\movies-dataset-template\bandit.json,vuln_results_final\movies-dataset-template\semgrep.json,
https://github.com/streamlit/inventory-tracker-template,inventory-tracker-template,f082158e7b75357ddfec7214a9980dd6f539420a,requirements.txt,C:\Users\leu_m\AppData\Local\Temp\repo_c0kdjxer\requirements.txt,vuln_results_final\inventory-tracker-template\pip_audit.json,vuln_results_final\inventory-tracker-template\bandit.json,vuln_results_final\inventory-tracker-template\semgrep.json,
https://github.com/streamlit/gdp-dashboard-template,gdp-dashboard-template,bde277efa52abe8d992c4d044af90ecde5085e23,requirements.txt,C:\Users\leu_m\AppData\Local\Temp\repo_unwtlzt6\requirements.txt,vuln_results_final\gdp-dashboard-template\pip_audit.json,vuln_results_final\gdp-dashboard-template\bandit.json,vuln_results_final\gdp-dashboard-template\semgrep.json,
https://github.com/streamlit/document-qa-template,document-qa-template,445e403ad24b4bb6d1c289a180080f6a44d62044,requirements.txt,C:\Users\leu_m\AppData\Local\Temp\repo_0vh7q8z0\requirements.txt,vuln_results_final\document-qa-template\pip_audit.json,vuln_results_final\document-qa-template\bandit.json,vuln_results_final\document-qa-template\semgrep.json,
https://github.com/streamlit/chatbot-template,chatbot-template,57a7f68c988426b96878ecd662bf92d34a606c12,requirements.txt,C:\Users\leu_m\AppData\Local\Temp\repo_40dx3frf\requirements.txt,vuln_results_final\chatbot-template\pip_audit.json,vuln_results_final\chatbot-template\bandit.json,vuln_results_final\chatbot-template\semgrep.json,
https://github.com/streamlit/blank-app-template,blank-app-template,4f2b2b5095ae532b3547335d853d505b0ac67a0f,requirements.txt,C:\Users\leu_m\AppData\Local\Temp\repo_quar9npj\requirements.txt,vuln_results_final\blank-app-template\pip_audit.json,vuln_results_final\blank-app-template\bandit.json,vuln_results_final\blank-app-template\semgrep.json,
https://github.com/streamlit/basic-template,basic-template,e66bc54eacf6fe0699051427f630123d53e73c93,requirements.txt,C:\Users\leu_m\AppData\Local\Temp\repo_igbw1njt\requirements.txt,vuln_results_final\basic-template\pip_audit.json,vuln_results_final\basic-template\bandit.json,vuln_results_final\basic-template\semgrep.json,
https://github.com/streamlit/Support-Ticket-Workflow,Support-Ticket-Workflow,d2817feb558005301560012b8bcc0d0ae9d18cb9,requirements.txt,C:\Users\leu_m\AppData\Local\Temp\repo_krx8wnaa\requirements.txt,vuln_results_final\Support-Ticket-Workflow\pip_audit.json,vuln_results_final\Support-Ticket-Workflow\bandit.json,vuln_results_final\Support-Ticket-Workflow\semgrep.json,
https://github.com/streamlit/ML-Model-Builder,ML-Model-Builder,ead2b82ed2e41b99c21158eef79868d0e71e0828,requirements.txt,C:\Users\leu_m\AppData\Local\Temp\repo_0_abolf_\requirements.txt,vuln_results_final\ML-Model-Builder\pip_audit.json,vuln_results_final\ML-Model-Builder\bandit.json,vuln_results_final\ML-Model-Builder\semgrep.json,
https://github.com/streamlit/Interactive-Data-Explorer,Interactive-Data-Explorer,128499ebcdc84dac89876100e47c1830149dddd4,requirements.txt,C:\Users\leu_m\AppData\Local\Temp\repo_8vuxm45v\requirements.txt,vuln_results_final\Interactive-Data-Explorer\pip_audit.json,vuln_results_final\Interactive-Data-Explorer\bandit.json,vuln_results_final\Interactive-Data-Explorer\semgrep.json,
https://github.com/streamlit/GDP-Dashboard,GDP-Dashboard,b0ff66224180a1e42d19467a23ac3105c7760740,requirements.txt,C:\Users\leu_m\AppData\Local\Temp\repo_zhs1pyjx\requirements.txt,vuln_results_final\GDP-Dashboard\pip_audit.json,vuln_results_final\GDP-Dashboard\bandit.json,vuln_results_final\GDP-Dashboard\semgrep.json,
https://github.com/streamlit/Data-Annotation-Template,Data-Annotation-Template,8884b0338534aa52c7fb2b5e8534c10540aff46a,requirements.txt,C:\Users\leu_m\AppData\Local\Temp\repo_u6wnfop8\requirements.txt,vuln_results_final\Data-Annotation-Template\pip_audit.json,vuln_results_final\Data-Annotation-Template\bandit.json,vuln_results_final\Data-Annotation-Template\semgrep.json,
https://github.com/streamlit/30days,30days,2444b0425d6a0b446c788fdb0e0c776550614455,requirements.txt,C:\Users\leu_m\AppData\Local\Temp\repo_4ya_fa1s\requirements.txt,vuln_results_final\30days\pip_audit.json,vuln_results_final\30days\bandit.json,vuln_results_final\30days\semgrep.json,
https://github.com/stevephary/fastapi-base,fastapi-base,8b7707cd1b51f9c8d4b76d78cfaf73fd1f837bfa,pyproject.toml,C:\Users\leu_m\AppData\Local\Temp\repo_6co8zwec\pyproject.toml,vuln_results_final\fastapi-base\pip_audit.json,vuln_results_final\fastapi-base\bandit.json,vuln_results_final\fastapi-base\semgrep.json,
https://github.com/steamship-core/prompt-api-template,prompt-api-template,b6fea3358e299c1ca03bbfcf23b6e17155544d2c,requirements.txt,C:\Users\leu_m\AppData\Local\Temp\repo_yc5oopph\requirements.txt,vuln_results_final\prompt-api-template\pip_audit.json,vuln_results_final\prompt-api-template\bandit.json,vuln_results_final\prompt-api-template\semgrep.json,
https://github.com/steamship-core/multimodal-agent-starter,multimodal-agent-starter,8c3561aa37a873dc4ce8b9b6d63e70af0fb3cecd,,,vuln_results_final\multimodal-agent-starter\pip_audit.json,vuln_results_final\multimodal-agent-starter\bandit.json,vuln_results_final\multimodal-agent-starter\semgrep.json,
https://github.com/stactools-packages/template,template,e7e652ac6a8bc5fcecd454a598c524098fced31d,pyproject.toml,C:\Users\leu_m\AppData\Local\Temp\repo_z82va0k6\pyproject.toml,vuln_results_final\template\pip_audit.json,vuln_results_final\template\bandit.json,vuln_results_final\template\semgrep.json,
https://github.com/stacklandsdev/mod-template,mod-template,5d246cb4ef7ea9521bf8d94eb52707b5415750f5,,,vuln_results_final\mod-template\pip_audit.json,vuln_results_final\mod-template\bandit.json,vuln_results_final\mod-template\semgrep.json,
https://github.com/st7ma784/MLSlurmTemplate,MLSlurmTemplate,66d2385ba8d2925f556e27ea511d8d16a8b580f1,requirements.txt,C:\Users\leu_m\AppData\Local\Temp\repo_ev7ii4t2\requirements.txt,vuln_results_final\MLSlurmTemplate\pip_audit.json,vuln_results_final\MLSlurmTemplate\bandit.json,vuln_results_final\MLSlurmTemplate\semgrep.json,
https://github.com/ssec-jhu/base-template,base-template,5bbe08afea52b6b499ec094bc52f07dd7889bf31,pyproject.toml,C:\Users\leu_m\AppData\Local\Temp\repo__gzsdl3s\pyproject.toml,vuln_results_final\base-template\pip_audit.json,vuln_results_final\base-template\bandit.json,vuln_results_final\base-template\semgrep.json,
https://github.com/ssciwr/python-project-template,python-project-template,9c0cc1fa6d09d298cdeaff70dc1eae3ca0bf7692,requirements.txt,C:\Users\leu_m\AppData\Local\Temp\repo_8a0hj5ky\requirements.txt,vuln_results_final\python-project-template\pip_audit.json,vuln_results_final\python-project-template\bandit.json,vuln_results_final\python-project-template\semgrep.json,
https://github.com/sqlmerr/aiogram-bot-template,aiogram-bot-template,db47310801fa84545ed0c5b28b757f320135c694,pyproject.toml,C:\Users\leu_m\AppData\Local\Temp\repo_npf7mapc\pyproject.toml,vuln_results_final\aiogram-bot-template\pip_audit.json,vuln_results_final\aiogram-bot-template\bandit.json,vuln_results_final\aiogram-bot-template\semgrep.json,
https://github.com/specklesystems/speckle_automate_python_example,speckle_automate_python_example,4bcf005f4a8ff5556165e5cdf690f4e26a72002b,pyproject.toml,C:\Users\leu_m\AppData\Local\Temp\repo_f6lz7um5\pyproject.toml,vuln_results_final\speckle_automate_python_example\pip_audit.json,vuln_results_final\speckle_automate_python_example\bandit.json,vuln_results_final\speckle_automate_python_example\semgrep.json,
https://github.com/spacetelescope/stsci-package-template,stsci-package-template,0ef6fc0b64ff203090291e25351148caa65bba28,pyproject.toml,C:\Users\leu_m\AppData\Local\Temp\repo_niu3d508\pyproject.toml,vuln_results_final\stsci-package-template\pip_audit.json,vuln_results_final\stsci-package-template\bandit.json,vuln_results_final\stsci-package-template\semgrep.json,
https://github.com/soxoj/osint-cli-tool-skeleton,osint-cli-tool-skeleton,31626a36fcc2b39b0f29670d9c664d2e197db377,requirements.txt,C:\Users\leu_m\AppData\Local\Temp\repo_4i2gzmy5\requirements.txt,vuln_results_final\osint-cli-tool-skeleton\pip_audit.json,vuln_results_final\osint-cli-tool-skeleton\bandit.json,vuln_results_final\osint-cli-tool-skeleton\semgrep.json,
https://github.com/sonwe1e/DeepLearningTemplate,DeepLearningTemplate,552c7144f520001a9b4d7f00ca0ed20e68f1c2ea,requirements.txt,C:\Users\leu_m\AppData\Local\Temp\repo_ycpixzbj\requirements.txt,vuln_results_final\DeepLearningTemplate\pip_audit.json,vuln_results_final\DeepLearningTemplate\bandit.json,vuln_results_final\DeepLearningTemplate\semgrep.json,
https://github.com/songquanpeng/songquanpeng,songquanpeng,d9a161c604c5958e426dd1e79554e596a6222230,requirements.txt,C:\Users\leu_m\AppData\Local\Temp\repo_uec65241\requirements.txt,vuln_results_final\songquanpeng\pip_audit.json,vuln_results_final\songquanpeng\bandit.json,vuln_results_final\songquanpeng\semgrep.json,
https://github.com/sonervergon/typethon,typethon,48617ce5de21be4d7d45408fe9cb3b1128116f07,,,vuln_results_final\typethon\pip_audit.json,vuln_results_final\typethon\bandit.json,vuln_results_final\typethon\semgrep.json,
https://github.com/sohanjanaka/ros2-docker-quickstarter,ros2-docker-quickstarter,c47b09873719509d7c76e5f27c31607fbba351a5,,,vuln_results_final\ros2-docker-quickstarter\pip_audit.json,vuln_results_final\ros2-docker-quickstarter\bandit.json,vuln_results_final\ros2-docker-quickstarter\semgrep.json,
https://github.com/snnbotchway/django-starter-kit,django-starter-kit,e2f180b86131bcc16b28692bde940723c0dd2888,,,vuln_results_final\django-starter-kit\pip_audit.json,vuln_results_final\django-starter-kit\bandit.json,vuln_results_final\django-starter-kit\semgrep.json,
https://github.com/snakemake-workflows/snakemake-workflow-template,snakemake-workflow-template,c7bb8f6d4a62f6524327251e09b08a8a0b087c64,,,vuln_results_final\snakemake-workflow-template\pip_audit.json,vuln_results_final\snakemake-workflow-template\bandit.json,vuln_results_final\snakemake-workflow-template\semgrep.json,
https://github.com/smorinlabs/py-launch-blueprint,py-launch-blueprint,1c84afa61f2abc7201f79fe590fe7ecb8a54b284,pyproject.toml,C:\Users\leu_m\AppData\Local\Temp\repo_jcvh0do5\pyproject.toml,vuln_results_final\py-launch-blueprint\pip_audit.json,vuln_results_final\py-launch-blueprint\bandit.json,vuln_results_final\py-launch-blueprint\semgrep.json,
https://github.com/smoke-wolf/GitHub-Package-Manager,GitHub-Package-Manager,e4f6ff18e68ad3758a5cff855e16a1e4c2bab7f9,,,vuln_results_final\GitHub-Package-Manager\pip_audit.json,vuln_results_final\GitHub-Package-Manager\bandit.json,vuln_results_final\GitHub-Package-Manager\semgrep.json,
https://github.com/slack-samples/bolt-python-starter-template,bolt-python-starter-template,92fa92dc345bffe2d476dbd809b353160360ed57,requirements.txt,C:\Users\leu_m\AppData\Local\Temp\repo_vyuwed9a\requirements.txt,vuln_results_final\bolt-python-starter-template\pip_audit.json,vuln_results_final\bolt-python-starter-template\bandit.json,vuln_results_final\bolt-python-starter-template\semgrep.json,
https://github.com/slack-samples/bolt-python-custom-step-template,bolt-python-custom-step-template,2f16f3109307dd08a9e9917306738c7ab4caa921,requirements.txt,C:\Users\leu_m\AppData\Local\Temp\repo_u4wuzdm8\requirements.txt,vuln_results_final\bolt-python-custom-step-template\pip_audit.json,vuln_results_final\bolt-python-custom-step-template\bandit.json,vuln_results_final\bolt-python-custom-step-template\semgrep.json,
https://github.com/sjquant/fastapi-all-in-one,fastapi-all-in-one,604f90e8ac697c08cc911d143840e6ad47276506,pyproject.toml,C:\Users\leu_m\AppData\Local\Temp\repo_w0370u3e\pyproject.toml,vuln_results_final\fastapi-all-in-one\pip_audit.json,vuln_results_final\fastapi-all-in-one\bandit.json,vuln_results_final\fastapi-all-in-one\semgrep.json,
https://github.com/sirrobot01/django-quickstarter,django-quickstarter,8bf1e721b78d98a5c4a457eafb84bb91c781d19f,requirements.txt,C:\Users\leu_m\AppData\Local\Temp\repo_ebeh4x7x\requirements.txt,vuln_results_final\django-quickstarter\pip_audit.json,vuln_results_final\django-quickstarter\bandit.json,vuln_results_final\django-quickstarter\semgrep.json,
https://github.com/simplecto/django-reference-implementation,django-reference-implementation,91157cf55db4b7c3cf9d5cdaf9abeec88ac5f942,pyproject.toml,C:\Users\leu_m\AppData\Local\Temp\repo_b3ng1n4m\pyproject.toml,vuln_results_final\django-reference-implementation\pip_audit.json,vuln_results_final\django-reference-implementation\bandit.json,vuln_results_final\django-reference-implementation\semgrep.json,
https://github.com/silvioramalho/django-startup-rest-api,django-startup-rest-api,924e4155f66b8f09b04281ec7040b1d093cdeecc,requirements.txt,C:\Users\leu_m\AppData\Local\Temp\repo_ondsai0g\requirements.txt,vuln_results_final\django-startup-rest-api\pip_audit.json,vuln_results_final\django-startup-rest-api\bandit.json,vuln_results_final\django-startup-rest-api\semgrep.json,
https://github.com/shipyard/localstack-flask,localstack-flask,d61b6294a7bb704db100481861b281e857bc8605,pyproject.toml,C:\Users\leu_m\AppData\Local\Temp\repo_ksbyjg9f\pyproject.toml,vuln_results_final\localstack-flask\pip_audit.json,vuln_results_final\localstack-flask\bandit.json,vuln_results_final\localstack-flask\semgrep.json,
https://github.com/shipyard/flask-starter,flask-starter,8d35428a6db09eecac5b6ca057cee973b60553dc,pyproject.toml,C:\Users\leu_m\AppData\Local\Temp\repo_pffw6bh_\pyproject.toml,vuln_results_final\flask-starter\pip_audit.json,vuln_results_final\flask-starter\bandit.json,vuln_results_final\flask-starter\semgrep.json,
https://github.com/shipyard/django-starter,django-starter,ac023cd2775b2e4d61a6f3f3e263ee32172e07e0,pyproject.toml,C:\Users\leu_m\AppData\Local\Temp\repo_p42l33r3\pyproject.toml,vuln_results_final\django-starter\pip_audit.json,vuln_results_final\django-starter\bandit.json,vuln_results_final\django-starter\semgrep.json,
https://github.com/shenxiangzhuang/mppt,mppt,094024aa6ba01c9fb3a312c73c9bd9b2811d3c83,pyproject.toml,C:\Users\leu_m\AppData\Local\Temp\repo_6ahm78ou\pyproject.toml,vuln_results_final\mppt\pip_audit.json,vuln_results_final\mppt\bandit.json,vuln_results_final\mppt\semgrep.json,
https://github.com/shenmishajing/lightning_project_template,lightning_project_template,be5c3ae5d070efb8aff8f3d0819d1b100d18349c,pyproject.toml,C:\Users\leu_m\AppData\Local\Temp\repo_5aqc1cpg\pyproject.toml,vuln_results_final\lightning_project_template\pip_audit.json,vuln_results_final\lightning_project_template\bandit.json,vuln_results_final\lightning_project_template\semgrep.json,
https://github.com/shaz13/katana,katana,1f1b49d66c62d81b1b5fd8be31fd3dcf8fdfd725,requirements.txt,C:\Users\leu_m\AppData\Local\Temp\repo_p5j7nrti\requirements.txt,vuln_results_final\katana\pip_audit.json,vuln_results_final\katana\bandit.json,vuln_results_final\katana\semgrep.json,
https://github.com/sfarrens/pyralid-template,pyralid-template,fefad2cfb1e1c30674f04ae1a1a7122abc357bbd,requirements.txt,C:\Users\leu_m\AppData\Local\Temp\repo_wbtxk2nv\requirements.txt,vuln_results_final\pyralid-template\pip_audit.json,vuln_results_final\pyralid-template\bandit.json,vuln_results_final\pyralid-template\semgrep.json,
https://github.com/sentient-agi/werewolf-template,werewolf-template,58e868771b19bf1373701a884e2d92897a1b0a1c,,,vuln_results_final\werewolf-template\pip_audit.json,vuln_results_final\werewolf-template\bandit.json,vuln_results_final\werewolf-template\semgrep.json,
https://github.com/seapagan/fastapi-template,fastapi-template,ff8dcd86e057bf8326fc41b6bec2ff5398384414,requirements.txt,C:\Users\leu_m\AppData\Local\Temp\repo_urdj6qkd\requirements.txt,vuln_results_final\fastapi-template\pip_audit.json,vuln_results_final\fastapi-template\bandit.json,vuln_results_final\fastapi-template\semgrep.json,
https://github.com/se-sept-14/MAD2,MAD2,4aa79c9e909b8fde9eed29011d86bc8bd1c21eea,requirements.txt,C:\Users\leu_m\AppData\Local\Temp\repo_l5deaq0m\requirements.txt,vuln_results_final\MAD2\pip_audit.json,vuln_results_final\MAD2\bandit.json,vuln_results_final\MAD2\semgrep.json,
https://github.com/sde-kushal/beautifish.py,beautifish,e5ee515f01bbf72db97d3fa44bd9813843faa5af,,,vuln_results_final\beautifish\pip_audit.json,vuln_results_final\beautifish\bandit.json,vuln_results_final\beautifish\semgrep.json,
https://github.com/scottclowe/pytorch-experiment-template,pytorch-experiment-template,7f193e19662a16ca7ce4fb314308ee019853c4e0,requirements.txt,C:\Users\leu_m\AppData\Local\Temp\repo_t7c7jd7_\requirements.txt,vuln_results_final\pytorch-experiment-template\pip_audit.json,vuln_results_final\pytorch-experiment-template\bandit.json,vuln_results_final\pytorch-experiment-template\semgrep.json,
https://github.com/scottclowe/python-template-repo,python-template-repo,109bd76f4eb3518edf1cd03cd94373d9855909e0,requirements.txt,C:\Users\leu_m\AppData\Local\Temp\repo_ij8xp03j\requirements.txt,vuln_results_final\python-template-repo\pip_audit.json,vuln_results_final\python-template-repo\bandit.json,vuln_results_final\python-template-repo\semgrep.json,
https://github.com/scivision/hugo-flex-example,hugo-flex-example,7a23afdbee72a27bcf5b34a639d0f12879e22e7f,,,vuln_results_final\hugo-flex-example\pip_audit.json,vuln_results_final\hugo-flex-example\bandit.json,vuln_results_final\hugo-flex-example\semgrep.json,
https://github.com/scikit-learn-contrib/project-template,project-template,fc9f82eb6b998bde744ef736d4e101a9610ad5fb,pyproject.toml,C:\Users\leu_m\AppData\Local\Temp\repo_cm1h4od1\pyproject.toml,vuln_results_final\project-template\pip_audit.json,vuln_results_final\project-template\bandit.json,vuln_results_final\project-template\semgrep.json,
https://github.com/scienxlab/python-package-template,python-package-template,73300d8c1917a29433521dfc5d1281758fc5eaf6,pyproject.toml,C:\Users\leu_m\AppData\Local\Temp\repo_dej8ppvi\pyproject.toml,vuln_results_final\python-package-template\pip_audit.json,vuln_results_final\python-package-template\bandit.json,vuln_results_final\python-package-template\semgrep.json,
https://github.com/scc365/tutorial-mininet,tutorial-mininet,7f802fbae1c8ccaad54006c208075ba6514a8097,,,vuln_results_final\tutorial-mininet\pip_audit.json,vuln_results_final\tutorial-mininet\bandit.json,vuln_results_final\tutorial-mininet\semgrep.json,
https://github.com/scc365/tutorial-ken,tutorial-ken,f033d460268271d3c321f0d3cadffb3b0514827e,,,vuln_results_final\tutorial-ken\pip_audit.json,vuln_results_final\tutorial-ken\bandit.json,vuln_results_final\tutorial-ken\semgrep.json,
https://github.com/saqibur/django-project-structure,django-project-structure,5d26c347274162ac41d49a8dd6339bac2012c117,pyproject.toml,C:\Users\leu_m\AppData\Local\Temp\repo_dd8kdlin\pyproject.toml,vuln_results_final\django-project-structure\pip_audit.json,vuln_results_final\django-project-structure\bandit.json,vuln_results_final\django-project-structure\semgrep.json,
https://github.com/sanjit-sinha/TelegramBot-Boilerplate,TelegramBot-Boilerplate,6b082c649fe0b3a7ed40c9275bb83edf815c48fd,requirements.txt,C:\Users\leu_m\AppData\Local\Temp\repo_3lf6avmk\requirements.txt,vuln_results_final\TelegramBot-Boilerplate\pip_audit.json,vuln_results_final\TelegramBot-Boilerplate\bandit.json,vuln_results_final\TelegramBot-Boilerplate\semgrep.json,
https://github.com/samkennerly/pydiner,pydiner,315ee46f36c6e6c88cf73988b7ab7f7e63702a80,requirements.txt,C:\Users\leu_m\AppData\Local\Temp\repo_3dax516a\requirements.txt,vuln_results_final\pydiner\pip_audit.json,vuln_results_final\pydiner\bandit.json,vuln_results_final\pydiner\semgrep.json,
https://github.com/saifalisew1508/Music-Video,Music-Video,0310c2950076825e9876eee5e481b852197a6b30,requirements.txt,C:\Users\leu_m\AppData\Local\Temp\repo_9zfc7jj2\requirements.txt,vuln_results_final\Music-Video\pip_audit.json,vuln_results_final\Music-Video\bandit.json,vuln_results_final\Music-Video\semgrep.json,
https://github.com/sabughazal/boilerplate,boilerplate,4ee45caa14a75cb1baf799d02a0659e90d903091,requirements.txt,C:\Users\leu_m\AppData\Local\Temp\repo_f1duyigx\requirements.txt,vuln_results_final\boilerplate\pip_audit.json,vuln_results_final\boilerplate\bandit.json,vuln_results_final\boilerplate\semgrep.json,
https://github.com/saaratrix/empty-blender-add-on-template,empty-blender-add-on-template,b7da6128ddc1df639b7c42d26e859e1077a5c20a,setup.py,C:\Users\leu_m\AppData\Local\Temp\repo_46g8klkc\setup.py,vuln_results_final\empty-blender-add-on-template\pip_audit.json,vuln_results_final\empty-blender-add-on-template\bandit.json,vuln_results_final\empty-blender-add-on-template\semgrep.json,
https://github.com/rzashakeri/telegram-bot-template,telegram-bot-template,c728fea6ed67ab1426eb09ac3c94de108723a21b,requirements.txt,C:\Users\leu_m\AppData\Local\Temp\repo_3y749_40\requirements.txt,vuln_results_final\telegram-bot-template\pip_audit.json,vuln_results_final\telegram-bot-template\bandit.json,vuln_results_final\telegram-bot-template\semgrep.json,
https://github.com/runpod/serverless-ckpt-template,serverless-ckpt-template,164f09aa5f56f5c4bc13dfe38730e4c235c3034e,requirements.txt,C:\Users\leu_m\AppData\Local\Temp\repo_l0ckb70k\requirements.txt,vuln_results_final\serverless-ckpt-template\pip_audit.json,vuln_results_final\serverless-ckpt-template\bandit.json,vuln_results_final\serverless-ckpt-template\semgrep.json,
https://github.com/runpod-workers/worker-template,worker-template,03ea230656c21f789cf67b4b09aebb824348a9ed,requirements.txt,C:\Users\leu_m\AppData\Local\Temp\repo_y8ajy2fe\requirements.txt,vuln_results_final\worker-template\pip_audit.json,vuln_results_final\worker-template\bandit.json,vuln_results_final\worker-template\semgrep.json,
https://github.com/rumbarum/fastapi-boilerplate-on-di,fastapi-boilerplate-on-di,8c7bca62f64b055491c71d3daad116df7c749755,pyproject.toml,C:\Users\leu_m\AppData\Local\Temp\repo_s9an6amo\pyproject.toml,vuln_results_final\fastapi-boilerplate-on-di\pip_audit.json,vuln_results_final\fastapi-boilerplate-on-di\bandit.json,vuln_results_final\fastapi-boilerplate-on-di\semgrep.json,
https://github.com/rudrodip/fastapi-template,fastapi-template,02d45d3afbe8248d9df4d433bb1991f6a15e5f1e,pyproject.toml,C:\Users\leu_m\AppData\Local\Temp\repo_h1m93q_n\pyproject.toml,vuln_results_final\fastapi-template\pip_audit.json,vuln_results_final\fastapi-template\bandit.json,vuln_results_final\fastapi-template\semgrep.json,
https://github.com/rruiter87/TcTemplate,TcTemplate,95ecc5edfe5e794afb13de15084bbe71910da29c,,,vuln_results_final\TcTemplate\pip_audit.json,vuln_results_final\TcTemplate\bandit.json,vuln_results_final\TcTemplate\semgrep.json,
https://github.com/rrherr/dash-template,dash-template,fe5d2adeddbcc8df69d95b69bc52e69b26c1453d,Pipfile,C:\Users\leu_m\AppData\Local\Temp\repo_5ktptni4\Pipfile,vuln_results_final\dash-template\pip_audit.json,vuln_results_final\dash-template\bandit.json,vuln_results_final\dash-template\semgrep.json,
https://github.com/rpwagner/pyodide-ext,pyodide-ext,4daec9623bfbf37ea5db682c74fc6efe7656f419,requirements.txt,C:\Users\leu_m\AppData\Local\Temp\repo__ko8tbcm\requirements.txt,vuln_results_final\pyodide-ext\pip_audit.json,vuln_results_final\pyodide-ext\bandit.json,vuln_results_final\pyodide-ext\semgrep.json,
https://github.com/rozeappletree/fastapi-template,fastapi-template,b6f2e7eca0d43fc0259eb8fd2406613d1be29849,requirements.txt,C:\Users\leu_m\AppData\Local\Temp\repo_1msso0lw\requirements.txt,vuln_results_final\fastapi-template\pip_audit.json,vuln_results_final\fastapi-template\bandit.json,vuln_results_final\fastapi-template\semgrep.json,
https://github.com/roniemartinez/docker-django-template,docker-django-template,fc9e08dc20714a2d8a7a14e537453dfbf4740615,pyproject.toml,C:\Users\leu_m\AppData\Local\Temp\repo_vqyyy0el\pyproject.toml,vuln_results_final\docker-django-template\pip_audit.json,vuln_results_final\docker-django-template\bandit.json,vuln_results_final\docker-django-template\semgrep.json,
https://github.com/rom1504/python-template,python-template,56c1bfc0440ba70fdbbd2a4ebf2550feb4a64cc6,requirements.txt,C:\Users\leu_m\AppData\Local\Temp\repo_7mvuuhxq\requirements.txt,vuln_results_final\python-template\pip_audit.json,vuln_results_final\python-template\bandit.json,vuln_results_final\python-template\semgrep.json,
https://github.com/rocketgram/rocketgram-template,rocketgram-template,b6c4a6b9e9b84ba877cebc1996ca99f58e9e9882,requirements.txt,C:\Users\leu_m\AppData\Local\Temp\repo_vp7gyrn1\requirements.txt,vuln_results_final\rocketgram-template\pip_audit.json,vuln_results_final\rocketgram-template\bandit.json,vuln_results_final\rocketgram-template\semgrep.json,
https://github.com/robotdad/python-template,python-template,9d1ab63bad1124c2c63bdd4526aafcd480d33561,pyproject.toml,C:\Users\leu_m\AppData\Local\Temp\repo_4e3fnms_\pyproject.toml,vuln_results_final\python-template\pip_audit.json,vuln_results_final\python-template\bandit.json,vuln_results_final\python-template\semgrep.json,
https://github.com/robert-lieck/pythontemplatepackage,pythontemplatepackage,320c3985883ee4e2f72470ecbaa0f3693cd9626d,requirements.txt,C:\Users\leu_m\AppData\Local\Temp\repo_j3cnkm62\requirements.txt,vuln_results_final\pythontemplatepackage\pip_audit.json,vuln_results_final\pythontemplatepackage\bandit.json,vuln_results_final\pythontemplatepackage\semgrep.json,
https://github.com/robamu-org/rpi-rs-crosscompile,rpi-rs-crosscompile,b4a3dda13d8462ca10c6d0e785c3802be32ed025,,,vuln_results_final\rpi-rs-crosscompile\pip_audit.json,vuln_results_final\rpi-rs-crosscompile\bandit.json,vuln_results_final\rpi-rs-crosscompile\semgrep.json,
https://github.com/rnegron/django-project-template,django-project-template,666a02e4bbcda5cbc53335b705e09fc17ab8a989,pyproject.toml,C:\Users\leu_m\AppData\Local\Temp\repo_4m_0uco2\pyproject.toml,vuln_results_final\django-project-template\pip_audit.json,vuln_results_final\django-project-template\bandit.json,vuln_results_final\django-project-template\semgrep.json,
https://github.com/rl-institut/super-repo,super-repo,236f3874bc78ff76275c4cacb2c5878fb50ba9b4,requirements.txt,C:\Users\leu_m\AppData\Local\Temp\repo_7ijwf7na\requirements.txt,vuln_results_final\super-repo\pip_audit.json,vuln_results_final\super-repo\bandit.json,vuln_results_final\super-repo\semgrep.json,
https://github.com/rjkiv/jeff-template,jeff-template,b18cafdda14018bded39bf1d9ad6246f6b491fd3,,,vuln_results_final\jeff-template\pip_audit.json,vuln_results_final\jeff-template\bandit.json,vuln_results_final\jeff-template\semgrep.json,
https://github.com/riad-azz/flask-template,flask-template,045a31a0643664c0a6daa48e24378008c576d336,requirements.txt,C:\Users\leu_m\AppData\Local\Temp\repo_fbikzawm\requirements.txt,vuln_results_final\flask-template\pip_audit.json,vuln_results_final\flask-template\bandit.json,vuln_results_final\flask-template\semgrep.json,
https://github.com/rezabojnordi/sre_devops_command,sre_devops_command,a52ec49211b2f3c3472079b3042c40fba07a33b8,,,vuln_results_final\sre_devops_command\pip_audit.json,vuln_results_final\sre_devops_command\bandit.json,vuln_results_final\sre_devops_command\semgrep.json,
https://github.com/rerun-io/rerun_template,rerun_template,d7ab54cfb4f61774af107a7f833b40cbbbb48f22,requirements.txt,C:\Users\leu_m\AppData\Local\Temp\repo_ji6n3195\requirements.txt,vuln_results_final\rerun_template\pip_audit.json,vuln_results_final\rerun_template\bandit.json,vuln_results_final\rerun_template\semgrep.json,
https://github.com/replicate/cog-comfyui,cog-comfyui,f993e4a8f2f570e53cd942731d723f81230f3ee0,requirements.txt,C:\Users\leu_m\AppData\Local\Temp\repo_t9hzd1p_\requirements.txt,vuln_results_final\cog-comfyui\pip_audit.json,vuln_results_final\cog-comfyui\bandit.json,vuln_results_final\cog-comfyui\semgrep.json,
https://github.com/render-examples/fastapi,fastapi,f829276c68503f7afae195c3e3f778f085242cb0,requirements.txt,C:\Users\leu_m\AppData\Local\Temp\repo_xz7_lgkx\requirements.txt,vuln_results_final\fastapi\pip_audit.json,vuln_results_final\fastapi\bandit.json,vuln_results_final\fastapi\semgrep.json,
https://github.com/reinhud/async-fastapi-postgres-template,async-fastapi-postgres-template,c5d64f86efaa1e1da11f7fae10990158d692215f,,,vuln_results_final\async-fastapi-postgres-template\pip_audit.json,vuln_results_final\async-fastapi-postgres-template\bandit.json,vuln_results_final\async-fastapi-postgres-template\semgrep.json,
https://github.com/realkarych/aioplate,aioplate,950e5b6abb14e8ef201ff44bc92772a9e6344945,pyproject.toml,C:\Users\leu_m\AppData\Local\Temp\repo_7eoytc3x\pyproject.toml,vuln_results_final\aioplate\pip_audit.json,vuln_results_final\aioplate\bandit.json,vuln_results_final\aioplate\semgrep.json,
https://github.com/readthedocs/tutorial-template,tutorial-template,f594c40889a4d9949339bd4e0d64275fc99c22f5,pyproject.toml,C:\Users\leu_m\AppData\Local\Temp\repo_jwhfriia\pyproject.toml,vuln_results_final\tutorial-template\pip_audit.json,vuln_results_final\tutorial-template\bandit.json,vuln_results_final\tutorial-template\semgrep.json,
https://github.com/rbird404/fastapi-template,fastapi-template,2141e750e4e9a2099b2f8afe59a0b2c2c90823d5,,,vuln_results_final\fastapi-template\pip_audit.json,vuln_results_final\fastapi-template\bandit.json,vuln_results_final\fastapi-template\semgrep.json,
https://github.com/rayanramoul/ml-project-template,ml-project-template,0eb875a687e0e73c8e19088fa436a1fcc1eaa3e8,pyproject.toml,C:\Users\leu_m\AppData\Local\Temp\repo_nly8l4rf\pyproject.toml,vuln_results_final\ml-project-template\pip_audit.json,vuln_results_final\ml-project-template\bandit.json,vuln_results_final\ml-project-template\semgrep.json,
https://github.com/ran-isenberg/aws-lambda-mcp-cookbook,aws-lambda-mcp-cookbook,9d5b2dca096060e717c9d655caa587bd2ec18105,pyproject.toml,C:\Users\leu_m\AppData\Local\Temp\repo__z_i9ue_\pyproject.toml,vuln_results_final\aws-lambda-mcp-cookbook\pip_audit.json,vuln_results_final\aws-lambda-mcp-cookbook\bandit.json,vuln_results_final\aws-lambda-mcp-cookbook\semgrep.json,
https://github.com/rafsaf/minimal-fastapi-postgres-template,minimal-fastapi-postgres-template,07d2284abe9222f6e9e01a9abfa2744ac29f6e1b,pyproject.toml,C:\Users\leu_m\AppData\Local\Temp\repo_lqhlg27c\pyproject.toml,vuln_results_final\minimal-fastapi-postgres-template\pip_audit.json,vuln_results_final\minimal-fastapi-postgres-template\bandit.json,vuln_results_final\minimal-fastapi-postgres-template\semgrep.json,
https://github.com/qxf2/qxf2-page-object-model,qxf2-page-object-model,14fc9d1c0055c96e2c6f73ee89eadc6c8a317338,requirements.txt,C:\Users\leu_m\AppData\Local\Temp\repo_pqs0hn7e\requirements.txt,vuln_results_final\qxf2-page-object-model\pip_audit.json,vuln_results_final\qxf2-page-object-model\bandit.json,vuln_results_final\qxf2-page-object-model\semgrep.json,
https://github.com/quxdev/qjango,qjango,1baf2187911aa1a41e430d0d632163a49977680a,,,vuln_results_final\qjango\pip_audit.json,vuln_results_final\qjango\bandit.json,vuln_results_final\qjango\semgrep.json,
https://github.com/qiskit-community/quantum-prototype-template,quantum-prototype-template,a5daf0cc01635804979c40e776eceb1d26737b89,pyproject.toml,C:\Users\leu_m\AppData\Local\Temp\repo_zvgttyn_\pyproject.toml,vuln_results_final\quantum-prototype-template\pip_audit.json,vuln_results_final\quantum-prototype-template\bandit.json,vuln_results_final\quantum-prototype-template\semgrep.json,
https://github.com/qiskit-community/qiskit-function-templates,qiskit-function-templates,bed2e4a3da4d258a0b8388a08d2d7bcad86561de,pyproject.toml,C:\Users\leu_m\AppData\Local\Temp\repo_tgkod178\pyproject.toml,vuln_results_final\qiskit-function-templates\pip_audit.json,vuln_results_final\qiskit-function-templates\bandit.json,vuln_results_final\qiskit-function-templates\semgrep.json,
https://github.com/pyvista/pyvistaqt-exe,pyvistaqt-exe,69e842de8c0a5a60c75eebe9618df7353802be52,requirements.txt,C:\Users\leu_m\AppData\Local\Temp\repo_ea784_ra\requirements.txt,vuln_results_final\pyvistaqt-exe\pip_audit.json,vuln_results_final\pyvistaqt-exe\bandit.json,vuln_results_final\pyvistaqt-exe\semgrep.json,
https://github.com/pythoninthegrass/python_template,python_template,9afea8d5bc8f3b804b7f876178d6c72c8cba77e2,requirements.txt,C:\Users\leu_m\AppData\Local\Temp\repo_8ymuwtt3\requirements.txt,vuln_results_final\python_template\pip_audit.json,vuln_results_final\python_template\bandit.json,vuln_results_final\python_template\semgrep.json,
https://github.com/python-project-templates/python-template,python-template,f409bdf12719f6dcbf9f14a17d4632d68e0788b6,pyproject.toml,C:\Users\leu_m\AppData\Local\Temp\repo_hpedl_4g\pyproject.toml,vuln_results_final\python-template\pip_audit.json,vuln_results_final\python-template\bandit.json,vuln_results_final\python-template\semgrep.json,
https://github.com/python-microservices/cookiecutter-pyms,cookiecutter-pyms,88b640b15fb867265057578566c4e206d711aa87,,,vuln_results_final\cookiecutter-pyms\pip_audit.json,vuln_results_final\cookiecutter-pyms\bandit.json,vuln_results_final\cookiecutter-pyms\semgrep.json,
https://github.com/pwwang/liquidpy,liquidpy,d7bfced155b57c2ff9e7debdbd176d09b4dc05f3,pyproject.toml,C:\Users\leu_m\AppData\Local\Temp\repo_58jqafz5\pyproject.toml,vuln_results_final\liquidpy\pip_audit.json,vuln_results_final\liquidpy\bandit.json,vuln_results_final\liquidpy\semgrep.json,
https://github.com/putuwaw/flask-app-vercel,flask-app-vercel,fa10ba429017d69d4d98e6330263e0ab2510b1ba,requirements.txt,C:\Users\leu_m\AppData\Local\Temp\repo_tci2j9s0\requirements.txt,vuln_results_final\flask-app-vercel\pip_audit.json,vuln_results_final\flask-app-vercel\bandit.json,vuln_results_final\flask-app-vercel\semgrep.json,
https://github.com/pulumi/pulumi-provider-boilerplate,pulumi-provider-boilerplate,f7687cfc2b6d7a92afe9b3152924687d177c3946,,,vuln_results_final\pulumi-provider-boilerplate\pip_audit.json,vuln_results_final\pulumi-provider-boilerplate\bandit.json,vuln_results_final\pulumi-provider-boilerplate\semgrep.json,
https://github.com/pulumi/pulumi-component-provider-py-boilerplate,pulumi-component-provider-py-boilerplate,694a787cdcd241615ec85c7ece52f9fc094b210e,requirements.txt,C:\Users\leu_m\AppData\Local\Temp\repo_h1ug3nu_\requirements.txt,vuln_results_final\pulumi-component-provider-py-boilerplate\pip_audit.json,vuln_results_final\pulumi-component-provider-py-boilerplate\bandit.json,vuln_results_final\pulumi-component-provider-py-boilerplate\semgrep.json,
https://github.com/protectai/msf-module-python,msf-module-python,c1807cac7327ee610c8a891c77a5f6e3acb3f391,,,vuln_results_final\msf-module-python\pip_audit.json,vuln_results_final\msf-module-python\bandit.json,vuln_results_final\msf-module-python\semgrep.json,
https://github.com/prostomarkeloff/fastapi-tortoise,fastapi-tortoise,cd02ef357b1e525e8033a9a0ec4fe8df22142f9d,pyproject.toml,C:\Users\leu_m\AppData\Local\Temp\repo_2hcz7uv2\pyproject.toml,vuln_results_final\fastapi-tortoise\pip_audit.json,vuln_results_final\fastapi-tortoise\bandit.json,vuln_results_final\fastapi-tortoise\semgrep.json,
https://github.com/prof-rossetti/flask-sheets-template-2024,flask-sheets-template-2024,89a85742be6620417255cacbcc8a9603cc17791a,requirements.txt,C:\Users\leu_m\AppData\Local\Temp\repo_drl76ziu\requirements.txt,vuln_results_final\flask-sheets-template-2024\pip_audit.json,vuln_results_final\flask-sheets-template-2024\bandit.json,vuln_results_final\flask-sheets-template-2024\semgrep.json,
https://github.com/prof-rossetti/flask-dashboard-template-2024,flask-dashboard-template-2024,394dcdf7a9b7360d7b257c508dca326380bf644d,requirements.txt,C:\Users\leu_m\AppData\Local\Temp\repo_tlr5eugr\requirements.txt,vuln_results_final\flask-dashboard-template-2024\pip_audit.json,vuln_results_final\flask-dashboard-template-2024\bandit.json,vuln_results_final\flask-dashboard-template-2024\semgrep.json,
https://github.com/preludetech/django-seed,django-seed,c270f0a28730264906763bc1507fd6c006bd585b,pyproject.toml,C:\Users\leu_m\AppData\Local\Temp\repo_h5c274cb\pyproject.toml,vuln_results_final\django-seed\pip_audit.json,vuln_results_final\django-seed\bandit.json,vuln_results_final\django-seed\semgrep.json,
https://github.com/pratyush-pankaj/Django-Docker-4-Dummies,Django-Docker-4-Dummies,08223de1926cfcf05df984c411fb54b18d5e783a,requirements.txt,C:\Users\leu_m\AppData\Local\Temp\repo_1m_6ry3o\requirements.txt,vuln_results_final\Django-Docker-4-Dummies\pip_audit.json,vuln_results_final\Django-Docker-4-Dummies\bandit.json,vuln_results_final\Django-Docker-4-Dummies\semgrep.json,
https://github.com/pranaychandekar/ml-prediction-web-service,ml-prediction-web-service,9c0427890f4e23359af3e8bc74bb7a42a5d8ceb7,requirements.txt,C:\Users\leu_m\AppData\Local\Temp\repo_i25c7kom\requirements.txt,vuln_results_final\ml-prediction-web-service\pip_audit.json,vuln_results_final\ml-prediction-web-service\bandit.json,vuln_results_final\ml-prediction-web-service\semgrep.json,
https://github.com/practical-bootcamp/week3-assignment1-template,week3-assignment1-template,1d1d0aeb51c79997d86c94503d50b4cfcaf60131,requirements.txt,C:\Users\leu_m\AppData\Local\Temp\repo_fhn8qcag\requirements.txt,vuln_results_final\week3-assignment1-template\pip_audit.json,vuln_results_final\week3-assignment1-template\bandit.json,vuln_results_final\week3-assignment1-template\semgrep.json,
https://github.com/practical-bootcamp/week1-assignment1-template,week1-assignment1-template,d177f6ff3599b0a10615dc61d0232e7923358604,requirements.txt,C:\Users\leu_m\AppData\Local\Temp\repo_2nd3uqzn\requirements.txt,vuln_results_final\week1-assignment1-template\pip_audit.json,vuln_results_final\week1-assignment1-template\bandit.json,vuln_results_final\week1-assignment1-template\semgrep.json,
https://github.com/potassco/python-project-template,python-project-template,c1d87b231fd3df2f8ad250eda1bb116a9dbe186a,pyproject.toml,C:\Users\leu_m\AppData\Local\Temp\repo_qiysr5yn\pyproject.toml,vuln_results_final\python-project-template\pip_audit.json,vuln_results_final\python-project-template\bandit.json,vuln_results_final\python-project-template\semgrep.json,
https://github.com/popura/pytorch-template,pytorch-template,fda4f21544f6a7e9ebb4c0f4a3fb5b9b08b46e1c,pyproject.toml,C:\Users\leu_m\AppData\Local\Temp\repo_bahlztl9\pyproject.toml,vuln_results_final\pytorch-template\pip_audit.json,vuln_results_final\pytorch-template\bandit.json,vuln_results_final\pytorch-template\semgrep.json,
https://github.com/pmareke/streamlit-boilerplate,streamlit-boilerplate,b19b7c8cf92c3052452929a9ecab042052aa957c,pyproject.toml,C:\Users\leu_m\AppData\Local\Temp\repo_usyo0_ot\pyproject.toml,vuln_results_final\streamlit-boilerplate\pip_audit.json,vuln_results_final\streamlit-boilerplate\bandit.json,vuln_results_final\streamlit-boilerplate\semgrep.json,
https://github.com/pmareke/fastapi-boilerplate,fastapi-boilerplate,ad547f459cc037f727014b4c73176fd2bf518319,pyproject.toml,C:\Users\leu_m\AppData\Local\Temp\repo_2lakt3so\pyproject.toml,vuln_results_final\fastapi-boilerplate\pip_audit.json,vuln_results_final\fastapi-boilerplate\bandit.json,vuln_results_final\fastapi-boilerplate\semgrep.json,
https://github.com/plugdata-team/plugdata-plugin-export,plugdata-plugin-export,45951973ccdab3231cc164c151d9ca16aad1e930,,,vuln_results_final\plugdata-plugin-export\pip_audit.json,vuln_results_final\plugdata-plugin-export\bandit.json,vuln_results_final\plugdata-plugin-export\semgrep.json,
https://github.com/platformsh-templates/wagtail,wagtail,44a760a695baed82010e0473668ff081851b260d,Pipfile,C:\Users\leu_m\AppData\Local\Temp\repo_7fixxcg6\Pipfile,vuln_results_final\wagtail\pip_audit.json,vuln_results_final\wagtail\bandit.json,vuln_results_final\wagtail\semgrep.json,
https://github.com/platformsh-templates/flask,flask,c7cf2a2754f85a697691f47c5189ab7d5e053c53,pyproject.toml,C:\Users\leu_m\AppData\Local\Temp\repo_jsmz80l0\pyproject.toml,vuln_results_final\flask\pip_audit.json,vuln_results_final\flask\bandit.json,vuln_results_final\flask\semgrep.json,
https://github.com/platformsh-templates/django4,django4,2e038daef0acd42abf3d5f210a720cfe6ee1a2d6,requirements.txt,C:\Users\leu_m\AppData\Local\Temp\repo_fbnoidk1\requirements.txt,vuln_results_final\django4\pip_audit.json,vuln_results_final\django4\bandit.json,vuln_results_final\django4\semgrep.json,
https://github.com/platformsh-templates/django3,django3,560f6f564af46706ec85491b59a0d7d7aca611e2,Pipfile,C:\Users\leu_m\AppData\Local\Temp\repo_p3gc0hqo\Pipfile,vuln_results_final\django3\pip_audit.json,vuln_results_final\django3\bandit.json,vuln_results_final\django3\semgrep.json,
https://github.com/pitmonticone/LeanProject,LeanProject,c91d12696e52a12f455a829a1efac8e4cb9b8d58,,,vuln_results_final\LeanProject\pip_audit.json,vuln_results_final\LeanProject\bandit.json,vuln_results_final\LeanProject\semgrep.json,
https://github.com/pierrz/brif,brif,62cca12bfde47c95394f979b2f70c6f615b5a754,,,vuln_results_final\brif\pip_audit.json,vuln_results_final\brif\bandit.json,vuln_results_final\brif\semgrep.json,
https://github.com/picocomputer/vscode-llvm-mos,vscode-llvm-mos,ea73937294d9649459334dfd4ddc71c60348ef50,,,vuln_results_final\vscode-llvm-mos\pip_audit.json,vuln_results_final\vscode-llvm-mos\bandit.json,vuln_results_final\vscode-llvm-mos\semgrep.json,
https://github.com/picocomputer/vscode-cc65,vscode-cc65,68ac7ff3399818910d65e96308f5ef345571cd42,,,vuln_results_final\vscode-cc65\pip_audit.json,vuln_results_final\vscode-cc65\bandit.json,vuln_results_final\vscode-cc65\semgrep.json,
https://github.com/phonosync/templateproject,templateproject,d57da34f40388519f3412d6ba87ecc35c2124cbd,pyproject.toml,C:\Users\leu_m\AppData\Local\Temp\repo_bi2r63z7\pyproject.toml,vuln_results_final\templateproject\pip_audit.json,vuln_results_final\templateproject\bandit.json,vuln_results_final\templateproject\semgrep.json,
https://github.com/pheonix-coder/flask-minimal-template,flask-minimal-template,d907d1e2959c4a0be2230538af13979eb8adc79a,requirements.txt,C:\Users\leu_m\AppData\Local\Temp\repo_87xpyi98\requirements.txt,vuln_results_final\flask-minimal-template\pip_audit.json,vuln_results_final\flask-minimal-template\bandit.json,vuln_results_final\flask-minimal-template\semgrep.json,
https://github.com/pengwh96/bkk,bkk,22d357b6f9ec19a8e6064f9e1431293344bb0f4d,requirements.txt,C:\Users\leu_m\AppData\Local\Temp\repo_jzemvhud\requirements.txt,vuln_results_final\bkk\pip_audit.json,vuln_results_final\bkk\bandit.json,vuln_results_final\bkk\semgrep.json,
https://github.com/pedrorrivero/pyproject-qiskit,pyproject-qiskit,c9255a16810a38a645ef52fa9a7a60064817a038,pyproject.toml,C:\Users\leu_m\AppData\Local\Temp\repo_qcbd9ka7\pyproject.toml,vuln_results_final\pyproject-qiskit\pip_audit.json,vuln_results_final\pyproject-qiskit\bandit.json,vuln_results_final\pyproject-qiskit\semgrep.json,
https://github.com/peaceiris/mkdocs-material-boilerplate,mkdocs-material-boilerplate,4c16b1d9706636620e73b9ac3b6f00a441cb8ecb,requirements.txt,C:\Users\leu_m\AppData\Local\Temp\repo_cjv8zesw\requirements.txt,vuln_results_final\mkdocs-material-boilerplate\pip_audit.json,vuln_results_final\mkdocs-material-boilerplate\bandit.json,vuln_results_final\mkdocs-material-boilerplate\semgrep.json,
https://github.com/pdm-project/template-pdm-plugin,template-pdm-plugin,833226edf58beb39b62bfa15847017f598b09676,pyproject.toml,C:\Users\leu_m\AppData\Local\Temp\repo_9g35al9t\pyproject.toml,vuln_results_final\template-pdm-plugin\pip_audit.json,vuln_results_final\template-pdm-plugin\bandit.json,vuln_results_final\template-pdm-plugin\semgrep.json,
https://github.com/paulotruta/alexa-skill-llm-intent,alexa-skill-llm-intent,99638d84fc12130e05cfd426b0b0b266234835a1,pyproject.toml,C:\Users\leu_m\AppData\Local\Temp\repo_yh0k9hui\pyproject.toml,vuln_results_final\alexa-skill-llm-intent\pip_audit.json,vuln_results_final\alexa-skill-llm-intent\bandit.json,vuln_results_final\alexa-skill-llm-intent\semgrep.json,
https://github.com/pashkatrick/qa-boilerplate,qa-boilerplate,7e6f3ecfe8f8e8e1e74d506705b9cd48ccf06ce1,requirements.txt,C:\Users\leu_m\AppData\Local\Temp\repo_zaqjl40y\requirements.txt,vuln_results_final\qa-boilerplate\pip_audit.json,vuln_results_final\qa-boilerplate\bandit.json,vuln_results_final\qa-boilerplate\semgrep.json,
https://github.com/paramt/Q4T,Q4T,70a5fa425bcc7cced59d36f1299ec25f8b51cf6c,requirements.txt,C:\Users\leu_m\AppData\Local\Temp\repo_r2oj85_k\requirements.txt,vuln_results_final\Q4T\pip_audit.json,vuln_results_final\Q4T\bandit.json,vuln_results_final\Q4T\semgrep.json,
https://github.com/pamelafox/python-project-template,python-project-template,aa4374523248b2cfa7cf2fb05554a6136c2ee9f7,requirements.txt,C:\Users\leu_m\AppData\Local\Temp\repo_qk0qgubp\requirements.txt,vuln_results_final\python-project-template\pip_audit.json,vuln_results_final\python-project-template\bandit.json,vuln_results_final\python-project-template\semgrep.json,
https://github.com/pamelafox/async-video-code,async-video-code,6a652ed5d4497a7115cb390af53d1cc6c6709ce1,requirements.txt,C:\Users\leu_m\AppData\Local\Temp\repo_xo36fd4g\requirements.txt,vuln_results_final\async-video-code\pip_audit.json,vuln_results_final\async-video-code\bandit.json,vuln_results_final\async-video-code\semgrep.json,
https://github.com/palewire/python-open-source-template,python-open-source-template,c9a16890aa2f093cd1b1ceca1557f4ffe9b70143,pyproject.toml,C:\Users\leu_m\AppData\Local\Temp\repo_nh6gurps\pyproject.toml,vuln_results_final\python-open-source-template\pip_audit.json,vuln_results_final\python-open-source-template\bandit.json,vuln_results_final\python-open-source-template\semgrep.json,
https://github.com/paddyroddy/python-template,python-template,d68cc26152cf0d7c844193744d74884ab919d4a8,pyproject.toml,C:\Users\leu_m\AppData\Local\Temp\repo__c_4p86y\pyproject.toml,vuln_results_final\python-template\pip_audit.json,vuln_results_final\python-template\bandit.json,vuln_results_final\python-template\semgrep.json,
https://github.com/oytundemirbilek/ml-template-torch,ml-template-torch,192a948ade9b98d5c7372aa9fb7938ee345ac868,pyproject.toml,C:\Users\leu_m\AppData\Local\Temp\repo_cj8j6vom\pyproject.toml,vuln_results_final\ml-template-torch\pip_audit.json,vuln_results_final\ml-template-torch\bandit.json,vuln_results_final\ml-template-torch\semgrep.json,
https://github.com/owl-corp/python-template,python-template,5777d051bb67a367927e3200425aaff35e45e9c1,pyproject.toml,C:\Users\leu_m\AppData\Local\Temp\repo_l2xirce6\pyproject.toml,vuln_results_final\python-template\pip_audit.json,vuln_results_final\python-template\bandit.json,vuln_results_final\python-template\semgrep.json,
https://github.com/or-tools/python_or-tools,python_or-tools,f0e36200e6f35e64528451683b8d7261fad2537b,requirements.txt,C:\Users\leu_m\AppData\Local\Temp\repo_j_y5qgfa\requirements.txt,vuln_results_final\python_or-tools\pip_audit.json,vuln_results_final\python_or-tools\bandit.json,vuln_results_final\python_or-tools\semgrep.json,
https://github.com/opentensor/bittensor-subnet-template,bittensor-subnet-template,76b5bac568105807c61383b33b297748e5cc7903,requirements.txt,C:\Users\leu_m\AppData\Local\Temp\repo_oyf3ybf8\requirements.txt,vuln_results_final\bittensor-subnet-template\pip_audit.json,vuln_results_final\bittensor-subnet-template\bandit.json,vuln_results_final\bittensor-subnet-template\semgrep.json,
https://github.com/opensafely/research-template,research-template,64780e12d0079a73d02094b48994f92cccb6f70d,,,vuln_results_final\research-template\pip_audit.json,vuln_results_final\research-template\bandit.json,vuln_results_final\research-template\semgrep.json,
https://github.com/openrelik/openrelik-worker-template,openrelik-worker-template,c212beb753a284cf17a3add9cbcd443241665f8f,pyproject.toml,C:\Users\leu_m\AppData\Local\Temp\repo_reok53k0\pyproject.toml,vuln_results_final\openrelik-worker-template\pip_audit.json,vuln_results_final\openrelik-worker-template\bandit.json,vuln_results_final\openrelik-worker-template\semgrep.json,
https://github.com/opengeos/streamlit-map-template,streamlit-map-template,35cac1614616c5472ffe67e54073c3f78b5b8a2d,requirements.txt,C:\Users\leu_m\AppData\Local\Temp\repo_365nlnh1\requirements.txt,vuln_results_final\streamlit-map-template\pip_audit.json,vuln_results_final\streamlit-map-template\bandit.json,vuln_results_final\streamlit-map-template\semgrep.json,
https://github.com/opengeos/solara-template,solara-template,1190edfab133f5d5232b229c9d81f07848b36b6f,requirements.txt,C:\Users\leu_m\AppData\Local\Temp\repo_1pdx7kwy\requirements.txt,vuln_results_final\solara-template\pip_audit.json,vuln_results_final\solara-template\bandit.json,vuln_results_final\solara-template\semgrep.json,
https://github.com/openfisca/country-template,country-template,3641cbcde2bfe5a5c4aa2490e8cfcf963c2b3018,pyproject.toml,C:\Users\leu_m\AppData\Local\Temp\repo_5o6dgq7i\pyproject.toml,vuln_results_final\country-template\pip_audit.json,vuln_results_final\country-template\bandit.json,vuln_results_final\country-template\semgrep.json,
https://github.com/openclimatefix/ocf-template,ocf-template,21ac5d046dd226ed6b4f7721e25cc985c2202bd6,pyproject.toml,C:\Users\leu_m\AppData\Local\Temp\repo_m43bv4be\pyproject.toml,vuln_results_final\ocf-template\pip_audit.json,vuln_results_final\ocf-template\bandit.json,vuln_results_final\ocf-template\semgrep.json,
https://github.com/open2c/quaich,quaich,46ab3f928cfe52e1203b0157f2bb2ae97c938a88,,,vuln_results_final\quaich\pip_audit.json,vuln_results_final\quaich\bandit.json,vuln_results_final\quaich\semgrep.json,
https://github.com/open-sdg/open-sdg-site-starter,open-sdg-site-starter,0d1d2c0a36d33e541502f4e7624eeab0728a710f,,,vuln_results_final\open-sdg-site-starter\pip_audit.json,vuln_results_final\open-sdg-site-starter\bandit.json,vuln_results_final\open-sdg-site-starter\semgrep.json,
https://github.com/open-sdg/open-sdg-data-starter,open-sdg-data-starter,743a37295501bd7344ce5597fda6eb4e0f1ee874,,,vuln_results_final\open-sdg-data-starter\pip_audit.json,vuln_results_final\open-sdg-data-starter\bandit.json,vuln_results_final\open-sdg-data-starter\semgrep.json,
https://github.com/onlythompson/fastapi-microservice-template,fastapi-microservice-template,7d1908bdfea69adb46213cbee85c718fd63a28e9,requirements.txt,C:\Users\leu_m\AppData\Local\Temp\repo_q9zg064d\requirements.txt,vuln_results_final\fastapi-microservice-template\pip_audit.json,vuln_results_final\fastapi-microservice-template\bandit.json,vuln_results_final\fastapi-microservice-template\semgrep.json,
https://github.com/onlythompson/drf_api_project_template,drf_api_project_template,10207ccc2999b6ddc64f29d973ceacb56e7fc102,pyproject.toml,C:\Users\leu_m\AppData\Local\Temp\repo_n_4rroh2\pyproject.toml,vuln_results_final\drf_api_project_template\pip_audit.json,vuln_results_final\drf_api_project_template\bandit.json,vuln_results_final\drf_api_project_template\semgrep.json,
https://github.com/omar-abdelgawad/python-project-template,python-project-template,3801fdc8571c086af093e2eba85e490c83a1e5ff,pyproject.toml,C:\Users\leu_m\AppData\Local\Temp\repo_t9jlwrmg\pyproject.toml,vuln_results_final\python-project-template\pip_audit.json,vuln_results_final\python-project-template\bandit.json,vuln_results_final\python-project-template\semgrep.json,
https://github.com/olilarkin/SwiftPythonTemplate,SwiftPythonTemplate,83305026b461b2612e9f072c4e6c75cd030fceb3,requirements.txt,C:\Users\leu_m\AppData\Local\Temp\repo_ecb3hjd0\requirements.txt,vuln_results_final\SwiftPythonTemplate\pip_audit.json,vuln_results_final\SwiftPythonTemplate\bandit.json,vuln_results_final\SwiftPythonTemplate\semgrep.json,
https://github.com/ohld/django-telegram-bot,django-telegram-bot,ef13753b178b3d935fd91b60c55b85678b90ca0a,requirements.txt,C:\Users\leu_m\AppData\Local\Temp\repo_usidli8y\requirements.txt,vuln_results_final\django-telegram-bot\pip_audit.json,vuln_results_final\django-telegram-bot\bandit.json,vuln_results_final\django-telegram-bot\semgrep.json,
https://github.com/ohjoonhee/lightning-codebase,lightning-codebase,ce24887fcfb8d8c68fdbbb4c3c6167043710aa77,requirements.txt,C:\Users\leu_m\AppData\Local\Temp\repo_h___85e1\requirements.txt,vuln_results_final\lightning-codebase\pip_audit.json,vuln_results_final\lightning-codebase\bandit.json,vuln_results_final\lightning-codebase\semgrep.json,
https://github.com/odense-rpa/process-template,process-template,af049591333b60eeff6e4ecf147e75e5bb21535e,pyproject.toml,C:\Users\leu_m\AppData\Local\Temp\repo_rtennofi\pyproject.toml,vuln_results_final\process-template\pip_audit.json,vuln_results_final\process-template\bandit.json,vuln_results_final\process-template\semgrep.json,
https://github.com/nyuoss/leafeon-python-template-repository,leafeon-python-template-repository,41310c5bc31b56655ee2a105f35b8a33179eb810,pyproject.toml,C:\Users\leu_m\AppData\Local\Temp\repo_rlha9szg\pyproject.toml,vuln_results_final\leafeon-python-template-repository\pip_audit.json,vuln_results_final\leafeon-python-template-repository\bandit.json,vuln_results_final\leafeon-python-template-repository\semgrep.json,
https://github.com/nyu-devops/project-template,project-template,a383041b1c62d9ca526e8c3ce82fcf978803a6d5,Pipfile,C:\Users\leu_m\AppData\Local\Temp\repo_vv9b19na\Pipfile,vuln_results_final\project-template\pip_audit.json,vuln_results_final\project-template\bandit.json,vuln_results_final\project-template\semgrep.json,
https://github.com/nymann/fastapi-template,fastapi-template,8186945e6498e8755005f1a59a79b49f95c13c63,,,vuln_results_final\fastapi-template\pip_audit.json,vuln_results_final\fastapi-template\bandit.json,vuln_results_final\fastapi-template\semgrep.json,
https://github.com/nvimdev/nvim-plugin-template,nvim-plugin-template,ad055fa48741821202accbd9d8fdcbd6f6328091,,,vuln_results_final\nvim-plugin-template\pip_audit.json,vuln_results_final\nvim-plugin-template\bandit.json,vuln_results_final\nvim-plugin-template\semgrep.json,
https://github.com/nvdaaddons/AddonTemplate,AddonTemplate,f6fdfc1ab612e97e41b99918946de05e9a05c064,pyproject.toml,C:\Users\leu_m\AppData\Local\Temp\repo__7t27j9_\pyproject.toml,vuln_results_final\AddonTemplate\pip_audit.json,vuln_results_final\AddonTemplate\bandit.json,vuln_results_final\AddonTemplate\semgrep.json,
https://github.com/nuwe-io/SE-Europe-Data_Challenge_Template,SE-Europe-Data_Challenge_Template,2009a9faa2c0e87f9d335c007bdd7d7abedf201b,requirements.txt,C:\Users\leu_m\AppData\Local\Temp\repo_45nsglid\requirements.txt,vuln_results_final\SE-Europe-Data_Challenge_Template\pip_audit.json,vuln_results_final\SE-Europe-Data_Challenge_Template\bandit.json,vuln_results_final\SE-Europe-Data_Challenge_Template\semgrep.json,
https://github.com/nuriatimerkaeva/FastAPI_template,FastAPI_template,efd258fce99898bc77914e127b310a2e680b29b5,requirements.txt,C:\Users\leu_m\AppData\Local\Temp\repo_r7ta5sbk\requirements.txt,vuln_results_final\FastAPI_template\pip_audit.json,vuln_results_final\FastAPI_template\bandit.json,vuln_results_final\FastAPI_template\semgrep.json,
https://github.com/nuhmanpk/hydrogram-bot,hydrogram-bot,0a732f0ceb9e2bedb563d5a945371260238f31ae,requirements.txt,C:\Users\leu_m\AppData\Local\Temp\repo_07a4j0n1\requirements.txt,vuln_results_final\hydrogram-bot\pip_audit.json,vuln_results_final\hydrogram-bot\bandit.json,vuln_results_final\hydrogram-bot\semgrep.json,
https://github.com/nschloe/pyfoobar,pyfoobar,26344190f6f4132ef20d8599aa6ec31c11195fce,pyproject.toml,C:\Users\leu_m\AppData\Local\Temp\repo_6s1zrhf6\pyproject.toml,vuln_results_final\pyfoobar\pip_audit.json,vuln_results_final\pyfoobar\bandit.json,vuln_results_final\pyfoobar\semgrep.json,
https://github.com/nrjadkry/fastapi_boilerplate,fastapi_boilerplate,b12086f2fedd013cd5730196e71df791d05a256e,requirements.txt,C:\Users\leu_m\AppData\Local\Temp\repo_pi3ahtt4\requirements.txt,vuln_results_final\fastapi_boilerplate\pip_audit.json,vuln_results_final\fastapi_boilerplate\bandit.json,vuln_results_final\fastapi_boilerplate\semgrep.json,
https://github.com/nosoop/NinjaBuild-SMPlugin,NinjaBuild-SMPlugin,31b1bc0a854382c62cdfac178de123dfbe14be20,,,vuln_results_final\NinjaBuild-SMPlugin\pip_audit.json,vuln_results_final\NinjaBuild-SMPlugin\bandit.json,vuln_results_final\NinjaBuild-SMPlugin\semgrep.json,
https://github.com/noonosh/telegram-bot-template,telegram-bot-template,c9e03a02341dc0dfe201eec9ca0a74c910aa9804,requirements.txt,C:\Users\leu_m\AppData\Local\Temp\repo_0gon6tp5\requirements.txt,vuln_results_final\telegram-bot-template\pip_audit.json,vuln_results_final\telegram-bot-template\bandit.json,vuln_results_final\telegram-bot-template\semgrep.json,
https://github.com/nogibjj/mlops-template,mlops-template,e1b97de328bd7cbe84eba007f8dbd05719e3df27,requirements.txt,C:\Users\leu_m\AppData\Local\Temp\repo_5shbyv9g\requirements.txt,vuln_results_final\mlops-template\pip_audit.json,vuln_results_final\mlops-template\bandit.json,vuln_results_final\mlops-template\semgrep.json,
https://github.com/nighthawkcoders/flask_portfolio,flask_portfolio,ab9162dbdb43b6c48e8478e28f8d7a03bb051128,requirements.txt,C:\Users\leu_m\AppData\Local\Temp\repo_0jqdluuk\requirements.txt,vuln_results_final\flask_portfolio\pip_audit.json,vuln_results_final\flask_portfolio\bandit.json,vuln_results_final\flask_portfolio\semgrep.json,
https://github.com/nictuku/py-mcp-server-template,py-mcp-server-template,53784cf4f02de71aef9a03cb3698abc50f081fb9,pyproject.toml,C:\Users\leu_m\AppData\Local\Temp\repo_g5y9j9bp\pyproject.toml,vuln_results_final\py-mcp-server-template\pip_audit.json,vuln_results_final\py-mcp-server-template\bandit.json,vuln_results_final\py-mcp-server-template\semgrep.json,
https://github.com/nicebots-xyz/botkit,botkit,7d7a85e86e58f85b0d258671344745a9cb6bdd9e,requirements.txt,C:\Users\leu_m\AppData\Local\Temp\repo_dvd8_au0\requirements.txt,vuln_results_final\botkit\pip_audit.json,vuln_results_final\botkit\bandit.json,vuln_results_final\botkit\semgrep.json,
https://github.com/nextcloud/app-skeleton-python,app-skeleton-python,d985380a3eebb850b37d396cb91680cd6e92910a,requirements.txt,C:\Users\leu_m\AppData\Local\Temp\repo_b3fg94km\requirements.txt,vuln_results_final\app-skeleton-python\pip_audit.json,vuln_results_final\app-skeleton-python\bandit.json,vuln_results_final\app-skeleton-python\semgrep.json,
https://github.com/nextbitlabs/pytorch-template,pytorch-template,d6a5f4cc2d323a4d115b851d523d565e69825c4a,requirements.txt,C:\Users\leu_m\AppData\Local\Temp\repo_18ys9b8f\requirements.txt,vuln_results_final\pytorch-template\pip_audit.json,vuln_results_final\pytorch-template\bandit.json,vuln_results_final\pytorch-template\semgrep.json,
https://github.com/neutrons/python_project_template,python_project_template,8ae39c6a0b63d824ae4cc35d1fbc4a71829369df,pyproject.toml,C:\Users\leu_m\AppData\Local\Temp\repo_793555a8\pyproject.toml,vuln_results_final\python_project_template\pip_audit.json,vuln_results_final\python_project_template\bandit.json,vuln_results_final\python_project_template\semgrep.json,
https://github.com/neuroinformatics-unit/software-practice-template,software-practice-template,4a89dd3919aa29c9a373d498114daa11ea3b4bdf,pyproject.toml,C:\Users\leu_m\AppData\Local\Temp\repo_ix5q03cp\pyproject.toml,vuln_results_final\software-practice-template\pip_audit.json,vuln_results_final\software-practice-template\bandit.json,vuln_results_final\software-practice-template\semgrep.json,
https://github.com/netlify/node-template,node-template,107155c63c7df7f0aa3cc6ab637003ffd7fc1cec,,,vuln_results_final\node-template\pip_audit.json,vuln_results_final\node-template\bandit.json,vuln_results_final\node-template\semgrep.json,
https://github.com/netbriler/aiogram-peewee-template,aiogram-peewee-template,2ffc8aa72fe75a0b307cb17a2613dbba87b18c5a,requirements.txt,C:\Users\leu_m\AppData\Local\Temp\repo_tti8d5c0\requirements.txt,vuln_results_final\aiogram-peewee-template\pip_audit.json,vuln_results_final\aiogram-peewee-template\bandit.json,vuln_results_final\aiogram-peewee-template\semgrep.json,
https://github.com/nessshon/aiogram-starlette-template,aiogram-starlette-template,c4747487a74422779f20dd3b2ce6c4a48c715147,requirements.txt,C:\Users\leu_m\AppData\Local\Temp\repo_sybzomsw\requirements.txt,vuln_results_final\aiogram-starlette-template\pip_audit.json,vuln_results_final\aiogram-starlette-template\bandit.json,vuln_results_final\aiogram-starlette-template\semgrep.json,
https://github.com/nerfstudio-project/nerfstudio-method-template,nerfstudio-method-template,469b322dd434c84eb711cb35bee61bc0374e4f19,pyproject.toml,C:\Users\leu_m\AppData\Local\Temp\repo_v3oyv_vu\pyproject.toml,vuln_results_final\nerfstudio-method-template\pip_audit.json,vuln_results_final\nerfstudio-method-template\bandit.json,vuln_results_final\nerfstudio-method-template\semgrep.json,
https://github.com/neo4j-field/neo4j-python-api-sample,neo4j-python-api-sample,8dcb6a47dd42c7822128934bfb82f981bd14b33a,Pipfile,C:\Users\leu_m\AppData\Local\Temp\repo_n_xn2hr7\Pipfile,vuln_results_final\neo4j-python-api-sample\pip_audit.json,vuln_results_final\neo4j-python-api-sample\bandit.json,vuln_results_final\neo4j-python-api-sample\semgrep.json,
https://github.com/nekeal/advent-of-code-2023,advent-of-code-2023,0539ac0f5783cebf5422d8f3100fb6b1eda92995,pyproject.toml,C:\Users\leu_m\AppData\Local\Temp\repo_btm71_z4\pyproject.toml,vuln_results_final\advent-of-code-2023\pip_audit.json,vuln_results_final\advent-of-code-2023\bandit.json,vuln_results_final\advent-of-code-2023\semgrep.json,
https://github.com/near-agent/nearai-starter,nearai-starter,b8f8af2c74f4157a971c132af32d2715cf15337e,,,vuln_results_final\nearai-starter\pip_audit.json,vuln_results_final\nearai-starter\bandit.json,vuln_results_final\nearai-starter\semgrep.json,
https://github.com/nazar220160/AiogramTemplate,AiogramTemplate,1f6cd4eaeb30c0829fe963afe1c075749733b579,requirements.txt,C:\Users\leu_m\AppData\Local\Temp\repo_0si128bn\requirements.txt,vuln_results_final\AiogramTemplate\pip_audit.json,vuln_results_final\AiogramTemplate\bandit.json,vuln_results_final\AiogramTemplate\semgrep.json,
https://github.com/narumiruna/pytorch-template,pytorch-template,771d05d96d7a751344ffe6a4e7de6b98e6ab86b8,pyproject.toml,C:\Users\leu_m\AppData\Local\Temp\repo_bhvb0e1j\pyproject.toml,vuln_results_final\pytorch-template\pip_audit.json,vuln_results_final\pytorch-template\bandit.json,vuln_results_final\pytorch-template\semgrep.json,
https://github.com/narumiruna/mcp-server-template,mcp-server-template,92b99885f88364712ce3fe9f44728a352a18472a,pyproject.toml,C:\Users\leu_m\AppData\Local\Temp\repo_6xnk8nnw\pyproject.toml,vuln_results_final\mcp-server-template\pip_audit.json,vuln_results_final\mcp-server-template\bandit.json,vuln_results_final\mcp-server-template\semgrep.json,
https://github.com/nanlabs/aws-glue-etl-boilerplate,aws-glue-etl-boilerplate,ac73f36e2a272019a4fcc8b8e2a629050fc20b8b,Pipfile,C:\Users\leu_m\AppData\Local\Temp\repo_fbpruu1c\Pipfile,vuln_results_final\aws-glue-etl-boilerplate\pip_audit.json,vuln_results_final\aws-glue-etl-boilerplate\bandit.json,vuln_results_final\aws-glue-etl-boilerplate\semgrep.json,
https://github.com/nang-dev/flask-backend-api-template,flask-backend-api-template,a8f1867b18a4b621443c80d4f7b64750a4767122,pyproject.toml,C:\Users\leu_m\AppData\Local\Temp\repo_a_ltcbyw\pyproject.toml,vuln_results_final\flask-backend-api-template\pip_audit.json,vuln_results_final\flask-backend-api-template\bandit.json,vuln_results_final\flask-backend-api-template\semgrep.json,
https://github.com/namuan/pyqt-boilerplate,pyqt-boilerplate,a8d5ff702d200e18227afe2f3bd4035fff78c467,setup.py,C:\Users\leu_m\AppData\Local\Temp\repo_1p_mst5f\setup.py,vuln_results_final\pyqt-boilerplate\pip_audit.json,vuln_results_final\pyqt-boilerplate\bandit.json,vuln_results_final\pyqt-boilerplate\semgrep.json,
https://github.com/naa0yama/boilerplate-python,boilerplate-python,5a4bc95329c556104abfe8b1c04846c3957afbf4,pyproject.toml,C:\Users\leu_m\AppData\Local\Temp\repo_yquf3jmi\pyproject.toml,vuln_results_final\boilerplate-python\pip_audit.json,vuln_results_final\boilerplate-python\bandit.json,vuln_results_final\boilerplate-python\semgrep.json,
https://github.com/n1rjal/djate,djate,942a603736ad50b0e3baf3cfd4f7ab82be8b3fca,requirements.txt,C:\Users\leu_m\AppData\Local\Temp\repo_ggzyv67k\requirements.txt,vuln_results_final\djate\pip_audit.json,vuln_results_final\djate\bandit.json,vuln_results_final\djate\semgrep.json,
https://github.com/n1nj4t4nuk1/python-ddd-skeleton,python-ddd-skeleton,a35d847687b905fad314f8fc396aa6d478a694bd,requirements.txt,C:\Users\leu_m\AppData\Local\Temp\repo_xs200d06\requirements.txt,vuln_results_final\python-ddd-skeleton\pip_audit.json,vuln_results_final\python-ddd-skeleton\bandit.json,vuln_results_final\python-ddd-skeleton\semgrep.json,
https://github.com/murderspagurder/mod-template-kotlin,mod-template-kotlin,000a0f8715644596dd2ee8bbed107ac53a98f063,,,vuln_results_final\mod-template-kotlin\pip_audit.json,vuln_results_final\mod-template-kotlin\bandit.json,vuln_results_final\mod-template-kotlin\semgrep.json,
https://github.com/murderspagurder/mod-template-java,mod-template-java,fe1d37f2f5b6a92d6ba26e699d27ddbdda426d00,,,vuln_results_final\mod-template-java\pip_audit.json,vuln_results_final\mod-template-java\bandit.json,vuln_results_final\mod-template-java\semgrep.json,
https://github.com/mujahidfa/inertia-django-vite-vue-minimal,inertia-django-vite-vue-minimal,f055e83c059306447f219c5431c037c3208cfb25,requirements.txt,C:\Users\leu_m\AppData\Local\Temp\repo_e0u3u82u\requirements.txt,vuln_results_final\inertia-django-vite-vue-minimal\pip_audit.json,vuln_results_final\inertia-django-vite-vue-minimal\bandit.json,vuln_results_final\inertia-django-vite-vue-minimal\semgrep.json,
https://github.com/mscheltienne/template-python,template-python,07eec12335719beca87ca7b3d69608550863fb8f,pyproject.toml,C:\Users\leu_m\AppData\Local\Temp\repo_v6azvntw\pyproject.toml,vuln_results_final\template-python\pip_audit.json,vuln_results_final\template-python\bandit.json,vuln_results_final\template-python\semgrep.json,
https://github.com/mrvollger/SmkTemplate,SmkTemplate,8e1d0a749fb1ad4d34114d7cf191b96915d15169,,,vuln_results_final\SmkTemplate\pip_audit.json,vuln_results_final\SmkTemplate\bandit.json,vuln_results_final\SmkTemplate\semgrep.json,
https://github.com/mpi-astronomy/mpia-python-template,mpia-python-template,7fc5c2deb1c94ab0df7a88c7044ab0ffcd153d3f,pyproject.toml,C:\Users\leu_m\AppData\Local\Temp\repo_tzk_k1ky\pyproject.toml,vuln_results_final\mpia-python-template\pip_audit.json,vuln_results_final\mpia-python-template\bandit.json,vuln_results_final\mpia-python-template\semgrep.json,
https://github.com/mozilla-ai/Blueprint-template,Blueprint-template,2ff5e54ae4de5e184af0303188212c746b93b7a9,pyproject.toml,C:\Users\leu_m\AppData\Local\Temp\repo_yy5bxvdz\pyproject.toml,vuln_results_final\Blueprint-template\pip_audit.json,vuln_results_final\Blueprint-template\bandit.json,vuln_results_final\Blueprint-template\semgrep.json,
https://github.com/mov-cli/example-plugin,example-plugin,6287ca84ff7f0d5bcbea463eb1a9924219cf176c,pyproject.toml,C:\Users\leu_m\AppData\Local\Temp\repo_vplhjh_7\pyproject.toml,vuln_results_final\example-plugin\pip_audit.json,vuln_results_final\example-plugin\bandit.json,vuln_results_final\example-plugin\semgrep.json,
https://github.com/mondeja/django-svelte-start,django-svelte-start,4b6b08199faa59193b6a98b5679172a0f411a6e6,pyproject.toml,C:\Users\leu_m\AppData\Local\Temp\repo_dhnagnlc\pyproject.toml,vuln_results_final\django-svelte-start\pip_audit.json,vuln_results_final\django-svelte-start\bandit.json,vuln_results_final\django-svelte-start\semgrep.json,
https://github.com/mmzdouc/modern_python,modern_python,3f47ad9283ecfee9d73d33770f9e73436b8996d4,pyproject.toml,C:\Users\leu_m\AppData\Local\Temp\repo_yup3n5cu\pyproject.toml,vuln_results_final\modern_python\pip_audit.json,vuln_results_final\modern_python\bandit.json,vuln_results_final\modern_python\semgrep.json,
https://github.com/mlederbauer/llm-hackathon-template,llm-hackathon-template,d7613cb27ddd674261fb74b2d3979db80f335f6e,pyproject.toml,C:\Users\leu_m\AppData\Local\Temp\repo_3emnr4o1\pyproject.toml,vuln_results_final\llm-hackathon-template\pip_audit.json,vuln_results_final\llm-hackathon-template\bandit.json,vuln_results_final\llm-hackathon-template\semgrep.json,
https://github.com/mkdocs-material/create-blog,create-blog,97f0557eace51df502ea8ed19f31cc7dccc27671,,,vuln_results_final\create-blog\pip_audit.json,vuln_results_final\create-blog\bandit.json,vuln_results_final\create-blog\semgrep.json,
https://github.com/mjonuschat/voron-modular-config,voron-modular-config,75ab2ea3959051787357b66a40e6da030c7919e0,,,vuln_results_final\voron-modular-config\pip_audit.json,vuln_results_final\voron-modular-config\bandit.json,vuln_results_final\voron-modular-config\semgrep.json,
https://github.com/mitpokerbots/engine,engine,569415deb85853ebd058d42ee2b6151e4bffc3fa,,,vuln_results_final\engine\pip_audit.json,vuln_results_final\engine\bandit.json,vuln_results_final\engine\semgrep.json,
https://github.com/miquelvir/edaii-2025,edaii-2025,e322d7d8d6f9a63a284bdb4c012ef2e2576bbcfd,,,vuln_results_final\edaii-2025\pip_audit.json,vuln_results_final\edaii-2025\bandit.json,vuln_results_final\edaii-2025\semgrep.json,
https://github.com/minsau/fastapi-template,fastapi-template,7efea72a0652d93a9b99bf17f03eb9d53a3417a5,pyproject.toml,C:\Users\leu_m\AppData\Local\Temp\repo_ho42dus6\pyproject.toml,vuln_results_final\fastapi-template\pip_audit.json,vuln_results_final\fastapi-template\bandit.json,vuln_results_final\fastapi-template\semgrep.json,
https://github.com/microsoft/vscode-python-tools-extension-template,vscode-python-tools-extension-template,a0dd1f08381ce647c3b7056d405bd36f8d65b12a,requirements.txt,C:\Users\leu_m\AppData\Local\Temp\repo_pybtvc0k\requirements.txt,vuln_results_final\vscode-python-tools-extension-template\pip_audit.json,vuln_results_final\vscode-python-tools-extension-template\bandit.json,vuln_results_final\vscode-python-tools-extension-template\semgrep.json,
https://github.com/microsoft/python-package-template,python-package-template,0537a4c89da20db291199aa28e52e618360b3910,pyproject.toml,C:\Users\leu_m\AppData\Local\Temp\repo_ar9390ko\pyproject.toml,vuln_results_final\python-package-template\pip_audit.json,vuln_results_final\python-package-template\bandit.json,vuln_results_final\python-package-template\semgrep.json,
https://github.com/microsoft/dstoolkit-mlops-base,dstoolkit-mlops-base,5d4c905940e82dad7a196bb132e1815dd8c3277a,requirements.txt,C:\Users\leu_m\AppData\Local\Temp\repo_cnc2uw_z\requirements.txt,vuln_results_final\dstoolkit-mlops-base\pip_audit.json,vuln_results_final\dstoolkit-mlops-base\bandit.json,vuln_results_final\dstoolkit-mlops-base\semgrep.json,
https://github.com/microsoft/dstoolkit-devcontainers,dstoolkit-devcontainers,6e9de17da9d54d26a75f2c1934adb8fc1c0e1e18,pyproject.toml,C:\Users\leu_m\AppData\Local\Temp\repo_qaxzdqm4\pyproject.toml,vuln_results_final\dstoolkit-devcontainers\pip_audit.json,vuln_results_final\dstoolkit-devcontainers\bandit.json,vuln_results_final\dstoolkit-devcontainers\semgrep.json,
https://github.com/michelderu/watsonx-langflow-agent,watsonx-langflow-agent,16ebb3b17cf161aab7e7c007d58cd4f40ee0ec47,pyproject.toml,C:\Users\leu_m\AppData\Local\Temp\repo_ao_w_acg\pyproject.toml,vuln_results_final\watsonx-langflow-agent\pip_audit.json,vuln_results_final\watsonx-langflow-agent\bandit.json,vuln_results_final\watsonx-langflow-agent\semgrep.json,
https://github.com/michelderu/build-your-own-rag-chatbot,build-your-own-rag-chatbot,a0b95bdc230d56138cf6e8077738e3ef0191cce3,requirements.txt,C:\Users\leu_m\AppData\Local\Temp\repo_9cyh7qrd\requirements.txt,vuln_results_final\build-your-own-rag-chatbot\pip_audit.json,vuln_results_final\build-your-own-rag-chatbot\bandit.json,vuln_results_final\build-your-own-rag-chatbot\semgrep.json,
https://github.com/mglowinski93/LargeApplicationTemplate,LargeApplicationTemplate,887c07a836ef7a1839abcd1d2aa1df2bfbb2a613,,,vuln_results_final\LargeApplicationTemplate\pip_audit.json,vuln_results_final\LargeApplicationTemplate\bandit.json,vuln_results_final\LargeApplicationTemplate\semgrep.json,
https://github.com/mglowinski93/EtlTemplate,EtlTemplate,dc6ce59f8d4d9a8bed6b9829de403252c44a63db,,,vuln_results_final\EtlTemplate\pip_audit.json,vuln_results_final\EtlTemplate\bandit.json,vuln_results_final\EtlTemplate\semgrep.json,
https://github.com/mglowinski93/AsyncSqlalchemyTemplate,AsyncSqlalchemyTemplate,82bcf248eaaed74b4754ae6f531709b8d0f04fc7,,,vuln_results_final\AsyncSqlalchemyTemplate\pip_audit.json,vuln_results_final\AsyncSqlalchemyTemplate\bandit.json,vuln_results_final\AsyncSqlalchemyTemplate\semgrep.json,
https://github.com/mgibbs1259/ds-project-template,ds-project-template,7730d4a43d133db4899978882e74292bff1aabb2,requirements.txt,C:\Users\leu_m\AppData\Local\Temp\repo_jw4zgruk\requirements.txt,vuln_results_final\ds-project-template\pip_audit.json,vuln_results_final\ds-project-template\bandit.json,vuln_results_final\ds-project-template\semgrep.json,
https://github.com/mezgoodle/bot_template,bot_template,0ae25ec7f42b12f5ab62d91041e91ca4f86b488b,requirements.txt,C:\Users\leu_m\AppData\Local\Temp\repo_pfju2_bi\requirements.txt,vuln_results_final\bot_template\pip_audit.json,vuln_results_final\bot_template\bandit.json,vuln_results_final\bot_template\semgrep.json,
https://github.com/melvinthomasdev/django_starter,django_starter,943accffcdbbe01cb6dceeefb5f7e0e5b8f5d20a,requirements.txt,C:\Users\leu_m\AppData\Local\Temp\repo_x37bfof2\requirements.txt,vuln_results_final\django_starter\pip_audit.json,vuln_results_final\django_starter\bandit.json,vuln_results_final\django_starter\semgrep.json,
https://github.com/mehmonov/aiogram-bot-template,aiogram-bot-template,3e1050d292cd29160788026f3c6e845561a2ff2e,,,vuln_results_final\aiogram-bot-template\pip_audit.json,vuln_results_final\aiogram-bot-template\bandit.json,vuln_results_final\aiogram-bot-template\semgrep.json,
https://github.com/mcuw/ESP32-ghbuild-template,ESP32-ghbuild-template,b9bff1fe24d535280a25f1bfdd6c4aef5bcb9d62,,,vuln_results_final\ESP32-ghbuild-template\pip_audit.json,vuln_results_final\ESP32-ghbuild-template\bandit.json,vuln_results_final\ESP32-ghbuild-template\semgrep.json,
https://github.com/maykinmedia/default-app,default-app,ab89851459f3eac6b6e07d3ffb1615da8527e2b0,pyproject.toml,C:\Users\leu_m\AppData\Local\Temp\repo_sg1irsa1\pyproject.toml,vuln_results_final\default-app\pip_audit.json,vuln_results_final\default-app\bandit.json,vuln_results_final\default-app\semgrep.json,
https://github.com/maxrmorrison/deep-learning-project-template,deep-learning-project-template,c7df4c9b130867c78a985457dba3076e8c006a7a,setup.py,C:\Users\leu_m\AppData\Local\Temp\repo_1_uh2vdf\setup.py,vuln_results_final\deep-learning-project-template\pip_audit.json,vuln_results_final\deep-learning-project-template\bandit.json,vuln_results_final\deep-learning-project-template\semgrep.json,
https://github.com/mauriciobraz/fastapi-starterkit,fastapi-starterkit,37ae15113d78f17ec17870892e36b3993bb8b99e,pyproject.toml,C:\Users\leu_m\AppData\Local\Temp\repo_36o3nza1\pyproject.toml,vuln_results_final\fastapi-starterkit\pip_audit.json,vuln_results_final\fastapi-starterkit\bandit.json,vuln_results_final\fastapi-starterkit\semgrep.json,
https://github.com/mauricekraus/ml-research-starter,ml-research-starter,b8000dd76b0df115b2073e8b684fb0add6665fdb,requirements.txt,C:\Users\leu_m\AppData\Local\Temp\repo_br769fh1\requirements.txt,vuln_results_final\ml-research-starter\pip_audit.json,vuln_results_final\ml-research-starter\bandit.json,vuln_results_final\ml-research-starter\semgrep.json,
https://github.com/matus-kocik/django-template,django-template,4b48cebea7b6acd9607c76381bdbc58ff4d42f78,requirements.txt,C:\Users\leu_m\AppData\Local\Temp\repo_x6vhs2ev\requirements.txt,vuln_results_final\django-template\pip_audit.json,vuln_results_final\django-template\bandit.json,vuln_results_final\django-template\semgrep.json,
https://github.com/mattdeform/MayaPythonProjectTemplate,MayaPythonProjectTemplate,01419c26c4cbf9c994a6e92bc5514aeea8518ff8,requirements.txt,C:\Users\leu_m\AppData\Local\Temp\repo_vm4mu1jw\requirements.txt,vuln_results_final\MayaPythonProjectTemplate\pip_audit.json,vuln_results_final\MayaPythonProjectTemplate\bandit.json,vuln_results_final\MayaPythonProjectTemplate\semgrep.json,
https://github.com/matrixleons/evilwaf,evilwaf,1b0642b084d38586f0591d0d13473fb97df82790,requirements.txt,C:\Users\leu_m\AppData\Local\Temp\repo_g7zzv23p\requirements.txt,vuln_results_final\evilwaf\pip_audit.json,vuln_results_final\evilwaf\bandit.json,vuln_results_final\evilwaf\semgrep.json,
https://github.com/mathmed/py-awesome-template,py-awesome-template,2f6584da863eb45ee7ffd4d3502043bf0e1011b7,pyproject.toml,C:\Users\leu_m\AppData\Local\Temp\repo_xm4evnys\pyproject.toml,vuln_results_final\py-awesome-template\pip_audit.json,vuln_results_final\py-awesome-template\bandit.json,vuln_results_final\py-awesome-template\semgrep.json,
https://github.com/materialsproject/pymatgen-addon-template,pymatgen-addon-template,6efeb3434a33e651334e92aa1078e11482fff569,pyproject.toml,C:\Users\leu_m\AppData\Local\Temp\repo_emdll2u4\pyproject.toml,vuln_results_final\pymatgen-addon-template\pip_audit.json,vuln_results_final\pymatgen-addon-template\bandit.json,vuln_results_final\pymatgen-addon-template\semgrep.json,
https://github.com/matacoder/django-docker,django-docker,2340fe5a27d2c096d1ef0445b51e0a4e0baeadee,pyproject.toml,C:\Users\leu_m\AppData\Local\Temp\repo_62u4q16u\pyproject.toml,vuln_results_final\django-docker\pip_audit.json,vuln_results_final\django-docker\bandit.json,vuln_results_final\django-docker\semgrep.json,
https://github.com/masumi-network/crewai-masumi-quickstart-template,crewai-masumi-quickstart-template,332d74d667b3e3b193f329031b790d1c9d7b44bf,requirements.txt,C:\Users\leu_m\AppData\Local\Temp\repo_fj971_z5\requirements.txt,vuln_results_final\crewai-masumi-quickstart-template\pip_audit.json,vuln_results_final\crewai-masumi-quickstart-template\bandit.json,vuln_results_final\crewai-masumi-quickstart-template\semgrep.json,
https://github.com/marvinsxtr/ml-project-template,ml-project-template,37ac357fbd458ed5d98f6dab36791c1d3e2e8858,pyproject.toml,C:\Users\leu_m\AppData\Local\Temp\repo_vm1ve8bn\pyproject.toml,vuln_results_final\ml-project-template\pip_audit.json,vuln_results_final\ml-project-template\bandit.json,vuln_results_final\ml-project-template\semgrep.json,
https://github.com/marprin/flask-celery-boilerplate,flask-celery-boilerplate,5eba05b2f140a2a7153e94d98574a34da6076d1b,,,vuln_results_final\flask-celery-boilerplate\pip_audit.json,vuln_results_final\flask-celery-boilerplate\bandit.json,vuln_results_final\flask-celery-boilerplate\semgrep.json,
https://github.com/marimo-team/marimo-uv-starter-template,marimo-uv-starter-template,669c069f4e2e01f8f17176860510d626fb1c1fb6,pyproject.toml,C:\Users\leu_m\AppData\Local\Temp\repo_chzsowf9\pyproject.toml,vuln_results_final\marimo-uv-starter-template\pip_audit.json,vuln_results_final\marimo-uv-starter-template\bandit.json,vuln_results_final\marimo-uv-starter-template\semgrep.json,
https://github.com/marimo-team/marimo-poetry-starter-template,marimo-poetry-starter-template,cba652ac0c38caa21bd34a50711473e3ce022987,pyproject.toml,C:\Users\leu_m\AppData\Local\Temp\repo_yx4i33fp\pyproject.toml,vuln_results_final\marimo-poetry-starter-template\pip_audit.json,vuln_results_final\marimo-poetry-starter-template\bandit.json,vuln_results_final\marimo-poetry-starter-template\semgrep.json,
https://github.com/marimo-team/marimo-pixi-starter-template,marimo-pixi-starter-template,2331f09dc6ad3e126e1ba6fd441d8cab5b06d063,pyproject.toml,C:\Users\leu_m\AppData\Local\Temp\repo_c0kg8t7b\pyproject.toml,vuln_results_final\marimo-pixi-starter-template\pip_audit.json,vuln_results_final\marimo-pixi-starter-template\bandit.json,vuln_results_final\marimo-pixi-starter-template\semgrep.json,
https://github.com/marfvr/python-project-template,python-project-template,a3ab5f651239a6b5252f8d1fb2cfef10bf11ffdf,pyproject.toml,C:\Users\leu_m\AppData\Local\Temp\repo_w5y0wqzg\pyproject.toml,vuln_results_final\python-project-template\pip_audit.json,vuln_results_final\python-project-template\bandit.json,vuln_results_final\python-project-template\semgrep.json,
https://github.com/marcizhu/readme-chess,readme-chess,067f3784d73ec3ae40bce881b9de4c400f15db5b,requirements.txt,C:\Users\leu_m\AppData\Local\Temp\repo_i4a6wxbe\requirements.txt,vuln_results_final\readme-chess\pip_audit.json,vuln_results_final\readme-chess\bandit.json,vuln_results_final\readme-chess\semgrep.json,
https://github.com/marcieltorres/python-boilerplate-project,python-boilerplate-project,a59b321a513ca85f9c3306e62da8f4d25ceb901f,pyproject.toml,C:\Users\leu_m\AppData\Local\Temp\repo_jqyz97m9\pyproject.toml,vuln_results_final\python-boilerplate-project\pip_audit.json,vuln_results_final\python-boilerplate-project\bandit.json,vuln_results_final\python-boilerplate-project\semgrep.json,
https://github.com/marcelovicentegc/django-react-typescript,django-react-typescript,e512919cc4ef2676d61eefe26298ea725f502728,pyproject.toml,C:\Users\leu_m\AppData\Local\Temp\repo_tr5sl5uw\pyproject.toml,vuln_results_final\django-react-typescript\pip_audit.json,vuln_results_final\django-react-typescript\bandit.json,vuln_results_final\django-react-typescript\semgrep.json,
https://github.com/makersacademy/the-perfect-crab-intro-to-python,the-perfect-crab-intro-to-python,f7d4ce0c071eab31e95864db9e78032c0800452b,,,vuln_results_final\the-perfect-crab-intro-to-python\pip_audit.json,vuln_results_final\the-perfect-crab-intro-to-python\bandit.json,vuln_results_final\the-perfect-crab-intro-to-python\semgrep.json,
https://github.com/machaao/rasa-sample-nlu-bot,rasa-sample-nlu-bot,a35bd46061e1e61964185c0eb6eb9ac892528e1b,requirements.txt,C:\Users\leu_m\AppData\Local\Temp\repo_ymj5blkh\requirements.txt,vuln_results_final\rasa-sample-nlu-bot\pip_audit.json,vuln_results_final\rasa-sample-nlu-bot\bandit.json,vuln_results_final\rasa-sample-nlu-bot\semgrep.json,
https://github.com/lwaekfjlk/python-project-template,python-project-template,8d5575bf66da136e9497d98158424dcfb40147eb,pyproject.toml,C:\Users\leu_m\AppData\Local\Temp\repo_x4zq9l3b\pyproject.toml,vuln_results_final\python-project-template\pip_audit.json,vuln_results_final\python-project-template\bandit.json,vuln_results_final\python-project-template\semgrep.json,
https://github.com/lunargon/FastAPI-simple-boilerplate,FastAPI-simple-boilerplate,97886fbaeb8fc28e0451abefe10ddbb154af4573,requirements.txt,C:\Users\leu_m\AppData\Local\Temp\repo_3m3d33a3\requirements.txt,vuln_results_final\FastAPI-simple-boilerplate\pip_audit.json,vuln_results_final\FastAPI-simple-boilerplate\bandit.json,vuln_results_final\FastAPI-simple-boilerplate\semgrep.json,
https://github.com/shiv248/LangGraphPy-x-ReactJS,LangGraphPy-x-ReactJS,ec69847fa8607ff5a41d00a00056f584d527f48b,requirements.txt,C:\Users\leu_m\AppData\Local\Temp\repo_ybnovm4g\requirements.txt,vuln_results_final\LangGraphPy-x-ReactJS\pip_audit.json,vuln_results_final\LangGraphPy-x-ReactJS\bandit.json,vuln_results_final\LangGraphPy-x-ReactJS\semgrep.json,
https://github.com/streamlit/app-starter-kit,app-starter-kit,36d7980ec53fc04ebcce01e6ad52a3606a8018de,requirements.txt,/tmp/repo_2cu7zdb8/requirements.txt,vuln_results_final/app-starter-kit/pip_audit.json,vuln_results_final/app-starter-kit/bandit.json,vuln_results_final/app-starter-kit/semgrep.json,
https://github.com/shywn-mrk/karyar-django-template,karyar-django-template,c0a6c592fd996317a0b2e65088e4569e90e4f9f1,requirements.txt,/tmp/repo_xl4zg7lh/requirements.txt,vuln_results_final/karyar-django-template/pip_audit.json,vuln_results_final/karyar-django-template/bandit.json,vuln_results_final/karyar-django-template/semgrep.json,
https://github.com/lumitech-co/lumitech-python-template,lumitech-python-template,f3e2edeab518c75bcdc3ebb8fbc1976dd5255aea,pyproject.toml,/tmp/repo_mb7w9mxd/pyproject.toml,vuln_results_final/lumitech-python-template/pip_audit.json,vuln_results_final/lumitech-python-template/bandit.json,vuln_results_final/lumitech-python-template/semgrep.json,
https://github.com/ludeeus/integration_blueprint,integration_blueprint,d13b5df7b043149044458a3afb363b9e2bdaf709,requirements.txt,/tmp/repo_9bo23mkt/requirements.txt,vuln_results_final/integration_blueprint/pip_audit.json,vuln_results_final/integration_blueprint/bandit.json,vuln_results_final/integration_blueprint/semgrep.json,
https://github.com/lucataco/cog-civitai-sdxl-template,cog-civitai-sdxl-template,e705cbec7d16fb4cd5fa1140cd9dbc6bd54953e4,,,vuln_results_final/cog-civitai-sdxl-template/pip_audit.json,vuln_results_final/cog-civitai-sdxl-template/bandit.json,vuln_results_final/cog-civitai-sdxl-template/semgrep.json,
https://github.com/ltwlf/python-mcp-starter,python-mcp-starter,213c21f6aef7491bfbb1a66474ed6500ec00b781,pyproject.toml,/tmp/repo_wqjba9e7/pyproject.toml,vuln_results_final/python-mcp-starter/pip_audit.json,vuln_results_final/python-mcp-starter/bandit.json,vuln_results_final/python-mcp-starter/semgrep.json,
https://github.com/louisbrulenaudet/hackathon-backend,hackathon-backend,6e6b35e2bbba135c4013ec634c8376b22cea15d3,requirements.txt,/tmp/repo_7cu3j45u/requirements.txt,vuln_results_final/hackathon-backend/pip_audit.json,vuln_results_final/hackathon-backend/bandit.json,vuln_results_final/hackathon-backend/semgrep.json,
https://github.com/lordsarcastic/djangoer,djangoer,2c7c74be4cee0cac454895277d24b2f948ce4ca0,pyproject.toml,/tmp/repo_wl3h6rgx/pyproject.toml,vuln_results_final/djangoer/pip_audit.json,vuln_results_final/djangoer/bandit.json,vuln_results_final/djangoer/semgrep.json,
https://github.com/lordgordon/py-scaffolding,py-scaffolding,750896cf0d2b11e8b4c69d769d400b61e32f8b1b,pyproject.toml,/tmp/repo_0atatpsj/pyproject.toml,vuln_results_final/py-scaffolding/pip_audit.json,vuln_results_final/py-scaffolding/bandit.json,vuln_results_final/py-scaffolding/semgrep.json,
https://github.com/loonghao/repo-template,repo-template,33d27627a42765eef75f379813f6f4c533810a02,pyproject.toml,/tmp/repo_huizp1r7/pyproject.toml,vuln_results_final/repo-template/pip_audit.json,vuln_results_final/repo-template/bandit.json,vuln_results_final/repo-template/semgrep.json,
https://github.com/livekit-examples/voice-agent-workshop,voice-agent-workshop,bef46d1646716a4ad1594a2570eb4554108108c4,pyproject.toml,/tmp/repo_s842d0ud/pyproject.toml,vuln_results_final/voice-agent-workshop/pip_audit.json,vuln_results_final/voice-agent-workshop/bandit.json,vuln_results_final/voice-agent-workshop/semgrep.json,
https://github.com/livekit-examples/voice-agent-hackathon,voice-agent-hackathon,42454b8096a2d7a885ab6159a6f27792ed5776ec,pyproject.toml,/tmp/repo_olqq6acw/pyproject.toml,vuln_results_final/voice-agent-hackathon/pip_audit.json,vuln_results_final/voice-agent-hackathon/bandit.json,vuln_results_final/voice-agent-hackathon/semgrep.json,
https://github.com/livekit-examples/agent-starter-python,agent-starter-python,69d84b292324d3a5ccb066a5a8b5737303554bed,pyproject.toml,/tmp/repo_wromq7oi/pyproject.toml,vuln_results_final/agent-starter-python/pip_audit.json,vuln_results_final/agent-starter-python/bandit.json,vuln_results_final/agent-starter-python/semgrep.json,
https://github.com/litestar-org/project-template,project-template,c86f8a6323dbba11cb8b2e71d205640121173c4e,pyproject.toml,/tmp/repo_xe1x44xn/pyproject.toml,vuln_results_final/project-template/pip_audit.json,vuln_results_final/project-template/bandit.json,vuln_results_final/project-template/semgrep.json,
https://github.com/list4c/playwright-python-testing,playwright-python-testing,ff1c9480a19bb9a44b33307336ec2e78d1316605,pyproject.toml,/tmp/repo_z5fkb408/pyproject.toml,vuln_results_final/playwright-python-testing/pip_audit.json,vuln_results_final/playwright-python-testing/bandit.json,vuln_results_final/playwright-python-testing/semgrep.json,
https://github.com/liplum/MindustryModTemplate,MindustryModTemplate,be8e775fb0498198e34d193aeb237fe921e814df,,,vuln_results_final/MindustryModTemplate/pip_audit.json,vuln_results_final/MindustryModTemplate/bandit.json,vuln_results_final/MindustryModTemplate/semgrep.json,
https://github.com/linrongbin16/ci-template.nvim,ci-template,da7ef12b4cd30927af056d95066819c84576f47e,setup.py,/tmp/repo_f6bwnu_v/setup.py,vuln_results_final/ci-template/pip_audit.json,vuln_results_final/ci-template/bandit.json,vuln_results_final/ci-template/semgrep.json,
https://github.com/libresource/pygenesis-django,pygenesis-django,f4eaf74b42acce88561ff6d1b1167a220d509c6b,requirements.txt,/tmp/repo_s8w0_g1u/requirements.txt,vuln_results_final/pygenesis-django/pip_audit.json,vuln_results_final/pygenesis-django/bandit.json,vuln_results_final/pygenesis-django/semgrep.json,
https://github.com/lemeow125/DRF_Template,DRF_Template,0628428a738fa1871724113d7bb1f9dc30ae2a2c,pyproject.toml,/tmp/repo_6cln6ab8/pyproject.toml,vuln_results_final/DRF_Template/pip_audit.json,vuln_results_final/DRF_Template/bandit.json,vuln_results_final/DRF_Template/semgrep.json,
https://github.com/leehuwuj/python-uv-monorepo-template,python-uv-monorepo-template,7793cc9dbc29d51aa8596e70525901c217b07be0,pyproject.toml,/tmp/repo_213q5j6p/pyproject.toml,vuln_results_final/python-uv-monorepo-template/pip_audit.json,vuln_results_final/python-uv-monorepo-template/bandit.json,vuln_results_final/python-uv-monorepo-template/semgrep.json,
https://github.com/leanderloew/uv-devcontainer-ruff-starter,uv-devcontainer-ruff-starter,c62eb1664f03312bd60b2a8c250c677666a361ab,,,vuln_results_final/uv-devcontainer-ruff-starter/pip_audit.json,vuln_results_final/uv-devcontainer-ruff-starter/bandit.json,vuln_results_final/uv-devcontainer-ruff-starter/semgrep.json,
https://github.com/lawrennd/fynesse_template,fynesse_template,2c8151bebfae55f2e9b2c32e081ae2df92457dbf,pyproject.toml,/tmp/repo_ub4278g7/pyproject.toml,vuln_results_final/fynesse_template/pip_audit.json,vuln_results_final/fynesse_template/bandit.json,vuln_results_final/fynesse_template/semgrep.json,
https://github.com/latex4ei/CheatsheetTemplate,CheatsheetTemplate,f2a98a1decf0f57503536422c7ca72df736493c9,,,vuln_results_final/CheatsheetTemplate/pip_audit.json,vuln_results_final/CheatsheetTemplate/bandit.json,vuln_results_final/CheatsheetTemplate/semgrep.json,
https://github.com/larsrollik/templatepy,templatepy,3ba512b993f796fb278959c7aacb4b3d54afb325,pyproject.toml,/tmp/repo_s2yzo66y/pyproject.toml,vuln_results_final/templatepy/pip_audit.json,vuln_results_final/templatepy/bandit.json,vuln_results_final/templatepy/semgrep.json,
https://github.com/langchain-ai/react-agent,react-agent,f0b8cf200ddbdb158f6de229b0872b32196cf561,pyproject.toml,/tmp/repo_j1zseace/pyproject.toml,vuln_results_final/react-agent/pip_audit.json,vuln_results_final/react-agent/bandit.json,vuln_results_final/react-agent/semgrep.json,
https://github.com/langchain-ai/rag-research-agent-template,rag-research-agent-template,39f3ce6ad9cac90ce10d6f93890511fa67a51885,pyproject.toml,/tmp/repo_j27zxmq8/pyproject.toml,vuln_results_final/rag-research-agent-template/pip_audit.json,vuln_results_final/rag-research-agent-template/bandit.json,vuln_results_final/rag-research-agent-template/semgrep.json,
https://github.com/langchain-ai/memory-template,memory-template,7a2c571ac8915b61f3b3aa615c8f1bc0167e6be8,pyproject.toml,/tmp/repo_how99f4i/pyproject.toml,vuln_results_final/memory-template/pip_audit.json,vuln_results_final/memory-template/bandit.json,vuln_results_final/memory-template/semgrep.json,
https://github.com/langchain-ai/langserve-replit-template,langserve-replit-template,6aca25dbc0db7a0ce75b9346bfd95c9db74436d2,pyproject.toml,/tmp/repo_vdrnasde/pyproject.toml,vuln_results_final/langserve-replit-template/pip_audit.json,vuln_results_final/langserve-replit-template/bandit.json,vuln_results_final/langserve-replit-template/semgrep.json,
https://github.com/lancegoyke/djarter,djarter,b6f53f0d3e0d2e5f1333f2e0c960c7c05b8ed444,requirements.txt,/tmp/repo_x5d_vto5/requirements.txt,vuln_results_final/djarter/pip_audit.json,vuln_results_final/djarter/bandit.json,vuln_results_final/djarter/semgrep.json,
https://github.com/laaraujo/django-api-template,django-api-template,e657227114c0ae1f145c0b1983a4fa00d4c0950d,requirements.txt,/tmp/repo_q_3mc93k/requirements.txt,vuln_results_final/django-api-template/pip_audit.json,vuln_results_final/django-api-template/bandit.json,vuln_results_final/django-api-template/semgrep.json,
https://github.com/kuyugama/fastapi-boilerplate,fastapi-boilerplate,79ccac2d3fd9e40b1a4d6e3a5069145bd14268b5,requirements.txt,/tmp/repo_n2wx4490/requirements.txt,vuln_results_final/fastapi-boilerplate/pip_audit.json,vuln_results_final/fastapi-boilerplate/bandit.json,vuln_results_final/fastapi-boilerplate/semgrep.json,
https://github.com/kulothunganug/kivy-lazy-loading-template,kivy-lazy-loading-template,e71248aa351dafeace1e9d9c685b99da2867a985,,,vuln_results_final/kivy-lazy-loading-template/pip_audit.json,vuln_results_final/kivy-lazy-loading-template/bandit.json,vuln_results_final/kivy-lazy-loading-template/semgrep.json,
https://github.com/kryvokhyzha/langgraph-agent-toolkit,langgraph-agent-toolkit,4d9c9027e46de832c3c9b8af636078092f971fd0,pyproject.toml,/tmp/repo_44yjlksw/pyproject.toml,vuln_results_final/langgraph-agent-toolkit/pip_audit.json,vuln_results_final/langgraph-agent-toolkit/bandit.json,vuln_results_final/langgraph-agent-toolkit/semgrep.json,
https://github.com/krishnakamalbaishnab/TemplatesFastAPI,TemplatesFastAPI,eb7d2b4903bc98abe7157084aed4f40c4fcc2077,requirements.txt,/tmp/repo__47j_mot/requirements.txt,vuln_results_final/TemplatesFastAPI/pip_audit.json,vuln_results_final/TemplatesFastAPI/bandit.json,vuln_results_final/TemplatesFastAPI/semgrep.json,
https://github.com/kpolley/easy-agents,easy-agents,2bccc27ef577321c6b145a748e22f52d42b1fc02,pyproject.toml,/tmp/repo_10mlmscz/pyproject.toml,vuln_results_final/easy-agents/pip_audit.json,vuln_results_final/easy-agents/bandit.json,vuln_results_final/easy-agents/semgrep.json,
https://github.com/korbit-ai/ml-challenge,ml-challenge,1365a2f85fdd3abafb361561d6397f517090ce23,,,vuln_results_final/ml-challenge/pip_audit.json,vuln_results_final/ml-challenge/bandit.json,vuln_results_final/ml-challenge/semgrep.json,
https://github.com/konstantinjdobler/nlp-research-template,nlp-research-template,990b9b5d765149224ef32bc78ecfdd96a2a9436e,pyproject.toml,/tmp/repo_hy887cee/pyproject.toml,vuln_results_final/nlp-research-template/pip_audit.json,vuln_results_final/nlp-research-template/bandit.json,vuln_results_final/nlp-research-template/semgrep.json,
https://github.com/kobzevvv/backender-challenge,backender-challenge,c2b1aaba09aea9a111d8819695d2f5493b2ab08a,requirements.txt,/tmp/repo_2m4l3v6j/requirements.txt,vuln_results_final/backender-challenge/pip_audit.json,vuln_results_final/backender-challenge/bandit.json,vuln_results_final/backender-challenge/semgrep.json,
https://github.com/knime/knime-python-extension-template,knime-python-extension-template,af4c987b5b56be1551e210c22e97c49a8188ace7,,,vuln_results_final/knime-python-extension-template/pip_audit.json,vuln_results_final/knime-python-extension-template/bandit.json,vuln_results_final/knime-python-extension-template/semgrep.json,
https://github.com/kmsint/aiogram_bot_template,aiogram_bot_template,fe667d9ad6c92f50500b92f2f1582fc4fd5cf4e2,pyproject.toml,/tmp/repo_am22uk1m/pyproject.toml,vuln_results_final/aiogram_bot_template/pip_audit.json,vuln_results_final/aiogram_bot_template/bandit.json,vuln_results_final/aiogram_bot_template/semgrep.json,
https://github.com/kkrypt0nn/Python-Discord-Bot-Template,Python-Discord-Bot-Template,9a6561f2d68e7819fc66701d47c30e50fcac989d,requirements.txt,/tmp/repo_d2o97jp_/requirements.txt,vuln_results_final/Python-Discord-Bot-Template/pip_audit.json,vuln_results_final/Python-Discord-Bot-Template/bandit.json,vuln_results_final/Python-Discord-Bot-Template/semgrep.json,
https://github.com/kirill-markin/example-mcp-server,example-mcp-server,a43be2603fce4cf11741d0e3c54409cbd39c2eb2,pyproject.toml,/tmp/repo_h4yrljn7/pyproject.toml,vuln_results_final/example-mcp-server/pip_audit.json,vuln_results_final/example-mcp-server/bandit.json,vuln_results_final/example-mcp-server/semgrep.json,
https://github.com/kinderasteroid/Django-Boilerplate-v1.0,Django-Boilerplate-v1,41f522011d9b0a5b83b3c5635c4edfe595bcd038,requirements.txt,/tmp/repo_gcz4p36r/requirements.txt,vuln_results_final/Django-Boilerplate-v1/pip_audit.json,vuln_results_final/Django-Boilerplate-v1/bandit.json,vuln_results_final/Django-Boilerplate-v1/semgrep.json,
https://github.com/kigawas/flask-scaffold,flask-scaffold,aec93a98950ce6d5100198f22049db717ff9a522,pyproject.toml,/tmp/repo_6hs4u57o/pyproject.toml,vuln_results_final/flask-scaffold/pip_audit.json,vuln_results_final/flask-scaffold/bandit.json,vuln_results_final/flask-scaffold/semgrep.json,
https://github.com/khulnasoft/Flask-Boilerplate,Flask-Boilerplate,7c5904b897101d8ef930c2e4c280bfc29d6748ef,requirements.txt,/tmp/repo_rvwxtvcx/requirements.txt,vuln_results_final/Flask-Boilerplate/pip_audit.json,vuln_results_final/Flask-Boilerplate/bandit.json,vuln_results_final/Flask-Boilerplate/semgrep.json,
https://github.com/kedder/ofxstatement-sample,ofxstatement-sample,064f8ca4cc6db916d7605f863d4f2d24347442a3,pyproject.toml,/tmp/repo_4o_cuqti/pyproject.toml,vuln_results_final/ofxstatement-sample/pip_audit.json,vuln_results_final/ofxstatement-sample/bandit.json,vuln_results_final/ofxstatement-sample/semgrep.json,
https://github.com/kebaldwi/CATC-TEMPLATES,CATC-TEMPLATES,3ac33bf5a4523f17ad431dd71e9435fc774baba1,,,vuln_results_final/CATC-TEMPLATES/pip_audit.json,vuln_results_final/CATC-TEMPLATES/bandit.json,vuln_results_final/CATC-TEMPLATES/semgrep.json,
https://github.com/kaust-generative-ai/pytorch-gpu-genai-project,pytorch-gpu-genai-project,804430fe705925842253fed2f4ec59f08fe62278,requirements.txt,/tmp/repo_yypp1um9/requirements.txt,vuln_results_final/pytorch-gpu-genai-project/pip_audit.json,vuln_results_final/pytorch-gpu-genai-project/bandit.json,vuln_results_final/pytorch-gpu-genai-project/semgrep.json,
https://github.com/kasperjunge/fastapi-react-vibe-coding-template,fastapi-react-vibe-coding-template,8bae088f76c05b24a383e3d4f607578b5ceb4dd9,,,vuln_results_final/fastapi-react-vibe-coding-template/pip_audit.json,vuln_results_final/fastapi-react-vibe-coding-template/bandit.json,vuln_results_final/fastapi-react-vibe-coding-template/semgrep.json,
https://github.com/kamikaze/fastapi-project-template,fastapi-project-template,fd37e57e67f155e59705e2189ad70ff5f9120fc7,pyproject.toml,/tmp/repo_4akikkp3/pyproject.toml,vuln_results_final/fastapi-project-template/pip_audit.json,vuln_results_final/fastapi-project-template/bandit.json,vuln_results_final/fastapi-project-template/semgrep.json,
https://github.com/kalvincalimag/django-nextjs-jwt-starter,django-nextjs-jwt-starter,15f01b62eac89c2979a1c978fee764784e636d5d,,,vuln_results_final/django-nextjs-jwt-starter/pip_audit.json,vuln_results_final/django-nextjs-jwt-starter/bandit.json,vuln_results_final/django-nextjs-jwt-starter/semgrep.json,
https://github.com/kalanakt/Pyrogram-Telegram-Bot-Template,Pyrogram-Telegram-Bot-Template,13ca8982633e35edb90dba0c86e0481d10efcc43,requirements.txt,/tmp/repo_itvybghi/requirements.txt,vuln_results_final/Pyrogram-Telegram-Bot-Template/pip_audit.json,vuln_results_final/Pyrogram-Telegram-Bot-Template/bandit.json,vuln_results_final/Pyrogram-Telegram-Bot-Template/semgrep.json,
https://github.com/kaanari-tech/fastapi-boilerplate,fastapi-boilerplate,5a0a2bb972bf9e5486b3ec88cdace0f6ea70f080,,,vuln_results_final/fastapi-boilerplate/pip_audit.json,vuln_results_final/fastapi-boilerplate/bandit.json,vuln_results_final/fastapi-boilerplate/semgrep.json,
https://github.com/k8thekat/GatekeeperV2,GatekeeperV2,3395d292842f2489bcea7b9b16413c2d26899093,requirements.txt,/tmp/repo_s2u804mt/requirements.txt,vuln_results_final/GatekeeperV2/pip_audit.json,vuln_results_final/GatekeeperV2/bandit.json,vuln_results_final/GatekeeperV2/semgrep.json,
https://github.com/k2bd/action-python-poetry,action-python-poetry,3f276994d48495ad7b8ca4a99b7cd1816abbb71a,pyproject.toml,/tmp/repo_4vqtdrfk/pyproject.toml,vuln_results_final/action-python-poetry/pip_audit.json,vuln_results_final/action-python-poetry/bandit.json,vuln_results_final/action-python-poetry/semgrep.json,
https://github.com/k01ek/netbox-plugin-skeleton,netbox-plugin-skeleton,7beb782360a93199944acd0f29594a22603e4ea2,setup.py,/tmp/repo_o3mc1rn4/setup.py,vuln_results_final/netbox-plugin-skeleton/pip_audit.json,vuln_results_final/netbox-plugin-skeleton/bandit.json,vuln_results_final/netbox-plugin-skeleton/semgrep.json,
https://github.com/jymchng/simple-python-template,simple-python-template,87cfd83d9c368c8ba8cc8ed6242de35f13c4b030,requirements.txt,/tmp/repo_3qcsfzaj/requirements.txt,vuln_results_final/simple-python-template/pip_audit.json,vuln_results_final/simple-python-template/bandit.json,vuln_results_final/simple-python-template/semgrep.json,
https://github.com/justb4/fastapi-users-starter,fastapi-users-starter,139567c5664b903218d639212ec0dceed9ed70f7,requirements.txt,/tmp/repo_lzrb31k0/requirements.txt,vuln_results_final/fastapi-users-starter/pip_audit.json,vuln_results_final/fastapi-users-starter/bandit.json,vuln_results_final/fastapi-users-starter/semgrep.json,
https://github.com/jskils/python-webview-vue,python-webview-vue,ee1979cdd8e7205b6c334fc365b4791a9941f710,requirements.txt,/tmp/repo_uy6d727j/requirements.txt,vuln_results_final/python-webview-vue/pip_audit.json,vuln_results_final/python-webview-vue/bandit.json,vuln_results_final/python-webview-vue/semgrep.json,
https://github.com/jpreiss/reproducible_papers,reproducible_papers,cdf105b76d3648a2e050b147024fbda9c7fd6252,,,vuln_results_final/reproducible_papers/pip_audit.json,vuln_results_final/reproducible_papers/bandit.json,vuln_results_final/reproducible_papers/semgrep.json,
https://github.com/jp-cpe/auto-redeploy-jamf-framework,auto-redeploy-jamf-framework,21ac21b7a5dc733b9ca63bd31d03a2ec1fef4c16,requirements.txt,/tmp/repo_fsejbo5k/requirements.txt,vuln_results_final/auto-redeploy-jamf-framework/pip_audit.json,vuln_results_final/auto-redeploy-jamf-framework/bandit.json,vuln_results_final/auto-redeploy-jamf-framework/semgrep.json,
https://github.com/josmithiii/neural-spectral-modeling-template,neural-spectral-modeling-template,79642f343142a05899381b313a93fda30714fb15,pyproject.toml,/tmp/repo_evqdsqo1/pyproject.toml,vuln_results_final/neural-spectral-modeling-template/pip_audit.json,vuln_results_final/neural-spectral-modeling-template/bandit.json,vuln_results_final/neural-spectral-modeling-template/semgrep.json,
https://github.com/joshnewans/my_bot,my_bot,d696b7b9778e8df4cdee7e7afed0b03a0ac13d49,,,vuln_results_final/my_bot/pip_audit.json,vuln_results_final/my_bot/bandit.json,vuln_results_final/my_bot/semgrep.json,
https://github.com/josephkb87/PythonBasics,PythonBasics,5058f9775a61c1db56e01bab0ea0bac5c2b0f0d3,,,vuln_results_final/PythonBasics/pip_audit.json,vuln_results_final/PythonBasics/bandit.json,vuln_results_final/PythonBasics/semgrep.json,
https://github.com/johnnymillergh/python-boilerplate,python-boilerplate,f2f982151777d5c9a1445e8dd251bcd6e2bb558d,pyproject.toml,/tmp/repo_smrftzdm/pyproject.toml,vuln_results_final/python-boilerplate/pip_audit.json,vuln_results_final/python-boilerplate/bandit.json,vuln_results_final/python-boilerplate/semgrep.json,
https://github.com/joer9514/FastAPI-professional-configuration,FastAPI-professional-configuration,8148c91d0a47d30bcc424e373c1743a6b77908d5,pyproject.toml,/tmp/repo_sfy4htam/pyproject.toml,vuln_results_final/FastAPI-professional-configuration/pip_audit.json,vuln_results_final/FastAPI-professional-configuration/bandit.json,vuln_results_final/FastAPI-professional-configuration/semgrep.json,
https://github.com/joaorafaelm/django-app-template,django-app-template,038783a27f93f05b335d1a417f6b78efc68bf29c,pyproject.toml,/tmp/repo_t6f_5hzr/pyproject.toml,vuln_results_final/django-app-template/pip_audit.json,vuln_results_final/django-app-template/bandit.json,vuln_results_final/django-app-template/semgrep.json,
https://github.com/joaomcteixeira/python-project-skeleton,python-project-skeleton,42e139b96c31e31b1d69c190cdeeaf10f9a2c059,requirements.txt,/tmp/repo_a8kgeem_/requirements.txt,vuln_results_final/python-project-skeleton/pip_audit.json,vuln_results_final/python-project-skeleton/bandit.json,vuln_results_final/python-project-skeleton/semgrep.json,
https://github.com/jlumbroso/basic-git-scraper-template,basic-git-scraper-template,fa403fca3f2355f0ad5346953eb0f677caf1d9e5,Pipfile,/tmp/repo_3yro7v8h/Pipfile,vuln_results_final/basic-git-scraper-template/pip_audit.json,vuln_results_final/basic-git-scraper-template/bandit.json,vuln_results_final/basic-git-scraper-template/semgrep.json,
https://github.com/jlevy/simple-modern-poetry-template,simple-modern-poetry-template,4f64e13aa07fcfb64111d2cbd5f8ee8f25ca1d6a,pyproject.toml,/tmp/repo_ried1sdd/pyproject.toml,vuln_results_final/simple-modern-poetry-template/pip_audit.json,vuln_results_final/simple-modern-poetry-template/bandit.json,vuln_results_final/simple-modern-poetry-template/semgrep.json,
https://github.com/jlanga/smsk,smsk,1c002e2b38760c68f88da589cd69b0a30b6c15f3,,,vuln_results_final/smsk/pip_audit.json,vuln_results_final/smsk/bandit.json,vuln_results_final/smsk/semgrep.json,
https://github.com/jkitchin/literature-alerts,literature-alerts,12265f337a91f453b12a9ac332496b526da1c899,,,vuln_results_final/literature-alerts/pip_audit.json,vuln_results_final/literature-alerts/bandit.json,vuln_results_final/literature-alerts/semgrep.json,
https://github.com/jhj0517/ComfyUI-CustomNodes-Template,ComfyUI-CustomNodes-Template,b4f64f17ab897182addad39914dcaeb7d8aeb79e,requirements.txt,/tmp/repo_5z0imk46/requirements.txt,vuln_results_final/ComfyUI-CustomNodes-Template/pip_audit.json,vuln_results_final/ComfyUI-CustomNodes-Template/bandit.json,vuln_results_final/ComfyUI-CustomNodes-Template/semgrep.json,
https://github.com/jetbrains-academy/python-course-template,python-course-template,2bdd1b1871f665020e07687bc69fc02aaf332445,,,vuln_results_final/python-course-template/pip_audit.json,vuln_results_final/python-course-template/bandit.json,vuln_results_final/python-course-template/semgrep.json,
https://github.com/jeremyfix/pytorch_template_code,pytorch_template_code,936dee27897ef62ea44b98dec7cbbba9438818f3,pyproject.toml,/tmp/repo__z2eubnl/pyproject.toml,vuln_results_final/pytorch_template_code/pip_audit.json,vuln_results_final/pytorch_template_code/bandit.json,vuln_results_final/pytorch_template_code/semgrep.json,
https://github.com/jeertmans/manim-slides-starter,manim-slides-starter,411130f2962ce9c88296ff4cf63a2889af2fe8c5,requirements.txt,/tmp/repo_yg4eq2hu/requirements.txt,vuln_results_final/manim-slides-starter/pip_audit.json,vuln_results_final/manim-slides-starter/bandit.json,vuln_results_final/manim-slides-starter/semgrep.json,
https://github.com/jctosta/micro-queue-starter,micro-queue-starter,ff185ed598d51fd0d4917a3093c17fe0f7be103d,requirements.txt,/tmp/repo_o_hk0qq7/requirements.txt,vuln_results_final/micro-queue-starter/pip_audit.json,vuln_results_final/micro-queue-starter/bandit.json,vuln_results_final/micro-queue-starter/semgrep.json,
https://github.com/jaybosamiya/latex-paper-template,latex-paper-template,5910a57700b0fb82a50002e408f9e88f015f0acc,,,vuln_results_final/latex-paper-template/pip_audit.json,vuln_results_final/latex-paper-template/bandit.json,vuln_results_final/latex-paper-template/semgrep.json,
https://github.com/jamesheavey/react-agent,react-agent,2dc3e277119979618533ee0bf91c1a99ea807e62,,,vuln_results_final/react-agent/pip_audit.json,vuln_results_final/react-agent/bandit.json,vuln_results_final/react-agent/semgrep.json,
https://github.com/jalantechnologies/flask-react-template,flask-react-template,39e5e9b055ebd7578f0681959076ad250fedd21c,Pipfile,/tmp/repo_9d6l407j/Pipfile,vuln_results_final/flask-react-template/pip_audit.json,vuln_results_final/flask-react-template/bandit.json,vuln_results_final/flask-react-template/semgrep.json,
https://github.com/jacobtomlinson/python-container-action,python-container-action,076d4eab49dde9b6a2dfb2f4df812d436f8d845f,,,vuln_results_final/python-container-action/pip_audit.json,vuln_results_final/python-container-action/bandit.json,vuln_results_final/python-container-action/semgrep.json,
https://github.com/jacobtellep/context-engineering-starter,context-engineering-starter,8131cfec0476fdb8252b627b8bd1a6a8324b7db2,,,vuln_results_final/context-engineering-starter/pip_audit.json,vuln_results_final/context-engineering-starter/bandit.json,vuln_results_final/context-engineering-starter/semgrep.json,
https://github.com/ixdlabs/django-api-template,django-api-template,ff1562951a089df54d83c0042b54fb7ce530300c,requirements.txt,/tmp/repo_dw93p02n/requirements.txt,vuln_results_final/django-api-template/pip_audit.json,vuln_results_final/django-api-template/bandit.json,vuln_results_final/django-api-template/semgrep.json,
https://github.com/itsmedeepak/PyVerse,PyVerse,62780b7a031975d4710caa1485a622982f9ea20a,,,vuln_results_final/PyVerse/pip_audit.json,vuln_results_final/PyVerse/bandit.json,vuln_results_final/PyVerse/semgrep.json,
https://github.com/itsmeadarsh2008/cherrysaas,cherrysaas,35ede6ead8105f419c841e8e34abd4a80c92956a,requirements.txt,/tmp/repo_o5uno1td/requirements.txt,vuln_results_final/cherrysaas/pip_audit.json,vuln_results_final/cherrysaas/bandit.json,vuln_results_final/cherrysaas/semgrep.json,
https://github.com/its0x4d/fastapi-jet,fastapi-jet,cf15ff8a7513433ce260aa353614e3d8802406ee,pyproject.toml,/tmp/repo_31rkb1pm/pyproject.toml,vuln_results_final/fastapi-jet/pip_audit.json,vuln_results_final/fastapi-jet/bandit.json,vuln_results_final/fastapi-jet/semgrep.json,
https://github.com/itk-dev-rpa/Robot-Framework,Robot-Framework,187e5f10de6d7de993e4149e4b71d566d764422f,pyproject.toml,/tmp/repo_h2ljrind/pyproject.toml,vuln_results_final/Robot-Framework/pip_audit.json,vuln_results_final/Robot-Framework/bandit.json,vuln_results_final/Robot-Framework/semgrep.json,
https://github.com/ironlungx/nvim-pio,nvim-pio,4b710f64e98412d6691a55306a3f5886734038ac,,,vuln_results_final/nvim-pio/pip_audit.json,vuln_results_final/nvim-pio/bandit.json,vuln_results_final/nvim-pio/semgrep.json,
https://github.com/intersystems-community/iris-embedded-python-template,iris-embedded-python-template,97c47eda07188b06cb2e104a6e6045973ba48e6f,requirements.txt,/tmp/repo_zwzyisyt/requirements.txt,vuln_results_final/iris-embedded-python-template/pip_audit.json,vuln_results_final/iris-embedded-python-template/bandit.json,vuln_results_final/iris-embedded-python-template/semgrep.json,
https://github.com/inputlogic/django-api-starter,django-api-starter,bf658bd19c035abf191efe5a81ee597fca950738,requirements.txt,/tmp/repo_4qjsnndc/requirements.txt,vuln_results_final/django-api-starter/pip_audit.json,vuln_results_final/django-api-starter/bandit.json,vuln_results_final/django-api-starter/semgrep.json,
https://github.com/inferless/whisper-large-v3,whisper-large-v3,453bac09959055dcd2560edfaafff6719b625863,,,vuln_results_final/whisper-large-v3/pip_audit.json,vuln_results_final/whisper-large-v3/bandit.json,vuln_results_final/whisper-large-v3/semgrep.json,
https://github.com/inferless/tinyllama-1-1b-chat-vllm-gguf,tinyllama-1-1b-chat-vllm-gguf,9649ea90f618d43f12f4f48964cb62f53f76fd46,,,vuln_results_final/tinyllama-1-1b-chat-vllm-gguf/pip_audit.json,vuln_results_final/tinyllama-1-1b-chat-vllm-gguf/bandit.json,vuln_results_final/tinyllama-1-1b-chat-vllm-gguf/semgrep.json,
https://github.com/inferless/stable-video-diffusion,stable-video-diffusion,d975bb63eff42f856d120facb3aabbaca7cc1b18,,,vuln_results_final/stable-video-diffusion/pip_audit.json,vuln_results_final/stable-video-diffusion/bandit.json,vuln_results_final/stable-video-diffusion/semgrep.json,
https://github.com/inferless/stable-diffusion-xl-turbo,stable-diffusion-xl-turbo,28f75592dee73709cfbabdef0fe74c25c1306feb,,,vuln_results_final/stable-diffusion-xl-turbo/pip_audit.json,vuln_results_final/stable-diffusion-xl-turbo/bandit.json,vuln_results_final/stable-diffusion-xl-turbo/semgrep.json,
https://github.com/inferless/sdxl-lightning,sdxl-lightning,723061be545cc848d7c1fde2b9f15bee19d5d264,,,vuln_results_final/sdxl-lightning/pip_audit.json,vuln_results_final/sdxl-lightning/bandit.json,vuln_results_final/sdxl-lightning/semgrep.json,
https://github.com/inferless/rmbg-1.4,rmbg-1,7246a77fc0f9bec892461ac4db3bcd3b4138bac8,,,vuln_results_final/rmbg-1/pip_audit.json,vuln_results_final/rmbg-1/bandit.json,vuln_results_final/rmbg-1/semgrep.json,
https://github.com/inferless/qwq-32b-preview,qwq-32b-preview,5af9d53b5b8384d0d4b70f89350a02ced8fbe149,,,vuln_results_final/qwq-32b-preview/pip_audit.json,vuln_results_final/qwq-32b-preview/bandit.json,vuln_results_final/qwq-32b-preview/semgrep.json,
https://github.com/inferless/playground-v2.5,playground-v2,165b98b895e1889c6c46564319c3ab26f1c50b74,,,vuln_results_final/playground-v2/pip_audit.json,vuln_results_final/playground-v2/bandit.json,vuln_results_final/playground-v2/semgrep.json,
https://github.com/inferless/mixtral-8x7b-v0.1,mixtral-8x7b-v0,728fd68eb11de9a0e284e671d226aa004786744e,,,vuln_results_final/mixtral-8x7b-v0/pip_audit.json,vuln_results_final/mixtral-8x7b-v0/bandit.json,vuln_results_final/mixtral-8x7b-v0/semgrep.json,
https://github.com/inferless/mistral-7b,mistral-7b,e51295b3d178f8238a356f54dcec9f3f7ff7e23e,,,vuln_results_final/mistral-7b/pip_audit.json,vuln_results_final/mistral-7b/bandit.json,vuln_results_final/mistral-7b/semgrep.json,
https://github.com/inferless/llama-3.2-11b-vision-instruct,llama-3,1477f64b34c05d50684204c0c00bdf59ef232f1f,,,vuln_results_final/llama-3/pip_audit.json,vuln_results_final/llama-3/bandit.json,vuln_results_final/llama-3/semgrep.json,
https://github.com/inferless/google-paligemma-3b,google-paligemma-3b,a164659d159b17e67b7c0a4959d535d1a2cc91de,,,vuln_results_final/google-paligemma-3b/pip_audit.json,vuln_results_final/google-paligemma-3b/bandit.json,vuln_results_final/google-paligemma-3b/semgrep.json,
https://github.com/inferless/flux.1-schnell,flux,d2b33908a551f815e03f1ecaaabe825bc51cbc7b,,,vuln_results_final/flux/pip_audit.json,vuln_results_final/flux/bandit.json,vuln_results_final/flux/semgrep.json,
https://github.com/inferless/facebook-bart-cnn,facebook-bart-cnn,021eb2cb08191a80393ebb9b53232729eafc671f,,,vuln_results_final/facebook-bart-cnn/pip_audit.json,vuln_results_final/facebook-bart-cnn/bandit.json,vuln_results_final/facebook-bart-cnn/semgrep.json,
https://github.com/inferless/dolphin-2.5-mixtral-8x7b-gptq,dolphin-2,96cdce1d498f66cf8b0c66a7cc9cc86244caabff,,,vuln_results_final/dolphin-2/pip_audit.json,vuln_results_final/dolphin-2/bandit.json,vuln_results_final/dolphin-2/semgrep.json,
https://github.com/inferless/deepseek-r1-distill-qwen-32b,deepseek-r1-distill-qwen-32b,0590af6c60f35533d111d3fb4b953681b95aff63,,,vuln_results_final/deepseek-r1-distill-qwen-32b/pip_audit.json,vuln_results_final/deepseek-r1-distill-qwen-32b/bandit.json,vuln_results_final/deepseek-r1-distill-qwen-32b/semgrep.json,
https://github.com/inferless/bark,bark,e9e56e54ee705075431a7b702e6347f67dffaff9,,,vuln_results_final/bark/pip_audit.json,vuln_results_final/bark/bandit.json,vuln_results_final/bark/semgrep.json,
https://github.com/inferless/animagine-xl-3.1,animagine-xl-3,c3e4fc511743aba9400c49de8ec201b3a4d76860,,,vuln_results_final/animagine-xl-3/pip_audit.json,vuln_results_final/animagine-xl-3/bandit.json,vuln_results_final/animagine-xl-3/semgrep.json,
https://github.com/inferless/animagine-xl-3.0,animagine-xl-3,4464c2bcbc6ce89dbaf99de354766ad27e6d9780,,,vuln_results_final/animagine-xl-3/pip_audit.json,vuln_results_final/animagine-xl-3/bandit.json,vuln_results_final/animagine-xl-3/semgrep.json,
https://github.com/ineshbose/boyd_bot_messenger,boyd_bot_messenger,a546c40162322d4caef7c0da350e96cc57c11ee3,requirements.txt,/tmp/repo_tviaemln/requirements.txt,vuln_results_final/boyd_bot_messenger/pip_audit.json,vuln_results_final/boyd_bot_messenger/bandit.json,vuln_results_final/boyd_bot_messenger/semgrep.json,
https://github.com/indrazm/fastapi-template,fastapi-template,25bbe385e154b90456fef654518f6815f41813cf,pyproject.toml,/tmp/repo_kq0uxjw7/pyproject.toml,vuln_results_final/fastapi-template/pip_audit.json,vuln_results_final/fastapi-template/bandit.json,vuln_results_final/fastapi-template/semgrep.json,
https://github.com/iml1111/IMFlask-Pymongo,IMFlask-Pymongo,1b8ca53e74ef7aded3464e89bd8ba18d09077b12,,,vuln_results_final/IMFlask-Pymongo/pip_audit.json,vuln_results_final/IMFlask-Pymongo/bandit.json,vuln_results_final/IMFlask-Pymongo/semgrep.json,
https://github.com/iml1111/IMFlask,IMFlask,baefb1f1412f99f7b9452cf7825b9b808dd06e22,,,vuln_results_final/IMFlask/pip_audit.json,vuln_results_final/IMFlask/bandit.json,vuln_results_final/IMFlask/semgrep.json,
https://github.com/iml1111/IMFast-Motor,IMFast-Motor,a9e7e800c16268adcc23148b53071b38b4dcfde4,,,vuln_results_final/IMFast-Motor/pip_audit.json,vuln_results_final/IMFast-Motor/bandit.json,vuln_results_final/IMFast-Motor/semgrep.json,
https://github.com/iml1111/IMFast,IMFast,9a650e380af2c969b7581d06c4f3870110a31286,,,vuln_results_final/IMFast/pip_audit.json,vuln_results_final/IMFast/bandit.json,vuln_results_final/IMFast/semgrep.json,
https://github.com/ibm-developer-skills-network/xgcyk-tdd-bdd-final-project-template,xgcyk-tdd-bdd-final-project-template,f3cee57c0cffc9fb5e29a0d0d7205d62c2164e02,requirements.txt,/tmp/repo_dqx80dgx/requirements.txt,vuln_results_final/xgcyk-tdd-bdd-final-project-template/pip_audit.json,vuln_results_final/xgcyk-tdd-bdd-final-project-template/bandit.json,vuln_results_final/xgcyk-tdd-bdd-final-project-template/semgrep.json,
https://github.com/ibm-developer-skills-network/vselh-ci-cd-final-project-template,vselh-ci-cd-final-project-template,b9d5eaf742a801e50ff6db025c867c8795f8ea51,requirements.txt,/tmp/repo_5yvkygkw/requirements.txt,vuln_results_final/vselh-ci-cd-final-project-template/pip_audit.json,vuln_results_final/vselh-ci-cd-final-project-template/bandit.json,vuln_results_final/vselh-ci-cd-final-project-template/semgrep.json,
https://github.com/ibm-developer-skills-network/aolwx-devops-capstone-template,aolwx-devops-capstone-template,e9efad1d6cb5bc30831eb675c9ff431e3f3a6122,requirements.txt,/tmp/repo_az1017f0/requirements.txt,vuln_results_final/aolwx-devops-capstone-template/pip_audit.json,vuln_results_final/aolwx-devops-capstone-template/bandit.json,vuln_results_final/aolwx-devops-capstone-template/semgrep.json,
https://github.com/iPlug2/iPlug2OOS,iPlug2OOS,8051212efbd219087b59107eb9c117cc4f00449a,,,vuln_results_final/iPlug2OOS/pip_audit.json,vuln_results_final/iPlug2OOS/bandit.json,vuln_results_final/iPlug2OOS/semgrep.json,
https://github.com/iPelino/conference_project,conference_project,c08a23528efde91ebbb92269a6e56f799674074c,requirements.txt,/tmp/repo_rh_3gk4d/requirements.txt,vuln_results_final/conference_project/pip_audit.json,vuln_results_final/conference_project/bandit.json,vuln_results_final/conference_project/semgrep.json,
https://github.com/i-am-bee/beeai-platform-agent-starter,beeai-platform-agent-starter,036bb38e871dbf0d92d049b0237ae1bcac14e136,pyproject.toml,/tmp/repo_dg2ud5rs/pyproject.toml,vuln_results_final/beeai-platform-agent-starter/pip_audit.json,vuln_results_final/beeai-platform-agent-starter/bandit.json,vuln_results_final/beeai-platform-agent-starter/semgrep.json,
https://github.com/i-am-bee/beeai-framework-py-starter,beeai-framework-py-starter,88ea9ab9073c6c9ed9070d5d5278349639866a73,pyproject.toml,/tmp/repo_5ecekb17/pyproject.toml,vuln_results_final/beeai-framework-py-starter/pip_audit.json,vuln_results_final/beeai-framework-py-starter/bandit.json,vuln_results_final/beeai-framework-py-starter/semgrep.json,
https://github.com/hughplay/DeepCodebase,DeepCodebase,81a209a4dd014eea96acacd61bcfa996d02eeb12,requirements.txt,/tmp/repo_1x7lpfc8/requirements.txt,vuln_results_final/DeepCodebase/pip_audit.json,vuln_results_final/DeepCodebase/bandit.json,vuln_results_final/DeepCodebase/semgrep.json,
https://github.com/hrimov/flask-template,flask-template,2c25fd218d3c9267d94dd372aec25176bfd8e3bc,pyproject.toml,/tmp/repo_lb_scdz9/pyproject.toml,vuln_results_final/flask-template/pip_audit.json,vuln_results_final/flask-template/bandit.json,vuln_results_final/flask-template/semgrep.json,
https://github.com/hpphpro/aiogram_template,aiogram_template,608faa2374ac859a6cf0bdc752ebf0d91bf97246,requirements.txt,/tmp/repo_n0204jhz/requirements.txt,vuln_results_final/aiogram_template/pip_audit.json,vuln_results_final/aiogram_template/bandit.json,vuln_results_final/aiogram_template/semgrep.json,
https://github.com/hofbi/teaching-tools,teaching-tools,905868b75e028870454e9ffba6acb2f7c0124620,requirements.txt,/tmp/repo_1lvayw5w/requirements.txt,vuln_results_final/teaching-tools/pip_audit.json,vuln_results_final/teaching-tools/bandit.json,vuln_results_final/teaching-tools/semgrep.json,
https://github.com/hngprojects/hng_boilerplate_python_fastapi_web,hng_boilerplate_python_fastapi_web,91afb2ee72cd681d61bf6a46842e1c8bdefd49f1,requirements.txt,/tmp/repo_k5mlsodk/requirements.txt,vuln_results_final/hng_boilerplate_python_fastapi_web/pip_audit.json,vuln_results_final/hng_boilerplate_python_fastapi_web/bandit.json,vuln_results_final/hng_boilerplate_python_fastapi_web/semgrep.json,
https://github.com/hiroshi-nagaya/ADHD_recognition,ADHD_recognition,7aed11606c6bb86a5d709839dfc29ac0c0404489,requirements.txt,/tmp/repo_11u35no3/requirements.txt,vuln_results_final/ADHD_recognition/pip_audit.json,vuln_results_final/ADHD_recognition/bandit.json,vuln_results_final/ADHD_recognition/semgrep.json,
https://github.com/heliophysicsPy/pyhc-repo-template,pyhc-repo-template,69e7ecd3ab1a6eccd155de711e4f23717c2b4428,pyproject.toml,/tmp/repo_5qydxcv4/pyproject.toml,vuln_results_final/pyhc-repo-template/pip_audit.json,vuln_results_final/pyhc-repo-template/bandit.json,vuln_results_final/pyhc-repo-template/semgrep.json,
https://github.com/heg-interschool/template-django-vue,template-django-vue,69867a9c3498c4445c247f14f2f748b9e60f4f3e,requirements.txt,/tmp/repo_hbarpcs1/requirements.txt,vuln_results_final/template-django-vue/pip_audit.json,vuln_results_final/template-django-vue/bandit.json,vuln_results_final/template-django-vue/semgrep.json,
https://github.com/healer-125/fastapi-starter-with-authentication,fastapi-starter-with-authentication,9e329aec95ba183b7720dd746d004248d228e71b,pyproject.toml,/tmp/repo_4x4z5sri/pyproject.toml,vuln_results_final/fastapi-starter-with-authentication/pip_audit.json,vuln_results_final/fastapi-starter-with-authentication/bandit.json,vuln_results_final/fastapi-starter-with-authentication/semgrep.json,
https://github.com/hardingadonis/aseprite-auto-build,aseprite-auto-build,6a70b078ddfd1c3a1bfb893a536c10f6887c5f06,requirements.txt,/tmp/repo_qg4ljpoc/requirements.txt,vuln_results_final/aseprite-auto-build/pip_audit.json,vuln_results_final/aseprite-auto-build/bandit.json,vuln_results_final/aseprite-auto-build/semgrep.json,
https://github.com/hannesdelbeke/unreal-python-plugin-template,unreal-python-plugin-template,88abfa244c06d96eafaeccde9db7984a10d437a5,,,vuln_results_final/unreal-python-plugin-template/pip_audit.json,vuln_results_final/unreal-python-plugin-template/bandit.json,vuln_results_final/unreal-python-plugin-template/semgrep.json,
https://github.com/hannesdelbeke/maya-plugin-template,maya-plugin-template,674343a6c9c1fe17e0568f2f3b833c1e1c9b822d,requirements.txt,/tmp/repo_hl4wu03i/requirements.txt,vuln_results_final/maya-plugin-template/pip_audit.json,vuln_results_final/maya-plugin-template/bandit.json,vuln_results_final/maya-plugin-template/semgrep.json,
https://github.com/hannesdelbeke/maya-module-template,maya-module-template,2fc62bf2669a2695c94ce1af56d0d75f55558b72,,,vuln_results_final/maya-module-template/pip_audit.json,vuln_results_final/maya-module-template/bandit.json,vuln_results_final/maya-module-template/semgrep.json,
https://github.com/hackthackathon/hackathon-template-github,hackathon-template-github,2afd1e2b924698fdd75831a8b4b8a42a13ce9539,,,vuln_results_final/hackathon-template-github/pip_audit.json,vuln_results_final/hackathon-template-github/bandit.json,vuln_results_final/hackathon-template-github/semgrep.json,
https://github.com/habedi/template-web-app-flask,template-web-app-flask,1984d5ed686f88d32d03855c21d4c82109a89d59,pyproject.toml,/tmp/repo_1sfjlld8/pyproject.toml,vuln_results_final/template-web-app-flask/pip_audit.json,vuln_results_final/template-web-app-flask/bandit.json,vuln_results_final/template-web-app-flask/semgrep.json,
https://github.com/guardrails-ai/validator-template,validator-template,0e29a6e08833367e30accd7ff43eb74e965289c8,pyproject.toml,/tmp/repo_jh6gi8x7/pyproject.toml,vuln_results_final/validator-template/pip_audit.json,vuln_results_final/validator-template/bandit.json,vuln_results_final/validator-template/semgrep.json,
https://github.com/grisuno/LazyOwn,LazyOwn,b77d899894622c186aeccbc26643816e4abceca5,requirements.txt,/tmp/repo_3y2jx6uh/requirements.txt,vuln_results_final/LazyOwn/pip_audit.json,vuln_results_final/LazyOwn/bandit.json,vuln_results_final/LazyOwn/semgrep.json,
https://github.com/griptape-ai/managed-structure-template,managed-structure-template,839f85abf53a49f4c52961360c0f3b208ff8309a,requirements.txt,/tmp/repo_m54nqk5e/requirements.txt,vuln_results_final/managed-structure-template/pip_audit.json,vuln_results_final/managed-structure-template/bandit.json,vuln_results_final/managed-structure-template/semgrep.json,
https://github.com/greenbone/python-project-template,python-project-template,831d24d973004f6e15eea8cc21136b3dd99163b9,pyproject.toml,/tmp/repo_ibkws0c7/pyproject.toml,vuln_results_final/python-project-template/pip_audit.json,vuln_results_final/python-project-template/bandit.json,vuln_results_final/python-project-template/semgrep.json,
https://github.com/graphistry/graph-app-kit,graph-app-kit,dad2a4990baac67bc12ace78fef20cf72d864133,,,vuln_results_final/graph-app-kit/pip_audit.json,vuln_results_final/graph-app-kit/bandit.json,vuln_results_final/graph-app-kit/semgrep.json,
https://github.com/gracefullight/py-starter,py-starter,55c44b395a7c616fa7fd51efd1226fe46ecad052,pyproject.toml,/tmp/repo_9wu31who/pyproject.toml,vuln_results_final/py-starter/pip_audit.json,vuln_results_final/py-starter/bandit.json,vuln_results_final/py-starter/semgrep.json,
https://github.com/gpauloski/python-template,python-template,77b2b202bd46290789ae474c08822501247b05a9,pyproject.toml,/tmp/repo_3p3h8q7z/pyproject.toml,vuln_results_final/python-template/pip_audit.json,vuln_results_final/python-template/bandit.json,vuln_results_final/python-template/semgrep.json,
https://github.com/gorodnitskiy/yet-another-lightning-hydra-template,yet-another-lightning-hydra-template,299e780fcb8c04360afee4674b815abc78571581,requirements.txt,/tmp/repo_vh88p4nm/requirements.txt,vuln_results_final/yet-another-lightning-hydra-template/pip_audit.json,vuln_results_final/yet-another-lightning-hydra-template/bandit.json,vuln_results_final/yet-another-lightning-hydra-template/semgrep.json,
https://github.com/googlefonts/googlefonts-project-template,googlefonts-project-template,e3f94d4e66c911bb2ea321d2260186ef36e42026,requirements.txt,/tmp/repo_e4aswc98/requirements.txt,vuln_results_final/googlefonts-project-template/pip_audit.json,vuln_results_final/googlefonts-project-template/bandit.json,vuln_results_final/googlefonts-project-template/semgrep.json,
https://github.com/godotengine/godot-cpp-template,godot-cpp-template,1d3ae5ab95125c89d00b0b08a1b3c5b3fe364c15,,,vuln_results_final/godot-cpp-template/pip_audit.json,vuln_results_final/godot-cpp-template/bandit.json,vuln_results_final/godot-cpp-template/semgrep.json,
https://github.com/godatadriven/python-devcontainer-template,python-devcontainer-template,d0b1dc0956892ff419e5a1b89e957e53956c05cd,requirements.txt,/tmp/repo_b5fafjs2/requirements.txt,vuln_results_final/python-devcontainer-template/pip_audit.json,vuln_results_final/python-devcontainer-template/bandit.json,vuln_results_final/python-devcontainer-template/semgrep.json,
https://github.com/github/copilot-codespaces-demo,copilot-codespaces-demo,c8734b6616c38aa57f8beb7c5809cfc0d5191557,,,vuln_results_final/copilot-codespaces-demo/pip_audit.json,vuln_results_final/copilot-codespaces-demo/bandit.json,vuln_results_final/copilot-codespaces-demo/semgrep.json,
https://github.com/giantswarm/gitops-template,gitops-template,d645053eca6bc7c2b9f1570e3bdae201845ff4f4,,,vuln_results_final/gitops-template/pip_audit.json,vuln_results_final/gitops-template/bandit.json,vuln_results_final/gitops-template/semgrep.json,
https://github.com/gchure/reproducible_research,reproducible_research,133e59d027d97c59f693063623c7f176bc78316a,,,vuln_results_final/reproducible_research/pip_audit.json,vuln_results_final/reproducible_research/bandit.json,vuln_results_final/reproducible_research/semgrep.json,
https://github.com/gabrieltempass/streamlit-component-vue-vite-template,streamlit-component-vue-vite-template,ab115cb2abf63bf338c4ad6ef257c4e79d522655,setup.py,/tmp/repo_f82ryyno/setup.py,vuln_results_final/streamlit-component-vue-vite-template/pip_audit.json,vuln_results_final/streamlit-component-vue-vite-template/bandit.json,vuln_results_final/streamlit-component-vue-vite-template/semgrep.json,
https://github.com/fyaz05/FileToLink,FileToLink,7f1478ea9e0f5e3d734938c6cc2c0e26a1232175,requirements.txt,/tmp/repo_n975uhmn/requirements.txt,vuln_results_final/FileToLink/pip_audit.json,vuln_results_final/FileToLink/bandit.json,vuln_results_final/FileToLink/semgrep.json,
https://github.com/fusion-bench/fusion-bench-project-template,fusion-bench-project-template,4812cc393fa35aae862cde0e5eadb1f8236f243d,requirements.txt,/tmp/repo_f7on4d0n/requirements.txt,vuln_results_final/fusion-bench-project-template/pip_audit.json,vuln_results_final/fusion-bench-project-template/bandit.json,vuln_results_final/fusion-bench-project-template/semgrep.json,
https://github.com/funnyzak/pyproject-starter,pyproject-starter,5c4c31f65a4c3814c80f800e213db82edd0bab11,pyproject.toml,/tmp/repo_ecmbgpnc/pyproject.toml,vuln_results_final/pyproject-starter/pip_audit.json,vuln_results_final/pyproject-starter/bandit.json,vuln_results_final/pyproject-starter/semgrep.json,
https://github.com/freelawproject/new-project-template,new-project-template,38b680d3249d44312c94e6862a1a5965cc48cebb,pyproject.toml,/tmp/repo_ek4l8hfn/pyproject.toml,vuln_results_final/new-project-template/pip_audit.json,vuln_results_final/new-project-template/bandit.json,vuln_results_final/new-project-template/semgrep.json,
https://github.com/freelancer/esapyi,esapyi,f51448509cfaecd708c983c70100f0d61f27d860,pyproject.toml,/tmp/repo_6g2m6i76/pyproject.toml,vuln_results_final/esapyi/pip_audit.json,vuln_results_final/esapyi/bandit.json,vuln_results_final/esapyi/semgrep.json,
https://github.com/franneck94/PythonProjectTemplate,PythonProjectTemplate,f1c116379eb485c17fb1b6cd3e2454712e4e0585,requirements.txt,/tmp/repo_9n4qzpfp/requirements.txt,vuln_results_final/PythonProjectTemplate/pip_audit.json,vuln_results_final/PythonProjectTemplate/bandit.json,vuln_results_final/PythonProjectTemplate/semgrep.json,
https://github.com/fofr/cog-comfyui-sd3,cog-comfyui-sd3,2aec53d17f17b781175bc401f4a1167415a2b716,,,vuln_results_final/cog-comfyui-sd3/pip_audit.json,vuln_results_final/cog-comfyui-sd3/bandit.json,vuln_results_final/cog-comfyui-sd3/semgrep.json,
https://github.com/flyteorg/flytekit-python-template,flytekit-python-template,f19950bd7b4d0dc2023ee6c3dba891b7fcbaded4,requirements.txt,/tmp/repo_qsryn9_f/requirements.txt,vuln_results_final/flytekit-python-template/pip_audit.json,vuln_results_final/flytekit-python-template/bandit.json,vuln_results_final/flytekit-python-template/semgrep.json,
https://github.com/fly-apps/not-midjourney-bot,not-midjourney-bot,e3688bf33c2b4cfa2560dc22081ba5a3cd7c71b6,,,vuln_results_final/not-midjourney-bot/pip_audit.json,vuln_results_final/not-midjourney-bot/bandit.json,vuln_results_final/not-midjourney-bot/semgrep.json,
https://github.com/fllesser/nonebot-plugin-template,nonebot-plugin-template,a61390be800f2598734dcd49d82ce46b180d6660,pyproject.toml,/tmp/repo_c_kjd0ld/pyproject.toml,vuln_results_final/nonebot-plugin-template/pip_audit.json,vuln_results_final/nonebot-plugin-template/bandit.json,vuln_results_final/nonebot-plugin-template/semgrep.json,
https://github.com/flare-research/flare-ai-consensus,flare-ai-consensus,43e07fd5d87748552a8be4cbf4a63722bf31f27a,pyproject.toml,/tmp/repo_ciox952n/pyproject.toml,vuln_results_final/flare-ai-consensus/pip_audit.json,vuln_results_final/flare-ai-consensus/bandit.json,vuln_results_final/flare-ai-consensus/semgrep.json,
https://github.com/flare-foundation/flare-ai-rag,flare-ai-rag,77620d81f9bf9b708aeead232c2e775b8b6deb82,pyproject.toml,/tmp/repo_uphxzg5h/pyproject.toml,vuln_results_final/flare-ai-rag/pip_audit.json,vuln_results_final/flare-ai-rag/bandit.json,vuln_results_final/flare-ai-rag/semgrep.json,
https://github.com/flare-foundation/flare-ai-defai,flare-ai-defai,6113890bbac106938ce6bd08df87fca0bf37bc75,pyproject.toml,/tmp/repo_rfmvn1_e/pyproject.toml,vuln_results_final/flare-ai-defai/pip_audit.json,vuln_results_final/flare-ai-defai/bandit.json,vuln_results_final/flare-ai-defai/semgrep.json,
https://github.com/fkodom/python-repo-template,python-repo-template,32fe02cc97dfbd89211dfebf90ea4af4bf68ea2e,pyproject.toml,/tmp/repo_4h4x00cv/pyproject.toml,vuln_results_final/python-repo-template/pip_audit.json,vuln_results_final/python-repo-template/bandit.json,vuln_results_final/python-repo-template/semgrep.json,
https://github.com/firdavsDev/django-docker-template,django-docker-template,ef26e07844808e429c122eb455acd95129af658b,,,vuln_results_final/django-docker-template/pip_audit.json,vuln_results_final/django-docker-template/bandit.json,vuln_results_final/django-docker-template/semgrep.json,
https://github.com/ferdinandbracho/bp_fastAPI-sqlalchemy-alembic-docker_uv,bp_fastAPI-sqlalchemy-alembic-docker_uv,5f0b7d95592b2579bc52cacef944e0909e9429cc,pyproject.toml,/tmp/repo_k_1dq_3x/pyproject.toml,vuln_results_final/bp_fastAPI-sqlalchemy-alembic-docker_uv/pip_audit.json,vuln_results_final/bp_fastAPI-sqlalchemy-alembic-docker_uv/bandit.json,vuln_results_final/bp_fastAPI-sqlalchemy-alembic-docker_uv/semgrep.json,
https://github.com/ferdinandbracho/bp_aws_lambda_python_serverless-fw,bp_aws_lambda_python_serverless-fw,5645b0661347fa8dd8c6589af5b292af78a874ed,pyproject.toml,/tmp/repo_7td3hotc/pyproject.toml,vuln_results_final/bp_aws_lambda_python_serverless-fw/pip_audit.json,vuln_results_final/bp_aws_lambda_python_serverless-fw/bandit.json,vuln_results_final/bp_aws_lambda_python_serverless-fw/semgrep.json,
https://github.com/febus982/bootstrap-python-package,bootstrap-python-package,c2d9da0e0a441c5b46c784fd6e4eed660212ab3e,pyproject.toml,/tmp/repo_ximmry_u/pyproject.toml,vuln_results_final/bootstrap-python-package/pip_audit.json,vuln_results_final/bootstrap-python-package/bandit.json,vuln_results_final/bootstrap-python-package/semgrep.json,
https://github.com/febus982/bootstrap-python-fastapi,bootstrap-python-fastapi,90122541b37cc494801c3b83bcf846588779f1d2,pyproject.toml,/tmp/repo_zd120szq/pyproject.toml,vuln_results_final/bootstrap-python-fastapi/pip_audit.json,vuln_results_final/bootstrap-python-fastapi/bandit.json,vuln_results_final/bootstrap-python-fastapi/semgrep.json,
https://github.com/fauzaanu/telegram-stars-starter,telegram-stars-starter,032f6960a5b229d3a76819366615fe5b47d79092,pyproject.toml,/tmp/repo_f2buuwh2/pyproject.toml,vuln_results_final/telegram-stars-starter/pip_audit.json,vuln_results_final/telegram-stars-starter/bandit.json,vuln_results_final/telegram-stars-starter/semgrep.json,
https://github.com/fauzaanu/telegram-bot-starter,telegram-bot-starter,8d441c04cf92378aef49cfcb0299d092ca37fd74,requirements.txt,/tmp/repo_x7b4a57n/requirements.txt,vuln_results_final/telegram-bot-starter/pip_audit.json,vuln_results_final/telegram-bot-starter/bandit.json,vuln_results_final/telegram-bot-starter/semgrep.json,
https://github.com/faststream-community/litestar-dishka-faststream,litestar-dishka-faststream,a2c91e6e808ae2d9b8a787f835f50a4b46d77412,requirements.txt,/tmp/repo_gd692wv9/requirements.txt,vuln_results_final/litestar-dishka-faststream/pip_audit.json,vuln_results_final/litestar-dishka-faststream/bandit.json,vuln_results_final/litestar-dishka-faststream/semgrep.json,
https://github.com/fastapi-practices/fastapi_best_architecture,fastapi_best_architecture,ce9f59e7d646c0400244a187fe1551f3a304659e,requirements.txt,/tmp/repo_hdg9u53p/requirements.txt,vuln_results_final/fastapi_best_architecture/pip_audit.json,vuln_results_final/fastapi_best_architecture/bandit.json,vuln_results_final/fastapi_best_architecture/semgrep.json,
https://github.com/f1tenth/f1tenth_lab3_template,f1tenth_lab3_template,e8dbe6d4d1bfd05825d50b3b2680f095a39471ed,,,vuln_results_final/f1tenth_lab3_template/pip_audit.json,vuln_results_final/f1tenth_lab3_template/bandit.json,vuln_results_final/f1tenth_lab3_template/semgrep.json,
https://github.com/executablebooks/mdformat-plugin,mdformat-plugin,38530fd7fa9eeac302cb89314ab043147db7e51a,pyproject.toml,/tmp/repo_ea9_av27/pyproject.toml,vuln_results_final/mdformat-plugin/pip_audit.json,vuln_results_final/mdformat-plugin/bandit.json,vuln_results_final/mdformat-plugin/semgrep.json,
https://github.com/execreate/fastapi-template,fastapi-template,16f583eb2f4af00b806fad50cb3cb163a412d3d0,pyproject.toml,/tmp/repo_btca44_1/pyproject.toml,vuln_results_final/fastapi-template/pip_audit.json,vuln_results_final/fastapi-template/bandit.json,vuln_results_final/fastapi-template/semgrep.json,
https://github.com/evintunador/gpt-lab,gpt-lab,98acef3e6fce8e8ae99854a806eb718ce2f74e47,pyproject.toml,/tmp/repo_h67c4d44/pyproject.toml,vuln_results_final/gpt-lab/pip_audit.json,vuln_results_final/gpt-lab/bandit.json,vuln_results_final/gpt-lab/semgrep.json,
https://github.com/everysoftware/fastapi-template,fastapi-template,f8d925a1b76ed5422c509a154a3ec5b48acc35af,pyproject.toml,/tmp/repo_zicajcw8/pyproject.toml,vuln_results_final/fastapi-template/pip_audit.json,vuln_results_final/fastapi-template/bandit.json,vuln_results_final/fastapi-template/semgrep.json,
https://github.com/eugeneyan/python-collab-template,python-collab-template,0652cfdd2fbf7c9a9ea0553fee77373de298eaa7,,,vuln_results_final/python-collab-template/pip_audit.json,vuln_results_final/python-collab-template/bandit.json,vuln_results_final/python-collab-template/semgrep.json,
https://github.com/eugeneliukindev/FastAPI-Starter-Kit,FastAPI-Starter-Kit,527e76b1bdba06f37d39dbc74567625cf97b8ff9,pyproject.toml,/tmp/repo_llvd5kzy/pyproject.toml,vuln_results_final/FastAPI-Starter-Kit/pip_audit.json,vuln_results_final/FastAPI-Starter-Kit/bandit.json,vuln_results_final/FastAPI-Starter-Kit/semgrep.json,
https://github.com/eugeneliukindev/FastAPI-Base-App-With-JWT,FastAPI-Base-App-With-JWT,32f2af1e1b6b7a373e5947b502ab95c0ae4250b2,pyproject.toml,/tmp/repo_dml9c6ao/pyproject.toml,vuln_results_final/FastAPI-Base-App-With-JWT/pip_audit.json,vuln_results_final/FastAPI-Base-App-With-JWT/bandit.json,vuln_results_final/FastAPI-Base-App-With-JWT/semgrep.json,
https://github.com/eugeneliukindev/Aiogram-Base-App,Aiogram-Base-App,393475ea6ebe5256d24ab7234c8fa97e2131b171,requirements.txt,/tmp/repo_2le7au8s/requirements.txt,vuln_results_final/Aiogram-Base-App/pip_audit.json,vuln_results_final/Aiogram-Base-App/bandit.json,vuln_results_final/Aiogram-Base-App/semgrep.json,
https://github.com/ethyca/fides-CICD-Quickstart,fides-CICD-Quickstart,302b394e28ef713a1531ada541dbe3dc63fcb9e6,,,vuln_results_final/fides-CICD-Quickstart/pip_audit.json,vuln_results_final/fides-CICD-Quickstart/bandit.json,vuln_results_final/fides-CICD-Quickstart/semgrep.json,
https://github.com/ersilia-os/eos-template,eos-template,c81c0c456c76a8875957d9f2cd06f7844f002d46,,,vuln_results_final/eos-template/pip_audit.json,vuln_results_final/eos-template/bandit.json,vuln_results_final/eos-template/semgrep.json,
https://github.com/ericmichael/llm-deployment-docker,llm-deployment-docker,12248e6d59ef56268c4635c7671cb5953c8b4895,requirements.txt,/tmp/repo_78u3ihnt/requirements.txt,vuln_results_final/llm-deployment-docker/pip_audit.json,vuln_results_final/llm-deployment-docker/bandit.json,vuln_results_final/llm-deployment-docker/semgrep.json,
https://github.com/equinor/template-fastapi-react,template-fastapi-react,f89f8b92e8a7faa7c1705cdcddcf728b2d8e3bee,,,vuln_results_final/template-fastapi-react/pip_audit.json,vuln_results_final/template-fastapi-react/bandit.json,vuln_results_final/template-fastapi-react/semgrep.json,
https://github.com/engineervix/cookiecutter-wagtail-vix,cookiecutter-wagtail-vix,1be1293f98440fa33f23303ec41239a9c21af3b5,requirements.txt,/tmp/repo_a9h05zmb/requirements.txt,vuln_results_final/cookiecutter-wagtail-vix/pip_audit.json,vuln_results_final/cookiecutter-wagtail-vix/bandit.json,vuln_results_final/cookiecutter-wagtail-vix/semgrep.json,
https://github.com/endlesschasey-ai/FastAPI-Template,FastAPI-Template,4e7cc6ee56d139194e46f21de0a3fa3c69fa80bc,requirements.txt,/tmp/repo_sgmgaa4i/requirements.txt,vuln_results_final/FastAPI-Template/pip_audit.json,vuln_results_final/FastAPI-Template/bandit.json,vuln_results_final/FastAPI-Template/semgrep.json,
https://github.com/encounter/dtk-template,dtk-template,755d8c109fe3038d9f6f1055c3005a327a276aa9,,,vuln_results_final/dtk-template/pip_audit.json,vuln_results_final/dtk-template/bandit.json,vuln_results_final/dtk-template/semgrep.json,
https://github.com/encord-team/backend-assignment,backend-assignment,6c475a09a77abf36e3d3d759e13fab43235856ba,,,vuln_results_final/backend-assignment/pip_audit.json,vuln_results_final/backend-assignment/bandit.json,vuln_results_final/backend-assignment/semgrep.json,
https://github.com/emmanuelubachi/data-analysis-project-starter,data-analysis-project-starter,4ce6f88ab745b989c7c0a71e9ff4473482c43e65,requirements.txt,/tmp/repo_x9jzzq21/requirements.txt,vuln_results_final/data-analysis-project-starter/pip_audit.json,vuln_results_final/data-analysis-project-starter/bandit.json,vuln_results_final/data-analysis-project-starter/semgrep.json,
https://github.com/efabless/tt-fpga-hdl-demo,tt-fpga-hdl-demo,bc3022a59bbd55f7ffd4a5f719a8cc5d9fa1a61d,,,vuln_results_final/tt-fpga-hdl-demo/pip_audit.json,vuln_results_final/tt-fpga-hdl-demo/bandit.json,vuln_results_final/tt-fpga-hdl-demo/semgrep.json,
https://github.com/edulinq/pacai,pacai,3efcbd12364c58d6bebad19ee0574481419690ef,requirements.txt,/tmp/repo_qsow9vkf/requirements.txt,vuln_results_final/pacai/pip_audit.json,vuln_results_final/pacai/bandit.json,vuln_results_final/pacai/semgrep.json,
https://github.com/eduardomatoss/fastapi-simple-starter-project,fastapi-simple-starter-project,81d65372e84ce95ebc47d786fe369190c05b9bd4,Pipfile,/tmp/repo_n9fne3cw/Pipfile,vuln_results_final/fastapi-simple-starter-project/pip_audit.json,vuln_results_final/fastapi-simple-starter-project/bandit.json,vuln_results_final/fastapi-simple-starter-project/semgrep.json,
https://github.com/edanalytics/edu_project_template,edu_project_template,02235a7007c8b6dcb645accb5935549b454eea2f,,,vuln_results_final/edu_project_template/pip_audit.json,vuln_results_final/edu_project_template/bandit.json,vuln_results_final/edu_project_template/semgrep.json,
https://github.com/eager-dev/eagerx_template,eagerx_template,273d23779370f4cbf9755e42286dfdc71fd780d7,pyproject.toml,/tmp/repo_ogsim8bd/pyproject.toml,vuln_results_final/eagerx_template/pip_audit.json,vuln_results_final/eagerx_template/bandit.json,vuln_results_final/eagerx_template/semgrep.json,
https://github.com/dwillis/shot-scraper-nicar24,shot-scraper-nicar24,43ba5ca2fa7d7264c77153984ca5cb05eb9cc351,requirements.txt,/tmp/repo_x7vi3n2m/requirements.txt,vuln_results_final/shot-scraper-nicar24/pip_audit.json,vuln_results_final/shot-scraper-nicar24/bandit.json,vuln_results_final/shot-scraper-nicar24/semgrep.json,
https://github.com/dwillis/ire25-llm-extraction,ire25-llm-extraction,7e11ddb6c5f3371f87594c63c3d2647540312d2d,,,vuln_results_final/ire25-llm-extraction/pip_audit.json,vuln_results_final/ire25-llm-extraction/bandit.json,vuln_results_final/ire25-llm-extraction/semgrep.json,
https://github.com/dwave-examples/template,template,f686e6b04df5281094ee5540a3bc0a2ef306c4a8,requirements.txt,/tmp/repo_l0gs_ga3/requirements.txt,vuln_results_final/template/pip_audit.json,vuln_results_final/template/bandit.json,vuln_results_final/template/semgrep.json,
https://github.com/duneanalytics/DuneQueryRepo,DuneQueryRepo,e809639615bc0d1705c8ccd76b5d56d98d951ccd,requirements.txt,/tmp/repo_x1sobk14/requirements.txt,vuln_results_final/DuneQueryRepo/pip_audit.json,vuln_results_final/DuneQueryRepo/bandit.json,vuln_results_final/DuneQueryRepo/semgrep.json,
https://github.com/duckietown/template-library,template-library,2b01b281bee65ca8c967dbf489f9ea7defc0b3f9,requirements.txt,/tmp/repo_8hj4j3k1/requirements.txt,vuln_results_final/template-library/pip_audit.json,vuln_results_final/template-library/bandit.json,vuln_results_final/template-library/semgrep.json,
https://github.com/duckdb/extension-template,extension-template,0af4ad4494c59f52f2b165a46e2dcd8188e4be05,,,vuln_results_final/extension-template/pip_audit.json,vuln_results_final/extension-template/bandit.json,vuln_results_final/extension-template/semgrep.json,
https://github.com/duck-nukem/django-in-docker-starter,django-in-docker-starter,1a8285fdcb969a511b145bd45df370d6f4e14f44,,,vuln_results_final/django-in-docker-starter/pip_audit.json,vuln_results_final/django-in-docker-starter/bandit.json,vuln_results_final/django-in-docker-starter/semgrep.json,
https://github.com/drinfernoo/repository.example,repository,b16c9c1d4d6f440da16ca6643a37fd5178445b35,,,vuln_results_final/repository/pip_audit.json,vuln_results_final/repository/bandit.json,vuln_results_final/repository/semgrep.json,
https://github.com/dovolopor-research/python-api-template,python-api-template,f381a01af05def980e4b0eab2c6ac727befcd94e,requirements.txt,/tmp/repo_pin37q66/requirements.txt,vuln_results_final/python-api-template/pip_audit.json,vuln_results_final/python-api-template/bandit.json,vuln_results_final/python-api-template/semgrep.json,
https://github.com/douglaschalegre/fastapi-template,fastapi-template,26b9ed643376d541e29f2ce3e1dd2cd351531e10,requirements.txt,/tmp/repo_izpw5m8s/requirements.txt,vuln_results_final/fastapi-template/pip_audit.json,vuln_results_final/fastapi-template/bandit.json,vuln_results_final/fastapi-template/semgrep.json,
https://github.com/donBarbos/telegram-bot-template,telegram-bot-template,89e7d92d1abf170bb4898683fe9184c0cbda7e2b,pyproject.toml,/tmp/repo_vtuvmmd2/pyproject.toml,vuln_results_final/telegram-bot-template/pip_audit.json,vuln_results_final/telegram-bot-template/bandit.json,vuln_results_final/telegram-bot-template/semgrep.json,
https://github.com/doherty-labs/django-rest-api,django-rest-api,40e3af18447ae4914d3d62fb7adc13ca173676a6,,,vuln_results_final/django-rest-api/pip_audit.json,vuln_results_final/django-rest-api/bandit.json,vuln_results_final/django-rest-api/semgrep.json,
https://github.com/dmarx/ai-gha,ai-gha,381bc003729b4911531ae8c1a0d701aa47d0da43,pyproject.toml,/tmp/repo_92znr1b2/pyproject.toml,vuln_results_final/ai-gha/pip_audit.json,vuln_results_final/ai-gha/bandit.json,vuln_results_final/ai-gha/semgrep.json,
https://github.com/dkmiller/modern-python-package,modern-python-package,0cd5eeb53cf00e7ebae8933f7c426093625755f5,pyproject.toml,/tmp/repo_ou1ozi56/pyproject.toml,vuln_results_final/modern-python-package/pip_audit.json,vuln_results_final/modern-python-package/bandit.json,vuln_results_final/modern-python-package/semgrep.json,
https://github.com/djimboy/djimbo_template_aio3,djimbo_template_aio3,e144cb1424cb24f5aed1b7dfda50c0b32d9aef1e,requirements.txt,/tmp/repo_nw2vm03j/requirements.txt,vuln_results_final/djimbo_template_aio3/pip_audit.json,vuln_results_final/djimbo_template_aio3/bandit.json,vuln_results_final/djimbo_template_aio3/semgrep.json,
https://github.com/django-cms/django-cms-quickstart,django-cms-quickstart,aa65b1d3d737a65c18a67cf93a2d98dd760e759e,requirements.txt,/tmp/repo_vp3vk1c6/requirements.txt,vuln_results_final/django-cms-quickstart/pip_audit.json,vuln_results_final/django-cms-quickstart/bandit.json,vuln_results_final/django-cms-quickstart/semgrep.json,
https://github.com/diveshadivarekar/flask-template,flask-template,0973ea393b663154dc8ea5f4f58bc7b29346c9b3,requirements.txt,/tmp/repo_pcji5hxt/requirements.txt,vuln_results_final/flask-template/pip_audit.json,vuln_results_final/flask-template/bandit.json,vuln_results_final/flask-template/semgrep.json,
https://github.com/dimanikulin/capable-cpp-template,capable-cpp-template,048411edf6001b795562d4998bd441adfac60411,,,vuln_results_final/capable-cpp-template/pip_audit.json,vuln_results_final/capable-cpp-template/bandit.json,vuln_results_final/capable-cpp-template/semgrep.json,
https://github.com/dimadem/telegram_chatbot_boilerplate,telegram_chatbot_boilerplate,ff3a59c41bfc2162466074be365461a3a1581f79,requirements.txt,/tmp/repo_ecur__hb/requirements.txt,vuln_results_final/telegram_chatbot_boilerplate/pip_audit.json,vuln_results_final/telegram_chatbot_boilerplate/bandit.json,vuln_results_final/telegram_chatbot_boilerplate/semgrep.json,
https://github.com/digitalfortress-dev/django-templates,django-templates,037ddb6c02be4118c8a3fb59b370badf54d6b86b,pyproject.toml,/tmp/repo_80qadx5v/pyproject.toml,vuln_results_final/django-templates/pip_audit.json,vuln_results_final/django-templates/bandit.json,vuln_results_final/django-templates/semgrep.json,
https://github.com/difli/agentic-ai-workshop,agentic-ai-workshop,27f99f7f65c174de3cebfeaec6b60796cee384d1,requirements.txt,/tmp/repo_y2zpyb0l/requirements.txt,vuln_results_final/agentic-ai-workshop/pip_audit.json,vuln_results_final/agentic-ai-workshop/bandit.json,vuln_results_final/agentic-ai-workshop/semgrep.json,
https://github.com/dhard/skILMpy,skILMpy,9ef5160358dc0d1a8e98d3bd04946170e662fc36,pyproject.toml,/tmp/repo_mys3f1co/pyproject.toml,vuln_results_final/skILMpy/pip_audit.json,vuln_results_final/skILMpy/bandit.json,vuln_results_final/skILMpy/semgrep.json,
https://github.com/dfbarrero/arcade-labs,arcade-labs,9c7cc77e112feacea60e9cefc57137ff90fdff4d,requirements.txt,/tmp/repo_6nd1ybgy/requirements.txt,vuln_results_final/arcade-labs/pip_audit.json,vuln_results_final/arcade-labs/bandit.json,vuln_results_final/arcade-labs/semgrep.json,
https://github.com/devonfw-forge/devon4py,devon4py,779b75a5772dc46463a395ae498269a87d502c11,pyproject.toml,/tmp/repo_wy8jy37k/pyproject.toml,vuln_results_final/devon4py/pip_audit.json,vuln_results_final/devon4py/bandit.json,vuln_results_final/devon4py/semgrep.json,
https://github.com/developmentseed/stactools-pipelines,stactools-pipelines,8f4f3890cbbe8bd4eb823eadfa74547dd1879911,setup.py,/tmp/repo_cx4t3x2o/setup.py,vuln_results_final/stactools-pipelines/pip_audit.json,vuln_results_final/stactools-pipelines/bandit.json,vuln_results_final/stactools-pipelines/semgrep.json,
https://github.com/developmentseed/eoapi-template,eoapi-template,adb7820af9a27ff724af66811cb3a5e76689832b,requirements.txt,/tmp/repo_l7f7csr5/requirements.txt,vuln_results_final/eoapi-template/pip_audit.json,vuln_results_final/eoapi-template/bandit.json,vuln_results_final/eoapi-template/semgrep.json,
https://github.com/dermatologist/kedro-multimodal,kedro-multimodal,4777cb13bc9439a154f43fcee01e3eb5663bb4aa,pyproject.toml,/tmp/repo_kkwq0_h4/pyproject.toml,vuln_results_final/kedro-multimodal/pip_audit.json,vuln_results_final/kedro-multimodal/bandit.json,vuln_results_final/kedro-multimodal/semgrep.json,
https://github.com/depau/django-pro-template,django-pro-template,a56d0e9083f705a38cde5765fd283b7daa7644b3,pyproject.toml,/tmp/repo_ys1evzr3/pyproject.toml,vuln_results_final/django-pro-template/pip_audit.json,vuln_results_final/django-pro-template/bandit.json,vuln_results_final/django-pro-template/semgrep.json,
https://github.com/demisto/content-ci-cd-template,content-ci-cd-template,3719e347ddbb337b714d68d9822ddb0c87829624,pyproject.toml,/tmp/repo_3bys4m5w/pyproject.toml,vuln_results_final/content-ci-cd-template/pip_audit.json,vuln_results_final/content-ci-cd-template/bandit.json,vuln_results_final/content-ci-cd-template/semgrep.json,
https://github.com/delftdata/wdm-project-template,wdm-project-template,4e9e2cd653e4818a1e4f96ebe224fae8c7ef2750,requirements.txt,/tmp/repo_ncw_i87e/requirements.txt,vuln_results_final/wdm-project-template/pip_audit.json,vuln_results_final/wdm-project-template/bandit.json,vuln_results_final/wdm-project-template/semgrep.json,
https://github.com/deepset-ai/haystack-streamlit-app,haystack-streamlit-app,6ab29923c455f681e25ce59f63e0f329cc60c69d,requirements.txt,/tmp/repo_78broi17/requirements.txt,vuln_results_final/haystack-streamlit-app/pip_audit.json,vuln_results_final/haystack-streamlit-app/bandit.json,vuln_results_final/haystack-streamlit-app/semgrep.json,
https://github.com/deepset-ai/haystack-search-pipeline-streamlit,haystack-search-pipeline-streamlit,5f9ca6b5428c7f7380e3e8245e7e63cb5c8ff832,requirements.txt,/tmp/repo_k0aouoic/requirements.txt,vuln_results_final/haystack-search-pipeline-streamlit/pip_audit.json,vuln_results_final/haystack-search-pipeline-streamlit/bandit.json,vuln_results_final/haystack-search-pipeline-streamlit/semgrep.json,
https://github.com/deepset-ai/document-store,document-store,58b94c8765b2735150d44c61391adc320f9e0c12,pyproject.toml,/tmp/repo_ou4hur66/pyproject.toml,vuln_results_final/document-store/pip_audit.json,vuln_results_final/document-store/bandit.json,vuln_results_final/document-store/semgrep.json,
https://github.com/deeppavlov/dream,dream,645a38443fc4175f6336957dd99da76a93397ed0,,,vuln_results_final/dream/pip_audit.json,vuln_results_final/dream/bandit.json,vuln_results_final/dream/semgrep.json,
https://github.com/deeperlearner/pytorch-template,pytorch-template,41fe6527c254208b302d8634c5a20101567aecce,requirements.txt,/tmp/repo_55bseot7/requirements.txt,vuln_results_final/pytorch-template/pip_audit.json,vuln_results_final/pytorch-template/bandit.json,vuln_results_final/pytorch-template/semgrep.json,
https://github.com/davitovmasyan/dj-project,dj-project,77410852571e90f91d0d0989f99a82f9fbda305f,setup.py,/tmp/repo_ngxf3kaj/setup.py,vuln_results_final/dj-project/pip_audit.json,vuln_results_final/dj-project/bandit.json,vuln_results_final/dj-project/semgrep.json,
https://github.com/davidrudlstorfer/pyskel,pyskel,6705501422bdad9c27949a7623e0812d57039681,requirements.txt,/tmp/repo_7nxjyh76/requirements.txt,vuln_results_final/pyskel/pip_audit.json,vuln_results_final/pyskel/bandit.json,vuln_results_final/pyskel/semgrep.json,
https://github.com/davidgracemann/Flossx83,Flossx83,a4004e3c1214d9bed330c438c4f69606333c954b,,,vuln_results_final/Flossx83/pip_audit.json,vuln_results_final/Flossx83/bandit.json,vuln_results_final/Flossx83/semgrep.json,
https://github.com/davekch/aoc,aoc,cde3f6aadf50907039b6432f798a4bb4cd943538,,,vuln_results_final/aoc/pip_audit.json,vuln_results_final/aoc/bandit.json,vuln_results_final/aoc/semgrep.json,
https://github.com/daveebbelaar/ai-project-template,ai-project-template,14e5c1424fcaefa51d875be7c1fb202c7f907f29,pyproject.toml,/tmp/repo_sb51namn/pyproject.toml,vuln_results_final/ai-project-template/pip_audit.json,vuln_results_final/ai-project-template/bandit.json,vuln_results_final/ai-project-template/semgrep.json,
https://github.com/datarootsio/python-minimal-boilerplate,python-minimal-boilerplate,1fbeca6f58e4f8e8e15628dc0cd934d0a6cd6f37,pyproject.toml,/tmp/repo_zbosxijy/pyproject.toml,vuln_results_final/python-minimal-boilerplate/pip_audit.json,vuln_results_final/python-minimal-boilerplate/bandit.json,vuln_results_final/python-minimal-boilerplate/semgrep.json,
https://github.com/datarootsio/langgraph-template-travel-planner,langgraph-template-travel-planner,8913f147c4f84009669b9f8d90a74a16b135b30e,pyproject.toml,/tmp/repo_wys9z6k8/pyproject.toml,vuln_results_final/langgraph-template-travel-planner/pip_audit.json,vuln_results_final/langgraph-template-travel-planner/bandit.json,vuln_results_final/langgraph-template-travel-planner/semgrep.json,
https://github.com/dataprofessor/top-navigation,top-navigation,ac394bb4f8fdac3d4109c7dcf3b310430b2d514a,requirements.txt,/tmp/repo_7wzmiuv_/requirements.txt,vuln_results_final/top-navigation/pip_audit.json,vuln_results_final/top-navigation/bandit.json,vuln_results_final/top-navigation/semgrep.json,
https://github.com/dataprofessor/st-app,st-app,594d3dd9082b1356f308ee72f5a26ca05825b1e7,requirements.txt,/tmp/repo_47cj9xid/requirements.txt,vuln_results_final/st-app/pip_audit.json,vuln_results_final/st-app/bandit.json,vuln_results_final/st-app/semgrep.json,
https://github.com/datalad/datalad-extension-template,datalad-extension-template,67a6b679ca1772005fec71fdde970fe5947c2586,pyproject.toml,/tmp/repo_apgjeqz2/pyproject.toml,vuln_results_final/datalad-extension-template/pip_audit.json,vuln_results_final/datalad-extension-template/bandit.json,vuln_results_final/datalad-extension-template/semgrep.json,
https://github.com/data-contract-book/chapter-7-implementing-data-contracts,chapter-7-implementing-data-contracts,f6f6e5385a313a8e5041b1fb9c524d112a95beba,requirements.txt,/tmp/repo_iwya_idz/requirements.txt,vuln_results_final/chapter-7-implementing-data-contracts/pip_audit.json,vuln_results_final/chapter-7-implementing-data-contracts/bandit.json,vuln_results_final/chapter-7-implementing-data-contracts/semgrep.json,
https://github.com/darkweid/fastapi-template,fastapi-template,47f22765705293d59d56eecb93f1e788805b8542,requirements.txt,/tmp/repo_zj3szqbe/requirements.txt,vuln_results_final/fastapi-template/pip_audit.json,vuln_results_final/fastapi-template/bandit.json,vuln_results_final/fastapi-template/semgrep.json,
https://github.com/danielrosehill/System-Prompt-Library,System-Prompt-Library,7ac6d15a021cc2ba2f89736679e2eece6aaebea2,requirements.txt,/tmp/repo_pk4knqao/requirements.txt,vuln_results_final/System-Prompt-Library/pip_audit.json,vuln_results_final/System-Prompt-Library/bandit.json,vuln_results_final/System-Prompt-Library/semgrep.json,
https://github.com/daniel-mizsak/python-package-template,python-package-template,ef8485eac6eb1175bd22c4816d24d935c0484ce6,requirements.txt,/tmp/repo_fu92u_df/requirements.txt,vuln_results_final/python-package-template/pip_audit.json,vuln_results_final/python-package-template/bandit.json,vuln_results_final/python-package-template/semgrep.json,
https://github.com/dangos-dev/TelegramBot.Webhook,TelegramBot,99719b58df6ee9f4ecffca99d892e982a79c9e89,requirements.txt,/tmp/repo_0qeduxdb/requirements.txt,vuln_results_final/TelegramBot/pip_audit.json,vuln_results_final/TelegramBot/bandit.json,vuln_results_final/TelegramBot/semgrep.json,
https://github.com/daneah/publishing-python-packages,publishing-python-packages,66ba04cbe28d26ac7ff63440db96a44d9a373bd5,,,vuln_results_final/publishing-python-packages/pip_audit.json,vuln_results_final/publishing-python-packages/bandit.json,vuln_results_final/publishing-python-packages/semgrep.json,
https://github.com/daneah/nimnim,nimnim,a05a007b1ad5989d6047bd02839ee58919850022,pyproject.toml,/tmp/repo__ozeum4b/pyproject.toml,vuln_results_final/nimnim/pip_audit.json,vuln_results_final/nimnim/bandit.json,vuln_results_final/nimnim/semgrep.json,
https://github.com/daikichiba9511/my-kaggle-template,my-kaggle-template,1f8edb33b304c0cbc08c3ea65dd988365db0dda1,pyproject.toml,/tmp/repo_hm6bouee/pyproject.toml,vuln_results_final/my-kaggle-template/pip_audit.json,vuln_results_final/my-kaggle-template/bandit.json,vuln_results_final/my-kaggle-template/semgrep.json,
https://github.com/dagster-io/dagster-cloud-serverless-quickstart,dagster-cloud-serverless-quickstart,83e3edd3f4aa75e1abe735044731595c3bc854e2,pyproject.toml,/tmp/repo_ggo2arcf/pyproject.toml,vuln_results_final/dagster-cloud-serverless-quickstart/pip_audit.json,vuln_results_final/dagster-cloud-serverless-quickstart/bandit.json,vuln_results_final/dagster-cloud-serverless-quickstart/semgrep.json,
https://github.com/dagster-io/dagster-cloud-hybrid-quickstart,dagster-cloud-hybrid-quickstart,e10ddea87deaf960e885ba016a957f985eb59427,pyproject.toml,/tmp/repo_zvahia6g/pyproject.toml,vuln_results_final/dagster-cloud-hybrid-quickstart/pip_audit.json,vuln_results_final/dagster-cloud-hybrid-quickstart/bandit.json,vuln_results_final/dagster-cloud-hybrid-quickstart/semgrep.json,
https://github.com/dagpunk/python-project-template,python-project-template,fff239739ac767ab13898fcd1cd72cdbbd667a60,requirements.txt,/tmp/repo_fvvfwh17/requirements.txt,vuln_results_final/python-project-template/pip_audit.json,vuln_results_final/python-project-template/bandit.json,vuln_results_final/python-project-template/semgrep.json,
https://github.com/dabarov/fastapi-telegram,fastapi-telegram,68f73cb4556ee71976d34ab63e30de21d0a11a14,requirements.txt,/tmp/repo_dhay7c1n/requirements.txt,vuln_results_final/fastapi-telegram/pip_audit.json,vuln_results_final/fastapi-telegram/bandit.json,vuln_results_final/fastapi-telegram/semgrep.json,
https://github.com/czbag/aiogram-bot-template,aiogram-bot-template,c6fa7d6058ba06f99b7512aa65bea9a85f05bc04,requirements.txt,/tmp/repo_7xdqsuly/requirements.txt,vuln_results_final/aiogram-bot-template/pip_audit.json,vuln_results_final/aiogram-bot-template/bandit.json,vuln_results_final/aiogram-bot-template/semgrep.json,
https://github.com/cyber-murmel/kicad-template,kicad-template,9e15919deacc3d83ea5b4627edbf2fada72b3b5b,pyproject.toml,/tmp/repo_pxfq83lq/pyproject.toml,vuln_results_final/kicad-template/pip_audit.json,vuln_results_final/kicad-template/bandit.json,vuln_results_final/kicad-template/semgrep.json,
https://github.com/curseforge-mirror/template,template,45135176fd648777af4b15a80d06a14693b85624,requirements.txt,/tmp/repo_l_4y_e59/requirements.txt,vuln_results_final/template/pip_audit.json,vuln_results_final/template/bandit.json,vuln_results_final/template/semgrep.json,
https://github.com/culture-dao/chainlit-template,chainlit-template,79b675cfd6c8a48015dce1b97ddc94f26d7952bd,,,vuln_results_final/chainlit-template/pip_audit.json,vuln_results_final/chainlit-template/bandit.json,vuln_results_final/chainlit-template/semgrep.json,
https://github.com/ctavolazzi/NovaSystem,NovaSystem,c42d01be21ba107e95e83ae307fb94eae3801583,pyproject.toml,/tmp/repo_4dhlk94a/pyproject.toml,vuln_results_final/NovaSystem/pip_audit.json,vuln_results_final/NovaSystem/bandit.json,vuln_results_final/NovaSystem/semgrep.json,
https://github.com/crossplane/function-template-python,function-template-python,a81d515b21c8f629e5eaf734b9896a4cf8704203,pyproject.toml,/tmp/repo_trdlmauv/pyproject.toml,vuln_results_final/function-template-python/pip_audit.json,vuln_results_final/function-template-python/bandit.json,vuln_results_final/function-template-python/semgrep.json,
https://github.com/creativetimofficial/soft-ui-dashboard-django,soft-ui-dashboard-django,51a84fa76ba007ac404991519b630aaae37f83a0,requirements.txt,/tmp/repo_ic1rzbjb/requirements.txt,vuln_results_final/soft-ui-dashboard-django/pip_audit.json,vuln_results_final/soft-ui-dashboard-django/bandit.json,vuln_results_final/soft-ui-dashboard-django/semgrep.json,
https://github.com/crazycat256/Nextcord-Bot-Template,Nextcord-Bot-Template,661cd8cf6f2c7cc43dea2e18c866e3bd25e08a8e,requirements.txt,/tmp/repo_49v20dwr/requirements.txt,vuln_results_final/Nextcord-Bot-Template/pip_audit.json,vuln_results_final/Nextcord-Bot-Template/bandit.json,vuln_results_final/Nextcord-Bot-Template/semgrep.json,
https://github.com/corruptmane/aiogram_template,aiogram_template,96fd6a6809f6e2c647794da5e78fe494eb7055ad,pyproject.toml,/tmp/repo_7uhgfc9y/pyproject.toml,vuln_results_final/aiogram_template/pip_audit.json,vuln_results_final/aiogram_template/bandit.json,vuln_results_final/aiogram_template/semgrep.json,
https://github.com/condekind/advent-of-python-2023,advent-of-python-2023,bc4ed2e7f3601ce93d84cca0a57c3af97d3fde13,pyproject.toml,/tmp/repo_t0izqn7w/pyproject.toml,vuln_results_final/advent-of-python-2023/pip_audit.json,vuln_results_final/advent-of-python-2023/bandit.json,vuln_results_final/advent-of-python-2023/semgrep.json,
https://github.com/conda/conda-plugin-template,conda-plugin-template,5d4fd14ef0fe90afa676d4fc53425321896b741c,,,vuln_results_final/conda-plugin-template/pip_audit.json,vuln_results_final/conda-plugin-template/bandit.json,vuln_results_final/conda-plugin-template/semgrep.json,
https://github.com/comunet/aws-devsecops-cicd,aws-devsecops-cicd,cb881cc66640674f44dbc65db2e428acffecedc6,,,vuln_results_final/aws-devsecops-cicd/pip_audit.json,vuln_results_final/aws-devsecops-cicd/bandit.json,vuln_results_final/aws-devsecops-cicd/semgrep.json,
https://github.com/compas-dev/compas_package_template,compas_package_template,28700ce218ced1d0e4fad0e58cbb4197dca191ab,requirements.txt,/tmp/repo_lccp8qf_/requirements.txt,vuln_results_final/compas_package_template/pip_audit.json,vuln_results_final/compas_package_template/bandit.json,vuln_results_final/compas_package_template/semgrep.json,
https://github.com/comp423-25s/fastapi-tutorial,fastapi-tutorial,34ff488ac22db9e1dbc11afb68e17c50d344415e,requirements.txt,/tmp/repo_zdw1v2al/requirements.txt,vuln_results_final/fastapi-tutorial/pip_audit.json,vuln_results_final/fastapi-tutorial/bandit.json,vuln_results_final/fastapi-tutorial/semgrep.json,
https://github.com/commitizen-tools/commitizen_cz_template,commitizen_cz_template,7145cb8cc5c65a255782595704a26d74544d9f03,pyproject.toml,/tmp/repo_k9pm2x9q/pyproject.toml,vuln_results_final/commitizen_cz_template/pip_audit.json,vuln_results_final/commitizen_cz_template/bandit.json,vuln_results_final/commitizen_cz_template/semgrep.json,
https://github.com/colcon/template-package,template-package,a2b4e4669a9a6cb3c6b47b64cd7c6f455436732f,setup.py,/tmp/repo_2lq05fgb/setup.py,vuln_results_final/template-package/pip_audit.json,vuln_results_final/template-package/bandit.json,vuln_results_final/template-package/semgrep.json,
https://github.com/cognitedata/deploy-functions-oidc,deploy-functions-oidc,da1082301d281af66c70c366e5ec09738715221e,pyproject.toml,/tmp/repo_75kbj654/pyproject.toml,vuln_results_final/deploy-functions-oidc/pip_audit.json,vuln_results_final/deploy-functions-oidc/bandit.json,vuln_results_final/deploy-functions-oidc/semgrep.json,
https://github.com/codersforcauses/django-nextjs-template,django-nextjs-template,a58d56e8741b6d012f67e5f0c3dd21e911c15f8a,,,vuln_results_final/django-nextjs-template/pip_audit.json,vuln_results_final/django-nextjs-template/bandit.json,vuln_results_final/django-nextjs-template/semgrep.json,
https://github.com/codefellows/data-structures-and-algorithms,data-structures-and-algorithms,2d0f6e0acc12145a71dbf3b57fb3f06f129632a5,,,vuln_results_final/data-structures-and-algorithms/pip_audit.json,vuln_results_final/data-structures-and-algorithms/bandit.json,vuln_results_final/data-structures-and-algorithms/semgrep.json,
https://github.com/cmsflash/beauty-net,beauty-net,1db54270f07b1b65bcd96c153b8168397c8cbcae,setup.py,/tmp/repo_jg_o5b1c/setup.py,vuln_results_final/beauty-net/pip_audit.json,vuln_results_final/beauty-net/bandit.json,vuln_results_final/beauty-net/semgrep.json,
https://github.com/cloudquery/python-plugin-template,python-plugin-template,61393ea10b95e90716f4482cdbc212f8ef1c0aa8,pyproject.toml,/tmp/repo_cwks6rko/pyproject.toml,vuln_results_final/python-plugin-template/pip_audit.json,vuln_results_final/python-plugin-template/bandit.json,vuln_results_final/python-plugin-template/semgrep.json,
https://github.com/clearbluejar/ghidra-python-vscode-devcontainer-skeleton,ghidra-python-vscode-devcontainer-skeleton,cc8f9234b7810c6f84dea821215a2c9f1598ad22,requirements.txt,/tmp/repo_26n3xbtq/requirements.txt,vuln_results_final/ghidra-python-vscode-devcontainer-skeleton/pip_audit.json,vuln_results_final/ghidra-python-vscode-devcontainer-skeleton/bandit.json,vuln_results_final/ghidra-python-vscode-devcontainer-skeleton/semgrep.json,
https://github.com/cicirello/python-github-action-template,python-github-action-template,e03e632ec655bab62d44a9c34017cc750a0505c1,,,vuln_results_final/python-github-action-template/pip_audit.json,vuln_results_final/python-github-action-template/bandit.json,vuln_results_final/python-github-action-template/semgrep.json,
https://github.com/ci-group/learning_machines_robobo,learning_machines_robobo,62e87144faeceee906765ff55f50a1e7a750d70f,,,vuln_results_final/learning_machines_robobo/pip_audit.json,vuln_results_final/learning_machines_robobo/bandit.json,vuln_results_final/learning_machines_robobo/semgrep.json,
https://github.com/childmindresearch/template-python-repository,template-python-repository,c55fb4c7e2d6b6c4cb4a6462702e300246bdc446,pyproject.toml,/tmp/repo__b14pnbk/pyproject.toml,vuln_results_final/template-python-repository/pip_audit.json,vuln_results_final/template-python-repository/bandit.json,vuln_results_final/template-python-repository/semgrep.json,
https://github.com/cheshire-cat-ai/plugin-template,plugin-template,d958ead31a720bc7c7278f260fe6249423de5e76,requirements.txt,/tmp/repo_8qignrlw/requirements.txt,vuln_results_final/plugin-template/pip_audit.json,vuln_results_final/plugin-template/bandit.json,vuln_results_final/plugin-template/semgrep.json,
https://github.com/cecilialee/boilerplate-fastapi-poetry-docker,boilerplate-fastapi-poetry-docker,55d77ee2270a11ebd85373f5931783dd1fb72ab7,pyproject.toml,/tmp/repo_r1r3ieao/pyproject.toml,vuln_results_final/boilerplate-fastapi-poetry-docker/pip_audit.json,vuln_results_final/boilerplate-fastapi-poetry-docker/bandit.json,vuln_results_final/boilerplate-fastapi-poetry-docker/semgrep.json,
https://github.com/cdragos/fastapi-hatch-template,fastapi-hatch-template,3a8bffefb408b0d410c309303195f499ecdf3b2a,pyproject.toml,/tmp/repo_zaeopkgm/pyproject.toml,vuln_results_final/fastapi-hatch-template/pip_audit.json,vuln_results_final/fastapi-hatch-template/bandit.json,vuln_results_final/fastapi-hatch-template/semgrep.json,
https://github.com/ccat3z/stars,stars,e66ecb307f53f8f793909fdb30a6b80e19067323,requirements.txt,/tmp/repo_bryjzt0q/requirements.txt,vuln_results_final/stars/pip_audit.json,vuln_results_final/stars/bandit.json,vuln_results_final/stars/semgrep.json,
https://github.com/catalyst-cooperative/cheshire,cheshire,627940bce457626134fe7c60251147ff335ee770,pyproject.toml,/tmp/repo_nz9yv4ch/pyproject.toml,vuln_results_final/cheshire/pip_audit.json,vuln_results_final/cheshire/bandit.json,vuln_results_final/cheshire/semgrep.json,
https://github.com/carpentries-incubator/python-intermediate-rivercatchment,python-intermediate-rivercatchment,93e3efb33666b7aabcd9f8f97aebfd2324383ff7,requirements.txt,/tmp/repo_xd7t1wtv/requirements.txt,vuln_results_final/python-intermediate-rivercatchment/pip_audit.json,vuln_results_final/python-intermediate-rivercatchment/bandit.json,vuln_results_final/python-intermediate-rivercatchment/semgrep.json,
https://github.com/carnall-farrar/tim-tam-repo,tim-tam-repo,e025456d8ca31a3df4583fc5613b0923fc0c7156,pyproject.toml,/tmp/repo_vmxj5z4y/pyproject.toml,vuln_results_final/tim-tam-repo/pip_audit.json,vuln_results_final/tim-tam-repo/bandit.json,vuln_results_final/tim-tam-repo/semgrep.json,
https://github.com/carderne/postmodern-mono,postmodern-mono,0ab3d1e3da522c736e993dfc42f146bf49b72327,pyproject.toml,/tmp/repo_n976502e/pyproject.toml,vuln_results_final/postmodern-mono/pip_audit.json,vuln_results_final/postmodern-mono/bandit.json,vuln_results_final/postmodern-mono/semgrep.json,
https://github.com/carbonplan/python-project-template,python-project-template,fd3eabe429b2c415162345a9a5d20384e7eabf20,pyproject.toml,/tmp/repo_d9nb_49x/pyproject.toml,vuln_results_final/python-project-template/pip_audit.json,vuln_results_final/python-project-template/bandit.json,vuln_results_final/python-project-template/semgrep.json,
https://github.com/cansinacarer/My-Base-SaaS-Flask,My-Base-SaaS-Flask,918f7475a7fcb91dad0238aafac97df05bc4ab87,requirements.txt,/tmp/repo_p1scl2wi/requirements.txt,vuln_results_final/My-Base-SaaS-Flask/pip_audit.json,vuln_results_final/My-Base-SaaS-Flask/bandit.json,vuln_results_final/My-Base-SaaS-Flask/semgrep.json,
https://github.com/canbula/MinimalFletClass,MinimalFletClass,4a83e6204bcba40b4a0490bac841333a0e50560a,,,vuln_results_final/MinimalFletClass/pip_audit.json,vuln_results_final/MinimalFletClass/bandit.json,vuln_results_final/MinimalFletClass/semgrep.json,
https://github.com/camlsys/fl-project-template,fl-project-template,1a444172a443d5e659ad3bd4e9dc47a0cb1ff5e2,pyproject.toml,/tmp/repo_wfbwad8k/pyproject.toml,vuln_results_final/fl-project-template/pip_audit.json,vuln_results_final/fl-project-template/bandit.json,vuln_results_final/fl-project-template/semgrep.json,
https://github.com/bytewax/bytewax-connector-template,bytewax-connector-template,37d31a2dc497d16b452fa3a11f5c104ad047e617,pyproject.toml,/tmp/repo_ut_nalv8/pyproject.toml,vuln_results_final/bytewax-connector-template/pip_audit.json,vuln_results_final/bytewax-connector-template/bandit.json,vuln_results_final/bytewax-connector-template/semgrep.json,
https://github.com/bybatkhuu/rest-fastapi-template,rest-fastapi-template,2fe6b39e3446e1281a3d92f1828858400a1a29bc,requirements.txt,/tmp/repo_s4rpbyf_/requirements.txt,vuln_results_final/rest-fastapi-template/pip_audit.json,vuln_results_final/rest-fastapi-template/bandit.json,vuln_results_final/rest-fastapi-template/semgrep.json,
https://github.com/buoyancy99/research-template,research-template,a8c740b46c5671004ec292c96c51b4294d7781a8,requirements.txt,/tmp/repo__tccgu_u/requirements.txt,vuln_results_final/research-template/pip_audit.json,vuln_results_final/research-template/bandit.json,vuln_results_final/research-template/semgrep.json,
https://github.com/bruscalia/optimization-app,optimization-app,fbb49c1c8951a20f438b79ee5987d43738eaf71d,requirements.txt,/tmp/repo_nlq5q3vi/requirements.txt,vuln_results_final/optimization-app/pip_audit.json,vuln_results_final/optimization-app/bandit.json,vuln_results_final/optimization-app/semgrep.json,
https://github.com/brian7704/OTS-Plugin-Template,OTS-Plugin-Template,07e17745abf9cf6b8cab4cd80b2eefd30dc0cdef,pyproject.toml,/tmp/repo_2hrfhqrn/pyproject.toml,vuln_results_final/OTS-Plugin-Template/pip_audit.json,vuln_results_final/OTS-Plugin-Template/bandit.json,vuln_results_final/OTS-Plugin-Template/semgrep.json,
https://github.com/bralbral/fastapi_aiogram_template,fastapi_aiogram_template,1b2eae2869ffcc143085eabe48bd93892221381b,requirements.txt,/tmp/repo_o1f6sjbo/requirements.txt,vuln_results_final/fastapi_aiogram_template/pip_audit.json,vuln_results_final/fastapi_aiogram_template/bandit.json,vuln_results_final/fastapi_aiogram_template/semgrep.json,
https://github.com/brainlife/app-template-python,app-template-python,bf2f35d5b8ef3738206cba03d4050579be149294,,,vuln_results_final/app-template-python/pip_audit.json,vuln_results_final/app-template-python/bandit.json,vuln_results_final/app-template-python/semgrep.json,
https://github.com/brainelectronics/micropython-package-template,micropython-package-template,b074de4b98295d06619a81e6d684e9d5c48da563,requirements.txt,/tmp/repo_f8bvg1cl/requirements.txt,vuln_results_final/micropython-package-template/pip_audit.json,vuln_results_final/micropython-package-template/bandit.json,vuln_results_final/micropython-package-template/semgrep.json,
https://github.com/br3ndonland/template-python,template-python,ddbfcefe92a9338285dd0ff74c9a822fc4679517,pyproject.toml,/tmp/repo_7s90o2u9/pyproject.toml,vuln_results_final/template-python/pip_audit.json,vuln_results_final/template-python/bandit.json,vuln_results_final/template-python/semgrep.json,
https://github.com/box-community/box-python-oauth-template,box-python-oauth-template,e918abc69e19be88694c2c4c1ac54ce951869233,requirements.txt,/tmp/repo_6rzh1dzj/requirements.txt,vuln_results_final/box-python-oauth-template/pip_audit.json,vuln_results_final/box-python-oauth-template/bandit.json,vuln_results_final/box-python-oauth-template/semgrep.json,
https://github.com/bodaue/aiogram_v3_template,aiogram_v3_template,8f604a4fad891537a584d32655fc55b127027918,pyproject.toml,/tmp/repo_96y70en6/pyproject.toml,vuln_results_final/aiogram_v3_template/pip_audit.json,vuln_results_final/aiogram_v3_template/bandit.json,vuln_results_final/aiogram_v3_template/semgrep.json,
https://github.com/blopit/Cursor-Template-Repo,Cursor-Template-Repo,2950d74e26ceec6f5d99c7278851344bef69efdd,requirements.txt,/tmp/repo_eu08h33y/requirements.txt,vuln_results_final/Cursor-Template-Repo/pip_audit.json,vuln_results_final/Cursor-Template-Repo/bandit.json,vuln_results_final/Cursor-Template-Repo/semgrep.json,
https://github.com/blaxel-templates/template-deepresearch,template-deepresearch,dc7f2458411bf9892d120be8bf50831834e29c43,pyproject.toml,/tmp/repo_uv1691b2/pyproject.toml,vuln_results_final/template-deepresearch/pip_audit.json,vuln_results_final/template-deepresearch/bandit.json,vuln_results_final/template-deepresearch/semgrep.json,
https://github.com/bkrabach/ai-code-project-template,ai-code-project-template,d92b988a2e85457202e505cedd45419b09eb8fb0,pyproject.toml,/tmp/repo_1sl__x9r/pyproject.toml,vuln_results_final/ai-code-project-template/pip_audit.json,vuln_results_final/ai-code-project-template/bandit.json,vuln_results_final/ai-code-project-template/semgrep.json,
https://github.com/biocypher/project-template,project-template,6c765b50eebe2bda40da4f4383ef0ab7a2b71466,pyproject.toml,/tmp/repo__tw6njd3/pyproject.toml,vuln_results_final/project-template/pip_audit.json,vuln_results_final/project-template/bandit.json,vuln_results_final/project-template/semgrep.json,
https://github.com/bijutharakan/multi-agent-squad,multi-agent-squad,cb0604d3175563bdb110112b46c0a451a9137bdb,,,vuln_results_final/multi-agent-squad/pip_audit.json,vuln_results_final/multi-agent-squad/bandit.json,vuln_results_final/multi-agent-squad/semgrep.json,
https://github.com/bids-apps/example,example,920f0d20097e011a6d55957c9ebceaff85e09996,requirements.txt,/tmp/repo_l6l520oc/requirements.txt,vuln_results_final/example/pip_audit.json,vuln_results_final/example/bandit.json,vuln_results_final/example/semgrep.json,
https://github.com/bhavberi/FastAPI-Graphql-Strawberry-Mongodb-Template,FastAPI-Graphql-Strawberry-Mongodb-Template,9a27b9eb497e106b99733073b82342b9ade746da,,,vuln_results_final/FastAPI-Graphql-Strawberry-Mongodb-Template/pip_audit.json,vuln_results_final/FastAPI-Graphql-Strawberry-Mongodb-Template/bandit.json,vuln_results_final/FastAPI-Graphql-Strawberry-Mongodb-Template/semgrep.json,
https://github.com/betteridiot/pypackage_template,pypackage_template,e8040a591b54c1c940ac30f2ca56263557f22922,requirements.txt,/tmp/repo_w8tgqchg/requirements.txt,vuln_results_final/pypackage_template/pip_audit.json,vuln_results_final/pypackage_template/bandit.json,vuln_results_final/pypackage_template/semgrep.json,
https://github.com/benoitberanger/openrecon-template,openrecon-template,7c367f32d4c20fca05956b7d021c93f52b69deae,,,vuln_results_final/openrecon-template/pip_audit.json,vuln_results_final/openrecon-template/bandit.json,vuln_results_final/openrecon-template/semgrep.json,
https://github.com/benchopt/template_benchmark,template_benchmark,0017b61abbf70a55516ea31fa87a1ca4534e69c8,,,vuln_results_final/template_benchmark/pip_audit.json,vuln_results_final/template_benchmark/bandit.json,vuln_results_final/template_benchmark/semgrep.json,
https://github.com/benavlabs/SQLModel-boilerplate,SQLModel-boilerplate,de043e2f153d5becb881d89c1d00b722d9af9b8b,pyproject.toml,/tmp/repo_uhswlhls/pyproject.toml,vuln_results_final/SQLModel-boilerplate/pip_audit.json,vuln_results_final/SQLModel-boilerplate/bandit.json,vuln_results_final/SQLModel-boilerplate/semgrep.json,
https://github.com/benavlabs/FastAPI-boilerplate,FastAPI-boilerplate,38151b8ed233d331d8e8e19cd6ea4c78f37a552d,pyproject.toml,/tmp/repo_iwrvjqsg/pyproject.toml,vuln_results_final/FastAPI-boilerplate/pip_audit.json,vuln_results_final/FastAPI-boilerplate/bandit.json,vuln_results_final/FastAPI-boilerplate/semgrep.json,
https://github.com/bekzod818/Django-Boilerplate,Django-Boilerplate,35fc806378d15613593a3b0cdeacadfa2edee34d,,,vuln_results_final/Django-Boilerplate/pip_audit.json,vuln_results_final/Django-Boilerplate/bandit.json,vuln_results_final/Django-Boilerplate/semgrep.json,
https://github.com/bekzod818/Django-Aiogram-Webhook,Django-Aiogram-Webhook,a2b748a4e2d47f0ce1e2c7f40293311846722f98,requirements.txt,/tmp/repo_rjifcksm/requirements.txt,vuln_results_final/Django-Aiogram-Webhook/pip_audit.json,vuln_results_final/Django-Aiogram-Webhook/bandit.json,vuln_results_final/Django-Aiogram-Webhook/semgrep.json,
https://github.com/bekzod818/Aiogram3-Template,Aiogram3-Template,9dbba0420398a908829d6227d8a06ebbc99badc3,requirements.txt,/tmp/repo_1yfv1n_5/requirements.txt,vuln_results_final/Aiogram3-Template/pip_audit.json,vuln_results_final/Aiogram3-Template/bandit.json,vuln_results_final/Aiogram3-Template/semgrep.json,
https://github.com/bekzod818/Aiogram-Template,Aiogram-Template,33a21e9dbaa77d0bfe3e66f25047632649a50aa6,requirements.txt,/tmp/repo_ys45e_vn/requirements.txt,vuln_results_final/Aiogram-Template/pip_audit.json,vuln_results_final/Aiogram-Template/bandit.json,vuln_results_final/Aiogram-Template/semgrep.json,
https://github.com/beingbiplov/django-boilerplate,django-boilerplate,c4133e772a1f64a5768d83a4eb80dae193e59ceb,requirements.txt,/tmp/repo_7wox9r4b/requirements.txt,vuln_results_final/django-boilerplate/pip_audit.json,vuln_results_final/django-boilerplate/bandit.json,vuln_results_final/django-boilerplate/semgrep.json,
https://github.com/beaver-infra/template-py-rest-microservice,template-py-rest-microservice,3b6dd8edac1c5a245db477b030bb9a022a9405f1,requirements.txt,/tmp/repo_gvw8ofmb/requirements.txt,vuln_results_final/template-py-rest-microservice/pip_audit.json,vuln_results_final/template-py-rest-microservice/bandit.json,vuln_results_final/template-py-rest-microservice/semgrep.json,
https://github.com/battlecode/battlecode25-scaffold,battlecode25-scaffold,40dbb9b28e75ef5aa4b47dc0ca74bc73ecc3012f,,,vuln_results_final/battlecode25-scaffold/pip_audit.json,vuln_results_final/battlecode25-scaffold/bandit.json,vuln_results_final/battlecode25-scaffold/semgrep.json,
https://github.com/barsikus007/fastapi-react-boilerplate,fastapi-react-boilerplate,29d03602cee03f89c53b8df5d9a17b971787cbb5,,,vuln_results_final/fastapi-react-boilerplate/pip_audit.json,vuln_results_final/fastapi-react-boilerplate/bandit.json,vuln_results_final/fastapi-react-boilerplate/semgrep.json,
https://github.com/banesullivan/remotetileserver,remotetileserver,dddc75034a0c988f6b5f38e67b4b2644ba0f23fe,requirements.txt,/tmp/repo_7vnnajuv/requirements.txt,vuln_results_final/remotetileserver/pip_audit.json,vuln_results_final/remotetileserver/bandit.json,vuln_results_final/remotetileserver/semgrep.json,
https://github.com/bandirom/django-template,django-template,c6a9ffd7d581e8d5141a967cb2d3491a1f917395,,,vuln_results_final/django-template/pip_audit.json,vuln_results_final/django-template/bandit.json,vuln_results_final/django-template/semgrep.json,
https://github.com/bandirom/django-blog,django-blog,d7ce6825ddf57af14365a5cecd02f61f947ad573,,,vuln_results_final/django-blog/pip_audit.json,vuln_results_final/django-blog/bandit.json,vuln_results_final/django-blog/semgrep.json,
https://github.com/b-ggs/django-template,django-template,4ef28968f18c7d7eed631dac0c69244a7a4a7f7d,pyproject.toml,/tmp/repo_dy54a8dn/pyproject.toml,vuln_results_final/django-template/pip_audit.json,vuln_results_final/django-template/bandit.json,vuln_results_final/django-template/semgrep.json,
https://github.com/aws-samples/aws-cdk-project-structure-python,aws-cdk-project-structure-python,f78bdc2ef678af22b42be8b21250ba5095040028,requirements.txt,/tmp/repo_kmpxmsjp/requirements.txt,vuln_results_final/aws-cdk-project-structure-python/pip_audit.json,vuln_results_final/aws-cdk-project-structure-python/bandit.json,vuln_results_final/aws-cdk-project-structure-python/semgrep.json,
https://github.com/aws-containers/votingapp,votingapp,e25103ab54b65bb44155619c1e3560d962f6ff0d,requirements.txt,/tmp/repo_m5ir_nc4/requirements.txt,vuln_results_final/votingapp/pip_audit.json,vuln_results_final/votingapp/bandit.json,vuln_results_final/votingapp/semgrep.json,
https://github.com/awesomelistsio/awesome-list,awesome-list,749e866214656813104d59caf103f737470bc526,,,vuln_results_final/awesome-list/pip_audit.json,vuln_results_final/awesome-list/bandit.json,vuln_results_final/awesome-list/semgrep.json,
https://github.com/autodistill/autodistill-base-model-template,autodistill-base-model-template,8e44eae2cd86fb49c58ff3e7d384160ebc3f6a0c,setup.py,/tmp/repo_yc5keqir/setup.py,vuln_results_final/autodistill-base-model-template/pip_audit.json,vuln_results_final/autodistill-base-model-template/bandit.json,vuln_results_final/autodistill-base-model-template/semgrep.json,
https://github.com/autocase/kestrel,kestrel,202795ac495a816845b417fb40c645d15c270c3a,Pipfile,/tmp/repo_xxbyklvf/Pipfile,vuln_results_final/kestrel/pip_audit.json,vuln_results_final/kestrel/bandit.json,vuln_results_final/kestrel/semgrep.json,
https://github.com/aulasoftwarelibre/telegram-bot-template,telegram-bot-template,8ff47512903ccf1f41ffee87b9dd8db9e2ffc292,pyproject.toml,/tmp/repo_mgijr46p/pyproject.toml,vuln_results_final/telegram-bot-template/pip_audit.json,vuln_results_final/telegram-bot-template/bandit.json,vuln_results_final/telegram-bot-template/semgrep.json,
https://github.com/atyrode/gitemplate,gitemplate,40ba2a73dc2589255ea4744cf55fcefabb3ed065,requirements.txt,/tmp/repo_sl6re3_u/requirements.txt,vuln_results_final/gitemplate/pip_audit.json,vuln_results_final/gitemplate/bandit.json,vuln_results_final/gitemplate/semgrep.json,
https://github.com/atoti/project-template,project-template,3f5f93c9faf5d3f416b5eea721026cbdbffdf421,pyproject.toml,/tmp/repo_oeke7maw/pyproject.toml,vuln_results_final/project-template/pip_audit.json,vuln_results_final/project-template/bandit.json,vuln_results_final/project-template/semgrep.json,
https://github.com/astronomer/templates,templates,f9e04155081829ea66a9fa7a975360367d8ddf68,,,vuln_results_final/templates/pip_audit.json,vuln_results_final/templates/bandit.json,vuln_results_final/templates/semgrep.json,
https://github.com/astronomer/airflow-provider-sample,airflow-provider-sample,aeaa80f1c8d68b2e1ff26a860e93d2ab1915ad64,pyproject.toml,/tmp/repo_6ur1l409/pyproject.toml,vuln_results_final/airflow-provider-sample/pip_audit.json,vuln_results_final/airflow-provider-sample/bandit.json,vuln_results_final/airflow-provider-sample/semgrep.json,
https://github.com/astrodbtoolkit/astrodb-template-db,astrodb-template-db,34cb044072000ffcc81558858f01cc7927d23cc1,,,vuln_results_final/astrodb-template-db/pip_audit.json,vuln_results_final/astrodb-template-db/bandit.json,vuln_results_final/astrodb-template-db/semgrep.json,
https://github.com/astariul/pytere,pytere,ecf133353f2585f497b048ffc412aedfce25aa99,pyproject.toml,/tmp/repo__n8rqhhs/pyproject.toml,vuln_results_final/pytere/pip_audit.json,vuln_results_final/pytere/bandit.json,vuln_results_final/pytere/semgrep.json,
https://github.com/asreview/template-extension-new-model,template-extension-new-model,a095753ebe483031b934b09d5e54a5aecf8cfe04,pyproject.toml,/tmp/repo_r3prh5t4/pyproject.toml,vuln_results_final/template-extension-new-model/pip_audit.json,vuln_results_final/template-extension-new-model/bandit.json,vuln_results_final/template-extension-new-model/semgrep.json,
https://github.com/ashleve/lightning-hydra-template,lightning-hydra-template,bddbc24b82ab6ccfa6243e815a49dc5bfe8d4144,requirements.txt,/tmp/repo_4ckrc6tk/requirements.txt,vuln_results_final/lightning-hydra-template/pip_audit.json,vuln_results_final/lightning-hydra-template/bandit.json,vuln_results_final/lightning-hydra-template/semgrep.json,
https://github.com/arvind-4/django-react,django-react,2314518f791b43423c8116421dca6e9d13721025,requirements.txt,/tmp/repo_bgbru1d3/requirements.txt,vuln_results_final/django-react/pip_audit.json,vuln_results_final/django-react/bandit.json,vuln_results_final/django-react/semgrep.json,
https://github.com/arturboyun/AiogramBotTemplate,AiogramBotTemplate,0be720fb4a820d71b759106c16c8a0cb5151de14,pyproject.toml,/tmp/repo_yqh4eaiy/pyproject.toml,vuln_results_final/AiogramBotTemplate/pip_audit.json,vuln_results_final/AiogramBotTemplate/bandit.json,vuln_results_final/AiogramBotTemplate/semgrep.json,
https://github.com/armoin2018/ai-ley,ai-ley,e909c3394a7f10350e2f6b76542b29cd74fd7c2b,,,vuln_results_final/ai-ley/pip_audit.json,vuln_results_final/ai-ley/bandit.json,vuln_results_final/ai-ley/semgrep.json,
https://github.com/arihanv/fasthtml-modal,fasthtml-modal,7f168f34a6ba9a66140b35790bdfecf28838748c,requirements.txt,/tmp/repo_odyaunr_/requirements.txt,vuln_results_final/fasthtml-modal/pip_audit.json,vuln_results_final/fasthtml-modal/bandit.json,vuln_results_final/fasthtml-modal/semgrep.json,
https://github.com/argoproj-labs/applicationset-hello-plugin,applicationset-hello-plugin,23ca01ee922a1034cd5cc11ba689b97a185dd8a4,requirements.txt,/tmp/repo_yl8bgqcx/requirements.txt,vuln_results_final/applicationset-hello-plugin/pip_audit.json,vuln_results_final/applicationset-hello-plugin/bandit.json,vuln_results_final/applicationset-hello-plugin/semgrep.json,
https://github.com/approvals/ApprovalTests.Python.StarterProject,ApprovalTests.Python,058b15648769b6fdc4dc06499abb19dc91cd2580,requirements.txt,/tmp/repo_07vwl9h7/requirements.txt,vuln_results_final/ApprovalTests.Python/pip_audit.json,vuln_results_final/ApprovalTests.Python/bandit.json,vuln_results_final/ApprovalTests.Python/semgrep.json,
https://github.com/app-generator/sample-django-charts-multiple,sample-django-charts-multiple,1a373b62bb55eb572fe172103fece2f11a6d65ce,requirements.txt,/tmp/repo_9_5_r0ln/requirements.txt,vuln_results_final/sample-django-charts-multiple/pip_audit.json,vuln_results_final/sample-django-charts-multiple/bandit.json,vuln_results_final/sample-django-charts-multiple/semgrep.json,
https://github.com/app-generator/react-soft-dashboard-flask,react-soft-dashboard-flask,3652fa02ae7e5fc1fab64c59c295c5ca0d019522,,,vuln_results_final/react-soft-dashboard-flask/pip_audit.json,vuln_results_final/react-soft-dashboard-flask/bandit.json,vuln_results_final/react-soft-dashboard-flask/semgrep.json,
https://github.com/app-generator/react-soft-dashboard-django,react-soft-dashboard-django,bc34965936f863dbbf6578b7361487b6612727b5,,,vuln_results_final/react-soft-dashboard-django/pip_audit.json,vuln_results_final/react-soft-dashboard-django/bandit.json,vuln_results_final/react-soft-dashboard-django/semgrep.json,
https://github.com/app-generator/react-purity-django,react-purity-django,39eff0842230ef6b7a74a9a4bb9038141a8ba527,,,vuln_results_final/react-purity-django/pip_audit.json,vuln_results_final/react-purity-django/bandit.json,vuln_results_final/react-purity-django/semgrep.json,
https://github.com/app-generator/react-berry-dashboard-flask,react-berry-dashboard-flask,6065155720cc10d703d07ac1d24cb2894db3bf9e,,,vuln_results_final/react-berry-dashboard-flask/pip_audit.json,vuln_results_final/react-berry-dashboard-flask/bandit.json,vuln_results_final/react-berry-dashboard-flask/semgrep.json,
https://github.com/app-generator/react-berry-dashboard-django,react-berry-dashboard-django,1009d8971c45eb7855d7ab5a341e2efc9ebe7442,,,vuln_results_final/react-berry-dashboard-django/pip_audit.json,vuln_results_final/react-berry-dashboard-django/bandit.json,vuln_results_final/react-berry-dashboard-django/semgrep.json,
https://github.com/app-generator/django-tabler,django-tabler,654874dcd1e172c9c6e8844ea1afe8ff1b761933,requirements.txt,/tmp/repo_u2tb_66b/requirements.txt,vuln_results_final/django-tabler/pip_audit.json,vuln_results_final/django-tabler/bandit.json,vuln_results_final/django-tabler/semgrep.json,
https://github.com/app-generator/django-star-admin,django-star-admin,78976b04d9876afdd18c05acc2533abcc31909e9,requirements.txt,/tmp/repo_8_9232lw/requirements.txt,vuln_results_final/django-star-admin/pip_audit.json,vuln_results_final/django-star-admin/bandit.json,vuln_results_final/django-star-admin/semgrep.json,
https://github.com/app-generator/django-soft-ui-dashboard,django-soft-ui-dashboard,61a5027f2e56153c5bf6dc4733df3b8710ea060e,requirements.txt,/tmp/repo_93g34dcp/requirements.txt,vuln_results_final/django-soft-ui-dashboard/pip_audit.json,vuln_results_final/django-soft-ui-dashboard/bandit.json,vuln_results_final/django-soft-ui-dashboard/semgrep.json,
https://github.com/app-generator/django-modernize,django-modernize,ef8c9a4570ce63592223e5cea107d02758374fb7,requirements.txt,/tmp/repo_e3cih2aa/requirements.txt,vuln_results_final/django-modernize/pip_audit.json,vuln_results_final/django-modernize/bandit.json,vuln_results_final/django-modernize/semgrep.json,
https://github.com/app-generator/django-material-kit,django-material-kit,61a72a6931384cfadce064e7d725d418885c72cd,requirements.txt,/tmp/repo_pqdivew_/requirements.txt,vuln_results_final/django-material-kit/pip_audit.json,vuln_results_final/django-material-kit/bandit.json,vuln_results_final/django-material-kit/semgrep.json,
https://github.com/app-generator/django-dynamic-api,django-dynamic-api,7283bc824a18c85091385a6daaf39b1124b87b41,setup.py,/tmp/repo_0id3188s/setup.py,vuln_results_final/django-dynamic-api/pip_audit.json,vuln_results_final/django-dynamic-api/bandit.json,vuln_results_final/django-dynamic-api/semgrep.json,
https://github.com/app-generator/django-berry-dashboard,django-berry-dashboard,a1f796ed6ceb72af85f71a7c814f044b803fcbf8,requirements.txt,/tmp/repo_c8zv02wb/requirements.txt,vuln_results_final/django-berry-dashboard/pip_audit.json,vuln_results_final/django-berry-dashboard/bandit.json,vuln_results_final/django-berry-dashboard/semgrep.json,
https://github.com/app-generator/django-atlantis-dark,django-atlantis-dark,b490d79f52ef33f091e291ce0fb81130d7540cb0,requirements.txt,/tmp/repo_5d7edtub/requirements.txt,vuln_results_final/django-atlantis-dark/pip_audit.json,vuln_results_final/django-atlantis-dark/bandit.json,vuln_results_final/django-atlantis-dark/semgrep.json,
https://github.com/app-generator/django-argon-dashboard,django-argon-dashboard,6dc80e35f774fb2ed132f615de14d03f629f9941,requirements.txt,/tmp/repo_2jkfj67g/requirements.txt,vuln_results_final/django-argon-dashboard/pip_audit.json,vuln_results_final/django-argon-dashboard/bandit.json,vuln_results_final/django-argon-dashboard/semgrep.json,
https://github.com/app-generator/django-api-generator,django-api-generator,c1ef8da861e4caa98c682467b8a632991c49bb32,setup.py,/tmp/repo_9p_i104v/setup.py,vuln_results_final/django-api-generator/pip_audit.json,vuln_results_final/django-api-generator/bandit.json,vuln_results_final/django-api-generator/semgrep.json,
https://github.com/app-generator/core-django,core-django,e7ab6af34d98f83626c8a1bea99a2f3054e67252,requirements.txt,/tmp/repo_susjmeu7/requirements.txt,vuln_results_final/core-django/pip_audit.json,vuln_results_final/core-django/bandit.json,vuln_results_final/core-django/semgrep.json,
https://github.com/app-generator/api-server-flask,api-server-flask,246144a567e1c75e44787e2799c14d800836d170,requirements.txt,/tmp/repo_oe93w2xw/requirements.txt,vuln_results_final/api-server-flask/pip_audit.json,vuln_results_final/api-server-flask/bandit.json,vuln_results_final/api-server-flask/semgrep.json,
https://github.com/aoulaa/aiogram-lambda-template,aiogram-lambda-template,5a3cf2893c592731298b7233efbee9a17b426861,requirements.txt,/tmp/repo_4bqttpps/requirements.txt,vuln_results_final/aiogram-lambda-template/pip_audit.json,vuln_results_final/aiogram-lambda-template/bandit.json,vuln_results_final/aiogram-lambda-template/semgrep.json,
https://github.com/anthonycepeda/fastapi-sqlmodel,fastapi-sqlmodel,4b4b039e5d5ba33e8b5d3078b2b77736b516e646,Pipfile,/tmp/repo_tkk7i3d0/Pipfile,vuln_results_final/fastapi-sqlmodel/pip_audit.json,vuln_results_final/fastapi-sqlmodel/bandit.json,vuln_results_final/fastapi-sqlmodel/semgrep.json,
https://github.com/answeryt/Neosgenesis,Neosgenesis,83c1be224d5ad361ce7342b39b2df5e7d860a032,requirements.txt,/tmp/repo___2g5ru6/requirements.txt,vuln_results_final/Neosgenesis/pip_audit.json,vuln_results_final/Neosgenesis/bandit.json,vuln_results_final/Neosgenesis/semgrep.json,
https://github.com/ansiblejunky/ansible-inventory-template,ansible-inventory-template,522e604136f3536ad049540a78926192bda20659,,,vuln_results_final/ansible-inventory-template/pip_audit.json,vuln_results_final/ansible-inventory-template/bandit.json,vuln_results_final/ansible-inventory-template/semgrep.json,
https://github.com/anomaly/lab-python-server,lab-python-server,2f1fdaf99e448d048dd61f3e0b9226523c7784f3,,,vuln_results_final/lab-python-server/pip_audit.json,vuln_results_final/lab-python-server/bandit.json,vuln_results_final/lab-python-server/semgrep.json,
https://github.com/annedorko/highlight,highlight,8fe519125ff9e3eb84335dd5af03b7fa0a83792c,requirements.txt,/tmp/repo_l1ezefuo/requirements.txt,vuln_results_final/highlight/pip_audit.json,vuln_results_final/highlight/bandit.json,vuln_results_final/highlight/semgrep.json,
https://github.com/aniongithub/blender-devcontainer,blender-devcontainer,48d8fdfc835ddad9df6c0733e27eccbc896ac927,requirements.txt,/tmp/repo_qihq57a0/requirements.txt,vuln_results_final/blender-devcontainer/pip_audit.json,vuln_results_final/blender-devcontainer/bandit.json,vuln_results_final/blender-devcontainer/semgrep.json,
https://github.com/aniketmaurya/python-project-template,python-project-template,02f8ae63ab7667f5380b3ba3a5157ed0a3e3d87e,pyproject.toml,/tmp/repo_ou6u16f3/pyproject.toml,vuln_results_final/python-project-template/pip_audit.json,vuln_results_final/python-project-template/bandit.json,vuln_results_final/python-project-template/semgrep.json,
https://github.com/angelvillar96/TemplaTorch,TemplaTorch,f8350b61e8b49e614a753a2b6a63ea8e95d50da4,,,vuln_results_final/TemplaTorch/pip_audit.json,vuln_results_final/TemplaTorch/bandit.json,vuln_results_final/TemplaTorch/semgrep.json,
https://github.com/andrewyazura/redis-python-telegram-bot,redis-python-telegram-bot,dce74ed9873f04cf0308ac5e0f5210c723ad82de,pyproject.toml,/tmp/repo_p1sp8a5i/pyproject.toml,vuln_results_final/redis-python-telegram-bot/pip_audit.json,vuln_results_final/redis-python-telegram-bot/bandit.json,vuln_results_final/redis-python-telegram-bot/semgrep.json,
https://github.com/andrewm4894/anomstack,anomstack,f2cdda0a61177b04448e03edf4f832f35d422545,requirements.txt,/tmp/repo_knt_ovxx/requirements.txt,vuln_results_final/anomstack/pip_audit.json,vuln_results_final/anomstack/bandit.json,vuln_results_final/anomstack/semgrep.json,
https://github.com/andrew000/aiogram-template,aiogram-template,0162b8125a1bb6b63d0ba0b965c055b68b0e8bfa,pyproject.toml,/tmp/repo_j4dcif1n/pyproject.toml,vuln_results_final/aiogram-template/pip_audit.json,vuln_results_final/aiogram-template/bandit.json,vuln_results_final/aiogram-template/semgrep.json,
https://github.com/andnp/rl-control-template,rl-control-template,06a17613771d31b8f9bf0241cc0ede01b3353945,pyproject.toml,/tmp/repo_cysm9p42/pyproject.toml,vuln_results_final/rl-control-template/pip_audit.json,vuln_results_final/rl-control-template/bandit.json,vuln_results_final/rl-control-template/semgrep.json,
https://github.com/andgineer/fastapi-celery,fastapi-celery,13a36e178e4f3d1c61fdf742852811530b9567b6,,,vuln_results_final/fastapi-celery/pip_audit.json,vuln_results_final/fastapi-celery/bandit.json,vuln_results_final/fastapi-celery/semgrep.json,
https://github.com/amoghmadan/Python-Flask-REST-Starter,Python-Flask-REST-Starter,c38355deafc0d994f99a7136f37a2fad922654a8,pyproject.toml,/tmp/repo_772nj8wc/pyproject.toml,vuln_results_final/Python-Flask-REST-Starter/pip_audit.json,vuln_results_final/Python-Flask-REST-Starter/bandit.json,vuln_results_final/Python-Flask-REST-Starter/semgrep.json,
https://github.com/ammirsm/llamaindex-omakase-rag,llamaindex-omakase-rag,10a34b5d92660ceb5f5b544113588780176e5ca9,requirements.txt,/tmp/repo_y65d58g2/requirements.txt,vuln_results_final/llamaindex-omakase-rag/pip_audit.json,vuln_results_final/llamaindex-omakase-rag/bandit.json,vuln_results_final/llamaindex-omakase-rag/semgrep.json,
https://github.com/amjadraza/langchain-streamlit-docker-template,langchain-streamlit-docker-template,07a54f5d20c18fbbff84ddd5d017301b394228d5,requirements.txt,/tmp/repo_tqsypsqi/requirements.txt,vuln_results_final/langchain-streamlit-docker-template/pip_audit.json,vuln_results_final/langchain-streamlit-docker-template/bandit.json,vuln_results_final/langchain-streamlit-docker-template/semgrep.json,
https://github.com/amerkurev/django-docker-template,django-docker-template,e20efc254dc5992c352e9d4c4dfa07eaa2cc099b,requirements.txt,/tmp/repo_spzep1xl/requirements.txt,vuln_results_final/django-docker-template/pip_audit.json,vuln_results_final/django-docker-template/bandit.json,vuln_results_final/django-docker-template/semgrep.json,
https://github.com/amaranth-lang/template-fpga,template-fpga,7627d206a0ee5cf4c60a7ef91b21d13b232a483d,pyproject.toml,/tmp/repo_14xsgg6q/pyproject.toml,vuln_results_final/template-fpga/pip_audit.json,vuln_results_final/template-fpga/bandit.json,vuln_results_final/template-fpga/semgrep.json,
https://github.com/alvesvaren/AoC-template,AoC-template,c99c0079f4ab37508a0ff07982b94ad44b88238d,,,vuln_results_final/AoC-template/pip_audit.json,vuln_results_final/AoC-template/bandit.json,vuln_results_final/AoC-template/semgrep.json,
https://github.com/alunduil/template.py,template,cd06cf51d40ef3cf90c6555ae0d9ba0e2a17cb8b,pyproject.toml,/tmp/repo_sl5cgu69/pyproject.toml,vuln_results_final/template/pip_audit.json,vuln_results_final/template/bandit.json,vuln_results_final/template/semgrep.json,
https://github.com/altixco/django-postgres-dokku,django-postgres-dokku,b0824f15efb2e0537d6e8abbc0573a274761c050,requirements.txt,/tmp/repo_kowuve9s/requirements.txt,vuln_results_final/django-postgres-dokku/pip_audit.json,vuln_results_final/django-postgres-dokku/bandit.json,vuln_results_final/django-postgres-dokku/semgrep.json,
https://github.com/alpic-ai/mcp-server-template-python,mcp-server-template-python,285f7b9a15e3f39fe0dab892191925a35a659afb,pyproject.toml,/tmp/repo_led1__1j/pyproject.toml,vuln_results_final/mcp-server-template-python/pip_audit.json,vuln_results_final/mcp-server-template-python/bandit.json,vuln_results_final/mcp-server-template-python/semgrep.json,
https://github.com/allfed/ALLFED-Repository-Template,ALLFED-Repository-Template,f7e92a341383519e89fe067aa1a4275e06e389c3,requirements.txt,/tmp/repo_34ic7z38/requirements.txt,vuln_results_final/ALLFED-Repository-Template/pip_audit.json,vuln_results_final/ALLFED-Repository-Template/bandit.json,vuln_results_final/ALLFED-Repository-Template/semgrep.json,
https://github.com/allenai/python-package-template,python-package-template,76b51d4f8bf27775b0e20ad9ec87593a42ccd67e,pyproject.toml,/tmp/repo_g7assm0x/pyproject.toml,vuln_results_final/python-package-template/pip_audit.json,vuln_results_final/python-package-template/bandit.json,vuln_results_final/python-package-template/semgrep.json,
https://github.com/allenai/allennlp-template-python-script,allennlp-template-python-script,e5c66e9b90d5855919f645899a8ee3900ae500c5,requirements.txt,/tmp/repo_ixra95sb/requirements.txt,vuln_results_final/allennlp-template-python-script/pip_audit.json,vuln_results_final/allennlp-template-python-script/bandit.json,vuln_results_final/allennlp-template-python-script/semgrep.json,
https://github.com/allenai/allennlp-template-config-files,allennlp-template-config-files,5762e8f0363d150999e34c47406518c6a6d032c2,requirements.txt,/tmp/repo_ckqq7dgz/requirements.txt,vuln_results_final/allennlp-template-config-files/pip_audit.json,vuln_results_final/allennlp-template-config-files/bandit.json,vuln_results_final/allennlp-template-config-files/semgrep.json,
https://github.com/alireza0sfr/Django-DRF-Clean-Architecture-Base,Django-DRF-Clean-Architecture-Base,1a46b8d9e954b44fb2060286a1977f5d9bb745db,pyproject.toml,/tmp/repo_r5lbnopt/pyproject.toml,vuln_results_final/Django-DRF-Clean-Architecture-Base/pip_audit.json,vuln_results_final/Django-DRF-Clean-Architecture-Base/bandit.json,vuln_results_final/Django-DRF-Clean-Architecture-Base/semgrep.json,
https://github.com/algonacci/flask-docker-template,flask-docker-template,f1d037997751b6c405adafee355418900f66368f,requirements.txt,/tmp/repo_rr62_4uc/requirements.txt,vuln_results_final/flask-docker-template/pip_audit.json,vuln_results_final/flask-docker-template/bandit.json,vuln_results_final/flask-docker-template/semgrep.json,
https://github.com/alfredodeza/python-cli-example,python-cli-example,8ddac1216515ebc63495377386976b8cc2ef5ef6,requirements.txt,/tmp/repo_3x7mf4eg/requirements.txt,vuln_results_final/python-cli-example/pip_audit.json,vuln_results_final/python-cli-example/bandit.json,vuln_results_final/python-cli-example/semgrep.json,
https://github.com/alexk1919/fastapi-motor-mongo-template,fastapi-motor-mongo-template,659af1b939829fe2962adcb9d0191c83941f7893,requirements.txt,/tmp/repo_3qqjqzdn/requirements.txt,vuln_results_final/fastapi-motor-mongo-template/pip_audit.json,vuln_results_final/fastapi-motor-mongo-template/bandit.json,vuln_results_final/fastapi-motor-mongo-template/semgrep.json,
https://github.com/alexfayers/new_python_project,new_python_project,bcca776eba0d60ceecebacf7bab128520bd4a93f,requirements.txt,/tmp/repo_4p57d22i/requirements.txt,vuln_results_final/new_python_project/pip_audit.json,vuln_results_final/new_python_project/bandit.json,vuln_results_final/new_python_project/semgrep.json,
https://github.com/alexdlaird/django-bootstrap-authentication-template-project,django-bootstrap-authentication-template-project,04f524b5f3ec8cceebae2f328c15ad22df25e189,requirements.txt,/tmp/repo_pyy3ti8t/requirements.txt,vuln_results_final/django-bootstrap-authentication-template-project/pip_audit.json,vuln_results_final/django-bootstrap-authentication-template-project/bandit.json,vuln_results_final/django-bootstrap-authentication-template-project/semgrep.json,
https://github.com/alexdeathway/headstart-django,headstart-django,d10b52d3e9c200e1a04547a82fda6fe51df13e0f,requirements.txt,/tmp/repo_aod362sp/requirements.txt,vuln_results_final/headstart-django/pip_audit.json,vuln_results_final/headstart-django/bandit.json,vuln_results_final/headstart-django/semgrep.json,
https://github.com/alesanmed/python-telegram-bot-seed,python-telegram-bot-seed,0874797c4b6a09208bba23b263d66b6d2edbbb40,pyproject.toml,/tmp/repo_7ugf9a5q/pyproject.toml,vuln_results_final/python-telegram-bot-seed/pip_audit.json,vuln_results_final/python-telegram-bot-seed/bandit.json,vuln_results_final/python-telegram-bot-seed/semgrep.json,
https://github.com/akuity/argo-workflows-training-template,argo-workflows-training-template,6f29238b013ce37affc1a80aece2d4e1acfacd65,,,vuln_results_final/argo-workflows-training-template/pip_audit.json,vuln_results_final/argo-workflows-training-template/bandit.json,vuln_results_final/argo-workflows-training-template/semgrep.json,
https://github.com/akshat2602/django-nextjs-boilerplate,django-nextjs-boilerplate,8551742557667a5dd73fefa87cd646dbf6549b77,,,vuln_results_final/django-nextjs-boilerplate/pip_audit.json,vuln_results_final/django-nextjs-boilerplate/bandit.json,vuln_results_final/django-nextjs-boilerplate/semgrep.json,
https://github.com/akraradets/compiler-starter-project,compiler-starter-project,71088fe0afe3830767f0b123c1020e06b255e727,pyproject.toml,/tmp/repo_5rr34azf/pyproject.toml,vuln_results_final/compiler-starter-project/pip_audit.json,vuln_results_final/compiler-starter-project/bandit.json,vuln_results_final/compiler-starter-project/semgrep.json,
https://github.com/akopdev/template-python-package,template-python-package,56dfeb4d62c44d81a4bb291837d8ad26d4fae647,,,vuln_results_final/template-python-package/pip_audit.json,vuln_results_final/template-python-package/bandit.json,vuln_results_final/template-python-package/semgrep.json,
https://github.com/akashp1712/summarize-webpage,summarize-webpage,aadb7b72844bf35ff3dfaa2b664ad2445c962ad5,requirements.txt,/tmp/repo_ukm5mszh/requirements.txt,vuln_results_final/summarize-webpage/pip_audit.json,vuln_results_final/summarize-webpage/bandit.json,vuln_results_final/summarize-webpage/semgrep.json,
https://github.com/akashp1712/pythonizr-server,pythonizr-server,d330430c70806e1b84c949ab25a095900f52b62f,requirements.txt,/tmp/repo_ckr0367g/requirements.txt,vuln_results_final/pythonizr-server/pip_audit.json,vuln_results_final/pythonizr-server/bandit.json,vuln_results_final/pythonizr-server/semgrep.json,
https://github.com/ahmedhamila/Django-Project-Template,Django-Project-Template,25a307e0981a37fd5bf68c5939f3507d68ecffd4,requirements.txt,/tmp/repo_vvg0g484/requirements.txt,vuln_results_final/Django-Project-Template/pip_audit.json,vuln_results_final/Django-Project-Template/bandit.json,vuln_results_final/Django-Project-Template/semgrep.json,
https://github.com/agency-ai-solutions/agency-starter-template,agency-starter-template,9d09809176dd2c0b65113a95b9a1822b2865a10c,requirements.txt,/tmp/repo_mu5rz2aq/requirements.txt,vuln_results_final/agency-starter-template/pip_audit.json,vuln_results_final/agency-starter-template/bandit.json,vuln_results_final/agency-starter-template/semgrep.json,
https://github.com/agency-ai-solutions/agencii-mcp-tools-deployment-template,agencii-mcp-tools-deployment-template,e1e88df998b820022dfb678fe1869170e7e1308c,requirements.txt,/tmp/repo_evzb1ib8/requirements.txt,vuln_results_final/agencii-mcp-tools-deployment-template/pip_audit.json,vuln_results_final/agencii-mcp-tools-deployment-template/bandit.json,vuln_results_final/agencii-mcp-tools-deployment-template/semgrep.json,
https://github.com/adraismawur/python-template-mini,python-template-mini,aa7fdcd19f098874321e0c7ec6c93c6f94e5c532,,,vuln_results_final/python-template-mini/pip_audit.json,vuln_results_final/python-template-mini/bandit.json,vuln_results_final/python-template-mini/semgrep.json,
https://github.com/adraismawur/python-template-midi,python-template-midi,cc71f56b239748d973033c7404bfe1e7574bd48d,requirements.txt,/tmp/repo_lbqohber/requirements.txt,vuln_results_final/python-template-midi/pip_audit.json,vuln_results_final/python-template-midi/bandit.json,vuln_results_final/python-template-midi/semgrep.json,
https://github.com/adraismawur/python-template-maxi,python-template-maxi,2e809f3a634c055e64f0a1a2dc66dff60ed098a0,requirements.txt,/tmp/repo_zycv1x94/requirements.txt,vuln_results_final/python-template-maxi/pip_audit.json,vuln_results_final/python-template-maxi/bandit.json,vuln_results_final/python-template-maxi/semgrep.json,
https://github.com/adarshpalaskar1/FlipLogGPT_LLM,FlipLogGPT_LLM,0286b1599bcf73cc353208edded5952b860ee711,requirements.txt,/tmp/repo_kv5935jc/requirements.txt,vuln_results_final/FlipLogGPT_LLM/pip_audit.json,vuln_results_final/FlipLogGPT_LLM/bandit.json,vuln_results_final/FlipLogGPT_LLM/semgrep.json,
https://github.com/adamjakab/BeetsPluginTemplate,BeetsPluginTemplate,f318d0b1fa3344b5797b6677ddcb8f83926597ca,setup.py,/tmp/repo_u1zy4t0s/setup.py,vuln_results_final/BeetsPluginTemplate/pip_audit.json,vuln_results_final/BeetsPluginTemplate/bandit.json,vuln_results_final/BeetsPluginTemplate/semgrep.json,
https://github.com/absolud/pspy,pspy,8c8519be82550ede62070b93944a8781331892c3,,,vuln_results_final/pspy/pip_audit.json,vuln_results_final/pspy/bandit.json,vuln_results_final/pspy/semgrep.json,
https://github.com/aboutmydreams/quick-pylib,quick-pylib,3b995a67f2c8c494bc2bb4cff244f412c40f4227,setup.py,/tmp/repo___zsl2ja/setup.py,vuln_results_final/quick-pylib/pip_audit.json,vuln_results_final/quick-pylib/bandit.json,vuln_results_final/quick-pylib/semgrep.json,
https://github.com/aboutcode-org/skeleton,skeleton,4e5b7fd0a1bbb5e46642c612ac77ed39a0dbf597,requirements.txt,/tmp/repo_ixt0pp84/requirements.txt,vuln_results_final/skeleton/pip_audit.json,vuln_results_final/skeleton/bandit.json,vuln_results_final/skeleton/semgrep.json,
https://github.com/abindent/Python-Utility-Bot,Python-Utility-Bot,a6ed40503bd81235ded4571be6a8ce3d3ccd0ce9,requirements.txt,/tmp/repo_8jildeyj/requirements.txt,vuln_results_final/Python-Utility-Bot/pip_audit.json,vuln_results_final/Python-Utility-Bot/bandit.json,vuln_results_final/Python-Utility-Bot/semgrep.json,
https://github.com/abersheeran/mingshe,mingshe,db1ac01705dc200cc5de3ed55ea5f9ff5ef8f57b,pyproject.toml,/tmp/repo_yilesx5n/pyproject.toml,vuln_results_final/mingshe/pip_audit.json,vuln_results_final/mingshe/bandit.json,vuln_results_final/mingshe/semgrep.json,
https://github.com/abdnh/anki-addon-template,anki-addon-template,2043bc9a6bf566f98fe57d68c20457941aa1b488,pyproject.toml,/tmp/repo_f9e78qm_/pyproject.toml,vuln_results_final/anki-addon-template/pip_audit.json,vuln_results_final/anki-addon-template/bandit.json,vuln_results_final/anki-addon-template/semgrep.json,
https://github.com/aasimsani/ml_project_template,ml_project_template,e490f1c343905baa9d3ba2f873ce5cec2d6cc2fd,requirements.txt,/tmp/repo_gpb91lfn/requirements.txt,vuln_results_final/ml_project_template/pip_audit.json,vuln_results_final/ml_project_template/bandit.json,vuln_results_final/ml_project_template/semgrep.json,
https://github.com/aSel1x/FastStream_Template,FastStream_Template,37ffa79b1c42d4d7dd8afbd8e068d7b6c2183ae2,requirements.txt,/tmp/repo_b69vm4se/requirements.txt,vuln_results_final/FastStream_Template/pip_audit.json,vuln_results_final/FastStream_Template/bandit.json,vuln_results_final/FastStream_Template/semgrep.json,
https://github.com/a3510377/discord-py-cord-template,discord-py-cord-template,d73a2e573113f0fc15922cf92b7acf7225c7f44d,,,vuln_results_final/discord-py-cord-template/pip_audit.json,vuln_results_final/discord-py-cord-template/bandit.json,vuln_results_final/discord-py-cord-template/semgrep.json,
https://github.com/Zaffer/fast-stack,fast-stack,170de9abe85dfb28cb5a8656928a145271b76915,,,vuln_results_final/fast-stack/pip_audit.json,vuln_results_final/fast-stack/bandit.json,vuln_results_final/fast-stack/semgrep.json,
https://github.com/ZH-XiJun/action_sprd_signer,action_sprd_signer,e696682202ef4e7e808c6debbab1c83eebacea87,,,vuln_results_final/action_sprd_signer/pip_audit.json,vuln_results_final/action_sprd_signer/bandit.json,vuln_results_final/action_sprd_signer/semgrep.json,
https://github.com/YuyangXueEd/MuLTIHydra,MuLTIHydra,edb155b83b723772a923dfd989d305dc0dd9202d,requirements.txt,/tmp/repo_ee1ar07f/requirements.txt,vuln_results_final/MuLTIHydra/pip_audit.json,vuln_results_final/MuLTIHydra/bandit.json,vuln_results_final/MuLTIHydra/semgrep.json,
https://github.com/Yureehh/Data-Science-Project-Boilerplate,Data-Science-Project-Boilerplate,98842bf42b229ded8832e118ab2f6f46b68375f0,pyproject.toml,/tmp/repo_2q4gkyz1/pyproject.toml,vuln_results_final/Data-Science-Project-Boilerplate/pip_audit.json,vuln_results_final/Data-Science-Project-Boilerplate/bandit.json,vuln_results_final/Data-Science-Project-Boilerplate/semgrep.json,
https://github.com/Youngestdev/fastapi-mongo,fastapi-mongo,7ce51e3e1e5ad4dd6fb25e375ee7241125d1925c,requirements.txt,/tmp/repo_nglznw7_/requirements.txt,vuln_results_final/fastapi-mongo/pip_audit.json,vuln_results_final/fastapi-mongo/bandit.json,vuln_results_final/fastapi-mongo/semgrep.json,
https://github.com/Yosemite8/Vuln-HandsonLab,Vuln-HandsonLab,e0a45eff54fd586a66431453f59b008ca46e49b0,requirements.txt,/tmp/repo_grhp1a9m/requirements.txt,vuln_results_final/Vuln-HandsonLab/pip_audit.json,vuln_results_final/Vuln-HandsonLab/bandit.json,vuln_results_final/Vuln-HandsonLab/semgrep.json,
https://github.com/Yosef-AlSabbah/Django-REST-Production-Starter-Kit,Django-REST-Production-Starter-Kit,6f805fa50fd1c5c7b3ddbd6ad97f4132bbde7ef8,pyproject.toml,/tmp/repo_6epr09lz/pyproject.toml,vuln_results_final/Django-REST-Production-Starter-Kit/pip_audit.json,vuln_results_final/Django-REST-Production-Starter-Kit/bandit.json,vuln_results_final/Django-REST-Production-Starter-Kit/semgrep.json,
https://github.com/YooSungHyun/pytorch-trainer,pytorch-trainer,77762427b8964bee76619e5557ff935f18c6f190,requirements.txt,/tmp/repo_nswbjwyz/requirements.txt,vuln_results_final/pytorch-trainer/pip_audit.json,vuln_results_final/pytorch-trainer/bandit.json,vuln_results_final/pytorch-trainer/semgrep.json,
https://github.com/Yacobolo/django-htmx-quickstart,django-htmx-quickstart,bdfe71cb0aaaf8766174c68465a72375bffd71b7,requirements.txt,/tmp/repo_oa84chy5/requirements.txt,vuln_results_final/django-htmx-quickstart/pip_audit.json,vuln_results_final/django-htmx-quickstart/bandit.json,vuln_results_final/django-htmx-quickstart/semgrep.json,
https://github.com/Workata/pyplate,pyplate,706d4932d18f6f2675399ec5de97996f7fb8fac3,pyproject.toml,/tmp/repo_xvd90g3x/pyproject.toml,vuln_results_final/pyplate/pip_audit.json,vuln_results_final/pyplate/bandit.json,vuln_results_final/pyplate/semgrep.json,
https://github.com/WizelineLabs/vulnerabilities-scanner-template,vulnerabilities-scanner-template,99677d89d54722e15dc02ad499e42aa0ee5e13aa,requirements.txt,/tmp/repo_oww999yi/requirements.txt,vuln_results_final/vulnerabilities-scanner-template/pip_audit.json,vuln_results_final/vulnerabilities-scanner-template/bandit.json,vuln_results_final/vulnerabilities-scanner-template/semgrep.json,
https://github.com/WhaleFell/FastAPI-Template,FastAPI-Template,752c6e774ad5d0e4c14333a12497dca5878e76c7,requirements.txt,/tmp/repo_1jm36dno/requirements.txt,vuln_results_final/FastAPI-Template/pip_audit.json,vuln_results_final/FastAPI-Template/bandit.json,vuln_results_final/FastAPI-Template/semgrep.json,
https://github.com/Wessel/boilerplate,boilerplate,678ca02935d41185b24d2504721052d8e943a311,,,vuln_results_final/boilerplate/pip_audit.json,vuln_results_final/boilerplate/bandit.json,vuln_results_final/boilerplate/semgrep.json,
https://github.com/WeilerP/sc_analysis_template,sc_analysis_template,f9982ff935d00901c778eeec48c3d311d68a78c8,pyproject.toml,/tmp/repo__02jslio/pyproject.toml,vuln_results_final/sc_analysis_template/pip_audit.json,vuln_results_final/sc_analysis_template/bandit.json,vuln_results_final/sc_analysis_template/semgrep.json,
https://github.com/WebScrapingSolutions/scrapy-project-template,scrapy-project-template,2457a6b8443dc7881e5733a0fb5fc2b4a045e9c3,requirements.txt,/tmp/repo_4xe6zf4r/requirements.txt,vuln_results_final/scrapy-project-template/pip_audit.json,vuln_results_final/scrapy-project-template/bandit.json,vuln_results_final/scrapy-project-template/semgrep.json,
https://github.com/WarwickAI/snake-comp,snake-comp,5971d9cc1bf7bdd32c6e64a346fadb659608e292,pyproject.toml,/tmp/repo_ex1h9lji/pyproject.toml,vuln_results_final/snake-comp/pip_audit.json,vuln_results_final/snake-comp/bandit.json,vuln_results_final/snake-comp/semgrep.json,
https://github.com/VolkanSah/Bitcoin-Lottery-Miner,Bitcoin-Lottery-Miner,0be3b88d2fb4e6112f2c1d577c274c445673373b,,,vuln_results_final/Bitcoin-Lottery-Miner/pip_audit.json,vuln_results_final/Bitcoin-Lottery-Miner/bandit.json,vuln_results_final/Bitcoin-Lottery-Miner/semgrep.json,
https://github.com/Vivify-Ideas/python-django-drf-boilerplate,python-django-drf-boilerplate,9313481a560889257c9662a2df69446599f27c59,pyproject.toml,/tmp/repo_xk7wpvh5/pyproject.toml,vuln_results_final/python-django-drf-boilerplate/pip_audit.json,vuln_results_final/python-django-drf-boilerplate/bandit.json,vuln_results_final/python-django-drf-boilerplate/semgrep.json,
https://github.com/Viren070/docker-compose-template,docker-compose-template,022ae2b8deb55a047efcb1702d04a66a6d6c8a9f,,,vuln_results_final/docker-compose-template/pip_audit.json,vuln_results_final/docker-compose-template/bandit.json,vuln_results_final/docker-compose-template/semgrep.json,
https://github.com/Vers-AI/versusai-sc2-bot-template,versusai-sc2-bot-template,689c6aa1a7b520940e03d8452daa4860e36e166c,requirements.txt,/tmp/repo_eblx6qh7/requirements.txt,vuln_results_final/versusai-sc2-bot-template/pip_audit.json,vuln_results_final/versusai-sc2-bot-template/bandit.json,vuln_results_final/versusai-sc2-bot-template/semgrep.json,
https://github.com/VectorInstitute/aieng-template-uv,aieng-template-uv,a6ad1f919bd4996c0f1409471392e6b2092ee9ef,pyproject.toml,/tmp/repo_suc0qfty/pyproject.toml,vuln_results_final/aieng-template-uv/pip_audit.json,vuln_results_final/aieng-template-uv/bandit.json,vuln_results_final/aieng-template-uv/semgrep.json,
https://github.com/VectorInstitute/aieng-template-mvp,aieng-template-mvp,7bd55493d8eccefe0979ce7dfb7b91d6f5f7eb5b,,,vuln_results_final/aieng-template-mvp/pip_audit.json,vuln_results_final/aieng-template-mvp/bandit.json,vuln_results_final/aieng-template-mvp/semgrep.json,
https://github.com/VRSEN/agency-swarm-api-railway-template,agency-swarm-api-railway-template,b189397361b94b0833af2a43c464d1e86f9dde77,,,vuln_results_final/agency-swarm-api-railway-template/pip_audit.json,vuln_results_final/agency-swarm-api-railway-template/bandit.json,vuln_results_final/agency-swarm-api-railway-template/semgrep.json,
https://github.com/UznetDev/Aiogram-Bot-Template,Aiogram-Bot-Template,b4d503ec22246733124c11e44a6f8ccd0405595c,requirements.txt,/tmp/repo__dvnshfy/requirements.txt,vuln_results_final/Aiogram-Bot-Template/pip_audit.json,vuln_results_final/Aiogram-Bot-Template/bandit.json,vuln_results_final/Aiogram-Bot-Template/semgrep.json,
https://github.com/UtrechtUniversity/SWORDS-template,SWORDS-template,0dc5b68b1f556a5d52cf9b8f3892123679310267,requirements.txt,/tmp/repo_61lnsq18/requirements.txt,vuln_results_final/SWORDS-template/pip_audit.json,vuln_results_final/SWORDS-template/bandit.json,vuln_results_final/SWORDS-template/semgrep.json,
https://github.com/UserLazy/Oda-Music,Oda-Music,f4032ea5a95747692b585a486eb29ece85ef63b6,requirements.txt,/tmp/repo_7snzhu5_/requirements.txt,vuln_results_final/Oda-Music/pip_audit.json,vuln_results_final/Oda-Music/bandit.json,vuln_results_final/Oda-Music/semgrep.json,
https://github.com/UNSW-CEEM/ceem-python-template,ceem-python-template,917226ad7483641a5c5dbd6c2c50c495b19a4949,pyproject.toml,/tmp/repo_wcs_us5f/pyproject.toml,vuln_results_final/ceem-python-template/pip_audit.json,vuln_results_final/ceem-python-template/bandit.json,vuln_results_final/ceem-python-template/semgrep.json,
https://github.com/UKGovernmentBEIS/as-evaluation-standard,as-evaluation-standard,3b0e8ab03b8fb0d927453700fb9748e86add9858,pyproject.toml,/tmp/repo_r8t56_fr/pyproject.toml,vuln_results_final/as-evaluation-standard/pip_audit.json,vuln_results_final/as-evaluation-standard/bandit.json,vuln_results_final/as-evaluation-standard/semgrep.json,
https://github.com/UCLM-ESI/ssdd-remote-types,ssdd-remote-types,28cdab8d15c48b5fcf5bc704ccdec11784d07e05,pyproject.toml,/tmp/repo_llnkqaf6/pyproject.toml,vuln_results_final/ssdd-remote-types/pip_audit.json,vuln_results_final/ssdd-remote-types/bandit.json,vuln_results_final/ssdd-remote-types/semgrep.json,
https://github.com/UABPeriopAI/Templates,Templates,6aa3c0c24d16e230e5c87ea86523052f10f5ec08,,,vuln_results_final/Templates/pip_audit.json,vuln_results_final/Templates/bandit.json,vuln_results_final/Templates/semgrep.json,
https://github.com/Tublian/langchain-rag-template,langchain-rag-template,4412380223cba46378e93fac867b50db57062ae4,requirements.txt,/tmp/repo_hysd9uq5/requirements.txt,vuln_results_final/langchain-rag-template/pip_audit.json,vuln_results_final/langchain-rag-template/bandit.json,vuln_results_final/langchain-rag-template/semgrep.json,
https://github.com/TracecatHQ/custom-integrations-starter-kit,custom-integrations-starter-kit,4bce55ef019aa32686412a5f36bc6e25bfc57237,pyproject.toml,/tmp/repo_hjgvbn4q/pyproject.toml,vuln_results_final/custom-integrations-starter-kit/pip_audit.json,vuln_results_final/custom-integrations-starter-kit/bandit.json,vuln_results_final/custom-integrations-starter-kit/semgrep.json,
https://github.com/TonyXdZ/flet-base,flet-base,9e4d4bc2ef8f2312ada491f7f70e6ff1275cd38d,requirements.txt,/tmp/repo_sbgqr2ap/requirements.txt,vuln_results_final/flet-base/pip_audit.json,vuln_results_final/flet-base/bandit.json,vuln_results_final/flet-base/semgrep.json,
https://github.com/Tomansion/Vue3-FastAPI-WebApp-template,Vue3-FastAPI-WebApp-template,9f10bf45aee4626460f45a87fe1e85057f2deed8,,,vuln_results_final/Vue3-FastAPI-WebApp-template/pip_audit.json,vuln_results_final/Vue3-FastAPI-WebApp-template/bandit.json,vuln_results_final/Vue3-FastAPI-WebApp-template/semgrep.json,
https://github.com/TinyTapeout/tinyqv-byte-peripheral-template,tinyqv-byte-peripheral-template,fb43ab91ed263d18761b0a6720a820076db5de18,,,vuln_results_final/tinyqv-byte-peripheral-template/pip_audit.json,vuln_results_final/tinyqv-byte-peripheral-template/bandit.json,vuln_results_final/tinyqv-byte-peripheral-template/semgrep.json,
https://github.com/TimoReusch/FastAPI-project-template,FastAPI-project-template,4ebbcd709ccaeb7a769323dba94d739171d937ce,,,vuln_results_final/FastAPI-project-template/pip_audit.json,vuln_results_final/FastAPI-project-template/bandit.json,vuln_results_final/FastAPI-project-template/semgrep.json,
https://github.com/The-Swarm-Corporation/Swarms-Example-1-Click-Template,Swarms-Example-1-Click-Template,939a70efbfeea928278371e885f148e748c66382,requirements.txt,/tmp/repo_6y6wodo1/requirements.txt,vuln_results_final/Swarms-Example-1-Click-Template/pip_audit.json,vuln_results_final/Swarms-Example-1-Click-Template/bandit.json,vuln_results_final/Swarms-Example-1-Click-Template/semgrep.json,
https://github.com/The-Pocket/PocketFlow-Template-Python,PocketFlow-Template-Python,680a1b2f54645818d0eac7880347d31a8cb4a115,requirements.txt,/tmp/repo_cnp7hcme/requirements.txt,vuln_results_final/PocketFlow-Template-Python/pip_audit.json,vuln_results_final/PocketFlow-Template-Python/bandit.json,vuln_results_final/PocketFlow-Template-Python/semgrep.json,
https://github.com/TechWithTy/django-supabase-template,django-supabase-template,3617797ee451fc1826a3a96979e44f78db7efb44,requirements.txt,/tmp/repo__ej1pjr_/requirements.txt,vuln_results_final/django-supabase-template/pip_audit.json,vuln_results_final/django-supabase-template/bandit.json,vuln_results_final/django-supabase-template/semgrep.json,
https://github.com/TeamEpochGithub/apoch,apoch,6a7c784d20df24c7b9c186414a3d00fb9fd2fd1d,requirements.txt,/tmp/repo_i_pjvbda/requirements.txt,vuln_results_final/apoch/pip_audit.json,vuln_results_final/apoch/bandit.json,vuln_results_final/apoch/semgrep.json,
https://github.com/Taiyo-ai/pt-mesh-pipeline,pt-mesh-pipeline,12b4784f950e4a22ec2df7fb64f753d0445a14c9,,,vuln_results_final/pt-mesh-pipeline/pip_audit.json,vuln_results_final/pt-mesh-pipeline/bandit.json,vuln_results_final/pt-mesh-pipeline/semgrep.json,
https://github.com/Stoupy51/StewBeet,StewBeet,23d8f067ac67031c4fb718b193182b706d46dcd1,,,vuln_results_final/StewBeet/pip_audit.json,vuln_results_final/StewBeet/bandit.json,vuln_results_final/StewBeet/semgrep.json,
https://github.com/SteamDeckHomebrew/decky-plugin-template,decky-plugin-template,8262602460c84add85019dd6b1ff85b372346bab,,,vuln_results_final/decky-plugin-template/pip_audit.json,vuln_results_final/decky-plugin-template/bandit.json,vuln_results_final/decky-plugin-template/semgrep.json,
https://github.com/SteamClientHomebrew/PluginTemplate,PluginTemplate,21d79afc6415f70e9025c190389507161869aa25,,,vuln_results_final/PluginTemplate/pip_audit.json,vuln_results_final/PluginTemplate/bandit.json,vuln_results_final/PluginTemplate/semgrep.json,
https://github.com/Soulter/helloworld,helloworld,e7fc605465878bb356f7df1aa45c80f56f1c715e,,,vuln_results_final/helloworld/pip_audit.json,vuln_results_final/helloworld/bandit.json,vuln_results_final/helloworld/semgrep.json,
https://github.com/Sokhatskyi/telegram-bot-template,telegram-bot-template,ca1c591e31c067cde0cc15bcaff55bbe558cc2da,requirements.txt,/tmp/repo_5tos2bcf/requirements.txt,vuln_results_final/telegram-bot-template/pip_audit.json,vuln_results_final/telegram-bot-template/bandit.json,vuln_results_final/telegram-bot-template/semgrep.json,
https://github.com/Snowflake-Labs/snowpark-python-template,snowpark-python-template,32d440fdd977b90400064d66c54d0215fd7e83c1,requirements.txt,/tmp/repo__h2kyp50/requirements.txt,vuln_results_final/snowpark-python-template/pip_audit.json,vuln_results_final/snowpark-python-template/bandit.json,vuln_results_final/snowpark-python-template/semgrep.json,
https://github.com/Simatwa/django-fastapi-boilerplate,django-fastapi-boilerplate,780316db928eb2d77b74fffb773f79977c3ca49b,requirements.txt,/tmp/repo_6ca5habh/requirements.txt,vuln_results_final/django-fastapi-boilerplate/pip_audit.json,vuln_results_final/django-fastapi-boilerplate/bandit.json,vuln_results_final/django-fastapi-boilerplate/semgrep.json,
https://github.com/SimDynamX/STU_Lunar_SAR,STU_Lunar_SAR,f0c8143b2a9a410612562076d4776a72c9f7dfdf,,,vuln_results_final/STU_Lunar_SAR/pip_audit.json,vuln_results_final/STU_Lunar_SAR/bandit.json,vuln_results_final/STU_Lunar_SAR/semgrep.json,
https://github.com/SilentDemonSD/WZML-X,WZML-X,3e7eb64b034daa16f00e1eadc6cf43e003e4b4e9,requirements.txt,/tmp/repo_2vt0goze/requirements.txt,vuln_results_final/WZML-X/pip_audit.json,vuln_results_final/WZML-X/bandit.json,vuln_results_final/WZML-X/semgrep.json,
https://github.com/Significant-Gravitas/Auto-GPT-Plugin-Template,Auto-GPT-Plugin-Template,e24588b39c22ae4539ce081f4c5df08e48ee3bc1,requirements.txt,/tmp/repo_hpgvxhjo/requirements.txt,vuln_results_final/Auto-GPT-Plugin-Template/pip_audit.json,vuln_results_final/Auto-GPT-Plugin-Template/bandit.json,vuln_results_final/Auto-GPT-Plugin-Template/semgrep.json,
https://github.com/SignTools/SignTools-CI,SignTools-CI,28d2f6eb31ccb7ec1a3424dff098912cf0805dc2,pyproject.toml,/tmp/repo_b69m07g_/pyproject.toml,vuln_results_final/SignTools-CI/pip_audit.json,vuln_results_final/SignTools-CI/bandit.json,vuln_results_final/SignTools-CI/semgrep.json,
https://github.com/ShijiMi-Soup/pywebview-with-vite-react,pywebview-with-vite-react,bb97c68dca79bd121f7dd292bd7b3819537d7ecb,requirements.txt,/tmp/repo_kxalndpf/requirements.txt,vuln_results_final/pywebview-with-vite-react/pip_audit.json,vuln_results_final/pywebview-with-vite-react/bandit.json,vuln_results_final/pywebview-with-vite-react/semgrep.json,
https://github.com/Shekswess/ai-project-template,ai-project-template,86aafc0533415d70bd303fc251674e509b2a153c,pyproject.toml,/tmp/repo_y1kql041/pyproject.toml,vuln_results_final/ai-project-template/pip_audit.json,vuln_results_final/ai-project-template/bandit.json,vuln_results_final/ai-project-template/semgrep.json,
https://github.com/Sebastianostby/pytsetlin,pytsetlin,3c6fc499e816243212ca2a76337a3ed7f2b41d55,requirements.txt,/tmp/repo_7zgyi7b6/requirements.txt,vuln_results_final/pytsetlin/pip_audit.json,vuln_results_final/pytsetlin/bandit.json,vuln_results_final/pytsetlin/semgrep.json,
https://github.com/ScribbleLabApp/scribble-gyb,scribble-gyb,a9cffd4a379c7e100b8ea24db3f61e485e0652c1,,,vuln_results_final/scribble-gyb/pip_audit.json,vuln_results_final/scribble-gyb/bandit.json,vuln_results_final/scribble-gyb/semgrep.json,
https://github.com/Scrapybara/scrapybara-python-template,scrapybara-python-template,d61b6a4ddc74bcb4013fa8bd33788b39e150116f,pyproject.toml,/tmp/repo_721ukhtk/pyproject.toml,vuln_results_final/scrapybara-python-template/pip_audit.json,vuln_results_final/scrapybara-python-template/bandit.json,vuln_results_final/scrapybara-python-template/semgrep.json,
https://github.com/SchlossLab/mikropml-snakemake-workflow,mikropml-snakemake-workflow,e892e6c0480cfeb5199d62c3ad66474b117d35dc,,,vuln_results_final/mikropml-snakemake-workflow/pip_audit.json,vuln_results_final/mikropml-snakemake-workflow/bandit.json,vuln_results_final/mikropml-snakemake-workflow/semgrep.json,
https://github.com/Sayanc2000/fastapi-multitenant,fastapi-multitenant,f3007194b476c651de6e7a2f168fd73b88f50905,pyproject.toml,/tmp/repo_8a9bjpg2/pyproject.toml,vuln_results_final/fastapi-multitenant/pip_audit.json,vuln_results_final/fastapi-multitenant/bandit.json,vuln_results_final/fastapi-multitenant/semgrep.json,
https://github.com/SauravMaheshkar/python-template,python-template,467a72322af43cd4a68f0b6239e8a752fb42738c,pyproject.toml,/tmp/repo_v6mgk9bm/pyproject.toml,vuln_results_final/python-template/pip_audit.json,vuln_results_final/python-template/bandit.json,vuln_results_final/python-template/semgrep.json,
https://github.com/SaidBySolo/boilerplate,boilerplate,e4b9a6d0cc5868470a9371d2f20615962c96e2f5,pyproject.toml,/tmp/repo_h77ctrhk/pyproject.toml,vuln_results_final/boilerplate/pip_audit.json,vuln_results_final/boilerplate/bandit.json,vuln_results_final/boilerplate/semgrep.json,
https://github.com/Sagebox/Pybox,Pybox,c8dc14be60c8d71546875d45250ed6f4ef3d288b,,,vuln_results_final/Pybox/pip_audit.json,vuln_results_final/Pybox/bandit.json,vuln_results_final/Pybox/semgrep.json,
https://github.com/Sage-Bionetworks-IT/lambda-template,lambda-template,fed72f9f7e4c836f236d49ddf313d479945bdd12,Pipfile,/tmp/repo_grj9ujju/Pipfile,vuln_results_final/lambda-template/pip_audit.json,vuln_results_final/lambda-template/bandit.json,vuln_results_final/lambda-template/semgrep.json,
https://github.com/SINTEF/fastapi-template,fastapi-template,b97e09fa7edcbc646cedc2f10e3206bb259c26e6,requirements.txt,/tmp/repo_bwem0rbf/requirements.txt,vuln_results_final/fastapi-template/pip_audit.json,vuln_results_final/fastapi-template/bandit.json,vuln_results_final/fastapi-template/semgrep.json,
https://github.com/SHIINASAMA/pyside_template,pyside_template,3acdfda5261af41b7307f5631944c52d3bbac977,pyproject.toml,/tmp/repo_v1z5jzxq/pyproject.toml,vuln_results_final/pyside_template/pip_audit.json,vuln_results_final/pyside_template/bandit.json,vuln_results_final/pyside_template/semgrep.json,
https://github.com/Robin5605/discord-bot-template,discord-bot-template,2a3467f0a0977aad2dd8355307478a455e9ea962,pyproject.toml,/tmp/repo__4d1e6qa/pyproject.toml,vuln_results_final/discord-bot-template/pip_audit.json,vuln_results_final/discord-bot-template/bandit.json,vuln_results_final/discord-bot-template/semgrep.json,
https://github.com/Riffaells/DjangoStarter,DjangoStarter,04ec345ee313e03ed46d700345926be5c56c9383,requirements.txt,/tmp/repo_5ys344my/requirements.txt,vuln_results_final/DjangoStarter/pip_audit.json,vuln_results_final/DjangoStarter/bandit.json,vuln_results_final/DjangoStarter/semgrep.json,
https://github.com/RickWangPerth/dockerised-full-stack-template,dockerised-full-stack-template,e800faef2432ea2eb2ca7146626bda9d135c8db0,,,vuln_results_final/dockerised-full-stack-template/pip_audit.json,vuln_results_final/dockerised-full-stack-template/bandit.json,vuln_results_final/dockerised-full-stack-template/semgrep.json,
https://github.com/Rezacrown/mlops-datascience-template,mlops-datascience-template,7a06597f41b5110c6460f42afc3e4e989865f1f4,requirements.txt,/tmp/repo_vf4u0lsz/requirements.txt,vuln_results_final/mlops-datascience-template/pip_audit.json,vuln_results_final/mlops-datascience-template/bandit.json,vuln_results_final/mlops-datascience-template/semgrep.json,
https://github.com/ResearchAndDave/gcp-cloud-run-starter,gcp-cloud-run-starter,4c77918797fa0b34f0cc5651dfb7461579a6787c,requirements.txt,/tmp/repo_4daboxlq/requirements.txt,vuln_results_final/gcp-cloud-run-starter/pip_audit.json,vuln_results_final/gcp-cloud-run-starter/bandit.json,vuln_results_final/gcp-cloud-run-starter/semgrep.json,
https://github.com/RepoDynamics/PyPackIT,PyPackIT,69da73520458d74a6e787344d9f64561931580d2,,,vuln_results_final/PyPackIT/pip_audit.json,vuln_results_final/PyPackIT/bandit.json,vuln_results_final/PyPackIT/semgrep.json,
https://github.com/QuvonchbekBobojonov/aiogram-webhook-template,aiogram-webhook-template,321bc461a3207071dfd9c0697eb587e3f41d41ff,requirements.txt,/tmp/repo_mndjs8mz/requirements.txt,vuln_results_final/aiogram-webhook-template/pip_audit.json,vuln_results_final/aiogram-webhook-template/bandit.json,vuln_results_final/aiogram-webhook-template/semgrep.json,
https://github.com/QuentinFuxa/PolyRAG,PolyRAG,e4a388ce3dc060d72d166cc669aefa26c6bf8bc3,pyproject.toml,/tmp/repo_y2u3igd1/pyproject.toml,vuln_results_final/PolyRAG/pip_audit.json,vuln_results_final/PolyRAG/bandit.json,vuln_results_final/PolyRAG/semgrep.json,
https://github.com/Quantum-Accelerators/template,template,6f5b1a3019cf3c41298b74fc7151bb896c7f7456,pyproject.toml,/tmp/repo_udmghn0n/pyproject.toml,vuln_results_final/template/pip_audit.json,vuln_results_final/template/bandit.json,vuln_results_final/template/semgrep.json,
https://github.com/PyMoDAQ/pymodaq_plugins_template,pymodaq_plugins_template,de19cd3d041458613643a84f5ec4588d0c9e4143,pyproject.toml,/tmp/repo_eber6c8u/pyproject.toml,vuln_results_final/pymodaq_plugins_template/pip_audit.json,vuln_results_final/pymodaq_plugins_template/bandit.json,vuln_results_final/pymodaq_plugins_template/semgrep.json,
https://github.com/Pullusb/template_multifile_addon,template_multifile_addon,2ad4ad95622920a374aa92be7588633ceed96d62,,,vuln_results_final/template_multifile_addon/pip_audit.json,vuln_results_final/template_multifile_addon/bandit.json,vuln_results_final/template_multifile_addon/semgrep.json,
https://github.com/ProFastCode/FastAPI_Template,FastAPI_Template,77902bced80c80bc0f7e6a8e1a46b2add5c38f90,pyproject.toml,/tmp/repo_mbic_4sy/pyproject.toml,vuln_results_final/FastAPI_Template/pip_audit.json,vuln_results_final/FastAPI_Template/bandit.json,vuln_results_final/FastAPI_Template/semgrep.json,
https://github.com/Priler/tgbotbase3,tgbotbase3,d6fdb9ec040e88b8fd5be539c3553298632e7e06,requirements.txt,/tmp/repo_kdt8nqzv/requirements.txt,vuln_results_final/tgbotbase3/pip_audit.json,vuln_results_final/tgbotbase3/bandit.json,vuln_results_final/tgbotbase3/semgrep.json,
https://github.com/Priler/tgbotbase,tgbotbase,56f0462f2829e7899bd31de402d328d679143e8d,requirements.txt,/tmp/repo_86mnh3ax/requirements.txt,vuln_results_final/tgbotbase/pip_audit.json,vuln_results_final/tgbotbase/bandit.json,vuln_results_final/tgbotbase/semgrep.json,
https://github.com/Priler/aicapturebase,aicapturebase,10e4ea87cdb624e303c29487fbe65293f3118bcc,requirements.txt,/tmp/repo_ysnl165y/requirements.txt,vuln_results_final/aicapturebase/pip_audit.json,vuln_results_final/aicapturebase/bandit.json,vuln_results_final/aicapturebase/semgrep.json,
https://github.com/Pogchamp-company/fastapi-async-sqlalchemy-template,fastapi-async-sqlalchemy-template,4c9e8421b005d103108126aa2be48a52c58669df,,,vuln_results_final/fastapi-async-sqlalchemy-template/pip_audit.json,vuln_results_final/fastapi-async-sqlalchemy-template/bandit.json,vuln_results_final/fastapi-async-sqlalchemy-template/semgrep.json,
https://github.com/Pixel-Fondue/modo-kit-basic,modo-kit-basic,e78d9215a503bda50d1b0836456bbaa7e240b2d1,,,vuln_results_final/modo-kit-basic/pip_audit.json,vuln_results_final/modo-kit-basic/bandit.json,vuln_results_final/modo-kit-basic/semgrep.json,
https://github.com/Piwero/template-django-linting,template-django-linting,8ecf794262dcdfce31c542b1bbb04b69888eaa69,pyproject.toml,/tmp/repo_u5y3hlww/pyproject.toml,vuln_results_final/template-django-linting/pip_audit.json,vuln_results_final/template-django-linting/bandit.json,vuln_results_final/template-django-linting/semgrep.json,
https://github.com/Piwero/django-frontend-boilerplate,django-frontend-boilerplate,c52527658f4481a707694957bac7784c1855216f,pyproject.toml,/tmp/repo_enby0kva/pyproject.toml,vuln_results_final/django-frontend-boilerplate/pip_audit.json,vuln_results_final/django-frontend-boilerplate/bandit.json,vuln_results_final/django-frontend-boilerplate/semgrep.json,
https://github.com/PhiQus-DS/pq-starter-ds-project,pq-starter-ds-project,b7c86d47faf508f355736fbc6c8bb3bb0bebf6b3,pyproject.toml,/tmp/repo_2rfhh89p/pyproject.toml,vuln_results_final/pq-starter-ds-project/pip_audit.json,vuln_results_final/pq-starter-ds-project/bandit.json,vuln_results_final/pq-starter-ds-project/semgrep.json,
https://github.com/Pedroffda/boilerplate-fastapi,boilerplate-fastapi,6d40264446bbc77f8044f07ba8192ff91804569e,requirements.txt,/tmp/repo_6dzl5_xk/requirements.txt,vuln_results_final/boilerplate-fastapi/pip_audit.json,vuln_results_final/boilerplate-fastapi/bandit.json,vuln_results_final/boilerplate-fastapi/semgrep.json,
https://github.com/PedroPerpetua/django-rest-framework-boilerplate,django-rest-framework-boilerplate,b108f42eac74a363e0ad7e21778aae94f9357d26,,,vuln_results_final/django-rest-framework-boilerplate/pip_audit.json,vuln_results_final/django-rest-framework-boilerplate/bandit.json,vuln_results_final/django-rest-framework-boilerplate/semgrep.json,
https://github.com/Ostorlab/template_agent,template_agent,ca82608274a75729580c66d3e12adb356530b327,requirements.txt,/tmp/repo_303v_r9m/requirements.txt,vuln_results_final/template_agent/pip_audit.json,vuln_results_final/template_agent/bandit.json,vuln_results_final/template_agent/semgrep.json,
https://github.com/OriShalhon/fastapi-template,fastapi-template,9dbd9ade550580e8fa4a2bad860c9e4dab7a2a56,requirements.txt,/tmp/repo_dkmr7uqj/requirements.txt,vuln_results_final/fastapi-template/pip_audit.json,vuln_results_final/fastapi-template/bandit.json,vuln_results_final/fastapi-template/semgrep.json,
https://github.com/OpenAssetIO/Template-OpenAssetIO-Manager-Python,Template-OpenAssetIO-Manager-Python,c57a6c098bfd9d2ac8a0d605f693254b4b02bdcc,pyproject.toml,/tmp/repo_dymmana3/pyproject.toml,vuln_results_final/Template-OpenAssetIO-Manager-Python/pip_audit.json,vuln_results_final/Template-OpenAssetIO-Manager-Python/bandit.json,vuln_results_final/Template-OpenAssetIO-Manager-Python/semgrep.json,
https://github.com/Open-Knowledge-AI/CookieCutterServeML,CookieCutterServeML,b258c6a54d9c421909264962b26ae201e4c33560,requirements.txt,/tmp/repo_vflabu7u/requirements.txt,vuln_results_final/CookieCutterServeML/pip_audit.json,vuln_results_final/CookieCutterServeML/bandit.json,vuln_results_final/CookieCutterServeML/semgrep.json,
https://github.com/OnBlockIO/NEP11TemplatePy,NEP11TemplatePy,31b1571eefbfefbc5a5381a3bd991be0df08e222,,,vuln_results_final/NEP11TemplatePy/pip_audit.json,vuln_results_final/NEP11TemplatePy/bandit.json,vuln_results_final/NEP11TemplatePy/semgrep.json,
https://github.com/Olegt0rr/WebServiceTemplate,WebServiceTemplate,51bde2cb53b1d0ce815633c68da9028d573a38af,pyproject.toml,/tmp/repo_uzqzmpsy/pyproject.toml,vuln_results_final/WebServiceTemplate/pip_audit.json,vuln_results_final/WebServiceTemplate/bandit.json,vuln_results_final/WebServiceTemplate/semgrep.json,
https://github.com/Okpainmo/fast-django-backend-template,fast-django-backend-template,15cef9f774cdf879a3cef9344397a82739716358,requirements.txt,/tmp/repo_881cq1zh/requirements.txt,vuln_results_final/fast-django-backend-template/pip_audit.json,vuln_results_final/fast-django-backend-template/bandit.json,vuln_results_final/fast-django-backend-template/semgrep.json,
https://github.com/Obscurely/RustTemplate,RustTemplate,8fcde90b56a78d12d7d80d1ff913fe5f3c4c3158,,,vuln_results_final/RustTemplate/pip_audit.json,vuln_results_final/RustTemplate/bandit.json,vuln_results_final/RustTemplate/semgrep.json,
https://github.com/NotBupyc/aiogram-bot-template,aiogram-bot-template,408107839ea693b5382168d5c467d4a91a1b4317,pyproject.toml,/tmp/repo_7tm6oue_/pyproject.toml,vuln_results_final/aiogram-bot-template/pip_audit.json,vuln_results_final/aiogram-bot-template/bandit.json,vuln_results_final/aiogram-bot-template/semgrep.json,
https://github.com/NoBodyEver99/aiogram-bot-template,aiogram-bot-template,3779d0e1d1b052242eb3ed5954bd007181758593,requirements.txt,/tmp/repo_rpzcl9kv/requirements.txt,vuln_results_final/aiogram-bot-template/pip_audit.json,vuln_results_final/aiogram-bot-template/bandit.json,vuln_results_final/aiogram-bot-template/semgrep.json,
https://github.com/Nneji123/fastapi-nextjs,fastapi-nextjs,9fef4708f44c6a1b9ed7df7671dd1c23914f1010,,,vuln_results_final/fastapi-nextjs/pip_audit.json,vuln_results_final/fastapi-nextjs/bandit.json,vuln_results_final/fastapi-nextjs/semgrep.json,
https://github.com/Niklas-dev/fastapi-quick-template,fastapi-quick-template,5eedf25930e84f38cbb2ecad2a5ff75ccccdf30f,requirements.txt,/tmp/repo_2l4ge_vf/requirements.txt,vuln_results_final/fastapi-quick-template/pip_audit.json,vuln_results_final/fastapi-quick-template/bandit.json,vuln_results_final/fastapi-quick-template/semgrep.json,
https://github.com/NielsDegrande/pipelines,pipelines,63380e4229c60c64699a2bd4d320de72c426091a,pyproject.toml,/tmp/repo_tl9dj6k3/pyproject.toml,vuln_results_final/pipelines/pip_audit.json,vuln_results_final/pipelines/bandit.json,vuln_results_final/pipelines/semgrep.json,
https://github.com/Neutree/c_cpp_project_framework,c_cpp_project_framework,435427099998a90fa61e27af48a6565da82a29fe,,,vuln_results_final/c_cpp_project_framework/pip_audit.json,vuln_results_final/c_cpp_project_framework/bandit.json,vuln_results_final/c_cpp_project_framework/semgrep.json,
https://github.com/NetherlandsForensicInstitute/hansken-extraction-plugin-template-python,hansken-extraction-plugin-template-python,f4981ead2658f7e731f2e96ec070b2bb2705dcdf,requirements.txt,/tmp/repo_6dygn3t1/requirements.txt,vuln_results_final/hansken-extraction-plugin-template-python/pip_audit.json,vuln_results_final/hansken-extraction-plugin-template-python/bandit.json,vuln_results_final/hansken-extraction-plugin-template-python/semgrep.json,
https://github.com/NehuenLian/Login-fullstack-template,Login-fullstack-template,5134c3ea8ea0738562c0d33b59969402e20bfddf,,,vuln_results_final/Login-fullstack-template/pip_audit.json,vuln_results_final/Login-fullstack-template/bandit.json,vuln_results_final/Login-fullstack-template/semgrep.json,
https://github.com/Nanasaki-Ai/HCMFN,HCMFN,f358d4e2c9b555e4e8d1a200dc21508949ac9504,,,vuln_results_final/HCMFN/pip_audit.json,vuln_results_final/HCMFN/bandit.json,vuln_results_final/HCMFN/semgrep.json,
https://github.com/NHSDigital/rap-package-template,rap-package-template,fd5e5ab6595889e4a85fba019080a4505f2b5ea9,requirements.txt,/tmp/repo_hhrasakt/requirements.txt,vuln_results_final/rap-package-template/pip_audit.json,vuln_results_final/rap-package-template/bandit.json,vuln_results_final/rap-package-template/semgrep.json,
https://github.com/NERD-Community-Ethiopia/generative-ai-course,generative-ai-course,9614c20ecce06b814a5bf38a6e0d7985f5e00458,requirements.txt,/tmp/repo_ak3m9k3e/requirements.txt,vuln_results_final/generative-ai-course/pip_audit.json,vuln_results_final/generative-ai-course/bandit.json,vuln_results_final/generative-ai-course/semgrep.json,
https://github.com/NASA-PDS/template-repo-python,template-repo-python,aff92c9e769e5e7ac3a83506aeada67ba82c74d0,pyproject.toml,/tmp/repo_vl2bt7bw/pyproject.toml,vuln_results_final/template-repo-python/pip_audit.json,vuln_results_final/template-repo-python/bandit.json,vuln_results_final/template-repo-python/semgrep.json,
https://github.com/NASA-AMMOS/slim-starterkit-python,slim-starterkit-python,2fbfa9def878914930072c5c856c9dbaba23c0b7,requirements.txt,/tmp/repo_gjstxo6d/requirements.txt,vuln_results_final/slim-starterkit-python/pip_audit.json,vuln_results_final/slim-starterkit-python/bandit.json,vuln_results_final/slim-starterkit-python/semgrep.json,
https://github.com/MyoHub/myochallenge_2025eval,myochallenge_2025eval,611879ea539c3d064c7da778ec375ed4e7768d15,,,vuln_results_final/myochallenge_2025eval/pip_audit.json,vuln_results_final/myochallenge_2025eval/bandit.json,vuln_results_final/myochallenge_2025eval/semgrep.json,
https://github.com/MyoHub/myochallenge_2024eval,myochallenge_2024eval,e60c1815475a0518ef5796a733dfbc6595be2cd9,,,vuln_results_final/myochallenge_2024eval/pip_audit.json,vuln_results_final/myochallenge_2024eval/bandit.json,vuln_results_final/myochallenge_2024eval/semgrep.json,
https://github.com/MykeHaunt/n.Tec-5---FRONT-END,n,8885504c8a47baafe512ba4df9c0407924cdcb6d,,,vuln_results_final/n/pip_audit.json,vuln_results_final/n/bandit.json,vuln_results_final/n/semgrep.json,
https://github.com/MxMnr/crew-ai-simple-social-template,crew-ai-simple-social-template,8b4a3097af14900b3d0c880e426ec21f08609149,pyproject.toml,/tmp/repo_jp6jh6pv/pyproject.toml,vuln_results_final/crew-ai-simple-social-template/pip_audit.json,vuln_results_final/crew-ai-simple-social-template/bandit.json,vuln_results_final/crew-ai-simple-social-template/semgrep.json,
https://github.com/MuckRock/documentcloud-scraper-addon,documentcloud-scraper-addon,3c8da3861c839703e63ac696b646cd3e55ef782d,requirements.txt,/tmp/repo_rc56baq2/requirements.txt,vuln_results_final/documentcloud-scraper-addon/pip_audit.json,vuln_results_final/documentcloud-scraper-addon/bandit.json,vuln_results_final/documentcloud-scraper-addon/semgrep.json,
https://github.com/MuckRock/documentcloud-hello-world-addon,documentcloud-hello-world-addon,ce4a59a3e30a61c3d73edc175b24b86ee885e701,requirements.txt,/tmp/repo_08lmu9l3/requirements.txt,vuln_results_final/documentcloud-hello-world-addon/pip_audit.json,vuln_results_final/documentcloud-hello-world-addon/bandit.json,vuln_results_final/documentcloud-hello-world-addon/semgrep.json,
https://github.com/Moxibyte/MoxPP,MoxPP,dde99eccc614e12dadbe6db842eda45dcee66ea7,,,vuln_results_final/MoxPP/pip_audit.json,vuln_results_final/MoxPP/bandit.json,vuln_results_final/MoxPP/semgrep.json,
https://github.com/MoonlightCapital/discord-py-template,discord-py-template,097ebf03f21a782d29b40082492db9e6d5dc5c62,requirements.txt,/tmp/repo__ehgfzpq/requirements.txt,vuln_results_final/discord-py-template/pip_audit.json,vuln_results_final/discord-py-template/bandit.json,vuln_results_final/discord-py-template/semgrep.json,
https://github.com/Monsets/telegram_bot_template,telegram_bot_template,31089c8c876cad227b53305779671aaad3ac2bcc,pyproject.toml,/tmp/repo_8pobk78f/pyproject.toml,vuln_results_final/telegram_bot_template/pip_audit.json,vuln_results_final/telegram_bot_template/bandit.json,vuln_results_final/telegram_bot_template/semgrep.json,
https://github.com/Monomango-Development/TD_Prefab,TD_Prefab,a972fca8c68ea0d01630ce7f6eb8c4acbd3d0cf8,,,vuln_results_final/TD_Prefab/pip_audit.json,vuln_results_final/TD_Prefab/bandit.json,vuln_results_final/TD_Prefab/semgrep.json,
https://github.com/MonashFITAssignments/1008_Student_Scaffold_A1_S2_2024,1008_Student_Scaffold_A1_S2_2024,c5d6e2f29a297717f3bac44cc0545e1a5a120a17,,,vuln_results_final/1008_Student_Scaffold_A1_S2_2024/pip_audit.json,vuln_results_final/1008_Student_Scaffold_A1_S2_2024/bandit.json,vuln_results_final/1008_Student_Scaffold_A1_S2_2024/semgrep.json,
https://github.com/Miraixy/mx-template-py-fastapi-bed,mx-template-py-fastapi-bed,b74094243f6063dbf77419b675e5a3a13398f032,pyproject.toml,/tmp/repo_v559edd0/pyproject.toml,vuln_results_final/mx-template-py-fastapi-bed/pip_audit.json,vuln_results_final/mx-template-py-fastapi-bed/bandit.json,vuln_results_final/mx-template-py-fastapi-bed/semgrep.json,
https://github.com/Milkshak3s/fastapi-sqlalchemy-boilerplate,fastapi-sqlalchemy-boilerplate,799ec9afe29b796f2a63ea28fe0453806adcc481,requirements.txt,/tmp/repo_1i2egygf/requirements.txt,vuln_results_final/fastapi-sqlalchemy-boilerplate/pip_audit.json,vuln_results_final/fastapi-sqlalchemy-boilerplate/bandit.json,vuln_results_final/fastapi-sqlalchemy-boilerplate/semgrep.json,
https://github.com/MichaelCurrin/py-project-template,py-project-template,f284b4d49d43cdff2b6241819a8551620e8e0227,requirements.txt,/tmp/repo_i5zyq8d_/requirements.txt,vuln_results_final/py-project-template/pip_audit.json,vuln_results_final/py-project-template/bandit.json,vuln_results_final/py-project-template/semgrep.json,
https://github.com/MetroStar/comet-api,comet-api,82667eab0d905a3b503f0623e420bf17364c36b9,pyproject.toml,/tmp/repo_rcghb99l/pyproject.toml,vuln_results_final/comet-api/pip_audit.json,vuln_results_final/comet-api/bandit.json,vuln_results_final/comet-api/semgrep.json,
https://github.com/MeteoSwiss/Open-Source-Template,Open-Source-Template,58c5eb3bc591555f259e1dbecc7774e0bfb0b185,pyproject.toml,/tmp/repo_vewoi9es/pyproject.toml,vuln_results_final/Open-Source-Template/pip_audit.json,vuln_results_final/Open-Source-Template/bandit.json,vuln_results_final/Open-Source-Template/semgrep.json,
https://github.com/Merctrans/docker-odoo-production,docker-odoo-production,1ef30666c39049a8523d90faeb6a360b3336f635,,,vuln_results_final/docker-odoo-production/pip_audit.json,vuln_results_final/docker-odoo-production/bandit.json,vuln_results_final/docker-odoo-production/semgrep.json,
https://github.com/MedicalGenomicsLab/xML-workFlow,xML-workFlow,498b7ba226ec1a6fb486c82cb674a3725860e12b,requirements.txt,/tmp/repo_i5r1sdlf/requirements.txt,vuln_results_final/xML-workFlow/pip_audit.json,vuln_results_final/xML-workFlow/bandit.json,vuln_results_final/xML-workFlow/semgrep.json,
https://github.com/Medical-Event-Data-Standard/ETL_MEDS_Template,ETL_MEDS_Template,df43aa70af54693f88d81fc1194d19fea2af4aaa,pyproject.toml,/tmp/repo_c1caaruj/pyproject.toml,vuln_results_final/ETL_MEDS_Template/pip_audit.json,vuln_results_final/ETL_MEDS_Template/bandit.json,vuln_results_final/ETL_MEDS_Template/semgrep.json,
https://github.com/Maua-Dev/clean_mss_template,clean_mss_template,e896e1df1dd0a7a0286dba23ee737939db03c078,,,vuln_results_final/clean_mss_template/pip_audit.json,vuln_results_final/clean_mss_template/bandit.json,vuln_results_final/clean_mss_template/semgrep.json,
https://github.com/MassonNN/masson-aiogram-template,masson-aiogram-template,ee25555519f8f47f77829f296ed5f3d1b3f9e988,pyproject.toml,/tmp/repo_ebfiv_e_/pyproject.toml,vuln_results_final/masson-aiogram-template/pip_audit.json,vuln_results_final/masson-aiogram-template/bandit.json,vuln_results_final/masson-aiogram-template/semgrep.json,
https://github.com/MarketingPipeline/Python-Selenium-Action,Python-Selenium-Action,788b5fc9b2dbb83d52efe8fbf290c076a3dc570f,,,vuln_results_final/Python-Selenium-Action/pip_audit.json,vuln_results_final/Python-Selenium-Action/bandit.json,vuln_results_final/Python-Selenium-Action/semgrep.json,
https://github.com/MammaMiaTeam/NSMB-Code-Template,NSMB-Code-Template,1294cea2204c0d28dcf9b7ed0f3c1789ce7416be,,,vuln_results_final/NSMB-Code-Template/pip_audit.json,vuln_results_final/NSMB-Code-Template/bandit.json,vuln_results_final/NSMB-Code-Template/semgrep.json,
https://github.com/MaksimZayats/python-django-template,python-django-template,8a2d3250f6941f668ec68c827e79bbe7d108856d,pyproject.toml,/tmp/repo_hj9czmf8/pyproject.toml,vuln_results_final/python-django-template/pip_audit.json,vuln_results_final/python-django-template/bandit.json,vuln_results_final/python-django-template/semgrep.json,
https://github.com/MaksimZayats/aiogram-django-template,aiogram-django-template,320c59fc0e4265ee07ba379119a7c9ab8f4f8a28,requirements.txt,/tmp/repo_vyxc7f5w/requirements.txt,vuln_results_final/aiogram-django-template/pip_audit.json,vuln_results_final/aiogram-django-template/bandit.json,vuln_results_final/aiogram-django-template/semgrep.json,
https://github.com/MaaXYZ/MaaPracticeBoilerplate,MaaPracticeBoilerplate,44f26f163cbcb3e0b061374ab0008616559b2490,,,vuln_results_final/MaaPracticeBoilerplate/pip_audit.json,vuln_results_final/MaaPracticeBoilerplate/bandit.json,vuln_results_final/MaaPracticeBoilerplate/semgrep.json,
https://github.com/MR-GREEN1337/awesome-mcp-fastapi,awesome-mcp-fastapi,163b8f837763c9749e14dc9b87bb4ef40b3b6c27,requirements.txt,/tmp/repo_rce0v1zt/requirements.txt,vuln_results_final/awesome-mcp-fastapi/pip_audit.json,vuln_results_final/awesome-mcp-fastapi/bandit.json,vuln_results_final/awesome-mcp-fastapi/semgrep.json,
https://github.com/MLH-Fellowship/mock-take-home-project,mock-take-home-project,e38a7d59357a18396eb9be0224910f72c44bfa1a,,,vuln_results_final/mock-take-home-project/pip_audit.json,vuln_results_final/mock-take-home-project/bandit.json,vuln_results_final/mock-take-home-project/semgrep.json,
https://github.com/MKZuziak/FedJust,FedJust,cd60e974fcff85a4e17124bd582a82eb253a63f1,pyproject.toml,/tmp/repo_o0uxytz0/pyproject.toml,vuln_results_final/FedJust/pip_audit.json,vuln_results_final/FedJust/bandit.json,vuln_results_final/FedJust/semgrep.json,
https://github.com/MCDReforged/PluginTemplate,PluginTemplate,9dd918691fa2ab6ebd426802770e6b26ceb1ca7e,requirements.txt,/tmp/repo_i1h0tioz/requirements.txt,vuln_results_final/PluginTemplate/pip_audit.json,vuln_results_final/PluginTemplate/bandit.json,vuln_results_final/PluginTemplate/semgrep.json,
https://github.com/MAC-VO/MAC-VO,MAC-VO,43443a342a5a2d2ce1979e7996c83f3cb32a4b97,requirements.txt,/tmp/repo_wy_7lzyx/requirements.txt,vuln_results_final/MAC-VO/pip_audit.json,vuln_results_final/MAC-VO/bandit.json,vuln_results_final/MAC-VO/semgrep.json,
https://github.com/Lur1an/python-telegram-bot-template,python-telegram-bot-template,e30f4d58ef63f3a9c5b500786eac6bb4bedaa097,pyproject.toml,/tmp/repo_6ws4gdud/pyproject.toml,vuln_results_final/python-telegram-bot-template/pip_audit.json,vuln_results_final/python-telegram-bot-template/bandit.json,vuln_results_final/python-telegram-bot-template/semgrep.json,
https://github.com/LintaoAmons/plugin-template.nvim,plugin-template,b01670b7703c641542f618dc5a7ecf620b3a5460,,,vuln_results_final/plugin-template/pip_audit.json,vuln_results_final/plugin-template/bandit.json,vuln_results_final/plugin-template/semgrep.json,
https://github.com/Limych/ha-blueprint,ha-blueprint,053c8f17836778cf07bcad42c01e78a09e1b76b0,requirements.txt,/tmp/repo_iogarrd1/requirements.txt,vuln_results_final/ha-blueprint/pip_audit.json,vuln_results_final/ha-blueprint/bandit.json,vuln_results_final/ha-blueprint/semgrep.json,
https://github.com/Leohanhart/DeliveryService,DeliveryService,2716b3271e2b4333ab8f05a650e2da051957cc73,pyproject.toml,/tmp/repo_xeoqu9em/pyproject.toml,vuln_results_final/DeliveryService/pip_audit.json,vuln_results_final/DeliveryService/bandit.json,vuln_results_final/DeliveryService/semgrep.json,
https://github.com/Lems0n/aiogram_template,aiogram_template,9cf477c29c39102ba6208383fbcd821389b78dde,requirements.txt,/tmp/repo_rzt8bz3s/requirements.txt,vuln_results_final/aiogram_template/pip_audit.json,vuln_results_final/aiogram_template/bandit.json,vuln_results_final/aiogram_template/semgrep.json,
https://github.com/Kuzyashin/FastAPI_Tortoise_template,FastAPI_Tortoise_template,48e1d30cb41398109853d3ec4d9939dd0a3c42e9,requirements.txt,/tmp/repo_zuek4x29/requirements.txt,vuln_results_final/FastAPI_Tortoise_template/pip_audit.json,vuln_results_final/FastAPI_Tortoise_template/bandit.json,vuln_results_final/FastAPI_Tortoise_template/semgrep.json,
https://github.com/KuaqSon/mokuton,mokuton,3d735c56c8e8c8cb87b61efd78178f9e9582e5f6,requirements.txt,/tmp/repo_3px0ca5w/requirements.txt,vuln_results_final/mokuton/pip_audit.json,vuln_results_final/mokuton/bandit.json,vuln_results_final/mokuton/semgrep.json,
https://github.com/Kraymer/cornerstone,cornerstone,5b5092da8994f578107937c2ee111735a8200614,requirements.txt,/tmp/repo_w0olju4s/requirements.txt,vuln_results_final/cornerstone/pip_audit.json,vuln_results_final/cornerstone/bandit.json,vuln_results_final/cornerstone/semgrep.json,
https://github.com/Kingcxp/qq-botpy-template,qq-botpy-template,9b96a369d2977d72f1c25d280a2e400ed8b30634,requirements.txt,/tmp/repo__h6oq2d1/requirements.txt,vuln_results_final/qq-botpy-template/pip_audit.json,vuln_results_final/qq-botpy-template/bandit.json,vuln_results_final/qq-botpy-template/semgrep.json,
https://github.com/KenMwaura1/scaffold-fastapi,scaffold-fastapi,70e8497858fc8b2157cfed86fdb95ce0362a6d0e,pyproject.toml,/tmp/repo_i2iv3m76/pyproject.toml,vuln_results_final/scaffold-fastapi/pip_audit.json,vuln_results_final/scaffold-fastapi/bandit.json,vuln_results_final/scaffold-fastapi/semgrep.json,
https://github.com/KemingHe/python-dependency-manager-companion-mcp-server,python-dependency-manager-companion-mcp-server,9c505412c78e8d741973797aa401dea57194c2be,pyproject.toml,/tmp/repo_ym63l2vf/pyproject.toml,vuln_results_final/python-dependency-manager-companion-mcp-server/pip_audit.json,vuln_results_final/python-dependency-manager-companion-mcp-server/bandit.json,vuln_results_final/python-dependency-manager-companion-mcp-server/semgrep.json,
https://github.com/KTH-SML/svea,svea,ecc9d3fc42ea38d40adbd01e022955ce0e593b12,requirements.txt,/tmp/repo_21crsvgk/requirements.txt,vuln_results_final/svea/pip_audit.json,vuln_results_final/svea/bandit.json,vuln_results_final/svea/semgrep.json,
https://github.com/KMI-KPZ/Generic_Backend,Generic_Backend,c14ec97dc6d9aabdd284bba6a2f915dc4789fea8,requirements.txt,/tmp/repo_ox6ggztq/requirements.txt,vuln_results_final/Generic_Backend/pip_audit.json,vuln_results_final/Generic_Backend/bandit.json,vuln_results_final/Generic_Backend/semgrep.json,
https://github.com/Justintime50/python-template,python-template,8eda06699f5d3f0e89da93618ea11398d205793a,pyproject.toml,/tmp/repo_hmcaf14d/pyproject.toml,vuln_results_final/python-template/pip_audit.json,vuln_results_final/python-template/bandit.json,vuln_results_final/python-template/semgrep.json,
https://github.com/JoshuaC215/agent-service-toolkit,agent-service-toolkit,50651f69319f79c8543bfb29e35e77c0ef05b565,pyproject.toml,/tmp/repo_kwnodhzl/pyproject.toml,vuln_results_final/agent-service-toolkit/pip_audit.json,vuln_results_final/agent-service-toolkit/bandit.json,vuln_results_final/agent-service-toolkit/semgrep.json,
https://github.com/Johnserf-Seed/f2,f2,7dab3e2ffffaa2535834d28fca99dbc2e89fa9d3,pyproject.toml,/tmp/repo_dfad8l0f/pyproject.toml,vuln_results_final/f2/pip_audit.json,vuln_results_final/f2/bandit.json,vuln_results_final/f2/semgrep.json,
https://github.com/JohnVersus/gpt-actions-python-vercel-boilerplate,gpt-actions-python-vercel-boilerplate,65434606efada7bbeed9b348acaf3e58c67fbb7b,requirements.txt,/tmp/repo_uyppb1rx/requirements.txt,vuln_results_final/gpt-actions-python-vercel-boilerplate/pip_audit.json,vuln_results_final/gpt-actions-python-vercel-boilerplate/bandit.json,vuln_results_final/gpt-actions-python-vercel-boilerplate/semgrep.json,
https://github.com/JeremyWurbs/mltemplate,mltemplate,c05d7f19c6aa6599f9e82ff02f23b45eb8289ef3,pyproject.toml,/tmp/repo_4a42gb92/pyproject.toml,vuln_results_final/mltemplate/pip_audit.json,vuln_results_final/mltemplate/bandit.json,vuln_results_final/mltemplate/semgrep.json,
https://github.com/Jemoka/adventuretime,adventuretime,786d559b8178c9ca6689923929e9baa10a136d9a,pyproject.toml,/tmp/repo_do8w2khu/pyproject.toml,vuln_results_final/adventuretime/pip_audit.json,vuln_results_final/adventuretime/bandit.json,vuln_results_final/adventuretime/semgrep.json,
https://github.com/JavadTorabiKh/StellarChainAnalysis,StellarChainAnalysis,80b2315e1f9257a5fd2b1454eeaddd32fc1c6fe3,,,vuln_results_final/StellarChainAnalysis/pip_audit.json,vuln_results_final/StellarChainAnalysis/bandit.json,vuln_results_final/StellarChainAnalysis/semgrep.json,
https://github.com/JaquesM/fastapi-template,fastapi-template,1d3bd04feef9d010cba6ea9387cb920374d5c588,pyproject.toml,/tmp/repo_dtkbvd_3/pyproject.toml,vuln_results_final/fastapi-template/pip_audit.json,vuln_results_final/fastapi-template/bandit.json,vuln_results_final/fastapi-template/semgrep.json,
https://github.com/JamieWells1/vite-template-with-cli,vite-template-with-cli,977406c96576fd05d704ddbc5a37c90cbe80052f,requirements.txt,/tmp/repo_f027jk2a/requirements.txt,vuln_results_final/vite-template-with-cli/pip_audit.json,vuln_results_final/vite-template-with-cli/bandit.json,vuln_results_final/vite-template-with-cli/semgrep.json,
https://github.com/JMSLab/Template,Template,289a775975da90f1bf3c81e9271f5726aace46fa,,,vuln_results_final/Template/pip_audit.json,vuln_results_final/Template/bandit.json,vuln_results_final/Template/semgrep.json,
https://github.com/Ivorforce/Dash-Standalone-Boilerplate,Dash-Standalone-Boilerplate,c47e8f62f360b705a42dbe48c93bd26ad4db442a,pyproject.toml,/tmp/repo_7plh8mqp/pyproject.toml,vuln_results_final/Dash-Standalone-Boilerplate/pip_audit.json,vuln_results_final/Dash-Standalone-Boilerplate/bandit.json,vuln_results_final/Dash-Standalone-Boilerplate/semgrep.json,
https://github.com/Ivan-Ayub97/MetroMuse-PyAudioEditor,MetroMuse-PyAudioEditor,e0be29af87fd7cc7565652ee78103f1dc34859a5,requirements.txt,/tmp/repo_rgjip78x/requirements.txt,vuln_results_final/MetroMuse-PyAudioEditor/pip_audit.json,vuln_results_final/MetroMuse-PyAudioEditor/bandit.json,vuln_results_final/MetroMuse-PyAudioEditor/semgrep.json,
https://github.com/ImperialCollegeLondon/poetry_template_2,poetry_template_2,3bd3b7055de53ac0849d3951c6bfa97c5ea4d609,pyproject.toml,/tmp/repo_dv1lcnum/pyproject.toml,vuln_results_final/poetry_template_2/pip_audit.json,vuln_results_final/poetry_template_2/bandit.json,vuln_results_final/poetry_template_2/semgrep.json,
https://github.com/ImperialCollegeLondon/Y2CL_Worksheet_Template,Y2CL_Worksheet_Template,93247654e96e9e329d9ddad4130923917a64a392,pyproject.toml,/tmp/repo_yg_oiysd/pyproject.toml,vuln_results_final/Y2CL_Worksheet_Template/pip_audit.json,vuln_results_final/Y2CL_Worksheet_Template/bandit.json,vuln_results_final/Y2CL_Worksheet_Template/semgrep.json,
https://github.com/IBM/MAX-Skeleton,MAX-Skeleton,2d47eabf9ec0d666c50bdf7cbcf9d41ab9dcbb5a,requirements.txt,/tmp/repo_4k77tudc/requirements.txt,vuln_results_final/MAX-Skeleton/pip_audit.json,vuln_results_final/MAX-Skeleton/bandit.json,vuln_results_final/MAX-Skeleton/semgrep.json,
https://github.com/HundredVisionsGuy/Guide-to-PyQt6,Guide-to-PyQt6,b54bd9ee776cfbd019332aee12280fe45ee94682,pyproject.toml,/tmp/repo_opnzdhm0/pyproject.toml,vuln_results_final/Guide-to-PyQt6/pip_audit.json,vuln_results_final/Guide-to-PyQt6/bandit.json,vuln_results_final/Guide-to-PyQt6/semgrep.json,
https://github.com/Hochfrequenz/python_template_repository,python_template_repository,f1c90712d842b4ac01ce1087a9cff090ee61f477,requirements.txt,/tmp/repo_nyj09uc8/requirements.txt,vuln_results_final/python_template_repository/pip_audit.json,vuln_results_final/python_template_repository/bandit.json,vuln_results_final/python_template_repository/semgrep.json,
https://github.com/HephaestusProject/template,template,929c2d26df89da7f8fdacb7ac121bbd309b36f28,requirements.txt,/tmp/repo_8kq7x__7/requirements.txt,vuln_results_final/template/pip_audit.json,vuln_results_final/template/bandit.json,vuln_results_final/template/semgrep.json,
https://github.com/HenryZhou19/Pytorch-Template,Pytorch-Template,c85e274eb4eeeab3a3036718b7564e90f02031e7,requirements.txt,/tmp/repo_g890nqlw/requirements.txt,vuln_results_final/Pytorch-Template/pip_audit.json,vuln_results_final/Pytorch-Template/bandit.json,vuln_results_final/Pytorch-Template/semgrep.json,
https://github.com/HemanB/High-Throughput-Protein-Design,High-Throughput-Protein-Design,143b1a2e7601bf6c25017a77a56b97386fb1cc27,,,vuln_results_final/High-Throughput-Protein-Design/pip_audit.json,vuln_results_final/High-Throughput-Protein-Design/bandit.json,vuln_results_final/High-Throughput-Protein-Design/semgrep.json,
https://github.com/Hecate2/Ignareo-ISML-auto-voter,Ignareo-ISML-auto-voter,11b892253d90b2c0c653c5f44b6b4a0e2cb1db71,,,vuln_results_final/Ignareo-ISML-auto-voter/pip_audit.json,vuln_results_final/Ignareo-ISML-auto-voter/bandit.json,vuln_results_final/Ignareo-ISML-auto-voter/semgrep.json,
https://github.com/HDM-soft/rocketdoo,rocketdoo,01ed33b8dc659f2a7895247ea25983be98f5b84f,pyproject.toml,/tmp/repo_zoqb5gdh/pyproject.toml,vuln_results_final/rocketdoo/pip_audit.json,vuln_results_final/rocketdoo/bandit.json,vuln_results_final/rocketdoo/semgrep.json,
https://github.com/Gurupatil0003/01_Flask_Tutorial,01_Flask_Tutorial,0fac2a369b432302ffdf8f827fabee579f5ec7c0,,,vuln_results_final/01_Flask_Tutorial/pip_audit.json,vuln_results_final/01_Flask_Tutorial/bandit.json,vuln_results_final/01_Flask_Tutorial/semgrep.json,
https://github.com/Gsllchb/Handright,Handright,7a52cb0ee8f3d333ab754dd94c0f2d8c3e364b75,requirements.txt,/tmp/repo_3fzm08er/requirements.txt,vuln_results_final/Handright/pip_audit.json,vuln_results_final/Handright/bandit.json,vuln_results_final/Handright/semgrep.json,
https://github.com/Grey-A/heavyweight-fastapi,heavyweight-fastapi,e31b4095f2171d0486c53f97796a2f0d5e541e38,requirements.txt,/tmp/repo_75z4la58/requirements.txt,vuln_results_final/heavyweight-fastapi/pip_audit.json,vuln_results_final/heavyweight-fastapi/bandit.json,vuln_results_final/heavyweight-fastapi/semgrep.json,
https://github.com/GrandGaleTechnologies/behemoth-fastapi,behemoth-fastapi,633febdee8c31b2baf8cb3a689abfffde059d23e,pyproject.toml,/tmp/repo_hkjhkxqq/pyproject.toml,vuln_results_final/behemoth-fastapi/pip_audit.json,vuln_results_final/behemoth-fastapi/bandit.json,vuln_results_final/behemoth-fastapi/semgrep.json,
https://github.com/GoogleCloudPlatform/cloud-run-microservice-template-python,cloud-run-microservice-template-python,8249821507d18c0c843d57051c429888a0ce91c4,requirements.txt,/tmp/repo_bq_68xv2/requirements.txt,vuln_results_final/cloud-run-microservice-template-python/pip_audit.json,vuln_results_final/cloud-run-microservice-template-python/bandit.json,vuln_results_final/cloud-run-microservice-template-python/semgrep.json,
https://github.com/GeoBradDev/WebGIS-Django,WebGIS-Django,8c2dc04b224c991f21ce49622edb8928b017350a,requirements.txt,/tmp/repo_7epmi22a/requirements.txt,vuln_results_final/WebGIS-Django/pip_audit.json,vuln_results_final/WebGIS-Django/bandit.json,vuln_results_final/WebGIS-Django/semgrep.json,
https://github.com/GeekBoySachin/python-project-template,python-project-template,9ff1e4f3624eeaf681e0ddf7e7867355fc9937ba,requirements.txt,/tmp/repo_x1888eca/requirements.txt,vuln_results_final/python-project-template/pip_audit.json,vuln_results_final/python-project-template/bandit.json,vuln_results_final/python-project-template/semgrep.json,
https://github.com/GamerNoTitle/MHYY,MHYY,056c5528e52cfdb60604b398a3ba2d063807c8f1,requirements.txt,/tmp/repo_mnqxac5n/requirements.txt,vuln_results_final/MHYY/pip_audit.json,vuln_results_final/MHYY/bandit.json,vuln_results_final/MHYY/semgrep.json,
https://github.com/Fundacion-de-Neurociencias/neurodiagnoses,neurodiagnoses,fc6163d2c4d5cb35b9798cf28daab1033197218b,requirements.txt,/tmp/repo_bpm2t8aq/requirements.txt,vuln_results_final/neurodiagnoses/pip_audit.json,vuln_results_final/neurodiagnoses/bandit.json,vuln_results_final/neurodiagnoses/semgrep.json,
https://github.com/Frusadev/fastapi-template,fastapi-template,26a44af36db336680c0f83b3deee4710ffe34ba4,pyproject.toml,/tmp/repo_ckqjrv_m/pyproject.toml,vuln_results_final/fastapi-template/pip_audit.json,vuln_results_final/fastapi-template/bandit.json,vuln_results_final/fastapi-template/semgrep.json,
https://github.com/Friends-of-Monika/mas-submod-template,mas-submod-template,f930e42d25bedecd6f848fc950437f72b65eec54,,,vuln_results_final/mas-submod-template/pip_audit.json,vuln_results_final/mas-submod-template/bandit.json,vuln_results_final/mas-submod-template/semgrep.json,
https://github.com/Forden/aiogram-bot-template,aiogram-bot-template,698c10343d1abb276223c96232e6ad7e1e2dfd37,pyproject.toml,/tmp/repo_g35jfk2q/pyproject.toml,vuln_results_final/aiogram-bot-template/pip_audit.json,vuln_results_final/aiogram-bot-template/bandit.json,vuln_results_final/aiogram-bot-template/semgrep.json,
https://github.com/FlamesC0der/discord-bot-template,discord-bot-template,9065eec74881b2cbfae57586e368dbd3eb7a59ad,requirements.txt,/tmp/repo_3e_gf4xw/requirements.txt,vuln_results_final/discord-bot-template/pip_audit.json,vuln_results_final/discord-bot-template/bandit.json,vuln_results_final/discord-bot-template/semgrep.json,
https://github.com/Femstar08/context-engineering-template,context-engineering-template,62b63a87ce1eace016186ad0c750945b73ab926b,requirements.txt,/tmp/repo_er_qr0rw/requirements.txt,vuln_results_final/context-engineering-template/pip_audit.json,vuln_results_final/context-engineering-template/bandit.json,vuln_results_final/context-engineering-template/semgrep.json,
https://github.com/EzyGang/blacksheep-msgspec-starter,blacksheep-msgspec-starter,7252ac480102e8236d8100e9733b41584a0d40ae,pyproject.toml,/tmp/repo_0mxq7mfd/pyproject.toml,vuln_results_final/blacksheep-msgspec-starter/pip_audit.json,vuln_results_final/blacksheep-msgspec-starter/bandit.json,vuln_results_final/blacksheep-msgspec-starter/semgrep.json,
https://github.com/Esonhugh/WeaponizedVSCode,WeaponizedVSCode,5526952cad67b1370b8696021391921a1f9941e9,,,vuln_results_final/WeaponizedVSCode/pip_audit.json,vuln_results_final/WeaponizedVSCode/bandit.json,vuln_results_final/WeaponizedVSCode/semgrep.json,
https://github.com/Erlemar/pytorch_tempest,pytorch_tempest,9dc97efa14db2c6e4dfd6b65fd3214a81069afd0,requirements.txt,/tmp/repo_8lykvdz_/requirements.txt,vuln_results_final/pytorch_tempest/pip_audit.json,vuln_results_final/pytorch_tempest/bandit.json,vuln_results_final/pytorch_tempest/semgrep.json,
https://github.com/EnigmaticMachine/django-react-vite-template,django-react-vite-template,815079875949368828d985509a8a409c56174f94,,,vuln_results_final/django-react-vite-template/pip_audit.json,vuln_results_final/django-react-vite-template/bandit.json,vuln_results_final/django-react-vite-template/semgrep.json,
https://github.com/EmptyJackson/jax-rl-template,jax-rl-template,54bf400d36c9ff9571a9740ef4456fae39adbe17,,,vuln_results_final/jax-rl-template/pip_audit.json,vuln_results_final/jax-rl-template/bandit.json,vuln_results_final/jax-rl-template/semgrep.json,
https://github.com/EmilStenstrom/gamecache,gamecache,20de450be8a9a69d2a577de465a184b58fa01d0e,,,vuln_results_final/gamecache/pip_audit.json,vuln_results_final/gamecache/bandit.json,vuln_results_final/gamecache/semgrep.json,
https://github.com/Eeems-Org/remarkable-template-python-carta-app,remarkable-template-python-carta-app,4b18aff290c973b7f5daa23ec3d5948a2fb3506e,requirements.txt,/tmp/repo_l3co3uys/requirements.txt,vuln_results_final/remarkable-template-python-carta-app/pip_audit.json,vuln_results_final/remarkable-template-python-carta-app/bandit.json,vuln_results_final/remarkable-template-python-carta-app/semgrep.json,
https://github.com/Echo298327/auth-gateway-fastapi-keycloak,auth-gateway-fastapi-keycloak,b61a356327092803360eb118c92b758437396ca6,,,vuln_results_final/auth-gateway-fastapi-keycloak/pip_audit.json,vuln_results_final/auth-gateway-fastapi-keycloak/bandit.json,vuln_results_final/auth-gateway-fastapi-keycloak/semgrep.json,
https://github.com/DubiousCactus/matchbox,matchbox,a39dba72d2abf731bd74c8028fb59cd1cac3615e,requirements.txt,/tmp/repo_pdyvarei/requirements.txt,vuln_results_final/matchbox/pip_audit.json,vuln_results_final/matchbox/bandit.json,vuln_results_final/matchbox/semgrep.json,
https://github.com/DrInfy/sharpy-starter-bot,sharpy-starter-bot,57235e02ee1b48c65299648dc4f74d0e58d0b268,requirements.txt,/tmp/repo_2c1jqpzm/requirements.txt,vuln_results_final/sharpy-starter-bot/pip_audit.json,vuln_results_final/sharpy-starter-bot/bandit.json,vuln_results_final/sharpy-starter-bot/semgrep.json,
https://github.com/DouweM/pixbyt,pixbyt,34bb1eb5348bbd1f33d9142cd1c472615166feab,,,vuln_results_final/pixbyt/pip_audit.json,vuln_results_final/pixbyt/bandit.json,vuln_results_final/pixbyt/semgrep.json,
https://github.com/DimplesY/fastapi-ai-starter,fastapi-ai-starter,b4f5eda8fbf2998dc4cca22e5ec9555116e00190,pyproject.toml,/tmp/repo_217sr0su/pyproject.toml,vuln_results_final/fastapi-ai-starter/pip_audit.json,vuln_results_final/fastapi-ai-starter/bandit.json,vuln_results_final/fastapi-ai-starter/semgrep.json,
https://github.com/Diapolo10/python-poetry-template,python-poetry-template,f24397f6922dbc8208452d099baa02d7810de680,pyproject.toml,/tmp/repo_05w2tgzf/pyproject.toml,vuln_results_final/python-poetry-template/pip_audit.json,vuln_results_final/python-poetry-template/bandit.json,vuln_results_final/python-poetry-template/semgrep.json,
https://github.com/DevXT-LLC/MagicalAuth,MagicalAuth,32e469d510bf03f08635e5568993b4d81a0b9ecb,requirements.txt,/tmp/repo_4hsxiccx/requirements.txt,vuln_results_final/MagicalAuth/pip_audit.json,vuln_results_final/MagicalAuth/bandit.json,vuln_results_final/MagicalAuth/semgrep.json,
https://github.com/DevWaveX/fastapi-aws-starter-kit,fastapi-aws-starter-kit,283ac3b7268924a8d3b225eb7a3a9e2754072477,pyproject.toml,/tmp/repo_2olgsbna/pyproject.toml,vuln_results_final/fastapi-aws-starter-kit/pip_audit.json,vuln_results_final/fastapi-aws-starter-kit/bandit.json,vuln_results_final/fastapi-aws-starter-kit/semgrep.json,
https://github.com/DevSkillsHQ/fullstack-boilerplate-django-react,fullstack-boilerplate-django-react,033ef3aeec25442b512796bb0f94655fa4fd3bf2,requirements.txt,/tmp/repo_qcpx4aef/requirements.txt,vuln_results_final/fullstack-boilerplate-django-react/pip_audit.json,vuln_results_final/fullstack-boilerplate-django-react/bandit.json,vuln_results_final/fullstack-boilerplate-django-react/semgrep.json,
https://github.com/DevSkillsHQ/backend-boilerplate-fastapi,backend-boilerplate-fastapi,4d0ee14ad23e13e52f437092b724f17d9ead6935,,,vuln_results_final/backend-boilerplate-fastapi/pip_audit.json,vuln_results_final/backend-boilerplate-fastapi/bandit.json,vuln_results_final/backend-boilerplate-fastapi/semgrep.json,
https://github.com/DenverCoder1/discord-bot-template,discord-bot-template,a97ac516bd17c17c84f98d380a7da34a941edc61,requirements.txt,/tmp/repo_nqg16ymh/requirements.txt,vuln_results_final/discord-bot-template/pip_audit.json,vuln_results_final/discord-bot-template/bandit.json,vuln_results_final/discord-bot-template/semgrep.json,
https://github.com/DavidZhang73/pytorch-lightning-template,pytorch-lightning-template,9c1aef4ce32ee5d3a53f3a0119d2bba7e6865b27,requirements.txt,/tmp/repo_1398dnru/requirements.txt,vuln_results_final/pytorch-lightning-template/pip_audit.json,vuln_results_final/pytorch-lightning-template/bandit.json,vuln_results_final/pytorch-lightning-template/semgrep.json,
https://github.com/DataScientest-Studio/Template_MLOps,Template_MLOps,e83f4c8b7a0bbdc81c87c61c736a01fbb85bf1ee,requirements.txt,/tmp/repo_3mgasln9/requirements.txt,vuln_results_final/Template_MLOps/pip_audit.json,vuln_results_final/Template_MLOps/bandit.json,vuln_results_final/Template_MLOps/semgrep.json,
https://github.com/DataScientest-Studio/Template_DS,Template_DS,45fa9cb91076bc291d80c1d45546ba8daee33095,requirements.txt,/tmp/repo_jnxe2i3d/requirements.txt,vuln_results_final/Template_DS/pip_audit.json,vuln_results_final/Template_DS/bandit.json,vuln_results_final/Template_DS/semgrep.json,
https://github.com/Data-Driven-World/d2w_mini_projects,d2w_mini_projects,3eea58d789351fdd562ea1d28820f02f96ad9660,,,vuln_results_final/d2w_mini_projects/pip_audit.json,vuln_results_final/d2w_mini_projects/bandit.json,vuln_results_final/d2w_mini_projects/semgrep.json,
https://github.com/DaniilDonskoy/Shop-bot,Shop-bot,13de6c23f6d18c34e85ce85dc2e8ad491c4563ff,requirements.txt,/tmp/repo_kos_mo2w/requirements.txt,vuln_results_final/Shop-bot/pip_audit.json,vuln_results_final/Shop-bot/bandit.json,vuln_results_final/Shop-bot/semgrep.json,
https://github.com/Daethyra/FreeStream,FreeStream,2944f1e99824a7ebeb95ead7e30ae41f5a8f49ac,pyproject.toml,/tmp/repo_c3jsmomg/pyproject.toml,vuln_results_final/FreeStream/pip_audit.json,vuln_results_final/FreeStream/bandit.json,vuln_results_final/FreeStream/semgrep.json,
https://github.com/DIDSR/BoneJ_Headless,BoneJ_Headless,c5ea533cdd94f8beb4ba351a49c4610577e2c65a,requirements.txt,/tmp/repo_p_o05dwb/requirements.txt,vuln_results_final/BoneJ_Headless/pip_audit.json,vuln_results_final/BoneJ_Headless/bandit.json,vuln_results_final/BoneJ_Headless/semgrep.json,
https://github.com/DHI/template-python-library,template-python-library,36e40050a195ac43a46dd2f372b5085d06738278,pyproject.toml,/tmp/repo_x9lytv5_/pyproject.toml,vuln_results_final/template-python-library/pip_audit.json,vuln_results_final/template-python-library/bandit.json,vuln_results_final/template-python-library/semgrep.json,
https://github.com/Cyber-Dioxide/CyberPhish,CyberPhish,3a778b425eda696bca2e93da86040d67b8975fba,requirements.txt,/tmp/repo_36mh924i/requirements.txt,vuln_results_final/CyberPhish/pip_audit.json,vuln_results_final/CyberPhish/bandit.json,vuln_results_final/CyberPhish/semgrep.json,
https://github.com/CursedPrograms/Python-Django-Template,Python-Django-Template,c786380b950554e0a7249584a61a7cafc2b88c79,requirements.txt,/tmp/repo_wn3_9n2z/requirements.txt,vuln_results_final/Python-Django-Template/pip_audit.json,vuln_results_final/Python-Django-Template/bandit.json,vuln_results_final/Python-Django-Template/semgrep.json,
https://github.com/Cumulocity-IoT/streaming-analytics-sample-repo-template,streaming-analytics-sample-repo-template,c0feb252833e840b9b6d23f83ce4b5faf17c330d,,,vuln_results_final/streaming-analytics-sample-repo-template/pip_audit.json,vuln_results_final/streaming-analytics-sample-repo-template/bandit.json,vuln_results_final/streaming-analytics-sample-repo-template/semgrep.json,
https://github.com/Cub11k/tgBotTemplate,tgBotTemplate,9115de0b015149e68d055ec9caf7e01c0f8d7ea0,requirements.txt,/tmp/repo_65nhfox7/requirements.txt,vuln_results_final/tgBotTemplate/pip_audit.json,vuln_results_final/tgBotTemplate/bandit.json,vuln_results_final/tgBotTemplate/semgrep.json,
https://github.com/ContainerCraft/Konductor,Konductor,1ea2f6be17f2a984470b726d88152da0e94c806c,,,vuln_results_final/Konductor/pip_audit.json,vuln_results_final/Konductor/bandit.json,vuln_results_final/Konductor/semgrep.json,
https://github.com/ConsciousML/python-template,python-template,8905f9df2da34fbd12ddc4aae9fe2f8cbd1b7893,requirements.txt,/tmp/repo_vq7oh3r1/requirements.txt,vuln_results_final/python-template/pip_audit.json,vuln_results_final/python-template/bandit.json,vuln_results_final/python-template/semgrep.json,
https://github.com/Codwizer/pytelegrambotapi-template,pytelegrambotapi-template,1b3fbc5a02e2d4dc3a25b2bfd38d7d8964795a62,,,vuln_results_final/pytelegrambotapi-template/pip_audit.json,vuln_results_final/pytelegrambotapi-template/bandit.json,vuln_results_final/pytelegrambotapi-template/semgrep.json,
https://github.com/Cloud-CV/EvalAI-Starters,EvalAI-Starters,ceb88a964b049f79bbc98d43ee9f51612433eba0,,,vuln_results_final/EvalAI-Starters/pip_audit.json,vuln_results_final/EvalAI-Starters/bandit.json,vuln_results_final/EvalAI-Starters/semgrep.json,
https://github.com/Clarifai/module-template,module-template,dd0402cf9c8f22f47d43929dd5e699a1d823910a,requirements.txt,/tmp/repo_aw8xli53/requirements.txt,vuln_results_final/module-template/pip_audit.json,vuln_results_final/module-template/bandit.json,vuln_results_final/module-template/semgrep.json,
https://github.com/City-Bureau/city-scrapers-template,city-scrapers-template,3513cbe8078c8f7ad1a5accf2f9ad5f9d7873a1e,pyproject.toml,/tmp/repo_bzw6lmpx/pyproject.toml,vuln_results_final/city-scrapers-template/pip_audit.json,vuln_results_final/city-scrapers-template/bandit.json,vuln_results_final/city-scrapers-template/semgrep.json,
https://github.com/Choate-Robotics/7407-DriveCode-Template,7407-DriveCode-Template,e4e27ebb0bb9bc0208af11437963a5af3c8a1250,pyproject.toml,/tmp/repo_ekl_u_if/pyproject.toml,vuln_results_final/7407-DriveCode-Template/pip_audit.json,vuln_results_final/7407-DriveCode-Template/bandit.json,vuln_results_final/7407-DriveCode-Template/semgrep.json,
https://github.com/Chim-SO/mlops-template,mlops-template,16626118a7423b29e616a948c6bac0b3e6cfad7a,requirements.txt,/tmp/repo_su5wdorq/requirements.txt,vuln_results_final/mlops-template/pip_audit.json,vuln_results_final/mlops-template/bandit.json,vuln_results_final/mlops-template/semgrep.json,
https://github.com/Cheaterman/fluxt,fluxt,f2ee9636054ecb6db00a6a6eca087dd0af037e89,,,vuln_results_final/fluxt/pip_audit.json,vuln_results_final/fluxt/bandit.json,vuln_results_final/fluxt/semgrep.json,
https://github.com/CaffeinatedProgrammers4/PDF-to-MD-Using-Gemini,PDF-to-MD-Using-Gemini,a05a76795617ea838b772ef774a7eca142dfb558,requirements.txt,/tmp/repo_i1hyf7cq/requirements.txt,vuln_results_final/PDF-to-MD-Using-Gemini/pip_audit.json,vuln_results_final/PDF-to-MD-Using-Gemini/bandit.json,vuln_results_final/PDF-to-MD-Using-Gemini/semgrep.json,
https://github.com/CTURobotics/robotics_labs,robotics_labs,1a429f12f457d26b9fc4554412c2ab4aa06ed96d,pyproject.toml,/tmp/repo_anzf7a93/pyproject.toml,vuln_results_final/robotics_labs/pip_audit.json,vuln_results_final/robotics_labs/bandit.json,vuln_results_final/robotics_labs/semgrep.json,
https://github.com/CSCI1030U/Lab01,Lab01,288bd75e84d111178ffb4b4d2f852e8020e9254f,,,vuln_results_final/Lab01/pip_audit.json,vuln_results_final/Lab01/bandit.json,vuln_results_final/Lab01/semgrep.json,
https://github.com/CQCL/pytemplate,pytemplate,c884c3b1cf1fc495cc527f5914866cc5748ba3a3,pyproject.toml,/tmp/repo__znokhm4/pyproject.toml,vuln_results_final/pytemplate/pip_audit.json,vuln_results_final/pytemplate/bandit.json,vuln_results_final/pytemplate/semgrep.json,
https://github.com/CGQAQ/v8-template,v8-template,1fb31adfd92829b3aba6251dfa48e989c8081650,,,vuln_results_final/v8-template/pip_audit.json,vuln_results_final/v8-template/bandit.json,vuln_results_final/v8-template/semgrep.json,
https://github.com/CFARS/TACT,TACT,1b2bbf1f9d0a45cff232ec447286419faac66b58,requirements.txt,/tmp/repo_hjnh71m1/requirements.txt,vuln_results_final/TACT/pip_audit.json,vuln_results_final/TACT/bandit.json,vuln_results_final/TACT/semgrep.json,
https://github.com/ButterAndButterfly/GithubTools,GithubTools,7259a0e1e4d9bcb8b9e21c330015a894ee0ce370,requirements.txt,/tmp/repo_aq0c4rbc/requirements.txt,vuln_results_final/GithubTools/pip_audit.json,vuln_results_final/GithubTools/bandit.json,vuln_results_final/GithubTools/semgrep.json,
https://github.com/BrianPulfer/ML-Tech-Cheatsheet,ML-Tech-Cheatsheet,bd7722fa71669c94525db9b202b2f0141dfef178,requirements.txt,/tmp/repo_0ovk2als/requirements.txt,vuln_results_final/ML-Tech-Cheatsheet/pip_audit.json,vuln_results_final/ML-Tech-Cheatsheet/bandit.json,vuln_results_final/ML-Tech-Cheatsheet/semgrep.json,
https://github.com/BrianPugh/python-template,python-template,99fd1f1b93a650fca9ccd08bc707c5378a209d4c,pyproject.toml,/tmp/repo_j3xi0ohy/pyproject.toml,vuln_results_final/python-template/pip_audit.json,vuln_results_final/python-template/bandit.json,vuln_results_final/python-template/semgrep.json,
https://github.com/BrianPugh/micropython-native-module-template,micropython-native-module-template,62f31c66f4d57e818258289c1d8ff1366b3b8fc9,pyproject.toml,/tmp/repo_51mj78k0/pyproject.toml,vuln_results_final/micropython-native-module-template/pip_audit.json,vuln_results_final/micropython-native-module-template/bandit.json,vuln_results_final/micropython-native-module-template/semgrep.json,
https://github.com/BrewBlox/brewblox-boilerplate,brewblox-boilerplate,19bd7c8164150f0aef18a8a4173ffc9f316e270d,pyproject.toml,/tmp/repo_s0v18nl6/pyproject.toml,vuln_results_final/brewblox-boilerplate/pip_audit.json,vuln_results_final/brewblox-boilerplate/bandit.json,vuln_results_final/brewblox-boilerplate/semgrep.json,
https://github.com/Borda/kaggle_SandBox,kaggle_SandBox,4c1f1a61f0a82213f791bd0df0b4bfdae651d299,requirements.txt,/tmp/repo_rb6t8p3x/requirements.txt,vuln_results_final/kaggle_SandBox/pip_audit.json,vuln_results_final/kaggle_SandBox/bandit.json,vuln_results_final/kaggle_SandBox/semgrep.json,
https://github.com/Blinorot/pytorch_project_template,pytorch_project_template,a82d9f55c8db8db359f46050ead69c07fe9aa0c8,requirements.txt,/tmp/repo_f5hxkjgx/requirements.txt,vuln_results_final/pytorch_project_template/pip_audit.json,vuln_results_final/pytorch_project_template/bandit.json,vuln_results_final/pytorch_project_template/semgrep.json,
https://github.com/Bishwas-py/django-svelte-template,django-svelte-template,b5b7e1783750d602f75ef5c11e20f73db78684f7,pyproject.toml,/tmp/repo_7dqikzl7/pyproject.toml,vuln_results_final/django-svelte-template/pip_audit.json,vuln_results_final/django-svelte-template/bandit.json,vuln_results_final/django-svelte-template/semgrep.json,
https://github.com/BetterAndroid/android-app-template,android-app-template,21cd05a6dbacf6919261de451d3659f9cef85015,,,vuln_results_final/android-app-template/pip_audit.json,vuln_results_final/android-app-template/bandit.json,vuln_results_final/android-app-template/semgrep.json,
https://github.com/BeeHiveSafety/CloudflareToAbuseIPDB,CloudflareToAbuseIPDB,6a177f2e25f6e1f4917282032bab6a1036841ad4,requirements.txt,/tmp/repo_vdrgsl7n/requirements.txt,vuln_results_final/CloudflareToAbuseIPDB/pip_audit.json,vuln_results_final/CloudflareToAbuseIPDB/bandit.json,vuln_results_final/CloudflareToAbuseIPDB/semgrep.json,
https://github.com/BeautifulMoon211/Yelp-Scraping,Yelp-Scraping,935387b12b71086895ddb54fc8c3b81e3a253dc7,,,vuln_results_final/Yelp-Scraping/pip_audit.json,vuln_results_final/Yelp-Scraping/bandit.json,vuln_results_final/Yelp-Scraping/semgrep.json,
https://github.com/BayernMuller/vinyl,vinyl,7c711a59ddb5ff67fa2f8bad744ff01a7f048b4a,requirements.txt,/tmp/repo_mwgfn8d4/requirements.txt,vuln_results_final/vinyl/pip_audit.json,vuln_results_final/vinyl/bandit.json,vuln_results_final/vinyl/semgrep.json,
https://github.com/BattlesnakeOfficial/starter-snake-python,starter-snake-python,a81e14648968660c2763a3b569c0f424a130fc7d,requirements.txt,/tmp/repo_k2zdlrg9/requirements.txt,vuln_results_final/starter-snake-python/pip_audit.json,vuln_results_final/starter-snake-python/bandit.json,vuln_results_final/starter-snake-python/semgrep.json,
https://github.com/Baraff24/django_template,django_template,bb198d7b8c1eea7f076252fa066d43656a24a3b6,requirements.txt,/tmp/repo_bihh3uxn/requirements.txt,vuln_results_final/django_template/pip_audit.json,vuln_results_final/django_template/bandit.json,vuln_results_final/django_template/semgrep.json,
https://github.com/BaoLocPham/ML-Project-Experiment-Tracking-Template,ML-Project-Experiment-Tracking-Template,1e4010f94ef2b9b80359f6c0e3ae52a75bdbc03e,requirements.txt,/tmp/repo_0gxxewc1/requirements.txt,vuln_results_final/ML-Project-Experiment-Tracking-Template/pip_audit.json,vuln_results_final/ML-Project-Experiment-Tracking-Template/bandit.json,vuln_results_final/ML-Project-Experiment-Tracking-Template/semgrep.json,
https://github.com/BLazzeD21/py-aiogram-template-bot,py-aiogram-template-bot,23bfaa7e665dccc6233630274a3bbdc9ab3f0778,requirements.txt,/tmp/repo_y81h1s7v/requirements.txt,vuln_results_final/py-aiogram-template-bot/pip_audit.json,vuln_results_final/py-aiogram-template-bot/bandit.json,vuln_results_final/py-aiogram-template-bot/semgrep.json,
https://github.com/BE-DEV-SOFTWARE/fastapi-template,fastapi-template,8d4af5fa68c3ec00c09d4c9031e564a5c8dd1bb1,pyproject.toml,/tmp/repo_rm5jydny/pyproject.toml,vuln_results_final/fastapi-template/pip_audit.json,vuln_results_final/fastapi-template/bandit.json,vuln_results_final/fastapi-template/semgrep.json,
https://github.com/Azure/gpt-rag-orchestrator,gpt-rag-orchestrator,0a7199d98581282cc3162a56c65853e0e0560937,requirements.txt,/tmp/repo_oyaf05wp/requirements.txt,vuln_results_final/gpt-rag-orchestrator/pip_audit.json,vuln_results_final/gpt-rag-orchestrator/bandit.json,vuln_results_final/gpt-rag-orchestrator/semgrep.json,
https://github.com/Azure/gpt-rag-ingestion,gpt-rag-ingestion,24bce9c8f02f0e3b9771f216ba8d5124c917b2c3,requirements.txt,/tmp/repo_toga9nrd/requirements.txt,vuln_results_final/gpt-rag-ingestion/pip_audit.json,vuln_results_final/gpt-rag-ingestion/bandit.json,vuln_results_final/gpt-rag-ingestion/semgrep.json,
https://github.com/Azure/gpt-rag-agentic,gpt-rag-agentic,c7ae34ea568f73db2f4bc1c9094741c563a25153,requirements.txt,/tmp/repo_q0e76xh1/requirements.txt,vuln_results_final/gpt-rag-agentic/pip_audit.json,vuln_results_final/gpt-rag-agentic/bandit.json,vuln_results_final/gpt-rag-agentic/semgrep.json,
https://github.com/Azure-Samples/rag-postgres-openai-python,rag-postgres-openai-python,c50a5a35437ecb91f2add961897bf95206a4a0ed,pyproject.toml,/tmp/repo__c5rko2k/pyproject.toml,vuln_results_final/rag-postgres-openai-python/pip_audit.json,vuln_results_final/rag-postgres-openai-python/bandit.json,vuln_results_final/rag-postgres-openai-python/semgrep.json,
https://github.com/Azure-Samples/azure-openai-entity-extraction,azure-openai-entity-extraction,dace16dd2204981867aa29151b23eb3cba1198b7,requirements.txt,/tmp/repo_58q_mzlc/requirements.txt,vuln_results_final/azure-openai-entity-extraction/pip_audit.json,vuln_results_final/azure-openai-entity-extraction/bandit.json,vuln_results_final/azure-openai-entity-extraction/semgrep.json,
https://github.com/Azure-Samples/ai-rag-chat-evaluator,ai-rag-chat-evaluator,2d943110aa7050e07e7ffea03756c8bc944288a0,pyproject.toml,/tmp/repo_d4zl_054/pyproject.toml,vuln_results_final/ai-rag-chat-evaluator/pip_audit.json,vuln_results_final/ai-rag-chat-evaluator/bandit.json,vuln_results_final/ai-rag-chat-evaluator/semgrep.json,
https://github.com/AyriaTechnologies/Linia-FastAPI,Linia-FastAPI,ff3cb5c46d10ca6c144984faa0bfc4e965373b17,requirements.txt,/tmp/repo_elwkicqp/requirements.txt,vuln_results_final/Linia-FastAPI/pip_audit.json,vuln_results_final/Linia-FastAPI/bandit.json,vuln_results_final/Linia-FastAPI/semgrep.json,
https://github.com/Axect/pytorch_template,pytorch_template,d44f76ba7b3fc37f2f06acd11e0cb12fdbd9dca4,requirements.txt,/tmp/repo_87ix5sz9/requirements.txt,vuln_results_final/pytorch_template/pip_audit.json,vuln_results_final/pytorch_template/bandit.json,vuln_results_final/pytorch_template/semgrep.json,
https://github.com/AutomotiveDevOps/requirements,requirements,5b22216ea162a6e7dc3e3f7802cf42103e19aa2f,requirements.txt,/tmp/repo_3q2rdssf/requirements.txt,vuln_results_final/requirements/pip_audit.json,vuln_results_final/requirements/bandit.json,vuln_results_final/requirements/semgrep.json,
https://github.com/AtticusZeller/fastapi_supabase_template,fastapi_supabase_template,1acfbe345e31310683575bfe1ffda6a9b02e98b1,pyproject.toml,/tmp/repo_4txpaugs/pyproject.toml,vuln_results_final/fastapi_supabase_template/pip_audit.json,vuln_results_final/fastapi_supabase_template/bandit.json,vuln_results_final/fastapi_supabase_template/semgrep.json,
https://github.com/AryaAppaji/drf-api-kickstart,drf-api-kickstart,f4d7ef655d3738733967c87970b1d29fc8f0e015,pyproject.toml,/tmp/repo_m73bbz09/pyproject.toml,vuln_results_final/drf-api-kickstart/pip_audit.json,vuln_results_final/drf-api-kickstart/bandit.json,vuln_results_final/drf-api-kickstart/semgrep.json,
https://github.com/ArneBinder/pytorch-ie-hydra-template-1,pytorch-ie-hydra-template-1,bf417608e743589be7520e4bc6d3236cb7899b65,pyproject.toml,/tmp/repo_6yme5we1/pyproject.toml,vuln_results_final/pytorch-ie-hydra-template-1/pip_audit.json,vuln_results_final/pytorch-ie-hydra-template-1/bandit.json,vuln_results_final/pytorch-ie-hydra-template-1/semgrep.json,
https://github.com/ArielMAJ/fullstack-vue-fastapi-template,fullstack-vue-fastapi-template,6495e8669a8bbe4be83bc8cfe8202dc80de03aaa,,,vuln_results_final/fullstack-vue-fastapi-template/pip_audit.json,vuln_results_final/fullstack-vue-fastapi-template/bandit.json,vuln_results_final/fullstack-vue-fastapi-template/semgrep.json,
https://github.com/AresSC2/ares-sc2-bot-template,ares-sc2-bot-template,3eebee25acabfec4878c33ab9ffd010f1d44ce0b,pyproject.toml,/tmp/repo_ym9vp1sy/pyproject.toml,vuln_results_final/ares-sc2-bot-template/pip_audit.json,vuln_results_final/ares-sc2-bot-template/bandit.json,vuln_results_final/ares-sc2-bot-template/semgrep.json,
https://github.com/Appsilon/tapyr-template,tapyr-template,07579f3cbf911d24f4564d92fc02501d32f4244a,requirements.txt,/tmp/repo_a1jqkj4w/requirements.txt,vuln_results_final/tapyr-template/pip_audit.json,vuln_results_final/tapyr-template/bandit.json,vuln_results_final/tapyr-template/semgrep.json,
https://github.com/ApolloResearch/sample,sample,1470f6208bf8dcb8f1a0ee7c1797a5d0d8d6e57b,pyproject.toml,/tmp/repo_7nsmyeaf/pyproject.toml,vuln_results_final/sample/pip_audit.json,vuln_results_final/sample/bandit.json,vuln_results_final/sample/semgrep.json,
https://github.com/ApeWorX/project-template,project-template,73a05572082bd076b832d2abc290de71fd267a16,pyproject.toml,/tmp/repo_fgupinfu/pyproject.toml,vuln_results_final/project-template/pip_audit.json,vuln_results_final/project-template/bandit.json,vuln_results_final/project-template/semgrep.json,
https://github.com/AnweshCR7/DL-boilerplate,DL-boilerplate,ea54df6fdd42cc6c1cb4070621f6f1c2dc571d14,pyproject.toml,/tmp/repo_yp6tq_rd/pyproject.toml,vuln_results_final/DL-boilerplate/pip_audit.json,vuln_results_final/DL-boilerplate/bandit.json,vuln_results_final/DL-boilerplate/semgrep.json,
https://github.com/AntreasAntoniou/GATE,GATE,65192ece6b8d3f78612bf313e5a84438da451490,requirements.txt,/tmp/repo_866pazkm/requirements.txt,vuln_results_final/GATE/pip_audit.json,vuln_results_final/GATE/bandit.json,vuln_results_final/GATE/semgrep.json,
https://github.com/Andre-Medina/python-pixi-mono-template,python-pixi-mono-template,a35fb106cfecd39d8612637718db3dc6ef8b5628,,,vuln_results_final/python-pixi-mono-template/pip_audit.json,vuln_results_final/python-pixi-mono-template/bandit.json,vuln_results_final/python-pixi-mono-template/semgrep.json,
https://github.com/Anatole-DC/datascience_starter_project,datascience_starter_project,c8a2e8b848c4fbe270eb1f3ba9b1152b0383c568,pyproject.toml,/tmp/repo_uef96wdd/pyproject.toml,vuln_results_final/datascience_starter_project/pip_audit.json,vuln_results_final/datascience_starter_project/bandit.json,vuln_results_final/datascience_starter_project/semgrep.json,
https://github.com/Amourspirit/live-libreoffice-python,live-libreoffice-python,f7a2f1767ce4d7a10f3ee669fef6e3f3014115c5,pyproject.toml,/tmp/repo_9dr9wimk/pyproject.toml,vuln_results_final/live-libreoffice-python/pip_audit.json,vuln_results_final/live-libreoffice-python/bandit.json,vuln_results_final/live-libreoffice-python/semgrep.json,
https://github.com/AmirLavasani/fastapi-starter,fastapi-starter,85d2c04ed95094d28b017d0108756c93335cd577,requirements.txt,/tmp/repo_s8yv7je3/requirements.txt,vuln_results_final/fastapi-starter/pip_audit.json,vuln_results_final/fastapi-starter/bandit.json,vuln_results_final/fastapi-starter/semgrep.json,
https://github.com/AmineDjeghri/generative-ai-project-template,generative-ai-project-template,98ebc94d35786e1704bc6a8eece3f053281890ef,pyproject.toml,/tmp/repo_rqxt70k8/pyproject.toml,vuln_results_final/generative-ai-project-template/pip_audit.json,vuln_results_final/generative-ai-project-template/bandit.json,vuln_results_final/generative-ai-project-template/semgrep.json,
https://github.com/AltaArts/ExportToDir--Prism-Plugin,ExportToDir--Prism-Plugin,d99b7e7b33aeedeb831954c81fe2524e6d635ea8,,,vuln_results_final/ExportToDir--Prism-Plugin/pip_audit.json,vuln_results_final/ExportToDir--Prism-Plugin/bandit.json,vuln_results_final/ExportToDir--Prism-Plugin/semgrep.json,
https://github.com/AliSayyah/FastAPI-Piccolo-Template,FastAPI-Piccolo-Template,426399074fe3db98237fc30b18586fb677a1ab41,pyproject.toml,/tmp/repo_ci2qdfos/pyproject.toml,vuln_results_final/FastAPI-Piccolo-Template/pip_audit.json,vuln_results_final/FastAPI-Piccolo-Template/bandit.json,vuln_results_final/FastAPI-Piccolo-Template/semgrep.json,
https://github.com/Aibel365/python-app-template,python-app-template,8d2e901e0613c81c33ea4ef2dc3b4b44b5ab1f1a,pyproject.toml,/tmp/repo_53z76zh4/pyproject.toml,vuln_results_final/python-app-template/pip_audit.json,vuln_results_final/python-app-template/bandit.json,vuln_results_final/python-app-template/semgrep.json,
https://github.com/AgnostiqHQ/covalent-executor-template,covalent-executor-template,556fed8a036fd18e46220a27774f735606911bec,requirements.txt,/tmp/repo_vhw7715s/requirements.txt,vuln_results_final/covalent-executor-template/pip_audit.json,vuln_results_final/covalent-executor-template/bandit.json,vuln_results_final/covalent-executor-template/semgrep.json,
https://github.com/Aeternalis-Ingenium/JumpStart,JumpStart,2cf6dc12da30b463766dc9430fc5d6a86e2109de,requirements.txt,/tmp/repo_f1tcekk8/requirements.txt,vuln_results_final/JumpStart/pip_audit.json,vuln_results_final/JumpStart/bandit.json,vuln_results_final/JumpStart/semgrep.json,
https://github.com/Aeternalis-Ingenium/FastAPI-Backend-Template,FastAPI-Backend-Template,d2e931b9639aa5fbca2a85c1711e47c8ee39b254,,,vuln_results_final/FastAPI-Backend-Template/pip_audit.json,vuln_results_final/FastAPI-Backend-Template/bandit.json,vuln_results_final/FastAPI-Backend-Template/semgrep.json,
https://github.com/AdaptiveMotorControlLab/WorkspaceTemplate,WorkspaceTemplate,b012749308899887f471b12e420722e613ec3934,requirements.txt,/tmp/repo_uib7cg5w/requirements.txt,vuln_results_final/WorkspaceTemplate/pip_audit.json,vuln_results_final/WorkspaceTemplate/bandit.json,vuln_results_final/WorkspaceTemplate/semgrep.json,
https://github.com/AaronSaikovski/pystarter,pystarter,e87efead0dbbceca9128ea88157ae226a8591ec4,requirements.txt,/tmp/repo_tgsaklvb/requirements.txt,vuln_results_final/pystarter/pip_audit.json,vuln_results_final/pystarter/bandit.json,vuln_results_final/pystarter/semgrep.json,
https://github.com/Aanish97/DjangoBoilerplate,DjangoBoilerplate,489243d4f0ec0d12cfaa9568c0ad1558b6370981,requirements.txt,/tmp/repo_a23ginob/requirements.txt,vuln_results_final/DjangoBoilerplate/pip_audit.json,vuln_results_final/DjangoBoilerplate/bandit.json,vuln_results_final/DjangoBoilerplate/semgrep.json,
https://github.com/AadeshGurav/Fast-API-Boiler-Plate,Fast-API-Boiler-Plate,43bbcd39a53b4fdd516958f796054113fdc49a6e,requirements.txt,/tmp/repo_txex7jye/requirements.txt,vuln_results_final/Fast-API-Boiler-Plate/pip_audit.json,vuln_results_final/Fast-API-Boiler-Plate/bandit.json,vuln_results_final/Fast-API-Boiler-Plate/semgrep.json,
https://github.com/ANTsX/ANTsPyMM,ANTsPyMM,dfffdb4ed23abe3f881c7842e88a2605079ce0d7,requirements.txt,/tmp/repo_iasegm0z/requirements.txt,vuln_results_final/ANTsPyMM/pip_audit.json,vuln_results_final/ANTsPyMM/bandit.json,vuln_results_final/ANTsPyMM/semgrep.json,
https://github.com/AEADataEditor/replication-template,replication-template,50acff30ad177e43d3ef4a9010933fbf2cc2d16a,requirements.txt,/tmp/repo_tyafv52_/requirements.txt,vuln_results_final/replication-template/pip_audit.json,vuln_results_final/replication-template/bandit.json,vuln_results_final/replication-template/semgrep.json,
https://github.com/99sbr/fastapi-template,fastapi-template,84487d96e5b3e910affd6f0dc379b283a477b530,requirements.txt,/tmp/repo_ih40lsnx/requirements.txt,vuln_results_final/fastapi-template/pip_audit.json,vuln_results_final/fastapi-template/bandit.json,vuln_results_final/fastapi-template/semgrep.json,
https://github.com/8percent/python-library,python-library,e9ebb6d68d5b5de2913a765ece1e6792ffa7c115,pyproject.toml,/tmp/repo_8ng110pf/pyproject.toml,vuln_results_final/python-library/pip_audit.json,vuln_results_final/python-library/bandit.json,vuln_results_final/python-library/semgrep.json,
https://github.com/8OL-Robotics/PX4-ROS2-Docker-SITL-Template,PX4-ROS2-Docker-SITL-Template,e19979b0db6f320c4b4c2ef83715f78ff419b6d0,,,vuln_results_final/PX4-ROS2-Docker-SITL-Template/pip_audit.json,vuln_results_final/PX4-ROS2-Docker-SITL-Template/bandit.json,vuln_results_final/PX4-ROS2-Docker-SITL-Template/semgrep.json,
https://github.com/4u-org/bot-template,bot-template,08bdff4853374cec718ad349e30eae7e93a67a77,requirements.txt,/tmp/repo_w0hch7xg/requirements.txt,vuln_results_final/bot-template/pip_audit.json,vuln_results_final/bot-template/bandit.json,vuln_results_final/bot-template/semgrep.json,
https://github.com/4GeeksAcademy/html-hello,html-hello,3f24b7ab590e3282eb5e6eaeefe1a894201237a4,,,vuln_results_final/html-hello/pip_audit.json,vuln_results_final/html-hello/bandit.json,vuln_results_final/html-hello/semgrep.json,
https://github.com/4GeeksAcademy/flask-rest-hello,flask-rest-hello,32ebdde0697bc55fdefe4cbffb914ebc40da0dd5,Pipfile,/tmp/repo_gxis2con/Pipfile,vuln_results_final/flask-rest-hello/pip_audit.json,vuln_results_final/flask-rest-hello/bandit.json,vuln_results_final/flask-rest-hello/semgrep.json,
https://github.com/4GeeksAcademy/Instagram-bootstrap-jeferson,Instagram-bootstrap-jeferson,3303f45608592b59021f0c9b23a1798b61c00999,,,vuln_results_final/Instagram-bootstrap-jeferson/pip_audit.json,vuln_results_final/Instagram-bootstrap-jeferson/bandit.json,vuln_results_final/Instagram-bootstrap-jeferson/semgrep.json,
https://github.com/4GeeksAcademy/CodeAaron-instagram,CodeAaron-instagram,a2031dbc4e7e2e532a4b1741d1da592f59e017fd,,,vuln_results_final/CodeAaron-instagram/pip_audit.json,vuln_results_final/CodeAaron-instagram/bandit.json,vuln_results_final/CodeAaron-instagram/semgrep.json,
https://github.com/3rdCore/Research_Project_Template,Research_Project_Template,e6a9c7d18e727b903f916fe9581b7715a9fcdb67,requirements.txt,/tmp/repo_o3ks2vmq/requirements.txt,vuln_results_final/Research_Project_Template/pip_audit.json,vuln_results_final/Research_Project_Template/bandit.json,vuln_results_final/Research_Project_Template/semgrep.json,
https://github.com/331leo/FastAPI_Template,FastAPI_Template,f65fdbb49dbf6c75a48046525400eb7f80fde806,pyproject.toml,/tmp/repo_biqabooy/pyproject.toml,vuln_results_final/FastAPI_Template/pip_audit.json,vuln_results_final/FastAPI_Template/bandit.json,vuln_results_final/FastAPI_Template/semgrep.json,
https://github.com/0Miquel/Pytorch-project-template,Pytorch-project-template,14a7703b02d02497a1da0aed5fc15eda258d9335,requirements.txt,/tmp/repo_fadp3ein/requirements.txt,vuln_results_final/Pytorch-project-template/pip_audit.json,vuln_results_final/Pytorch-project-template/bandit.json,vuln_results_final/Pytorch-project-template/semgrep.json,
https://github.com/ran-isenberg/aws-lambda-handler-cookbook,aws-lambda-handler-cookbook,7e886b08817bec6a3539462239a0fd57750aa69a,pyproject.toml,/tmp/repo_lu51ktdd/pyproject.toml,vuln_results_final/aws-lambda-handler-cookbook/pip_audit.json,vuln_results_final/aws-lambda-handler-cookbook/bandit.json,vuln_results_final/aws-lambda-handler-cookbook/semgrep.json,
