id,username,project_name,original_link_repository,stars,forks,created_at,updated_at,language
618025542,lighthouse-labs,photolabs-starter,https://github.com/lighthouse-labs/photolabs-starter,2,318,2023-03-23T15:45:03Z,2025-02-12T23:44:26Z,JavaScript
341292961,brockwc,express-auth-template,https://github.com/brockwc/express-auth-template,2,21,2021-02-22T18:11:25Z,2021-02-23T19:44:14Z,JavaScript
197142501,domql,starter-kit,https://github.com/domql/starter-kit,2,5,2019-07-16T07:23:51Z,2025-07-10T00:33:49Z,JavaScript
228114963,melvynkim,melvyn-node.js-starter,https://github.com/melvynkim/melvyn-node.js-starter,2,5,2019-12-15T01:51:49Z,2024-01-24T00:39:36Z,JavaScript
366908692,shipyard,react-starter,https://github.com/shipyard/react-starter,2,8,2021-05-13T02:14:31Z,2024-04-30T23:19:54Z,JavaScript
426538953,nightwatchjs-community,nightwatch-typescript-boilerplate,https://github.com/nightwatchjs-community/nightwatch-typescript-boilerplate,2,6,2021-11-10T08:17:43Z,2024-11-09T21:09:22Z,JavaScript
366908686,shipyard,react-express-starter,https://github.com/shipyard/react-express-starter,2,7,2021-05-13T02:14:30Z,2023-03-30T13:58:31Z,JavaScript
366908643,shipyard,express-starter,https://github.com/shipyard/express-starter,2,5,2021-05-13T02:14:22Z,2022-12-30T19:47:51Z,JavaScript
691102140,Technigo,react-zustand-boiler-plate,https://github.com/Technigo/react-zustand-boiler-plate,2,13,2023-09-13T13:58:51Z,2025-05-20T05:52:40Z,JavaScript
544938792,zaheersani,ReactJS-ExpressJS-Boilerplate,https://github.com/zaheersani/ReactJS-ExpressJS-Boilerplate,2,17,2022-10-03T13:55:40Z,2022-10-31T16:41:23Z,JavaScript
225570524,noi-techpark,webcomp-boilerplate,https://github.com/noi-techpark/webcomp-boilerplate,2,15,2019-12-03T08:39:55Z,2025-07-21T10:01:37Z,JavaScript
341646613,kustomer,kustomer-apps-starter-configs,https://github.com/kustomer/kustomer-apps-starter-configs,2,5,2021-02-23T18:12:16Z,2025-05-08T02:29:46Z,JavaScript
306028259,gcsrilanka,react-js-boilerplate,https://github.com/gcsrilanka/react-js-boilerplate,2,3,2020-10-21T13:09:44Z,2021-10-28T09:10:01Z,JavaScript
387843587,jsrois,bcnfemtech-fullstack-react-springboot-starter,https://github.com/jsrois/bcnfemtech-fullstack-react-springboot-starter,2,6,2021-07-20T15:57:22Z,2025-07-16T20:41:06Z,JavaScript
184426488,rostegg,babylonjs-boilerplate,https://github.com/rostegg/babylonjs-boilerplate,2,4,2019-05-01T14:13:39Z,2022-02-16T08:48:36Z,JavaScript
533510250,WeAreAcademy,js-kata-template,https://github.com/WeAreAcademy/js-kata-template,2,12,2022-09-06T21:38:35Z,2024-06-04T13:54:39Z,JavaScript
390730181,girishgodage,CoreAdminLTE.StarterKit,https://github.com/girishgodage/CoreAdminLTE.StarterKit,2,3,2021-07-29T13:17:58Z,2022-10-22T16:49:39Z,JavaScript
849583280,CarterOgunsola,balky-webflow-starter,https://github.com/CarterOgunsola/balky-webflow-starter,2,2,2024-08-29T21:24:49Z,2025-01-17T05:54:15Z,JavaScript
825073626,Npower-Inc,my_portfolio_template,https://github.com/Npower-Inc/my_portfolio_template,2,44,2024-07-06T17:35:01Z,2025-06-28T01:50:24Z,JavaScript
557910247,Fudap-Org,book-store-react-native-starter-template,https://github.com/Fudap-Org/book-store-react-native-starter-template,2,4,2022-10-26T14:32:10Z,2022-10-29T22:36:00Z,JavaScript
477454729,zuixjs,web-app,https://github.com/zuixjs/web-app,2,3,2022-04-03T20:14:11Z,2025-05-12T17:40:29Z,JavaScript
148160618,xiaofan2406,gatsby-live-mdx,https://github.com/xiaofan2406/gatsby-live-mdx,2,4,2018-09-10T13:35:16Z,2025-07-17T16:50:42Z,JavaScript
265483827,AndrewR3K,discord-bot-boilerplate,https://github.com/AndrewR3K/discord-bot-boilerplate,2,2,2020-05-20T07:22:05Z,2025-05-10T17:27:31Z,JavaScript
321166989,mamr-moussa,commitlint-boilerplate,https://github.com/mamr-moussa/commitlint-boilerplate,2,3,2020-12-13T21:48:21Z,2021-02-09T08:44:13Z,JavaScript
292245151,emilianomaccaferri,boilerplate,https://github.com/emilianomaccaferri/boilerplate,2,0,2020-09-02T09:55:23Z,2021-07-20T16:43:09Z,JavaScript
464800045,zuixjs,news-blog,https://github.com/zuixjs/news-blog,2,3,2022-03-01T08:07:43Z,2025-05-12T17:36:14Z,JavaScript
146185953,StanGirard,ReactBoilerplate,https://github.com/StanGirard/ReactBoilerplate,2,10,2018-08-26T14:08:00Z,2020-10-01T07:33:13Z,JavaScript
510777100,aizjicod,webpack-boilerplate,https://github.com/aizjicod/webpack-boilerplate,2,0,2022-07-05T14:43:48Z,2022-08-15T21:43:35Z,JavaScript
684046360,0xBenjamintan,SolanaBoilerplate,https://github.com/0xBenjamintan/SolanaBoilerplate,2,2,2023-08-28T10:44:50Z,2025-04-21T09:26:55Z,JavaScript
171289486,bpmn-io,boilerplate-extension,https://github.com/bpmn-io/boilerplate-extension,2,1,2019-02-18T13:29:46Z,2024-12-05T16:09:35Z,JavaScript
479364561,danielalvarezm,typescript-boilerplate,https://github.com/danielalvarezm/typescript-boilerplate,2,4,2022-04-08T11:32:29Z,2024-11-21T12:46:56Z,JavaScript
876856917,EXORD-STUDIO,Pocketbase_Sveltekit_Starter,https://github.com/EXORD-STUDIO/Pocketbase_Sveltekit_Starter,2,0,2024-10-22T17:04:18Z,2025-03-30T22:28:25Z,JavaScript
394698506,cnbloglabs,theme-template,https://github.com/cnbloglabs/theme-template,2,2,2021-08-10T15:10:26Z,2025-05-01T15:35:16Z,JavaScript
390651610,christian-bromann,typescript-starter,https://github.com/christian-bromann/typescript-starter,2,0,2021-07-29T08:17:10Z,2022-03-03T08:14:18Z,JavaScript
354757259,namikazebadri,starterkit-reactjs,https://github.com/namikazebadri/starterkit-reactjs,2,3,2021-04-05T07:42:55Z,2025-02-04T03:14:49Z,JavaScript
188478709,skydiver,nuxt-electron,https://github.com/skydiver/nuxt-electron,2,1,2019-05-24T19:44:25Z,2020-10-04T04:24:21Z,JavaScript
272840571,videsk,svelte-tailwind-boilerplate,https://github.com/videsk/svelte-tailwind-boilerplate,2,1,2020-06-17T00:25:24Z,2022-06-20T11:48:14Z,JavaScript
433799424,flotiq,gatsby-starter-boilerplate,https://github.com/flotiq/gatsby-starter-boilerplate,2,1,2021-12-01T11:28:49Z,2025-02-25T15:05:29Z,JavaScript
908577881,brainiacerudite,express-boilerplate,https://github.com/brainiacerudite/express-boilerplate,2,0,2024-12-26T12:15:46Z,2025-07-28T09:07:53Z,JavaScript
801913232,reactpractice-dev,basic-vite-react-boilerplate,https://github.com/reactpractice-dev/basic-vite-react-boilerplate,2,0,2024-05-17T06:55:46Z,2025-04-07T14:07:36Z,JavaScript
208138004,gotrademaster,react-boilerplate,https://github.com/gotrademaster/react-boilerplate,2,1,2019-09-12T20:11:25Z,2020-02-17T13:32:25Z,JavaScript
790563110,ndimoforaretas,react-form-starter,https://github.com/ndimoforaretas/react-form-starter,2,2,2024-04-23T05:35:43Z,2024-06-10T22:52:26Z,JavaScript
304255610,smit-luvani,express-forster,https://github.com/smit-luvani/express-forster,2,2,2020-10-15T08:13:22Z,2024-12-20T02:34:34Z,JavaScript
323230304,thirionlogan,site-boilerplate,https://github.com/thirionlogan/site-boilerplate,2,4,2020-12-21T04:29:40Z,2023-01-17T15:15:57Z,JavaScript
782701272,HackYourFuture-CPH,hyf-project-template,https://github.com/HackYourFuture-CPH/hyf-project-template,2,14,2024-04-05T20:51:26Z,2024-12-09T14:22:53Z,JavaScript
464789333,szilvesztercsab,eleventy-netlify-boilerplate,https://github.com/szilvesztercsab/eleventy-netlify-boilerplate,2,1,2022-03-01T07:32:31Z,2025-06-06T23:06:59Z,JavaScript
397811085,edenia,wax-full-stack-boilerplate,https://github.com/edenia/wax-full-stack-boilerplate,2,1,2021-08-19T04:02:34Z,2022-06-10T13:54:37Z,JavaScript
244390067,CheesecakeLabs,gatsby-boilerplate,https://github.com/CheesecakeLabs/gatsby-boilerplate,2,0,2020-03-02T14:22:48Z,2021-09-27T23:39:04Z,JavaScript
659332321,DBorhara,Backend-Template-Node.js,https://github.com/DBorhara/Backend-Template-Node.js,2,3,2023-06-27T15:49:08Z,2025-04-29T20:25:29Z,JavaScript
308048575,earn9,r3f-next-starter,https://github.com/earn9/r3f-next-starter,2,7,2020-10-28T14:50:23Z,2023-06-11T03:01:58Z,JavaScript
647175124,SvelteKitApp,sveltekitapp-chrome-extension-template,https://github.com/SvelteKitApp/sveltekitapp-chrome-extension-template,2,1,2023-05-30T08:10:40Z,2023-07-28T07:18:30Z,JavaScript
322365511,Cleysonlb,nextjs-starter,https://github.com/Cleysonlb/nextjs-starter,2,0,2020-12-17T17:26:20Z,2023-03-07T11:28:39Z,JavaScript
230730214,giulioambrogi,node-app-starter,https://github.com/giulioambrogi/node-app-starter,2,0,2019-12-29T09:38:19Z,2022-01-26T01:01:15Z,JavaScript
258896472,vseventer,eleventy-webpack-boilerplate,https://github.com/vseventer/eleventy-webpack-boilerplate,2,0,2020-04-25T23:37:09Z,2022-09-23T22:21:46Z,JavaScript
1005593787,Ipso-ferro,templateViteAndTailwind,https://github.com/Ipso-ferro/templateViteAndTailwind,2,0,2025-06-20T13:31:57Z,2025-06-28T02:57:31Z,JavaScript
914927808,adobe-summit2025-l335,l335-base,https://github.com/adobe-summit2025-l335/l335-base,2,3,2025-01-10T15:43:27Z,2025-06-05T12:46:39Z,JavaScript
355659871,undeprecated,wordpress-react-plugin,https://github.com/undeprecated/wordpress-react-plugin,2,0,2021-04-07T19:27:03Z,2022-06-02T23:26:32Z,JavaScript
221821413,ample,gatsby-starter-ample,https://github.com/ample/gatsby-starter-ample,2,1,2019-11-15T01:47:40Z,2022-05-04T17:09:23Z,JavaScript
510826719,Fourteen98,Webpack-Boilerplate,https://github.com/Fourteen98/Webpack-Boilerplate,2,0,2022-07-05T17:07:38Z,2022-08-27T22:22:13Z,JavaScript
990050177,orielhaim,Starter-Server,https://github.com/orielhaim/Starter-Server,2,0,2025-05-25T11:57:19Z,2025-06-04T15:39:21Z,JavaScript
949217912,smoudjs,playable-template-base-js,https://github.com/smoudjs/playable-template-base-js,2,2,2025-03-15T23:53:42Z,2025-08-01T13:38:57Z,JavaScript
47423985,DigitalHistory,assignment-01-html-css,https://github.com/DigitalHistory/assignment-01-html-css,2,38,2015-12-04T19:15:39Z,2024-09-16T13:52:26Z,JavaScript
203075195,courtness,gatsby-netlify,https://github.com/courtness/gatsby-netlify,2,0,2019-08-19T01:14:36Z,2020-11-24T04:52:38Z,JavaScript
192183903,HugoDF,express-server-render-starter,https://github.com/HugoDF/express-server-render-starter,2,2,2019-06-16T11:37:21Z,2022-05-05T10:19:45Z,JavaScript
483683538,nuktpls,gatsby-theme-boilerplate-blog,https://github.com/nuktpls/gatsby-theme-boilerplate-blog,2,0,2022-04-20T14:16:04Z,2023-01-13T17:11:08Z,JavaScript
535342161,Strike24,Discord.js-Starter-Bot,https://github.com/Strike24/Discord.js-Starter-Bot,2,2,2022-09-11T15:35:36Z,2025-04-07T16:14:10Z,JavaScript
264035367,mrcelo,next-tailwind-starter,https://github.com/mrcelo/next-tailwind-starter,2,0,2020-05-14T22:04:35Z,2023-05-25T14:57:59Z,JavaScript
988950879,4GeeksAcademy,4GeeksAcademy-Fs-Pf-100-OhMyChef,https://github.com/4GeeksAcademy/4GeeksAcademy-Fs-Pf-100-OhMyChef,2,3,2025-05-23T10:22:19Z,2025-07-03T14:52:06Z,JavaScript
371189415,uclaacm,teach-la-ts-react-starter,https://github.com/uclaacm/teach-la-ts-react-starter,2,2,2021-05-26T23:06:29Z,2022-01-03T04:26:48Z,JavaScript
458248640,JekelyLab,new_paper_template,https://github.com/JekelyLab/new_paper_template,2,12,2022-02-11T15:52:14Z,2024-12-01T16:27:43Z,JavaScript
283277323,JoHoop,semantic-ui-react-firebase-starter,https://github.com/JoHoop/semantic-ui-react-firebase-starter,2,0,2020-07-28T17:07:56Z,2023-03-09T02:01:03Z,JavaScript
749010222,foolish-pine,shopify-boilerplate,https://github.com/foolish-pine/shopify-boilerplate,2,0,2024-01-27T10:16:58Z,2025-06-01T07:55:06Z,JavaScript
223695807,sdanyalk,auth-project-two,https://github.com/sdanyalk/auth-project-two,2,2,2019-11-24T05:12:38Z,2020-06-10T00:24:27Z,JavaScript
686725273,Bludiot,configureight,https://github.com/Bludiot/configureight,2,0,2023-09-03T18:33:02Z,2025-08-02T20:36:34Z,JavaScript
66307901,dev-academy-challenges,boilerplate-react-redux,https://github.com/dev-academy-challenges/boilerplate-react-redux,3,43,2016-08-22T21:00:47Z,2022-06-08T03:08:00Z,JavaScript
691031264,Technigo,react-vite-use-context-boiler-plate,https://github.com/Technigo/react-vite-use-context-boiler-plate,3,9,2023-09-13T11:16:20Z,2025-03-11T14:43:36Z,JavaScript
206010260,osteele,p5pose,https://github.com/osteele/p5pose,3,13,2019-09-03T07:00:18Z,2022-02-21T09:08:29Z,JavaScript
110068997,balasasidhar,react-starter-template,https://github.com/balasasidhar/react-starter-template,3,4,2017-11-09T04:53:57Z,2023-09-25T16:37:40Z,JavaScript
654261937,apostrophecms,starter-kit-ecommerce,https://github.com/apostrophecms/starter-kit-ecommerce,3,3,2023-06-15T18:26:29Z,2025-06-17T08:30:26Z,JavaScript
227094561,platformsh-templates,gatsby,https://github.com/platformsh-templates/gatsby,3,3,2019-12-10T10:48:24Z,2025-08-09T19:36:01Z,JavaScript
179379979,puncsky,typescript-react-lib-starter,https://github.com/puncsky/typescript-react-lib-starter,3,5,2019-04-03T22:32:15Z,2025-02-20T03:27:18Z,JavaScript
463582135,fastly,compute-starter-kit-javascript-empty,https://github.com/fastly/compute-starter-kit-javascript-empty,3,7,2022-02-25T15:26:25Z,2025-03-31T09:12:59Z,JavaScript
366908680,shipyard,react-django-starter,https://github.com/shipyard/react-django-starter,3,9,2021-05-13T02:14:28Z,2024-08-27T21:52:24Z,JavaScript
238541768,ecomplus,application-starter,https://github.com/ecomplus/application-starter,3,3,2020-02-05T20:27:20Z,2025-08-01T18:17:51Z,JavaScript
386737958,vinhvn,next-typescript-twin-styled-eslint-starter,https://github.com/vinhvn/next-typescript-twin-styled-eslint-starter,3,2,2021-07-16T19:03:57Z,2022-10-20T21:33:35Z,JavaScript
201910744,geocine,gatsby-starter-organization,https://github.com/geocine/gatsby-starter-organization,3,4,2019-08-12T10:41:34Z,2023-06-28T16:21:06Z,JavaScript
198613968,wdr-data,starter,https://github.com/wdr-data/starter,3,1,2019-07-24T10:34:02Z,2024-11-29T12:38:53Z,JavaScript
475204049,basiqio-oss,account-verification-v3,https://github.com/basiqio-oss/account-verification-v3,3,10,2022-03-28T22:52:28Z,2025-06-17T02:46:32Z,JavaScript
244535490,serg-troy,wdio-mocha-boilerplate,https://github.com/serg-troy/wdio-mocha-boilerplate,3,5,2020-03-03T03:47:19Z,2020-07-18T00:48:27Z,JavaScript
200697669,sportstimes,gatsby-template,https://github.com/sportstimes/gatsby-template,3,2,2019-08-05T17:13:35Z,2025-02-05T09:06:44Z,JavaScript
877029279,CarterOgunsola,v2-weblow-starter,https://github.com/CarterOgunsola/v2-weblow-starter,3,2,2024-10-23T00:54:29Z,2025-02-03T07:55:07Z,JavaScript
260705215,edbentley,replay-starter-js,https://github.com/edbentley/replay-starter-js,3,3,2020-05-02T14:32:02Z,2023-01-11T03:28:46Z,JavaScript
279673723,whatsthatsmell,tdd_resolvers,https://github.com/whatsthatsmell/tdd_resolvers,3,4,2020-07-14T19:21:03Z,2022-11-13T16:08:17Z,JavaScript
306560766,aeternity,aepp-boilerplate-vue,https://github.com/aeternity/aepp-boilerplate-vue,3,4,2020-10-23T07:28:11Z,2023-11-28T02:58:40Z,JavaScript
208816925,emcasa,react-starter,https://github.com/emcasa/react-starter,3,4,2019-09-16T14:12:35Z,2021-03-30T10:30:07Z,JavaScript
224633876,avdkishore,apollo-express-boilerplate,https://github.com/avdkishore/apollo-express-boilerplate,3,2,2019-11-28T11:01:04Z,2022-04-12T00:54:38Z,JavaScript
349205404,wunderio,nextjs-project,https://github.com/wunderio/nextjs-project,3,3,2021-03-18T20:14:50Z,2024-10-11T12:28:04Z,JavaScript
337862434,msyyn,sapper-supabase-starter,https://github.com/msyyn/sapper-supabase-starter,3,1,2021-02-10T21:46:01Z,2022-07-10T19:52:01Z,JavaScript
247054053,savaslabs,pug-boilerplate,https://github.com/savaslabs/pug-boilerplate,3,2,2020-03-13T11:16:56Z,2023-08-19T12:37:18Z,JavaScript
399892225,susegroj,react-starter-pack,https://github.com/susegroj/react-starter-pack,3,0,2021-08-25T16:48:29Z,2021-11-10T20:37:53Z,JavaScript
795851378,MathisHumbert,ssr-creative-boilerplate,https://github.com/MathisHumbert/ssr-creative-boilerplate,3,2,2024-05-04T08:39:30Z,2025-07-23T15:13:55Z,JavaScript
407899178,Abstrucked,vue-web3-solidity,https://github.com/Abstrucked/vue-web3-solidity,3,4,2021-09-18T15:35:54Z,2022-10-09T03:29:10Z,JavaScript
508829171,coherenceplatform,nextjs-template,https://github.com/coherenceplatform/nextjs-template,3,3,2022-06-29T19:58:49Z,2023-08-30T10:49:35Z,JavaScript
379975926,peruvianidol,11ty-starter,https://github.com/peruvianidol/11ty-starter,3,1,2021-06-24T15:45:23Z,2023-05-02T14:33:45Z,JavaScript
451036217,nash-protocol,starter-kit,https://github.com/nash-protocol/starter-kit,3,2,2022-01-23T07:40:40Z,2023-04-20T05:21:29Z,JavaScript
526779872,yzdbg,threejs-nuxt-starter-kit,https://github.com/yzdbg/threejs-nuxt-starter-kit,3,0,2022-08-19T23:41:59Z,2024-03-29T16:23:53Z,JavaScript
148300647,anthify,html5-es6-scss-hotreloading-starter-pack,https://github.com/anthify/html5-es6-scss-hotreloading-starter-pack,3,0,2018-09-11T10:29:26Z,2024-03-28T13:34:00Z,JavaScript
58379186,Horttcore,WordPress-Theme-Boilerplate,https://github.com/Horttcore/WordPress-Theme-Boilerplate,3,5,2016-05-09T13:37:04Z,2025-07-02T19:16:22Z,JavaScript
481965675,web-steel,extension-skeleton-mv3,https://github.com/web-steel/extension-skeleton-mv3,3,0,2022-04-15T13:22:39Z,2024-05-27T04:24:55Z,JavaScript
662396687,HackAtUCI,starter-pack-full-stack-web-app,https://github.com/HackAtUCI/starter-pack-full-stack-web-app,3,4,2023-07-05T03:47:52Z,2025-02-03T21:47:15Z,JavaScript
388075244,alimgiray,express-mongo-starter,https://github.com/alimgiray/express-mongo-starter,3,0,2021-07-21T10:08:40Z,2021-07-25T02:23:46Z,JavaScript
351127489,netboxify,next-graphql-styled-components-boilerplate,https://github.com/netboxify/next-graphql-styled-components-boilerplate,3,0,2021-03-24T15:18:54Z,2021-04-19T13:35:59Z,JavaScript
265719389,diondree,nextjs-boilerplate,https://github.com/diondree/nextjs-boilerplate,3,1,2020-05-21T00:52:53Z,2021-08-10T21:24:43Z,JavaScript
713871287,Salmandabbakuti,react-vite-boilerplate,https://github.com/Salmandabbakuti/react-vite-boilerplate,3,2,2023-11-03T12:14:21Z,2024-11-25T00:39:35Z,JavaScript
582443817,mendesbarreto,live-reload-typescript-template,https://github.com/mendesbarreto/live-reload-typescript-template,3,2,2022-12-26T21:18:16Z,2025-06-16T16:14:49Z,JavaScript
600937277,skyciv,qd-calc-pack-template,https://github.com/skyciv/qd-calc-pack-template,3,5,2023-02-13T02:21:07Z,2024-06-25T14:21:38Z,JavaScript
481472894,rohan-fowlerharper,vite-fullstack,https://github.com/rohan-fowlerharper/vite-fullstack,3,2,2022-04-14T05:06:10Z,2023-01-03T20:00:06Z,JavaScript
904801487,4GeeksAcademy,PetPals80,https://github.com/4GeeksAcademy/PetPals80,3,3,2024-12-17T15:23:18Z,2025-04-04T02:38:42Z,JavaScript
246550506,ziwon,koa-rest-api-docs,https://github.com/ziwon/koa-rest-api-docs,3,3,2020-03-11T11:14:24Z,2024-01-16T14:03:58Z,JavaScript
205632547,cheesits456,discord-bot-template,https://github.com/cheesits456/discord-bot-template,3,2,2019-09-01T05:17:31Z,2020-08-18T10:18:33Z,JavaScript
276855824,ashwinkshenoy,zendesk-app-boilerplate,https://github.com/ashwinkshenoy/zendesk-app-boilerplate,3,0,2020-07-03T09:04:01Z,2024-12-10T09:43:50Z,JavaScript
462242456,akshat2602,Node-Express-Boilerplate,https://github.com/akshat2602/Node-Express-Boilerplate,3,0,2022-02-22T10:17:12Z,2023-05-09T03:25:59Z,JavaScript
413185310,gourmetseasoningsake,starter-hybrids-tailwind,https://github.com/gourmetseasoningsake/starter-hybrids-tailwind,3,2,2021-10-03T20:07:52Z,2022-06-02T08:02:46Z,JavaScript
185760323,release-it,plugin-starterkit,https://github.com/release-it/plugin-starterkit,3,6,2019-05-09T08:40:33Z,2024-09-11T08:20:29Z,JavaScript
496091237,rashgaroth,dapps-react-redux-mui-boilerplate,https://github.com/rashgaroth/dapps-react-redux-mui-boilerplate,3,2,2022-05-25T05:13:45Z,2025-07-01T11:20:35Z,JavaScript
182898362,neetjn,riot4-boilerplate,https://github.com/neetjn/riot4-boilerplate,3,0,2019-04-23T01:34:37Z,2021-01-02T14:21:39Z,JavaScript
224996091,alertbox,todomvc-cucumber-protracteer,https://github.com/alertbox/todomvc-cucumber-protracteer,3,2,2019-11-30T10:35:14Z,2023-09-08T18:00:44Z,JavaScript
368885235,SimonGenin,OWL-JavaScript-Project-Starter,https://github.com/SimonGenin/OWL-JavaScript-Project-Starter,3,3,2021-05-19T13:48:53Z,2022-01-04T03:53:08Z,JavaScript
978184946,adobe-commerce,partner-day-accs,https://github.com/adobe-commerce/partner-day-accs,3,7,2025-05-05T15:44:07Z,2025-06-24T21:36:55Z,JavaScript
257929045,merklefruit,mern-template-antd,https://github.com/merklefruit/mern-template-antd,3,1,2020-04-22T14:41:00Z,2025-05-24T03:02:38Z,JavaScript
758527917,itsMinar,express-mongodb-starter,https://github.com/itsMinar/express-mongodb-starter,3,1,2024-02-16T14:14:34Z,2025-04-17T04:54:07Z,JavaScript
457047616,hummingbot,hbui-boilerplate-webpack,https://github.com/hummingbot/hbui-boilerplate-webpack,3,4,2022-02-08T18:05:43Z,2024-09-15T03:43:58Z,JavaScript
163015958,itsabdessalam,webpack-boilerplate,https://github.com/itsabdessalam/webpack-boilerplate,3,1,2018-12-24T18:38:35Z,2023-03-07T17:00:14Z,JavaScript
503515776,karabayyazilim,nodejs-boilerplate-sequelize,https://github.com/karabayyazilim/nodejs-boilerplate-sequelize,3,0,2022-06-14T20:47:58Z,2023-02-01T20:59:04Z,JavaScript
136163188,akari0624,react-starter-boilerplate,https://github.com/akari0624/react-starter-boilerplate,3,0,2018-06-05T10:50:27Z,2023-03-10T09:09:58Z,JavaScript
153369724,dbritto-dev,aws-lambda-puppeteer-bootstrap,https://github.com/dbritto-dev/aws-lambda-puppeteer-bootstrap,3,0,2018-10-16T23:57:54Z,2025-07-13T18:12:27Z,JavaScript
444465603,cmubtg,btg-website,https://github.com/cmubtg/btg-website,3,4,2022-01-04T15:16:04Z,2025-05-12T01:50:47Z,JavaScript
200353424,ekafyi,starter-musician-theme,https://github.com/ekafyi/starter-musician-theme,3,5,2019-08-03T08:48:35Z,2023-07-19T04:59:35Z,JavaScript
314320950,piersolenski,sanity-starter,https://github.com/piersolenski/sanity-starter,3,1,2020-11-19T17:26:22Z,2020-12-16T12:16:37Z,JavaScript
130019142,UniversityOfHelsinkiCS,toskaboiler,https://github.com/UniversityOfHelsinkiCS/toskaboiler,3,3,2018-04-18T07:07:56Z,2022-07-14T10:05:13Z,JavaScript
320080279,ingusjan,react-tailwind-starter,https://github.com/ingusjan/react-tailwind-starter,3,0,2020-12-09T21:10:05Z,2022-10-07T20:27:22Z,JavaScript
214397565,mikqi,ink-boilerplate,https://github.com/mikqi/ink-boilerplate,3,0,2019-10-11T09:32:24Z,2024-05-20T16:33:17Z,JavaScript
368932753,micschwarz,svelte-reveal-boilerplate,https://github.com/micschwarz/svelte-reveal-boilerplate,3,2,2021-05-19T16:24:27Z,2024-02-01T11:03:04Z,JavaScript
601489973,prasoonsoni,react-chakra-starter,https://github.com/prasoonsoni/react-chakra-starter,3,1,2023-02-14T07:10:28Z,2023-10-05T02:00:30Z,JavaScript
736122132,boeschj,browser-extension-starter,https://github.com/boeschj/browser-extension-starter,3,0,2023-12-27T03:40:20Z,2025-01-31T20:35:49Z,JavaScript
303644146,CrystallizeAPI,content-commerce-boilerplate,https://github.com/CrystallizeAPI/content-commerce-boilerplate,3,3,2020-10-13T08:54:29Z,2025-01-09T02:09:48Z,JavaScript
553751264,austin-rt,create-react-skeleton,https://github.com/austin-rt/create-react-skeleton,3,0,2022-10-18T17:57:19Z,2022-12-08T02:55:31Z,JavaScript
74405261,xr0gu3,typescript-react-boilerplate,https://github.com/xr0gu3/typescript-react-boilerplate,3,0,2016-11-21T20:59:05Z,2021-04-15T14:12:29Z,JavaScript
613844317,IceyWu,starter-web,https://github.com/IceyWu/starter-web,3,1,2023-03-14T11:39:49Z,2024-03-19T06:27:02Z,JavaScript
847897805,Jason-Black,Vite-Tailwind-React-Portfolio2,https://github.com/Jason-Black/Vite-Tailwind-React-Portfolio2,3,3,2024-08-26T18:51:32Z,2025-07-16T09:35:17Z,JavaScript
656596861,schiesser-it,splunk-react-boilerplate,https://github.com/schiesser-it/splunk-react-boilerplate,3,1,2023-06-21T09:01:47Z,2024-04-05T06:01:26Z,JavaScript
207480066,caicloud,web-template-project,https://github.com/caicloud/web-template-project,3,14,2019-09-10T06:19:22Z,2021-03-26T00:18:38Z,JavaScript
306112870,gcsrilanka,nodejs-boilerplate,https://github.com/gcsrilanka/nodejs-boilerplate,3,2,2020-10-21T18:25:19Z,2021-01-11T18:46:49Z,JavaScript
224705668,giocare,gatsby-starter-keturah,https://github.com/giocare/gatsby-starter-keturah,3,2,2019-11-28T18:01:59Z,2024-12-05T12:46:54Z,JavaScript
958753801,doganarif,build-it,https://github.com/doganarif/build-it,3,3,2025-04-01T17:52:43Z,2025-07-25T14:24:09Z,JavaScript
425425887,ShiprDev,NextJS-SaaS-Boilerplate,https://github.com/ShiprDev/NextJS-SaaS-Boilerplate,3,1,2021-11-07T06:02:16Z,2024-08-28T11:52:38Z,JavaScript
442469577,suryaadtmaja,fastify-prisma-template,https://github.com/suryaadtmaja/fastify-prisma-template,3,1,2021-12-28T13:19:17Z,2025-02-13T01:18:58Z,JavaScript
377799682,happeo,custom-widget-templates,https://github.com/happeo/custom-widget-templates,3,7,2021-06-17T11:00:20Z,2025-01-27T12:06:52Z,JavaScript
237542892,Bakon,template-react-webpack,https://github.com/Bakon/template-react-webpack,3,0,2020-02-01T01:06:25Z,2022-01-27T05:15:46Z,JavaScript
205385576,protofire,react-subgraph-starter-kit,https://github.com/protofire/react-subgraph-starter-kit,3,3,2019-08-30T13:15:25Z,2022-06-02T12:35:05Z,JavaScript
432418495,AnselemOdims,Webpack-BoilerPlate,https://github.com/AnselemOdims/Webpack-BoilerPlate,3,0,2021-11-27T09:27:05Z,2022-03-29T14:40:28Z,JavaScript
281591952,xyzhanjiang,template,https://github.com/xyzhanjiang/template,3,4,2020-07-22T06:15:49Z,2025-01-10T13:22:23Z,JavaScript
302597970,selrond,next-react-app,https://github.com/selrond/next-react-app,3,0,2020-10-09T09:43:26Z,2024-02-22T03:15:46Z,JavaScript
87384818,axetroy,ts-gmscript-boilerplate,https://github.com/axetroy/ts-gmscript-boilerplate,3,2,2017-04-06T04:03:34Z,2020-04-15T08:19:34Z,JavaScript
381242809,dharmikumbhani,webpack-multipage-starter,https://github.com/dharmikumbhani/webpack-multipage-starter,3,0,2021-06-29T04:53:54Z,2025-02-15T12:19:35Z,JavaScript
209023237,jkhaui,serverless-python-boilerplate,https://github.com/jkhaui/serverless-python-boilerplate,3,0,2019-09-17T10:18:24Z,2024-01-12T19:26:41Z,JavaScript
828072149,RavenHogWarts,obsidian-plugin-starter,https://github.com/RavenHogWarts/obsidian-plugin-starter,3,0,2024-07-13T03:44:07Z,2025-08-02T01:06:41Z,JavaScript
536405958,Talljack,starter-ts-lib,https://github.com/Talljack/starter-ts-lib,3,0,2022-09-14T03:59:10Z,2024-06-04T21:13:07Z,JavaScript
752394713,Andersonlimahw,boilerplate-react-ts-reactquery-zustand-tailwindcss,https://github.com/Andersonlimahw/boilerplate-react-ts-reactquery-zustand-tailwindcss,3,0,2024-02-03T19:56:55Z,2025-04-13T22:17:54Z,JavaScript
108850238,krismuniz,minimal-starter,https://github.com/krismuniz/minimal-starter,4,5,2017-10-30T12:50:53Z,2023-10-20T12:32:08Z,JavaScript
168264161,tientran0019,boilerplate-react-native-with-expo,https://github.com/tientran0019/boilerplate-react-native-with-expo,4,4,2019-01-30T02:17:11Z,2023-09-06T03:08:21Z,JavaScript
113589316,dabblelab,1-alexa-basic-example-skill,https://github.com/dabblelab/1-alexa-basic-example-skill,4,6,2017-12-08T15:35:46Z,2021-11-21T18:22:53Z,JavaScript
622842980,HZ-HBO-ICT,ms-svelte-tailwindcss-boilerplate,https://github.com/HZ-HBO-ICT/ms-svelte-tailwindcss-boilerplate,4,20,2023-04-03T07:16:11Z,2025-01-27T08:28:51Z,JavaScript
190491616,deakin-launchpad,react-frontend-boilerplate,https://github.com/deakin-launchpad/react-frontend-boilerplate,4,19,2019-06-06T01:10:45Z,2025-06-08T11:52:43Z,JavaScript
220778997,cookie-coin,TRC20-Coin-Starter,https://github.com/cookie-coin/TRC20-Coin-Starter,4,5,2019-11-10T11:16:59Z,2025-03-29T12:01:50Z,JavaScript
181910045,rbb-data,starter,https://github.com/rbb-data/starter,4,1,2019-04-17T14:36:07Z,2021-12-01T09:11:02Z,JavaScript
195265364,hatchways,express-starter,https://github.com/hatchways/express-starter,4,18,2019-07-04T15:26:43Z,2020-11-14T19:37:37Z,JavaScript
411807165,datopian,nextjs-tailwind-mdx,https://github.com/datopian/nextjs-tailwind-mdx,4,6,2021-09-29T19:39:27Z,2023-04-30T14:23:46Z,JavaScript
275329796,akshilshah,nodejs-starter-kit-lite,https://github.com/akshilshah/nodejs-starter-kit-lite,4,4,2020-06-27T08:22:02Z,2021-09-30T14:03:39Z,JavaScript
347590082,DarioQuintanilla2109,react-native-boilerPlate,https://github.com/DarioQuintanilla2109/react-native-boilerPlate,4,3,2021-03-14T09:07:55Z,2021-11-14T06:47:08Z,JavaScript
861898664,evidence-dev,sf311_starter,https://github.com/evidence-dev/sf311_starter,4,3,2024-09-23T17:36:42Z,2025-01-12T18:24:15Z,JavaScript
457975643,redis-developer,nextjs-redis-netlify,https://github.com/redis-developer/nextjs-redis-netlify,4,6,2022-02-10T23:02:35Z,2024-12-10T01:38:31Z,JavaScript
141403669,BooheeFE,react-template,https://github.com/BooheeFE/react-template,4,2,2018-07-18T08:18:00Z,2022-01-06T08:32:28Z,JavaScript
526938438,codiume,astro-component-starter,https://github.com/codiume/astro-component-starter,4,0,2022-08-20T13:44:42Z,2024-08-13T16:23:53Z,JavaScript
551930746,hada0127,svelte-web,https://github.com/hada0127/svelte-web,4,0,2022-10-15T12:22:59Z,2023-03-18T04:04:23Z,JavaScript
98322870,Udo,canvas-game-starter,https://github.com/Udo/canvas-game-starter,4,0,2017-07-25T15:39:41Z,2025-08-08T20:33:39Z,JavaScript
807294438,Npower-Inc,Weather-App-Template,https://github.com/Npower-Inc/Weather-App-Template,4,42,2024-05-28T20:36:01Z,2025-06-28T01:43:43Z,JavaScript
478023352,remarcmij,vanilla-starter,https://github.com/remarcmij/vanilla-starter,4,4,2022-04-05T07:40:05Z,2025-07-17T21:57:27Z,JavaScript
508699720,mateeqazam,nodejs-microservice-base,https://github.com/mateeqazam/nodejs-microservice-base,4,3,2022-06-29T13:19:07Z,2024-04-08T07:11:13Z,JavaScript
739736552,TheRavenSeb,Att-Client-Starter,https://github.com/TheRavenSeb/Att-Client-Starter,4,3,2024-01-06T11:44:38Z,2025-07-02T16:55:29Z,JavaScript
302551654,JeffWeim,next-shopify-starter,https://github.com/JeffWeim/next-shopify-starter,4,2,2020-10-09T06:23:47Z,2023-06-29T04:57:54Z,JavaScript
74300747,djizco,electron-react-boilerplate,https://github.com/djizco/electron-react-boilerplate,4,2,2016-11-20T20:32:37Z,2022-09-25T21:25:31Z,JavaScript
209814467,mitevpi,vue-composition-api-template,https://github.com/mitevpi/vue-composition-api-template,4,3,2019-09-20T14:48:01Z,2023-10-16T14:45:12Z,JavaScript
799492942,apelmahmudDev,react-native-starter,https://github.com/apelmahmudDev/react-native-starter,4,5,2024-05-12T10:14:44Z,2025-05-18T05:05:46Z,JavaScript
215970935,yottaawesome,express-js-boilerplate,https://github.com/yottaawesome/express-js-boilerplate,4,6,2019-10-18T07:55:52Z,2024-06-22T23:26:34Z,JavaScript
176002804,zsevic,express-starter,https://github.com/zsevic/express-starter,4,0,2019-03-16T17:28:13Z,2025-03-02T19:08:46Z,JavaScript
282037369,tarkant,webpack-typescript-sass-boilerplate,https://github.com/tarkant/webpack-typescript-sass-boilerplate,4,2,2020-07-23T19:24:08Z,2025-05-28T19:51:15Z,JavaScript
894206151,4GeeksAcademy,Grupo2-BuscoProfe,https://github.com/4GeeksAcademy/Grupo2-BuscoProfe,4,3,2024-11-26T00:09:44Z,2025-04-04T02:33:39Z,JavaScript
771378028,RajaRakoto,vscode-boilerplate,https://github.com/RajaRakoto/vscode-boilerplate,4,1,2024-03-13T07:32:08Z,2024-12-01T00:18:03Z,JavaScript
191893277,Teddy95,webapp-boilerplate,https://github.com/Teddy95/webapp-boilerplate,4,2,2019-06-14T07:05:53Z,2022-12-05T21:47:34Z,JavaScript
244535235,reactioncommerce,api-plugin-example,https://github.com/reactioncommerce/api-plugin-example,4,29,2020-03-03T03:45:34Z,2024-07-01T19:40:48Z,JavaScript
421265719,iamsomraj,react-ts-tailwind-eslint-prettier,https://github.com/iamsomraj/react-ts-tailwind-eslint-prettier,4,7,2021-10-26T03:26:34Z,2025-07-30T17:15:27Z,JavaScript
618434763,GPT-Wizard,gpt-reactjs-starter,https://github.com/GPT-Wizard/gpt-reactjs-starter,4,7,2023-03-24T13:12:25Z,2025-07-17T23:54:08Z,JavaScript
556294766,dorbus,react-component-library-template,https://github.com/dorbus/react-component-library-template,4,1,2022-10-23T14:25:43Z,2023-01-28T14:53:17Z,JavaScript
565752117,baydisng13,Vite_React_Tailwind_ReactRouter_JS_Starter,https://github.com/baydisng13/Vite_React_Tailwind_ReactRouter_JS_Starter,4,2,2022-11-14T08:55:08Z,2023-06-20T14:48:22Z,JavaScript
288038651,CodeDrips,gatsby-starter-codedrips,https://github.com/CodeDrips/gatsby-starter-codedrips,4,2,2020-08-16T23:02:43Z,2023-10-12T18:57:27Z,JavaScript
208244914,kenodressel,aepp-boilerplate,https://github.com/kenodressel/aepp-boilerplate,4,2,2019-09-13T10:43:33Z,2021-12-18T14:39:38Z,JavaScript
377535132,yashbeer,google-cloud-function-template,https://github.com/yashbeer/google-cloud-function-template,4,2,2021-06-16T15:01:31Z,2025-02-11T23:01:09Z,JavaScript
262104837,ltwlf,azure-functions-starter-ts,https://github.com/ltwlf/azure-functions-starter-ts,4,2,2020-05-07T16:39:36Z,2021-08-14T05:36:39Z,JavaScript
546648007,zokuji,skeltik,https://github.com/zokuji/skeltik,4,1,2022-10-06T12:21:50Z,2024-02-12T10:53:49Z,JavaScript
511054626,hexagon06,vue3-boilerplate-library,https://github.com/hexagon06/vue3-boilerplate-library,4,1,2022-07-06T08:33:28Z,2025-07-16T03:23:12Z,JavaScript
642213359,michaelcreatesstuff,chrome-extension-gpt-boilerplate,https://github.com/michaelcreatesstuff/chrome-extension-gpt-boilerplate,4,4,2023-05-18T04:21:48Z,2025-04-19T04:24:42Z,JavaScript
478945829,surajshende247,basic-mern-starter,https://github.com/surajshende247/basic-mern-starter,4,1,2022-04-07T11:01:53Z,2024-03-11T14:36:21Z,JavaScript
486989010,Clodolt,laravel9-vue3-vuetify3-tailwind-starter,https://github.com/Clodolt/laravel9-vue3-vuetify3-tailwind-starter,4,3,2022-04-29T13:48:51Z,2023-06-07T17:00:49Z,JavaScript
300748703,clam1987,MERN-template,https://github.com/clam1987/MERN-template,4,7,2020-10-02T22:22:15Z,2021-07-16T20:23:34Z,JavaScript
188507561,Eluvade,hydra-boilerplate,https://github.com/Eluvade/hydra-boilerplate,4,0,2019-05-25T01:39:43Z,2023-01-31T17:18:24Z,JavaScript
408770931,MLH-Fellowship,prep-react-template,https://github.com/MLH-Fellowship/prep-react-template,4,10,2021-09-21T10:07:42Z,2024-05-17T16:52:28Z,JavaScript
668535494,Tim-Quattrochi,MERN-Starter,https://github.com/Tim-Quattrochi/MERN-Starter,4,1,2023-07-20T03:34:29Z,2024-04-29T01:27:13Z,JavaScript
321841631,lrq3000,stackbit-gatsby-theme-diy-libris,https://github.com/lrq3000/stackbit-gatsby-theme-diy-libris,4,7,2020-12-16T02:09:30Z,2023-11-09T15:21:52Z,JavaScript
291675989,CourseDesign,monorepo-boilerplate,https://github.com/CourseDesign/monorepo-boilerplate,4,3,2020-08-31T09:45:57Z,2023-01-31T18:29:42Z,JavaScript
173644241,puncsky,typescript-starter,https://github.com/puncsky/typescript-starter,4,1,2019-03-03T23:50:04Z,2025-02-19T21:44:34Z,JavaScript
228107514,kylewhittemore,sql-sandbox,https://github.com/kylewhittemore/sql-sandbox,4,3,2019-12-15T00:19:03Z,2020-06-18T23:20:57Z,JavaScript
243109681,wellmann,kwio-gutenberg-blocks,https://github.com/wellmann/kwio-gutenberg-blocks,4,2,2020-02-25T21:49:26Z,2024-04-09T20:19:33Z,JavaScript
532723245,snowflake-so,safe-apps-starter,https://github.com/snowflake-so/safe-apps-starter,4,1,2022-09-05T02:58:48Z,2022-10-19T11:32:15Z,JavaScript
526462596,SE-JE,Next-Light-deprecated,https://github.com/SE-JE/Next-Light-deprecated,4,3,2022-08-19T04:29:26Z,2025-03-02T01:45:39Z,JavaScript
199330880,HugoDF,node-mit-boilerplate,https://github.com/HugoDF/node-mit-boilerplate,4,1,2019-07-28T19:53:18Z,2024-10-20T22:32:55Z,JavaScript
408901677,Rocio01,webpack-boilerplate,https://github.com/Rocio01/webpack-boilerplate,4,0,2021-09-21T16:53:08Z,2021-11-05T23:16:51Z,JavaScript
645535189,EXORD-STUDIO,Creative_Coding_Boilerplate,https://github.com/EXORD-STUDIO/Creative_Coding_Boilerplate,4,0,2023-05-25T21:59:02Z,2024-06-18T05:48:23Z,JavaScript
452730337,cednore,nodejs-starter,https://github.com/cednore/nodejs-starter,4,0,2022-01-27T15:10:20Z,2025-06-30T19:48:25Z,JavaScript
950544264,HichemTab-tech,npm-package-skeleton,https://github.com/HichemTab-tech/npm-package-skeleton,4,0,2025-03-18T10:25:14Z,2025-04-28T16:11:42Z,JavaScript
577911656,raulmarindev,rolling-thunder-again,https://github.com/raulmarindev/rolling-thunder-again,4,0,2022-12-13T20:13:11Z,2023-12-12T04:36:54Z,JavaScript
401564173,x-cold,rollup-ts-library-boilerplate,https://github.com/x-cold/rollup-ts-library-boilerplate,4,0,2021-08-31T03:45:31Z,2025-02-08T02:13:39Z,JavaScript
348678255,plentymarkets,plugin-boilerplate-plentyshop,https://github.com/plentymarkets/plugin-boilerplate-plentyshop,4,1,2021-03-17T11:05:33Z,2023-02-21T07:51:59Z,JavaScript
723666804,Andersonlimahw,boilerplate-react-ts-zustand-tailwindcss,https://github.com/Andersonlimahw/boilerplate-react-ts-zustand-tailwindcss,4,1,2023-11-26T12:00:57Z,2025-04-13T22:17:41Z,JavaScript
402870427,PhaserEditor2D,starter-example-sunny-land,https://github.com/PhaserEditor2D/starter-example-sunny-land,4,7,2021-09-03T18:54:13Z,2024-06-29T06:10:36Z,JavaScript
212367333,mdauner,sapper-tailwindcss-template,https://github.com/mdauner/sapper-tailwindcss-template,4,1,2019-10-02T14:48:48Z,2020-06-16T01:48:00Z,JavaScript
225190654,saeedjalalisj,node-basic-boilerplate,https://github.com/saeedjalalisj/node-basic-boilerplate,4,0,2019-12-01T16:15:30Z,2024-12-24T02:28:14Z,JavaScript
235833123,teleporthq,teleport-starter,https://github.com/teleporthq/teleport-starter,4,3,2020-01-23T16:12:54Z,2022-02-12T06:23:51Z,JavaScript
195095627,plibither8,browser-extension-starter,https://github.com/plibither8/browser-extension-starter,4,0,2019-07-03T17:01:30Z,2024-12-24T13:22:27Z,JavaScript
579486680,TheNolle,DiscordJS-Template-JavaScript,https://github.com/TheNolle/DiscordJS-Template-JavaScript,4,1,2022-12-17T21:18:02Z,2023-12-21T16:26:17Z,JavaScript
839011776,Phoenix7290,React-Template,https://github.com/Phoenix7290/React-Template,4,11,2024-08-06T19:39:01Z,2024-10-29T03:23:08Z,JavaScript
207630096,jacobparis,react-boilerplate,https://github.com/jacobparis/react-boilerplate,4,0,2019-09-10T18:09:09Z,2020-11-06T06:29:02Z,JavaScript
785929100,AhsanAyaz,reveal-multi-slides-template,https://github.com/AhsanAyaz/reveal-multi-slides-template,4,0,2024-04-12T23:48:54Z,2025-02-15T15:48:20Z,JavaScript
223647133,lolastudio,lit-starter,https://github.com/lolastudio/lit-starter,4,1,2019-11-23T20:15:18Z,2025-07-07T22:25:03Z,JavaScript
665743322,kambereBr,webpack-starter,https://github.com/kambereBr/webpack-starter,4,0,2023-07-12T22:46:55Z,2024-01-27T20:01:37Z,JavaScript
495565088,devstein,sveltekit-starter,https://github.com/devstein/sveltekit-starter,4,0,2022-05-23T20:34:35Z,2023-05-08T20:53:52Z,JavaScript
508693669,integrating-magic,charting-starter,https://github.com/integrating-magic/charting-starter,4,1,2022-06-29T13:02:01Z,2024-08-30T21:37:16Z,JavaScript
354579578,nss-evening-cohort-14,react-template,https://github.com/nss-evening-cohort-14/react-template,4,12,2021-04-04T15:32:01Z,2023-04-19T19:50:20Z,JavaScript
699934792,roniardev,caelus,https://github.com/roniardev/caelus,4,1,2023-10-03T16:13:32Z,2024-06-11T03:33:59Z,JavaScript
292968605,Compulsed,serverless-aurora-graphql-starter,https://github.com/Compulsed/serverless-aurora-graphql-starter,4,1,2020-09-04T23:55:29Z,2022-07-04T00:57:21Z,JavaScript
291399361,SoorajSNBlaze333,react-webpack-ts-starter,https://github.com/SoorajSNBlaze333/react-webpack-ts-starter,4,0,2020-08-30T04:26:08Z,2021-05-09T21:05:56Z,JavaScript
757220404,xkeshav,template,https://github.com/xkeshav/template,4,0,2024-02-14T03:18:05Z,2024-10-15T11:57:24Z,JavaScript
226522116,hameeddamee,node-express-starter,https://github.com/hameeddamee/node-express-starter,4,2,2019-12-07T13:57:24Z,2021-08-23T23:31:43Z,JavaScript
437118593,inframanufaktur,no-11,https://github.com/inframanufaktur/no-11,4,2,2021-12-10T21:28:32Z,2024-05-29T19:37:47Z,JavaScript
387991266,fi6,kBotify-template,https://github.com/fi6/kBotify-template,4,1,2021-07-21T04:20:08Z,2024-09-16T13:43:44Z,JavaScript
247781854,giovannefeitosa,react-material-boilerplate,https://github.com/giovannefeitosa/react-material-boilerplate,4,1,2020-03-16T17:50:56Z,2023-01-18T18:50:48Z,JavaScript
234880066,guillaumeduhan,node-firebase-boilerplate,https://github.com/guillaumeduhan/node-firebase-boilerplate,4,2,2020-01-19T10:18:53Z,2025-03-23T23:52:22Z,JavaScript
509398660,thepranaygupta,nextjs-tailwind-boilerplate,https://github.com/thepranaygupta/nextjs-tailwind-boilerplate,4,3,2022-07-01T09:36:47Z,2023-04-15T17:20:12Z,JavaScript
211325839,qWici,twitch-bot-boilerplate,https://github.com/qWici/twitch-bot-boilerplate,4,2,2019-09-27T13:30:08Z,2024-05-20T18:13:19Z,JavaScript
66401390,dev-academy-challenges,boilerplate-redux-async,https://github.com/dev-academy-challenges/boilerplate-redux-async,5,50,2016-08-23T20:36:48Z,2025-01-22T11:25:17Z,JavaScript
78318656,CreativeCircus,circus-starter,https://github.com/CreativeCircus/circus-starter,5,13,2017-01-08T03:20:10Z,2023-03-15T17:09:50Z,JavaScript
400326886,median-man,mern-gql-starter,https://github.com/median-man/mern-gql-starter,5,3,2021-08-26T22:59:05Z,2022-02-02T19:21:50Z,JavaScript
593004507,isaaclee12,Cyclic-MERN-Starter-Kit,https://github.com/isaaclee12/Cyclic-MERN-Starter-Kit,5,8,2023-01-25T01:50:02Z,2023-08-26T18:05:18Z,JavaScript
320424329,ironhack-sao-wdft,ironrest,https://github.com/ironhack-sao-wdft/ironrest,5,48,2020-12-11T00:29:33Z,2025-01-21T12:34:57Z,JavaScript
65343062,jasondeng,React-Express-ES6-Boilerplate,https://github.com/jasondeng/React-Express-ES6-Boilerplate,5,3,2016-08-10T02:18:17Z,2020-01-20T19:25:42Z,JavaScript
355188374,withfig,autocomplete-boilerplate,https://github.com/withfig/autocomplete-boilerplate,5,6,2021-04-06T12:55:16Z,2024-08-24T23:39:38Z,JavaScript
453175723,nightwatchjs-community,nightwatch-examples,https://github.com/nightwatchjs-community/nightwatch-examples,5,14,2022-01-28T18:30:02Z,2025-03-05T02:03:43Z,JavaScript
252846453,Rohithgilla12,react-router-material-boilerplate,https://github.com/Rohithgilla12/react-router-material-boilerplate,5,5,2020-04-03T21:35:47Z,2025-05-22T18:44:51Z,JavaScript
259276275,BuildForSDG,js-starter,https://github.com/BuildForSDG/js-starter,5,8,2020-04-27T10:08:46Z,2024-09-11T08:20:49Z,JavaScript
33344665,jstransformers,boilerplate,https://github.com/jstransformers/boilerplate,5,1,2015-04-03T03:36:26Z,2022-11-14T09:55:41Z,JavaScript
294062273,kouts,vue3-starter-template,https://github.com/kouts/vue3-starter-template,5,4,2020-09-09T09:13:42Z,2025-04-08T05:54:17Z,JavaScript
133780541,ThisisDeploy,plain-html-webpack-starter,https://github.com/ThisisDeploy/plain-html-webpack-starter,5,1,2018-05-17T08:07:45Z,2023-12-13T12:39:05Z,JavaScript
68968191,im6,template-react-web,https://github.com/im6/template-react-web,5,4,2016-09-22T22:45:22Z,2025-07-24T01:24:54Z,JavaScript
215671034,orgapp,gatsby-starter-orga,https://github.com/orgapp/gatsby-starter-orga,5,2,2019-10-17T00:42:35Z,2022-06-05T23:53:36Z,JavaScript
375785779,anat,nuxt-threejs-starter-pack,https://github.com/anat/nuxt-threejs-starter-pack,6,0,2021-06-10T17:58:48Z,2025-02-01T23:57:40Z,JavaScript
206097149,graded-cs-resources,p5js-starter-with-typings,https://github.com/graded-cs-resources/p5js-starter-with-typings,5,7,2019-09-03T14:26:22Z,2022-11-07T12:10:26Z,JavaScript
133872831,veritone,veritone-app-boilerplate-react,https://github.com/veritone/veritone-app-boilerplate-react,5,5,2018-05-17T22:02:23Z,2025-01-27T21:06:44Z,JavaScript
655966033,renchris,panda-boilerplate,https://github.com/renchris/panda-boilerplate,5,0,2023-06-20T02:05:04Z,2024-10-09T19:49:06Z,JavaScript
444369914,titangene,vue3-vite,https://github.com/titangene/vue3-vite,5,2,2022-01-04T10:04:17Z,2024-08-21T05:39:16Z,JavaScript
514351001,siam88,react-boilerplate,https://github.com/siam88/react-boilerplate,5,2,2022-07-15T17:25:17Z,2023-03-31T06:58:43Z,JavaScript
173576477,yunusemredilber,grommet-v2-starter,https://github.com/yunusemredilber/grommet-v2-starter,5,1,2019-03-03T13:11:04Z,2023-04-15T18:53:44Z,JavaScript
299376019,alpha-canada-ca,.github,https://github.com/alpha-canada-ca/.github,5,2,2020-09-28T17:00:37Z,2025-07-10T16:06:36Z,JavaScript
428700055,edenia,wax-webapp-boilerplate,https://github.com/edenia/wax-webapp-boilerplate,5,0,2021-11-16T15:00:42Z,2022-06-20T23:18:20Z,JavaScript
594815447,near,boilerplate-template-loyalty-program-with-ft,https://github.com/near/boilerplate-template-loyalty-program-with-ft,5,3,2023-01-29T18:15:07Z,2024-12-03T14:40:05Z,JavaScript
408816904,nightwatchjs,cucumberjs-boilerplate,https://github.com/nightwatchjs/cucumberjs-boilerplate,5,5,2021-09-21T12:46:09Z,2024-08-07T12:43:18Z,JavaScript
942150107,mdjastrzebski,ts-lib-template,https://github.com/mdjastrzebski/ts-lib-template,5,0,2025-03-03T16:49:13Z,2025-03-13T08:32:53Z,JavaScript
236559071,guillaumeduhan,vue-firebase-boilerplate,https://github.com/guillaumeduhan/vue-firebase-boilerplate,5,2,2020-01-27T18:13:57Z,2020-07-14T18:07:22Z,JavaScript
236501425,Paraboly,angularjs-es6-component-boilerplate,https://github.com/Paraboly/angularjs-es6-component-boilerplate,5,0,2020-01-27T13:53:35Z,2023-03-20T11:23:15Z,JavaScript
742007810,RajaRakoto,node-boilerplate,https://github.com/RajaRakoto/node-boilerplate,5,0,2024-01-11T15:14:01Z,2025-07-05T14:15:43Z,JavaScript
435485171,omermorad,typescript-backend-monorepo-starter,https://github.com/omermorad/typescript-backend-monorepo-starter,5,0,2021-12-06T12:18:36Z,2023-11-05T11:35:35Z,JavaScript
213240205,ComputerScienceHouse,CSH-React-Boilerplate,https://github.com/ComputerScienceHouse/CSH-React-Boilerplate,5,5,2019-10-06T20:38:32Z,2024-09-23T23:03:37Z,JavaScript
379686171,awaragi,jest-supertest-starter,https://github.com/awaragi/jest-supertest-starter,5,2,2021-06-23T17:47:58Z,2025-04-30T03:00:47Z,JavaScript
260703870,emresandikci,react-easy-boilerplate,https://github.com/emresandikci/react-easy-boilerplate,5,0,2020-05-02T14:25:26Z,2022-07-26T10:55:11Z,JavaScript
284535331,NazimHAli,svelte-template,https://github.com/NazimHAli/svelte-template,5,1,2020-08-02T20:23:10Z,2024-09-07T12:09:21Z,JavaScript
174862551,idkjs,reason-react-native-cross-platform-starter,https://github.com/idkjs/reason-react-native-cross-platform-starter,5,0,2019-03-10T18:17:07Z,2019-06-18T09:25:51Z,JavaScript
132969792,dbritto-dev,prisma-apollo-starter,https://github.com/dbritto-dev/prisma-apollo-starter,5,1,2018-05-11T00:46:07Z,2023-11-24T22:06:52Z,JavaScript
998968762,wannn-one,node-express-pg-starter,https://github.com/wannn-one/node-express-pg-starter,5,1,2025-06-09T14:34:55Z,2025-07-14T20:42:17Z,JavaScript
337394606,DevSkillsHQ,fullstack-boilerplate-express-react,https://github.com/DevSkillsHQ/fullstack-boilerplate-express-react,5,4,2021-02-09T12:17:26Z,2025-08-01T15:54:00Z,JavaScript
254615003,flatlogic,user-management-template,https://github.com/flatlogic/user-management-template,5,11,2020-04-10T11:11:16Z,2025-02-11T07:36:08Z,JavaScript
284277237,amoghmadan,JavaScript-Express-GraphQL-Starter,https://github.com/amoghmadan/JavaScript-Express-GraphQL-Starter,5,0,2020-08-01T14:36:51Z,2024-04-15T11:31:14Z,JavaScript
273457140,phartenfeller,svelte-tailwind-template,https://github.com/phartenfeller/svelte-tailwind-template,5,2,2020-06-19T09:41:11Z,2024-11-05T08:24:09Z,JavaScript
160810413,Ciriak,phaser3-typescript-boilerplate,https://github.com/Ciriak/phaser3-typescript-boilerplate,5,0,2018-12-07T10:40:22Z,2024-05-29T11:55:44Z,JavaScript
166273665,Level,webpack-starter,https://github.com/Level/webpack-starter,5,4,2019-01-17T18:15:30Z,2023-02-04T13:42:51Z,JavaScript
322734720,BrunoCasotto,nestjs-vue-ssr-boilerplate,https://github.com/BrunoCasotto/nestjs-vue-ssr-boilerplate,5,0,2020-12-19T00:27:39Z,2024-07-05T01:19:50Z,JavaScript
437644963,UmairJibran,node-express-sequelize-boilerplate,https://github.com/UmairJibran/node-express-sequelize-boilerplate,5,1,2021-12-12T20:05:56Z,2023-06-19T13:55:32Z,JavaScript
249293554,somiibo,module-package-examples,https://github.com/somiibo/module-package-examples,5,8,2020-03-22T23:40:46Z,2025-01-04T18:18:14Z,JavaScript
721265755,IT4Change,boilerplate-e2e-cypress-cucumber,https://github.com/IT4Change/boilerplate-e2e-cypress-cucumber,5,0,2023-11-20T17:40:35Z,2025-07-31T17:50:18Z,JavaScript
381425514,razshare,svelte-starter,https://github.com/razshare/svelte-starter,5,0,2021-06-29T16:10:52Z,2024-10-15T10:49:09Z,JavaScript
307438596,matthiaaas,clean-electron-react,https://github.com/matthiaaas/clean-electron-react,5,0,2020-10-26T16:38:15Z,2023-06-09T22:02:02Z,JavaScript
616932179,bhattiasad99,react-firebase-boilerplate,https://github.com/bhattiasad99/react-firebase-boilerplate,5,2,2023-03-21T11:30:02Z,2025-05-23T16:13:17Z,JavaScript
307155319,justirva09,ReactJS-boilerplate-With-Atomic-Design,https://github.com/justirva09/ReactJS-boilerplate-With-Atomic-Design,5,3,2020-10-25T17:37:08Z,2023-01-23T11:29:11Z,JavaScript
355990658,whoisYeshua,webpack-simple-boilerplate,https://github.com/whoisYeshua/webpack-simple-boilerplate,5,0,2021-04-08T17:11:26Z,2025-08-10T18:59:53Z,JavaScript
440198904,epavanello,svelte-latest-boilerplate,https://github.com/epavanello/svelte-latest-boilerplate,5,1,2021-12-20T14:28:06Z,2022-03-02T16:48:30Z,JavaScript
509735892,pongstr,vite-svelte-tailwind,https://github.com/pongstr/vite-svelte-tailwind,5,0,2022-07-02T11:22:33Z,2025-03-26T10:26:38Z,JavaScript
152001882,wxsms,react-node-starter,https://github.com/wxsms/react-node-starter,5,3,2018-10-08T01:29:53Z,2022-01-11T21:43:54Z,JavaScript
202947728,Taimoor0217,react-redux-boilerplate,https://github.com/Taimoor0217/react-redux-boilerplate,5,1,2019-08-18T01:39:05Z,2021-03-05T21:45:47Z,JavaScript
354283301,ystv,nodecg-react-boilerplate,https://github.com/ystv/nodecg-react-boilerplate,5,0,2021-04-03T12:14:03Z,2024-07-18T09:28:11Z,JavaScript
282599798,SoorajSNBlaze333,react-javascript-bootstrap-starter,https://github.com/SoorajSNBlaze333/react-javascript-bootstrap-starter,5,0,2020-07-26T07:32:53Z,2020-11-03T21:52:09Z,JavaScript
309038532,lmachens,react-starter,https://github.com/lmachens/react-starter,5,0,2020-11-01T06:39:29Z,2021-11-09T16:22:08Z,JavaScript
809136624,smart-link-mk,template-base,https://github.com/smart-link-mk/template-base,5,0,2024-06-01T19:48:27Z,2024-11-16T01:03:18Z,JavaScript
311045079,lucabro81,typescript-web-component-boilerplate,https://github.com/lucabro81/typescript-web-component-boilerplate,5,1,2020-11-08T11:16:13Z,2024-08-24T19:29:43Z,JavaScript
615862692,aminoxix,boilerplate-web-app,https://github.com/aminoxix/boilerplate-web-app,5,2,2023-03-18T22:21:51Z,2025-05-11T16:13:52Z,JavaScript
725024244,IT4Change,boilerplate-backend,https://github.com/IT4Change/boilerplate-backend,5,0,2023-11-29T09:29:36Z,2025-07-31T17:50:22Z,JavaScript
270747295,tnovau,fastify-mongo-swagger-auth0-boilerplate,https://github.com/tnovau/fastify-mongo-swagger-auth0-boilerplate,5,2,2020-06-08T16:46:55Z,2025-05-16T15:11:08Z,JavaScript
359517358,DeFiFoFum,truffle-typescript-template,https://github.com/DeFiFoFum/truffle-typescript-template,5,0,2021-04-19T15:58:44Z,2022-10-12T07:16:53Z,JavaScript
262799007,kdipippo,RPG-Maker-MV-Starter-Template,https://github.com/kdipippo/RPG-Maker-MV-Starter-Template,5,0,2020-05-10T13:58:32Z,2024-10-03T18:13:35Z,JavaScript
662090821,miltonbolonha,next-boilerplate,https://github.com/miltonbolonha/next-boilerplate,5,1,2023-07-04T10:33:57Z,2024-12-28T14:26:32Z,JavaScript
413091645,SujithJr,vue3-vite-tailwind-starter,https://github.com/SujithJr/vue3-vite-tailwind-starter,5,0,2021-10-03T13:52:17Z,2024-12-07T13:55:17Z,JavaScript
85125234,kbrsh,moon-template,https://github.com/kbrsh/moon-template,5,4,2017-03-15T22:03:55Z,2020-06-27T23:28:55Z,JavaScript
669723660,selimdoyranli,vue-plugin-boilerplate,https://github.com/selimdoyranli/vue-plugin-boilerplate,5,1,2023-07-23T08:08:18Z,2024-11-21T10:34:13Z,JavaScript
302752309,Taha-Firoz,SvelteStarter,https://github.com/Taha-Firoz/SvelteStarter,5,0,2020-10-09T20:59:07Z,2022-08-03T19:38:35Z,JavaScript
282196919,sparkfabrik,hubspot-cms-vuejs-typescript-boilerplate,https://github.com/sparkfabrik/hubspot-cms-vuejs-typescript-boilerplate,5,1,2020-07-24T11:00:39Z,2024-06-13T17:36:04Z,JavaScript
506515034,themefisher,orbitor-bootstrap,https://github.com/themefisher/orbitor-bootstrap,5,5,2022-06-23T05:59:05Z,2025-02-09T00:55:16Z,JavaScript
363135570,daphnesmit,react-typescript-package-boilerplate,https://github.com/daphnesmit/react-typescript-package-boilerplate,5,2,2021-04-30T12:35:29Z,2022-10-27T02:01:47Z,JavaScript
333687402,StackTrac3,vue-buefy-jest-storybook,https://github.com/StackTrac3/vue-buefy-jest-storybook,5,0,2021-01-28T08:01:13Z,2024-10-27T19:43:25Z,JavaScript
354311226,petersolopov,transpilation-free-starter-kit,https://github.com/petersolopov/transpilation-free-starter-kit,5,0,2021-04-03T14:22:39Z,2023-08-12T16:43:44Z,JavaScript
296007943,helloroman,gatsby-tailwind-starter,https://github.com/helloroman/gatsby-tailwind-starter,5,0,2020-09-16T11:07:52Z,2022-07-05T08:38:25Z,JavaScript
220756422,hedaukartik,react-webpack-babel-eslint-nav-dev-starter,https://github.com/hedaukartik/react-webpack-babel-eslint-nav-dev-starter,5,0,2019-11-10T07:29:09Z,2024-03-07T08:50:31Z,JavaScript
487132050,anuj-webdev,minimal-react-typescript-boilerplate,https://github.com/anuj-webdev/minimal-react-typescript-boilerplate,5,1,2022-04-29T23:06:16Z,2023-07-02T23:27:31Z,JavaScript
288610346,vuongddang,nextjs-tailwindcss-typescript-eslint-prettier,https://github.com/vuongddang/nextjs-tailwindcss-typescript-eslint-prettier,5,0,2020-08-19T02:11:17Z,2021-12-13T17:17:30Z,JavaScript
161189378,hjeti,react-skeleton,https://github.com/hjeti/react-skeleton,5,0,2018-12-10T14:42:55Z,2020-02-20T17:57:38Z,JavaScript
700014632,hygraph,hygraph-next-commerce-starter,https://github.com/hygraph/hygraph-next-commerce-starter,5,0,2023-10-03T19:25:33Z,2025-06-25T09:22:56Z,JavaScript
162278957,sivaraj-v,react-webpack-starter-kit,https://github.com/sivaraj-v/react-webpack-starter-kit,6,6,2018-12-18T11:37:17Z,2023-12-28T12:13:41Z,JavaScript
160745599,adobe,aio-cli-plugin-boilerplate,https://github.com/adobe/aio-cli-plugin-boilerplate,6,7,2018-12-06T23:32:47Z,2025-04-04T03:45:08Z,JavaScript
207469644,cgbur,comp426-backend,https://github.com/cgbur/comp426-backend,6,54,2019-09-10T05:04:41Z,2024-06-24T13:57:03Z,JavaScript
309215858,she-code-africa,javascript-ta,https://github.com/she-code-africa/javascript-ta,6,181,2020-11-02T00:14:34Z,2023-01-24T15:39:29Z,JavaScript
102189218,GLO3102,vue-starter,https://github.com/GLO3102/vue-starter,6,7,2017-09-02T10:30:33Z,2025-01-14T01:26:14Z,JavaScript
219191050,the-collab-lab,smart-shopping-list-deprecated,https://github.com/the-collab-lab/smart-shopping-list-deprecated,6,8,2019-11-02T17:44:01Z,2022-06-25T17:05:39Z,JavaScript
364507950,mohnishlandge,threejs-template-glb,https://github.com/mohnishlandge/threejs-template-glb,6,4,2021-05-05T08:21:45Z,2024-06-01T20:49:51Z,JavaScript
555778970,kendam,node-express-boilerplate-sequelize,https://github.com/kendam/node-express-boilerplate-sequelize,6,7,2022-10-22T10:02:30Z,2023-12-01T22:46:11Z,JavaScript
205852657,valantic-CEC-Deutschland-GmbH,valantic-revealjs,https://github.com/valantic-CEC-Deutschland-GmbH/valantic-revealjs,6,4,2019-09-02T12:30:23Z,2023-08-01T10:41:45Z,JavaScript
692197892,dacadeorg,vector-database-boilerplate,https://github.com/dacadeorg/vector-database-boilerplate,6,6,2023-09-15T19:34:13Z,2024-09-11T10:57:03Z,JavaScript
335065211,devtheorycode,vercel-api-rest-starter,https://github.com/devtheorycode/vercel-api-rest-starter,6,5,2021-02-01T19:46:50Z,2024-08-23T07:48:26Z,JavaScript
353470987,djizco,mern-client,https://github.com/djizco/mern-client,6,3,2021-03-31T19:41:52Z,2022-09-25T07:04:12Z,JavaScript
510537937,misitebao,hugo-theme-starter,https://github.com/misitebao/hugo-theme-starter,6,2,2022-07-05T00:26:45Z,2025-08-04T14:31:46Z,JavaScript
460350965,flotiq,nextjs-starter-boilerplate,https://github.com/flotiq/nextjs-starter-boilerplate,6,0,2022-02-17T08:44:49Z,2025-06-23T09:12:37Z,JavaScript
458465821,zgramming,laravel-starter-project,https://github.com/zgramming/laravel-starter-project,6,2,2022-02-12T08:37:48Z,2025-06-11T18:10:59Z,JavaScript
417567571,Snivilization,nodejs-esm-starter,https://github.com/Snivilization/nodejs-esm-starter,6,3,2021-10-15T16:31:31Z,2023-11-18T02:35:35Z,JavaScript
305871935,jonathontoon,starter-kit,https://github.com/jonathontoon/starter-kit,6,0,2020-10-21T01:07:28Z,2022-11-29T16:59:00Z,JavaScript
216205595,korniychuk,nestjs-starter,https://github.com/korniychuk/nestjs-starter,6,2,2019-10-19T12:50:45Z,2021-10-05T00:58:07Z,JavaScript
99622133,batzner,github-pages-boilerplate,https://github.com/batzner/github-pages-boilerplate,6,5,2017-08-07T21:29:49Z,2023-12-04T06:13:33Z,JavaScript
369864386,b0yblake,Vue-ts-startkit,https://github.com/b0yblake/Vue-ts-startkit,6,3,2021-05-22T17:09:45Z,2025-03-26T05:42:18Z,JavaScript
794449340,Run37927,starterKit,https://github.com/Run37927/starterKit,6,2,2024-05-01T07:29:08Z,2025-07-12T14:24:32Z,JavaScript
368832968,MichaelCurrin,react-ssr-quickstart,https://github.com/MichaelCurrin/react-ssr-quickstart,6,4,2021-05-19T10:39:34Z,2025-03-27T22:09:10Z,JavaScript
344788486,ankeetmaini,foam-digital-garden,https://github.com/ankeetmaini/foam-digital-garden,6,2,2021-03-05T11:24:53Z,2024-09-23T20:58:45Z,JavaScript
334497590,leroyrosales,pom-chi,https://github.com/leroyrosales/pom-chi,6,7,2021-01-30T19:45:47Z,2022-03-31T13:26:27Z,JavaScript
432713270,Pamavoc,vite-vanilla-boilerplate,https://github.com/Pamavoc/vite-vanilla-boilerplate,6,4,2021-11-28T13:00:02Z,2023-12-27T11:48:10Z,JavaScript
242504954,fabianunger,gatsby-starter-redux-storybook,https://github.com/fabianunger/gatsby-starter-redux-storybook,6,3,2020-02-23T11:30:45Z,2020-11-23T12:19:31Z,JavaScript
290583579,sparkbox,sparkpress-wordpress-starter,https://github.com/sparkbox/sparkpress-wordpress-starter,6,1,2020-08-26T19:13:28Z,2025-06-25T07:47:05Z,JavaScript
447197114,olaishola05,webpack-linters-boilerplates,https://github.com/olaishola05/webpack-linters-boilerplates,6,1,2022-01-12T11:47:54Z,2022-05-02T10:02:27Z,JavaScript
330634160,PostHog,posthog-plugin-starter-kit,https://github.com/PostHog/posthog-plugin-starter-kit,6,2,2021-01-18T10:42:34Z,2024-09-14T19:11:55Z,JavaScript
69436938,tkers,pixi-babel,https://github.com/tkers/pixi-babel,6,4,2016-09-28T07:22:13Z,2020-07-22T14:35:41Z,JavaScript
293112709,gregberge,smooth-doc-starter,https://github.com/gregberge/smooth-doc-starter,6,4,2020-09-05T16:26:13Z,2022-06-30T15:38:27Z,JavaScript
727848914,joelanman,govuk-prototype-kit-prototype,https://github.com/joelanman/govuk-prototype-kit-prototype,6,7,2023-12-05T17:46:00Z,2025-07-21T10:33:31Z,JavaScript
725155349,starterstack,starterstack,https://github.com/starterstack/starterstack,6,0,2023-11-29T14:53:32Z,2025-08-07T05:07:09Z,JavaScript
180082356,yikeda6616,gulp-static-starter-v4,https://github.com/yikeda6616/gulp-static-starter-v4,6,1,2019-04-08T06:16:59Z,2024-12-30T15:00:44Z,JavaScript
290322329,guillaumeduhan,nuxt-bootstrap,https://github.com/guillaumeduhan/nuxt-bootstrap,6,0,2020-08-25T20:58:36Z,2022-06-29T19:09:04Z,JavaScript
4917808,fent,node-module-boilerplate,https://github.com/fent/node-module-boilerplate,6,3,2012-07-06T01:21:50Z,2019-11-08T20:35:08Z,JavaScript
305925068,lmachens,js-starter,https://github.com/lmachens/js-starter,6,0,2020-10-21T06:09:22Z,2020-10-23T04:41:45Z,JavaScript
218083086,adedayojs,mevn-boilerplate,https://github.com/adedayojs/mevn-boilerplate,6,2,2019-10-28T15:41:46Z,2024-01-20T02:20:47Z,JavaScript
110357848,Cherish-xzw,express-webpack-starter,https://github.com/Cherish-xzw/express-webpack-starter,6,4,2017-11-11T15:46:41Z,2019-12-12T09:03:26Z,JavaScript
584564809,GreenfireInc,Sparkplate.Vue,https://github.com/GreenfireInc/Sparkplate.Vue,6,9,2023-01-02T23:41:22Z,2025-04-02T16:29:12Z,JavaScript
674463133,laxmanpokhrel,xmanscript-npm-package-boilerplate,https://github.com/laxmanpokhrel/xmanscript-npm-package-boilerplate,6,0,2023-08-04T02:38:47Z,2024-04-15T10:14:38Z,JavaScript
293063098,watergis,mapboxgljs-boilerplate,https://github.com/watergis/mapboxgljs-boilerplate,6,1,2020-09-05T11:35:21Z,2025-03-20T13:20:17Z,JavaScript
578205602,The-Adult-In-The-Room,react-boilerplate,https://github.com/The-Adult-In-The-Room/react-boilerplate,6,0,2022-12-14T14:01:56Z,2025-01-24T20:43:58Z,JavaScript
235885962,transparent,actions-template,https://github.com/transparent/actions-template,6,0,2020-01-23T21:02:30Z,2020-01-24T23:18:27Z,JavaScript
187970602,amazingandyyy,modern-js-project,https://github.com/amazingandyyy/modern-js-project,6,3,2019-05-22T05:44:18Z,2024-12-24T11:57:28Z,JavaScript
62976386,alexander-lee,MERN-boilerplate,https://github.com/alexander-lee/MERN-boilerplate,6,2,2016-07-10T01:31:16Z,2019-11-14T15:27:41Z,JavaScript
129956799,krzkaczor,ts-boilerplate,https://github.com/krzkaczor/ts-boilerplate,6,2,2018-04-17T19:47:58Z,2021-11-13T22:04:11Z,JavaScript
182283285,yunusemredilber,antd-boilerplate,https://github.com/yunusemredilber/antd-boilerplate,6,2,2019-04-19T15:11:33Z,2023-04-15T18:53:44Z,JavaScript
42078337,jimmylee,bare,https://github.com/jimmylee/bare,6,2,2015-09-07T23:01:19Z,2022-01-04T17:38:14Z,JavaScript
507917107,mbti-nf-team,nextjs-starter,https://github.com/mbti-nf-team/nextjs-starter,6,1,2022-06-27T13:18:28Z,2025-04-02T05:35:50Z,JavaScript
612741194,sambitsargam,create-zksync-app,https://github.com/sambitsargam/create-zksync-app,6,2,2023-03-11T20:50:12Z,2024-09-19T08:12:54Z,JavaScript
336426726,lukasbach,cli-ts-commander-starter,https://github.com/lukasbach/cli-ts-commander-starter,6,0,2021-02-06T01:05:44Z,2025-07-01T06:17:09Z,JavaScript
680617494,iamspark1e,decap-cms-widget-starter,https://github.com/iamspark1e/decap-cms-widget-starter,6,1,2023-08-19T20:30:09Z,2025-06-30T11:02:30Z,JavaScript
157945117,huntercaron,sunnyside,https://github.com/huntercaron/sunnyside,6,0,2018-11-17T02:57:36Z,2020-08-27T19:15:34Z,JavaScript
307183515,11in,elfin,https://github.com/11in/elfin,6,0,2020-10-25T20:12:18Z,2025-08-09T04:39:42Z,JavaScript
326220210,thenriquedb,storybook-sass-typescript-boilerplate,https://github.com/thenriquedb/storybook-sass-typescript-boilerplate,6,2,2021-01-02T16:13:23Z,2023-03-08T23:22:31Z,JavaScript
768271003,rhpds,showroom_template_summit_2024,https://github.com/rhpds/showroom_template_summit_2024,6,10,2024-03-06T19:26:11Z,2025-04-29T10:40:10Z,JavaScript
588728883,adobecom,milo-college,https://github.com/adobecom/milo-college,6,22,2023-01-13T21:03:56Z,2025-06-03T11:44:33Z,JavaScript
307682489,domenicomonaco,microsoft-teams-app-boilerplate,https://github.com/domenicomonaco/microsoft-teams-app-boilerplate,6,1,2020-10-27T11:47:47Z,2024-07-04T09:12:21Z,JavaScript
457622239,nyu-software-engineering,full-mern-stack-web-app,https://github.com/nyu-software-engineering/full-mern-stack-web-app,6,66,2022-02-10T03:54:31Z,2025-04-21T08:03:06Z,JavaScript
587907649,AndreVarandas,minecraft-scripting-ts-starter,https://github.com/AndreVarandas/minecraft-scripting-ts-starter,6,1,2023-01-11T21:40:15Z,2024-09-13T12:11:55Z,JavaScript
378724292,mikesprague,react-tailwind-ghpages-starter,https://github.com/mikesprague/react-tailwind-ghpages-starter,6,0,2021-06-20T19:25:57Z,2025-08-08T14:11:14Z,JavaScript
208422953,Mozart409,gatsby-custom-tailwind,https://github.com/Mozart409/gatsby-custom-tailwind,6,2,2019-09-14T10:14:35Z,2024-05-02T11:58:33Z,JavaScript
542084533,DiyaVj,Profile-Card,https://github.com/DiyaVj/Profile-Card,6,18,2022-09-27T12:55:26Z,2025-06-16T11:58:16Z,JavaScript
530285041,Joeyg61703,react-tailwind-template,https://github.com/Joeyg61703/react-tailwind-template,6,0,2022-08-29T15:42:23Z,2023-04-30T10:12:53Z,JavaScript
881893163,ajaymahadeven,django-tailwind-react-webpack,https://github.com/ajaymahadeven/django-tailwind-react-webpack,6,0,2024-11-01T13:02:05Z,2025-03-17T21:06:39Z,JavaScript
204467249,hihebark,node-starter-kit,https://github.com/hihebark/node-starter-kit,6,2,2019-08-26T12:07:18Z,2025-07-24T17:18:32Z,JavaScript
425765024,AmirPhenomenal,mern-fullstack-login,https://github.com/AmirPhenomenal/mern-fullstack-login,6,0,2021-11-08T09:00:09Z,2024-11-14T09:49:35Z,JavaScript
184608028,Mariede,boiler-server,https://github.com/Mariede/boiler-server,6,0,2019-05-02T15:42:22Z,2024-01-22T04:17:13Z,JavaScript
285360242,bearmentor-community,template-web,https://github.com/bearmentor-community/template-web,6,1,2020-08-05T17:31:30Z,2023-01-05T19:58:38Z,JavaScript
316347701,0-vortex,eleventy-high-performance-blog-plus,https://github.com/0-vortex/eleventy-high-performance-blog-plus,6,2,2020-11-26T22:20:52Z,2024-09-23T04:25:06Z,JavaScript
596479566,bansaldehyde,Discord.js-v14-Template,https://github.com/bansaldehyde/Discord.js-v14-Template,6,8,2023-02-02T09:20:12Z,2025-07-12T08:11:19Z,JavaScript
274652591,draftbox-co,gatsby-wordpress-novela-starter,https://github.com/draftbox-co/gatsby-wordpress-novela-starter,6,2,2020-06-24T11:31:45Z,2021-12-28T14:23:17Z,JavaScript
354234265,martinadamsdev,vue-cesium-vite-starter,https://github.com/martinadamsdev/vue-cesium-vite-starter,6,2,2021-04-03T08:01:34Z,2024-06-30T05:04:33Z,JavaScript
639442997,polyipseity,obsidian-plugin-template,https://github.com/polyipseity/obsidian-plugin-template,6,3,2023-05-11T13:35:24Z,2025-08-10T04:18:28Z,JavaScript
588824337,kiyohken2000,expo-native-firebase-boilerplate,https://github.com/kiyohken2000/expo-native-firebase-boilerplate,6,0,2023-01-14T06:00:45Z,2024-02-05T04:46:02Z,JavaScript
248698109,Codaisseur,react-redux-jwt-bootstrap-template,https://github.com/Codaisseur/react-redux-jwt-bootstrap-template,6,5,2020-03-20T07:54:24Z,2022-07-04T09:10:06Z,JavaScript
368767112,xlzy520,serverless-webpack-template,https://github.com/xlzy520/serverless-webpack-template,6,2,2021-05-19T06:31:47Z,2023-05-30T15:42:59Z,JavaScript
358120633,SherRao,SherBot,https://github.com/SherRao/SherBot,7,7,2021-04-15T03:56:32Z,2022-08-04T19:30:41Z,JavaScript
869793465,AdobeDevXSC,citisignal-one,https://github.com/AdobeDevXSC/citisignal-one,7,20,2024-10-08T22:41:02Z,2025-06-05T18:06:47Z,JavaScript
465294105,JanFahrnholz,docker-nextjs-strapi-starter,https://github.com/JanFahrnholz/docker-nextjs-strapi-starter,7,5,2022-03-02T12:21:08Z,2023-06-23T13:43:36Z,JavaScript
315200498,inadarei,nodebootstrap-microservice,https://github.com/inadarei/nodebootstrap-microservice,7,8,2020-11-23T04:31:56Z,2023-08-17T05:31:17Z,JavaScript
199518928,lighthouse-labs,scheduler,https://github.com/lighthouse-labs/scheduler,7,86,2019-07-29T19:59:37Z,2023-01-27T08:05:37Z,JavaScript
690185255,MathisHumbert,ssg-creative-boilerplate,https://github.com/MathisHumbert/ssg-creative-boilerplate,7,5,2023-09-11T17:41:33Z,2025-07-30T15:22:26Z,JavaScript
315576293,petrepan,mern-auth-starter,https://github.com/petrepan/mern-auth-starter,7,3,2020-11-24T09:08:04Z,2024-01-13T12:37:43Z,JavaScript
284523112,acrosman,ElectronSimpleStarter,https://github.com/acrosman/ElectronSimpleStarter,7,5,2020-08-02T18:58:50Z,2025-05-26T15:55:16Z,JavaScript
486073796,oumarbarry,vital,https://github.com/oumarbarry/vital,7,3,2022-04-27T06:31:49Z,2024-08-29T13:17:56Z,JavaScript
348855176,reepolee,svelte-tailwind-jit-vite,https://github.com/reepolee/svelte-tailwind-jit-vite,7,6,2021-03-17T21:20:14Z,2022-09-20T14:44:20Z,JavaScript
353838173,djizco,mern-server,https://github.com/djizco/mern-server,7,4,2021-04-01T22:09:00Z,2023-02-01T11:51:35Z,JavaScript
329687507,SaltyAom,next-starter,https://github.com/SaltyAom/next-starter,7,2,2021-01-14T17:30:47Z,2024-04-20T19:54:03Z,JavaScript
239028680,Israel-Laguan,HTML-CSS-JS-Webpack-starter,https://github.com/Israel-Laguan/HTML-CSS-JS-Webpack-starter,7,3,2020-02-07T21:49:03Z,2025-07-24T16:56:51Z,JavaScript
373445827,pixel-point,nextjs-tailwind-starter,https://github.com/pixel-point/nextjs-tailwind-starter,7,4,2021-06-03T09:05:58Z,2025-02-01T12:52:03Z,JavaScript
281318484,hamzawaleed0102,react-native-automated-boilerplate,https://github.com/hamzawaleed0102/react-native-automated-boilerplate,7,8,2020-07-21T06:48:06Z,2021-10-01T14:36:20Z,JavaScript
241910553,ZaifSenpai,Chrome-Extension-Template,https://github.com/ZaifSenpai/Chrome-Extension-Template,7,4,2020-02-20T14:51:48Z,2025-04-29T16:14:34Z,JavaScript
337175064,Dhaiwat10,nextjs-ts-tailwind-eslint-prettier-starter,https://github.com/Dhaiwat10/nextjs-ts-tailwind-eslint-prettier-starter,7,0,2021-02-08T18:45:09Z,2022-03-24T04:36:27Z,JavaScript
242956300,noammanyfler,otorio-components,https://github.com/noammanyfler/otorio-components,7,6,2020-02-25T09:08:53Z,2024-06-28T00:47:52Z,JavaScript
359206781,GoodManWEN,vuetify-tailwind-animate-starter,https://github.com/GoodManWEN/vuetify-tailwind-animate-starter,7,2,2021-04-18T17:13:02Z,2025-03-04T03:50:45Z,JavaScript
163444960,JesperBry,MERN-boilerplate,https://github.com/JesperBry/MERN-boilerplate,7,5,2018-12-28T19:56:48Z,2023-02-24T10:49:18Z,JavaScript
431352850,MadeInHaus,next-starter,https://github.com/MadeInHaus/next-starter,7,0,2021-11-24T05:01:02Z,2025-01-08T19:26:52Z,JavaScript
686363238,RobiMez,skit,https://github.com/RobiMez/skit,7,1,2023-09-02T14:39:25Z,2025-01-02T17:42:14Z,JavaScript
255207291,nativew,start,https://github.com/nativew/start,7,0,2020-04-13T01:52:12Z,2022-02-03T18:32:22Z,JavaScript
539598898,codeforamerica,form-flow-starter-app,https://github.com/codeforamerica/form-flow-starter-app,7,2,2022-09-21T17:06:27Z,2025-08-07T14:59:11Z,JavaScript
836837024,HAPPYS1NGH,rabble-tg-mini-app-nextjs-js,https://github.com/HAPPYS1NGH/rabble-tg-mini-app-nextjs-js,7,5,2024-08-01T16:55:34Z,2025-04-01T12:27:06Z,JavaScript
244805047,jessekorzan,react-chrome-extension,https://github.com/jessekorzan/react-chrome-extension,7,4,2020-03-04T04:12:46Z,2022-03-22T19:27:16Z,JavaScript
257558232,amoghmadan,JavaScript-Express-REST-Starter,https://github.com/amoghmadan/JavaScript-Express-REST-Starter,7,0,2020-04-21T10:22:30Z,2025-05-29T11:43:58Z,JavaScript
542397426,dipo0x,NodeJS-Express-Starter,https://github.com/dipo0x/NodeJS-Express-Starter,7,0,2022-09-28T03:53:51Z,2024-03-18T19:41:08Z,JavaScript
512302855,JoaquinGiordano,discord-bot-boilerplate,https://github.com/JoaquinGiordano/discord-bot-boilerplate,7,2,2022-07-09T23:11:07Z,2024-03-23T22:14:56Z,JavaScript
278895503,SanjaySunil,firebase-login,https://github.com/SanjaySunil/firebase-login,7,4,2020-07-11T16:05:07Z,2025-03-24T23:57:15Z,JavaScript
574882340,yuvenalmash,webpackBoilerplate,https://github.com/yuvenalmash/webpackBoilerplate,7,0,2022-12-06T09:30:10Z,2025-03-28T19:39:53Z,JavaScript
190652182,cazala,react-storybook-typescript-template,https://github.com/cazala/react-storybook-typescript-template,7,2,2019-06-06T21:29:01Z,2023-10-12T18:33:29Z,JavaScript
229403023,pankod,sapper-boilerplate,https://github.com/pankod/sapper-boilerplate,7,0,2019-12-21T09:06:09Z,2021-10-06T10:51:16Z,JavaScript
161085717,samie820,bare-react-app,https://github.com/samie820/bare-react-app,7,4,2018-12-09T22:06:01Z,2023-01-27T18:45:50Z,JavaScript
444087543,davrous,acsauth,https://github.com/davrous/acsauth,7,9,2022-01-03T14:19:50Z,2023-06-27T07:38:11Z,JavaScript
386734565,Wyndace,halfdeal-weblayout-starter,https://github.com/Wyndace/halfdeal-weblayout-starter,7,0,2021-07-16T18:49:14Z,2024-11-12T21:09:54Z,JavaScript
558374953,thomas-rooty,nxtjs-3d-third-person-world,https://github.com/thomas-rooty/nxtjs-3d-third-person-world,7,2,2022-10-27T12:29:10Z,2025-07-17T01:01:52Z,JavaScript
597954030,thedaviddias,nextjs-typescript-starter,https://github.com/thedaviddias/nextjs-typescript-starter,7,1,2023-02-06T04:18:07Z,2025-07-31T14:30:11Z,JavaScript
594866167,fwd,nano-blog,https://github.com/fwd/nano-blog,7,7,2023-01-29T21:35:50Z,2024-12-09T23:33:24Z,JavaScript
183647809,exvuma,workers-template-creator,https://github.com/exvuma/workers-template-creator,7,1,2019-04-26T14:58:38Z,2024-03-04T03:02:09Z,JavaScript
718948868,Zahed75,BackendBoilerPlateNode,https://github.com/Zahed75/BackendBoilerPlateNode,7,1,2023-11-15T05:48:33Z,2025-06-22T15:21:54Z,JavaScript
462372974,daphnesmit,mjml-react-starter,https://github.com/daphnesmit/mjml-react-starter,7,0,2022-02-22T16:05:48Z,2022-09-22T14:17:02Z,JavaScript
474714098,bgins,svelte-elementary-template,https://github.com/bgins/svelte-elementary-template,7,2,2022-03-27T17:46:39Z,2024-05-14T07:43:00Z,JavaScript
609309082,ab-noori,Webpack-Boilerplate,https://github.com/ab-noori/Webpack-Boilerplate,7,0,2023-03-03T20:38:58Z,2025-01-26T12:34:20Z,JavaScript
491700416,ow3org,ts-starter,https://github.com/ow3org/ts-starter,7,0,2022-05-12T23:49:46Z,2022-09-27T14:26:18Z,JavaScript
503755443,jilink,react-chakra-socketio-firebase-boilerplate,https://github.com/jilink/react-chakra-socketio-firebase-boilerplate,7,0,2022-06-15T12:27:31Z,2025-02-13T16:43:38Z,JavaScript
444170615,yafkari,chrome-extension-react-boilerplate,https://github.com/yafkari/chrome-extension-react-boilerplate,7,2,2022-01-03T19:04:18Z,2024-11-16T13:20:17Z,JavaScript
581674526,flanb,threejs-vite-starter,https://github.com/flanb/threejs-vite-starter,7,1,2022-12-23T23:01:46Z,2025-03-02T22:02:17Z,JavaScript
217605488,rommelporras,ghost-gatsby-jamstack,https://github.com/rommelporras/ghost-gatsby-jamstack,7,2,2019-10-25T19:54:13Z,2023-05-12T16:56:35Z,JavaScript
227386084,guillaumeduhan,hapi-mongoose-boilerplate,https://github.com/guillaumeduhan/hapi-mongoose-boilerplate,7,0,2019-12-11T14:32:39Z,2020-11-05T20:44:29Z,JavaScript
280588441,cnebs,rh-bp,https://github.com/cnebs/rh-bp,7,0,2020-07-18T05:25:23Z,2024-02-14T21:00:48Z,JavaScript
600049897,Coding-Dodo,OWL2-JavaScript-Project-Starter,https://github.com/Coding-Dodo/OWL2-JavaScript-Project-Starter,7,0,2023-02-10T13:24:00Z,2025-08-06T17:40:06Z,JavaScript
446522580,ahmedtaa,linter-boilerplate,https://github.com/ahmedtaa/linter-boilerplate,7,0,2022-01-10T17:39:15Z,2022-02-03T08:34:34Z,JavaScript
277627052,PrismarineJS,prismarine-template,https://github.com/PrismarineJS/prismarine-template,7,10,2020-07-06T19:09:53Z,2025-01-26T22:09:19Z,JavaScript
396219150,adrianmg,static-playground,https://github.com/adrianmg/static-playground,7,0,2021-08-15T04:51:05Z,2025-04-13T00:03:48Z,JavaScript
623584177,oovillagran,Webpack-Boilerplate,https://github.com/oovillagran/Webpack-Boilerplate,7,0,2023-04-04T17:01:38Z,2023-06-16T20:15:49Z,JavaScript
279428166,tarkant,greasemonkey-webpack-typescript-boilerplate,https://github.com/tarkant/greasemonkey-webpack-typescript-boilerplate,7,1,2020-07-13T22:52:18Z,2025-07-14T20:22:09Z,JavaScript
125147053,wisdomfusion,react-starter-kit,https://github.com/wisdomfusion/react-starter-kit,7,2,2018-03-14T03:01:34Z,2021-01-19T06:18:22Z,JavaScript
542302616,quasar-army,modular-quasar-template,https://github.com/quasar-army/modular-quasar-template,7,0,2022-09-27T21:53:31Z,2024-07-22T17:10:46Z,JavaScript
202657748,josh-asi,qlik-mashup-react-boilerplate,https://github.com/josh-asi/qlik-mashup-react-boilerplate,7,0,2019-08-16T04:22:03Z,2025-06-13T16:50:25Z,JavaScript
261026656,ippo012,nextjs-starter,https://github.com/ippo012/nextjs-starter,7,2,2020-05-03T21:43:31Z,2023-01-19T16:01:07Z,JavaScript
355997053,michaelgudzevskyi,react-storybook-library,https://github.com/michaelgudzevskyi/react-storybook-library,7,4,2021-04-08T17:34:29Z,2023-11-29T03:18:59Z,JavaScript
366967260,markedjs,marked-extension-template,https://github.com/markedjs/marked-extension-template,7,4,2021-05-13T07:18:53Z,2025-08-05T09:50:37Z,JavaScript
246568801,draftbox-co,gatsby-attila-theme-starter,https://github.com/draftbox-co/gatsby-attila-theme-starter,7,2,2020-03-11T12:45:57Z,2020-08-05T15:53:35Z,JavaScript
496569712,learnthisacademy,nodejs-template,https://github.com/learnthisacademy/nodejs-template,7,7,2022-05-26T10:07:49Z,2025-04-11T14:52:33Z,JavaScript
53700865,HandsOnDataViz,leaflet-map-polygon-tabs,https://github.com/HandsOnDataViz/leaflet-map-polygon-tabs,7,25,2016-03-11T22:36:38Z,2023-04-16T10:51:02Z,JavaScript
213172296,Chronoblog,gatsby-starter-chronoblog-netlify-cms,https://github.com/Chronoblog/gatsby-starter-chronoblog-netlify-cms,7,2,2019-10-06T13:20:10Z,2024-09-17T03:30:44Z,JavaScript
354641217,michaeldgraham,neo4j-graphql-workspace,https://github.com/michaeldgraham/neo4j-graphql-workspace,7,0,2021-04-04T20:34:01Z,2024-01-10T16:40:40Z,JavaScript
240396068,e2e-boilerplate,playwright-commonjs-cucumber-assert,https://github.com/e2e-boilerplate/playwright-commonjs-cucumber-assert,7,1,2020-02-14T00:28:15Z,2024-09-27T21:17:49Z,JavaScript
912766924,adobe-rnd,aem-commerce-prerender,https://github.com/adobe-rnd/aem-commerce-prerender,7,10,2025-01-06T10:55:42Z,2025-08-07T12:55:31Z,JavaScript
248926612,smoke-trees,nodejs-backend-template,https://github.com/smoke-trees/nodejs-backend-template,7,4,2020-03-21T07:20:28Z,2025-06-19T05:39:24Z,JavaScript
306870876,lowdefy,blocks-template,https://github.com/lowdefy/blocks-template,7,4,2020-10-24T11:41:48Z,2022-11-27T18:30:35Z,JavaScript
132154263,City-Bureau,city-scrapers-events,https://github.com/City-Bureau/city-scrapers-events,7,9,2018-05-04T14:59:03Z,2025-03-14T23:36:03Z,JavaScript
516602215,Elitex07,DiscordJSv14-Template,https://github.com/Elitex07/DiscordJSv14-Template,7,7,2022-07-22T03:54:33Z,2025-03-10T16:31:37Z,JavaScript
456335355,kaisei-kto,discord.js-template,https://github.com/kaisei-kto/discord.js-template,7,4,2022-02-07T02:42:39Z,2024-09-13T17:55:50Z,JavaScript
173280899,davidcralph,express-boilerplate,https://github.com/davidcralph/express-boilerplate,7,0,2019-03-01T10:14:23Z,2023-02-11T12:19:21Z,JavaScript
436430704,templates-world,svelte-ts-electron-vite,https://github.com/templates-world/svelte-ts-electron-vite,7,2,2021-12-09T00:13:18Z,2024-04-01T03:19:00Z,JavaScript
294723511,HandsOnDataViz,chartjs-line,https://github.com/HandsOnDataViz/chartjs-line,7,3,2020-09-11T14:53:02Z,2024-09-02T13:01:10Z,JavaScript
765739553,carsten-walther,homeassistant-boilerplate,https://github.com/carsten-walther/homeassistant-boilerplate,7,0,2024-03-01T14:21:49Z,2025-03-13T19:51:35Z,JavaScript
664901134,nss-evening-web-development,TEMPLATE-nextjs-withauth-full-stack,https://github.com/nss-evening-web-development/TEMPLATE-nextjs-withauth-full-stack,7,7,2023-07-11T02:26:48Z,2024-11-27T01:16:06Z,JavaScript
348298978,docgeni,docgeni-template,https://github.com/docgeni/docgeni-template,7,3,2021-03-16T10:10:12Z,2024-10-23T05:49:39Z,JavaScript
153285257,godfreyzubiaga,parcel-react-boilerplate,https://github.com/godfreyzubiaga/parcel-react-boilerplate,7,1,2018-10-16T12:55:16Z,2022-10-10T17:37:09Z,JavaScript
773114360,SillyTavern,Extension-ReactTemplate,https://github.com/SillyTavern/Extension-ReactTemplate,7,5,2024-03-16T19:36:37Z,2025-06-03T13:32:56Z,JavaScript
628515070,CodeXOrg0,langchainai-react-node-gpt3.5,https://github.com/CodeXOrg0/langchainai-react-node-gpt3.5,7,1,2023-04-16T07:22:11Z,2023-11-15T18:42:12Z,JavaScript
455388933,tchajed,personal-website-demo,https://github.com/tchajed/personal-website-demo,7,3,2022-02-04T01:39:01Z,2025-08-01T02:27:03Z,JavaScript
361837813,mate-academy,react-typescript-starter-pack,https://github.com/mate-academy/react-typescript-starter-pack,8,49,2021-04-26T17:32:47Z,2025-02-17T09:23:08Z,JavaScript
71272329,jesusgn90,telegram-node,https://github.com/jesusgn90/telegram-node,8,5,2016-10-18T17:13:18Z,2020-09-16T20:41:00Z,JavaScript
224183679,appliku,appliku_start,https://github.com/appliku/appliku_start,8,11,2019-11-26T12:08:18Z,2023-09-03T17:07:23Z,JavaScript
382494396,joinpursuit,template-pern-project,https://github.com/joinpursuit/template-pern-project,8,26,2021-07-03T00:46:47Z,2023-05-24T02:22:09Z,JavaScript
771130792,FelipeSantos92Dev,rn-boilerplate,https://github.com/FelipeSantos92Dev/rn-boilerplate,8,44,2024-03-12T18:34:10Z,2024-04-28T11:52:52Z,JavaScript
439095545,ameerdhi7,react-tailwind-starter-template,https://github.com/ameerdhi7/react-tailwind-starter-template,8,2,2021-12-16T18:51:33Z,2025-05-28T04:48:39Z,JavaScript
193570912,mc100s,mern-hooks-boilerplate,https://github.com/mc100s/mern-hooks-boilerplate,8,9,2019-06-24T20:00:23Z,2021-04-15T21:40:57Z,JavaScript
129152277,BrunoTorresF,modern-react-boilerplate,https://github.com/BrunoTorresF/modern-react-boilerplate,8,17,2018-04-11T20:46:59Z,2020-07-29T17:31:07Z,JavaScript
120963648,fredcallaway,heroku-experiment,https://github.com/fredcallaway/heroku-experiment,8,9,2018-02-09T22:41:59Z,2024-12-18T01:19:26Z,JavaScript
505114320,composite,quasar-ssr-nestjs-boilerplate,https://github.com/composite/quasar-ssr-nestjs-boilerplate,8,5,2022-06-19T13:14:29Z,2024-07-24T08:41:42Z,JavaScript
352762338,mudgen,contracts-starter,https://github.com/mudgen/contracts-starter,8,3,2021-03-29T19:33:04Z,2023-03-03T03:18:25Z,JavaScript
320420336,ironhack-sao-wdft,react-ironplate,https://github.com/ironhack-sao-wdft/react-ironplate,8,46,2020-12-11T00:03:18Z,2025-01-21T12:34:58Z,JavaScript
844171324,ezoltech,react-shadcn-starter-boilerplate,https://github.com/ezoltech/react-shadcn-starter-boilerplate,8,0,2024-08-18T15:44:16Z,2025-07-26T08:21:27Z,JavaScript
584454512,Hack-Diversity,tech-dive-skeleton,https://github.com/Hack-Diversity/tech-dive-skeleton,8,5,2023-01-02T16:04:13Z,2024-01-30T15:51:00Z,JavaScript
605001841,doinel1a,vite-react-js-starter,https://github.com/doinel1a/vite-react-js-starter,8,4,2023-02-22T08:29:47Z,2025-06-10T05:25:08Z,JavaScript
374630836,MuhammadAbbasAkhtar,NodeJS-Boilerplate-with-RBAC,https://github.com/MuhammadAbbasAkhtar/NodeJS-Boilerplate-with-RBAC,8,3,2021-06-07T10:51:11Z,2024-09-11T22:35:09Z,JavaScript
607140745,dreygur,rest-api-boilerplate,https://github.com/dreygur/rest-api-boilerplate,8,4,2023-02-27T11:58:23Z,2025-06-27T16:41:37Z,JavaScript
419121263,optimizely,fastly-compute-starter-kit,https://github.com/optimizely/fastly-compute-starter-kit,8,5,2021-10-19T23:27:19Z,2024-06-08T05:38:53Z,JavaScript
143073682,jtr-dev,wallpaper-engine-web-template,https://github.com/jtr-dev/wallpaper-engine-web-template,8,2,2018-07-31T21:50:13Z,2024-12-14T13:51:57Z,JavaScript
204622386,vferdiansyah,nodejs-es6-boilerplate,https://github.com/vferdiansyah/nodejs-es6-boilerplate,8,6,2019-08-27T04:53:46Z,2022-11-29T19:36:25Z,JavaScript
206873661,brandonv98,MERN-Stack-Template,https://github.com/brandonv98/MERN-Stack-Template,8,3,2019-09-06T21:03:27Z,2024-02-27T19:41:49Z,JavaScript
731960424,arrafi-mahin,React-Boilerplate,https://github.com/arrafi-mahin/React-Boilerplate,8,2,2023-12-15T09:43:13Z,2024-11-04T03:08:20Z,JavaScript
223591544,hschne,reveal.js-starter,https://github.com/hschne/reveal.js-starter,8,2,2019-11-23T13:19:23Z,2024-12-02T17:28:08Z,JavaScript
250171531,geoapify,react-based-project,https://github.com/geoapify/react-based-project,8,5,2020-03-26T05:43:50Z,2025-04-08T20:48:26Z,JavaScript
483032170,render-examples,remix,https://github.com/render-examples/remix,8,5,2022-04-18T23:47:33Z,2024-11-02T04:24:20Z,JavaScript
316710629,chiangmaidapps,dapp-starter-kit,https://github.com/chiangmaidapps/dapp-starter-kit,8,8,2020-11-28T10:41:41Z,2021-12-14T00:18:20Z,JavaScript
202381324,kimberrypi,gatsby-hasura-starter,https://github.com/kimberrypi/gatsby-hasura-starter,8,0,2019-08-14T15:49:43Z,2020-09-10T17:30:43Z,JavaScript
189240253,RyanWarner,nova,https://github.com/RyanWarner/nova,8,4,2019-05-29T14:20:13Z,2023-10-22T14:46:27Z,JavaScript
423449921,LinbuduLab,starter-collections,https://github.com/LinbuduLab/starter-collections,8,2,2021-11-01T12:04:06Z,2025-07-13T23:00:44Z,JavaScript
253312099,stevekinney,typescript-boilerplate,https://github.com/stevekinney/typescript-boilerplate,8,3,2020-04-05T19:10:35Z,2023-02-15T21:07:42Z,JavaScript
176945980,lykmapipo,iso-lib-starter,https://github.com/lykmapipo/iso-lib-starter,8,2,2019-03-21T13:04:02Z,2025-05-21T00:27:41Z,JavaScript
201811760,HandsOnDataViz,chartjs-templates,https://github.com/HandsOnDataViz/chartjs-templates,8,27,2019-08-11T20:27:49Z,2025-07-27T14:32:53Z,JavaScript
292213683,storyblok,storyblok-react-native-starter,https://github.com/storyblok/storyblok-react-native-starter,8,4,2020-09-02T07:40:48Z,2023-02-11T01:11:26Z,JavaScript
248098972,mxdi9i7,node-api-template,https://github.com/mxdi9i7/node-api-template,8,3,2020-03-18T00:05:44Z,2022-11-11T16:01:32Z,JavaScript
344786729,tednaaa,markup-starter-template,https://github.com/tednaaa/markup-starter-template,8,0,2021-03-05T11:17:38Z,2025-06-19T18:22:28Z,JavaScript
240681578,logustra,vuad,https://github.com/logustra/vuad,8,3,2020-02-15T09:59:23Z,2024-10-09T18:29:13Z,JavaScript
170014780,benAkehurst,nodejs-api-server,https://github.com/benAkehurst/nodejs-api-server,8,3,2019-02-10T19:03:59Z,2025-06-24T19:27:12Z,JavaScript
330077861,punctuations,next-glassmorphism,https://github.com/punctuations/next-glassmorphism,8,3,2021-01-16T03:45:25Z,2023-10-02T22:53:41Z,JavaScript
303795137,samkcarlile,electron-react,https://github.com/samkcarlile/electron-react,8,1,2020-10-13T18:30:15Z,2023-10-17T14:45:01Z,JavaScript
103871380,okamoai,gulp-boilerplate,https://github.com/okamoai/gulp-boilerplate,8,2,2017-09-18T00:01:49Z,2021-11-05T10:41:47Z,JavaScript
665210701,meteor,flowbite-meteor-starter,https://github.com/meteor/flowbite-meteor-starter,8,4,2023-07-11T17:27:23Z,2024-12-14T23:32:31Z,JavaScript
280953963,DataStax-Examples,astra-gatsbyjs-starter,https://github.com/DataStax-Examples/astra-gatsbyjs-starter,8,3,2020-07-19T21:30:52Z,2023-05-12T16:59:49Z,JavaScript
370395304,Zenquan,react-ts-webpack5-boilerplate,https://github.com/Zenquan/react-ts-webpack5-boilerplate,8,0,2021-05-24T15:13:50Z,2023-08-22T11:55:11Z,JavaScript
1019829772,davidwkeith,11ty-webc-starter,https://github.com/davidwkeith/11ty-webc-starter,8,0,2025-07-15T00:18:21Z,2025-07-30T18:52:57Z,JavaScript
262810650,oli414,openrct2-plugin-boilerplate,https://github.com/oli414/openrct2-plugin-boilerplate,8,0,2020-05-10T14:56:09Z,2023-12-12T17:19:50Z,JavaScript
432334371,leonardssh,ragemp-javascript,https://github.com/leonardssh/ragemp-javascript,8,4,2021-11-27T00:44:21Z,2025-07-03T20:45:33Z,JavaScript
447137560,svierk,sfdx-project-starter-kit,https://github.com/svierk/sfdx-project-starter-kit,8,1,2022-01-12T08:36:54Z,2025-08-06T07:09:53Z,JavaScript
256509238,emirotin,node-template,https://github.com/emirotin/node-template,8,6,2020-04-17T13:23:21Z,2025-06-06T06:18:04Z,JavaScript
503195533,SunSeekerX,uniapp_stack,https://github.com/SunSeekerX/uniapp_stack,8,3,2022-06-14T03:28:26Z,2025-01-18T17:16:21Z,JavaScript
841070007,Thor-x86,template-rollup-typescript,https://github.com/Thor-x86/template-rollup-typescript,8,1,2024-08-11T14:54:20Z,2024-11-23T18:27:31Z,JavaScript
188484025,c0nst4ntin,gulp-sass-starter,https://github.com/c0nst4ntin/gulp-sass-starter,8,1,2019-05-24T20:32:22Z,2024-11-21T21:08:18Z,JavaScript
189240852,RyanWarner,supernova,https://github.com/RyanWarner/supernova,8,3,2019-05-29T14:23:27Z,2025-03-03T02:15:30Z,JavaScript
695128519,nightly-labs,sui-web3-template,https://github.com/nightly-labs/sui-web3-template,8,9,2023-09-22T12:18:53Z,2025-06-22T00:43:10Z,JavaScript
248971311,Geektrovert,ReParcel,https://github.com/Geektrovert/ReParcel,8,0,2020-03-21T12:27:27Z,2024-02-23T19:43:17Z,JavaScript
305238599,vu-luong,gatsby-starter-conference,https://github.com/vu-luong/gatsby-starter-conference,8,2,2020-10-19T02:07:53Z,2024-05-14T04:11:28Z,JavaScript
713382382,lester-lee,fullstack-template,https://github.com/lester-lee/fullstack-template,8,15,2023-11-02T12:09:05Z,2024-05-01T17:27:26Z,JavaScript
715785432,jtr13,quarto-edav-template,https://github.com/jtr13/quarto-edav-template,8,4,2023-11-07T20:37:29Z,2025-04-22T19:26:59Z,JavaScript
750717807,flightphp,velt,https://github.com/flightphp/velt,8,1,2024-01-31T07:14:42Z,2025-04-29T06:48:49Z,JavaScript
89969499,Make-School-Courses,Syllabus-Template,https://github.com/Make-School-Courses/Syllabus-Template,8,13,2017-05-01T22:48:34Z,2025-01-17T11:44:55Z,JavaScript
864192303,worldcoin,minikit-js-template,https://github.com/worldcoin/minikit-js-template,8,8,2024-09-27T17:03:56Z,2025-07-20T04:13:30Z,JavaScript
323190275,rudemex,node-typescript-express-starter,https://github.com/rudemex/node-typescript-express-starter,8,2,2020-12-21T00:07:23Z,2025-07-22T18:14:44Z,JavaScript
920822570,joyco-studio,library-template,https://github.com/joyco-studio/library-template,8,1,2025-01-22T20:40:52Z,2025-04-01T06:02:55Z,JavaScript
236028186,awibox,react-npm-package-template,https://github.com/awibox/react-npm-package-template,8,1,2020-01-24T15:28:22Z,2024-09-04T14:36:47Z,JavaScript
53823200,HandsOnDataViz,leaflet-map-polygon-hover,https://github.com/HandsOnDataViz/leaflet-map-polygon-hover,8,17,2016-03-14T03:12:03Z,2023-04-16T11:31:26Z,JavaScript
771213875,OPCODE-Open-Spring-Fest,template,https://github.com/OPCODE-Open-Spring-Fest/template,8,2,2024-03-12T22:22:14Z,2024-03-28T05:07:36Z,JavaScript
199154945,ENvironmentSet,oversomething,https://github.com/ENvironmentSet/oversomething,8,2,2019-07-27T11:16:12Z,2024-08-06T10:51:18Z,JavaScript
283291827,tsparticles,react-auth-template,https://github.com/tsparticles/react-auth-template,8,3,2020-07-28T18:12:14Z,2024-12-21T00:51:48Z,JavaScript
196732968,evenstensberg,webpack-react-boilerplate,https://github.com/evenstensberg/webpack-react-boilerplate,8,0,2019-07-13T14:49:45Z,2024-07-18T17:29:17Z,JavaScript
345486020,cbergen,11ty-nostrils,https://github.com/cbergen/11ty-nostrils,8,1,2021-03-08T00:25:53Z,2024-01-19T17:52:49Z,JavaScript
105920986,SSmale,StarterKit,https://github.com/SSmale/StarterKit,8,1,2017-10-05T17:44:32Z,2021-08-11T04:47:12Z,JavaScript
170332862,spatie,skeleton-wires,https://github.com/spatie/skeleton-wires,8,0,2019-02-12T14:33:21Z,2024-01-11T03:59:49Z,JavaScript
480343558,obiofiong,Nextjs-StarterKit,https://github.com/obiofiong/Nextjs-StarterKit,8,0,2022-04-11T11:07:27Z,2022-09-12T11:35:08Z,JavaScript
536107874,algonacci,express-docker-template,https://github.com/algonacci/express-docker-template,8,4,2022-09-13T12:08:33Z,2024-06-26T10:52:49Z,JavaScript
392088142,carbon-design-system,carbon-nextjs-template,https://github.com/carbon-design-system/carbon-nextjs-template,8,2,2021-08-02T20:40:04Z,2023-09-24T00:20:19Z,JavaScript
310330473,ManigandanKrishnakumar,react-theming-boilerplate,https://github.com/ManigandanKrishnakumar/react-theming-boilerplate,8,0,2020-11-05T14:50:51Z,2024-07-14T06:22:47Z,JavaScript
856608392,arnobt78,HotelBooking--React-Frontend,https://github.com/arnobt78/HotelBooking--React-Frontend,8,3,2024-09-12T21:52:11Z,2025-07-29T21:11:18Z,JavaScript
465672783,galligan,docusaurus-multi,https://github.com/galligan/docusaurus-multi,8,5,2022-03-03T10:31:24Z,2025-07-02T19:01:29Z,JavaScript
733367463,rsksmart,e2e_dapps_automation,https://github.com/rsksmart/e2e_dapps_automation,8,4,2023-12-19T07:03:13Z,2025-03-13T12:16:37Z,JavaScript
365667855,Blackcloud010,FoundryVTT-Module-Template-Hotswap,https://github.com/Blackcloud010/FoundryVTT-Module-Template-Hotswap,8,4,2021-05-09T04:38:10Z,2024-10-30T15:06:13Z,JavaScript
212676023,serenity-js,serenity-js-cucumber-protractor-template,https://github.com/serenity-js/serenity-js-cucumber-protractor-template,8,10,2019-10-03T20:41:39Z,2024-12-12T18:17:08Z,JavaScript
173188076,da1nerd,react-app-electron-template,https://github.com/da1nerd/react-app-electron-template,8,5,2019-02-28T21:11:49Z,2022-01-23T09:07:19Z,JavaScript
446707673,ikaw-bahala,zohoCRM-widget-template,https://github.com/ikaw-bahala/zohoCRM-widget-template,8,3,2022-01-11T06:44:04Z,2025-07-21T23:19:29Z,JavaScript
736392111,eslint-stylistic,repro-template,https://github.com/eslint-stylistic/repro-template,8,2,2023-12-27T19:21:35Z,2025-07-09T01:15:16Z,JavaScript
517641189,fadhlaouir,express-node-starter,https://github.com/fadhlaouir/express-node-starter,9,7,2022-07-25T11:41:40Z,2024-05-07T08:34:05Z,JavaScript
221203724,stringang,typescript-vue-webpack-boilerplate,https://github.com/stringang/typescript-vue-webpack-boilerplate,9,3,2019-11-12T11:39:02Z,2023-12-01T08:01:42Z,JavaScript
289368918,MichaelCurrin,node-project-template,https://github.com/MichaelCurrin/node-project-template,9,31,2020-08-21T21:32:28Z,2025-04-25T18:38:15Z,JavaScript
427590110,miami78,nextjs-mui-boilerplate,https://github.com/miami78/nextjs-mui-boilerplate,9,6,2021-11-13T06:43:42Z,2025-01-05T23:21:46Z,JavaScript
402170560,PhaserEditor2D,starter-template-basic-javascript,https://github.com/PhaserEditor2D/starter-template-basic-javascript,9,9,2021-09-01T18:53:30Z,2025-04-10T13:04:48Z,JavaScript
653252052,Webflow-Examples,webflow-app-starter-v2,https://github.com/Webflow-Examples/webflow-app-starter-v2,9,22,2023-06-13T17:32:03Z,2025-07-09T16:06:04Z,JavaScript
669561135,antoinemcx,React-Vite-Starter-Template,https://github.com/antoinemcx/React-Vite-Starter-Template,9,2,2023-07-22T17:16:19Z,2024-12-16T16:13:42Z,JavaScript
602738537,Beking0912,react-typescript-rollup-boilerplate,https://github.com/Beking0912/react-typescript-rollup-boilerplate,9,3,2023-02-16T20:55:11Z,2025-01-16T01:31:15Z,JavaScript
201963539,brown-ccv,honeycomb,https://github.com/brown-ccv/honeycomb,9,8,2019-08-12T16:02:09Z,2025-06-13T20:52:41Z,JavaScript
265762683,zeyadetman,react-boilerplate,https://github.com/zeyadetman/react-boilerplate,9,2,2020-05-21T05:28:51Z,2023-08-24T06:04:40Z,JavaScript
319745046,hellosurbhi,puppeteer-boilerplate,https://github.com/hellosurbhi/puppeteer-boilerplate,9,4,2020-12-08T19:50:55Z,2024-09-07T06:00:13Z,JavaScript
234762913,GTBitsOfGood,nextjs-starter,https://github.com/GTBitsOfGood/nextjs-starter,9,3,2020-01-18T16:27:53Z,2025-02-04T19:37:52Z,JavaScript
322061357,docrostov,kol-ts-starter,https://github.com/docrostov/kol-ts-starter,9,25,2020-12-16T17:57:28Z,2024-02-10T20:43:53Z,JavaScript
107192637,chuntington,webpack-boilerplate,https://github.com/chuntington/webpack-boilerplate,9,1,2017-10-16T23:11:37Z,2024-12-04T18:15:38Z,JavaScript
126317759,antonchupak,pug,https://github.com/antonchupak/pug,9,3,2018-03-22T10:22:17Z,2023-09-24T14:22:07Z,JavaScript
276065716,TuuZzee,boilerplate-NextJS,https://github.com/TuuZzee/boilerplate-NextJS,9,4,2020-06-30T10:16:42Z,2023-06-13T10:18:53Z,JavaScript
588492390,Jacobferdinand,React-Three-Fiber-Webflow,https://github.com/Jacobferdinand/React-Three-Fiber-Webflow,9,3,2023-01-13T08:52:38Z,2025-05-24T19:31:37Z,JavaScript
442465634,mrbbot,slshx-starter,https://github.com/mrbbot/slshx-starter,9,1,2021-12-28T13:03:54Z,2023-10-29T14:37:45Z,JavaScript
269543489,integrtr,ui5-boilerplate,https://github.com/integrtr/ui5-boilerplate,9,7,2020-06-05T06:00:58Z,2022-08-21T23:58:24Z,JavaScript
327041496,app-generator,django-azia-dashboard,https://github.com/app-generator/django-azia-dashboard,9,6,2021-01-05T15:33:20Z,2024-11-13T22:13:10Z,JavaScript
446234219,clayton,jekyll-tailwind-stimulus-starter,https://github.com/clayton/jekyll-tailwind-stimulus-starter,9,2,2022-01-10T00:18:15Z,2024-12-16T20:54:05Z,JavaScript
753218925,RajaRakoto,bun-boilerplate,https://github.com/RajaRakoto/bun-boilerplate,9,1,2024-02-05T17:40:51Z,2025-08-09T17:03:57Z,JavaScript
380030826,rishav4101,create-next-saga-persist-app,https://github.com/rishav4101/create-next-saga-persist-app,9,6,2021-06-24T19:28:56Z,2024-09-11T19:01:30Z,JavaScript
272847791,mikesprague,react-tailwind-netlify-starter,https://github.com/mikesprague/react-tailwind-netlify-starter,9,3,2020-06-17T01:16:34Z,2025-08-08T14:22:07Z,JavaScript
252734053,unchainedshop,create,https://github.com/unchainedshop/create,9,3,2020-04-03T13:03:18Z,2025-07-24T08:17:59Z,JavaScript
555314121,kickstartDS,ds-starter,https://github.com/kickstartDS/ds-starter,9,4,2022-10-21T10:38:16Z,2024-12-02T15:41:15Z,JavaScript
381090197,ten24,ultracommerce-storefront-react,https://github.com/ten24/ultracommerce-storefront-react,9,3,2021-06-28T16:06:48Z,2024-10-15T10:49:53Z,JavaScript
168953131,ooade,react-library-starter,https://github.com/ooade/react-library-starter,9,1,2019-02-03T14:20:19Z,2024-11-21T20:33:43Z,JavaScript
992691809,defi-wonderland,aztec-boilerplate,https://github.com/defi-wonderland/aztec-boilerplate,9,4,2025-05-29T15:02:31Z,2025-08-08T18:13:21Z,JavaScript
226571472,Chronoblog,gatsby-starter-chronoblog-profile,https://github.com/Chronoblog/gatsby-starter-chronoblog-profile,9,7,2019-12-07T20:23:43Z,2025-03-26T11:04:59Z,JavaScript
305680696,three11,email-template,https://github.com/three11/email-template,9,2,2020-10-20T11:06:22Z,2025-06-23T11:36:22Z,JavaScript
504780327,Gruce,laravel-starter-template,https://github.com/Gruce/laravel-starter-template,9,0,2022-06-18T07:53:23Z,2024-04-18T10:40:44Z,JavaScript
625608323,emrecancorapci,vite-react-bootstrap,https://github.com/emrecancorapci/vite-react-bootstrap,9,6,2023-04-09T16:31:18Z,2025-05-15T06:25:43Z,JavaScript
199237022,itsabdessalam,gatsby-theme-changelog,https://github.com/itsabdessalam/gatsby-theme-changelog,9,2,2019-07-28T03:18:59Z,2023-05-12T16:55:41Z,JavaScript
346374610,rocketseat-education,ignite-template-reactjs-refactoring-classes-ts,https://github.com/rocketseat-education/ignite-template-reactjs-refactoring-classes-ts,9,74,2021-03-10T14:00:16Z,2023-09-14T11:15:08Z,JavaScript
211674023,someshkar,gatsby-starter-darkmode,https://github.com/someshkar/gatsby-starter-darkmode,9,1,2019-09-29T14:17:57Z,2024-12-05T12:49:42Z,JavaScript
531839091,sudiptob2,react-docker-boilerplate,https://github.com/sudiptob2/react-docker-boilerplate,9,3,2022-09-02T08:12:48Z,2025-05-21T19:00:29Z,JavaScript
589298916,reaby,TMModeTemplate,https://github.com/reaby/TMModeTemplate,9,0,2023-01-15T18:14:49Z,2025-03-14T20:13:49Z,JavaScript
378499155,Rashmi-278,Web3-Nextjs-ChakraUI,https://github.com/Rashmi-278/Web3-Nextjs-ChakraUI,9,0,2021-06-19T20:26:57Z,2023-08-19T12:44:49Z,JavaScript
264580678,knokbak,tutorials,https://github.com/knokbak/tutorials,9,28,2020-05-17T04:06:55Z,2025-08-09T12:47:26Z,JavaScript
240934550,kaypacha,next-boilerplate,https://github.com/kaypacha/next-boilerplate,9,0,2020-02-16T17:30:51Z,2024-02-06T20:38:19Z,JavaScript
686631763,pot-app,pot-app-recognize-plugin-template,https://github.com/pot-app/pot-app-recognize-plugin-template,9,13,2023-09-03T12:45:47Z,2025-06-27T05:02:27Z,JavaScript
578799208,githubnext,blocks-template-svelte,https://github.com/githubnext/blocks-template-svelte,9,3,2022-12-15T22:57:12Z,2024-04-24T15:31:17Z,JavaScript
802712938,crllect,UV-on-vercel,https://github.com/crllect/UV-on-vercel,9,40,2024-05-19T03:59:38Z,2025-05-19T22:38:09Z,JavaScript
294308041,yoMerce,shopify-app-starter,https://github.com/yoMerce/shopify-app-starter,9,2,2020-09-10T05:02:58Z,2024-10-12T09:53:27Z,JavaScript
301074368,avisionx,react-starter-template,https://github.com/avisionx/react-starter-template,9,0,2020-10-04T08:10:57Z,2023-08-21T20:35:15Z,JavaScript
770707682,Zyruks,astro-starter,https://github.com/Zyruks/astro-starter,9,1,2024-03-12T02:34:14Z,2025-08-05T16:55:03Z,JavaScript
1008449605,mnove,mcp-server-starter,https://github.com/mnove/mcp-server-starter,9,0,2025-06-25T15:01:34Z,2025-07-19T09:36:37Z,JavaScript
622176304,barelyhuman,preact-islands-fullstack-template,https://github.com/barelyhuman/preact-islands-fullstack-template,9,0,2023-04-01T10:52:46Z,2024-07-29T22:03:59Z,JavaScript
481169795,yooneskh,vite-vuetify-template,https://github.com/yooneskh/vite-vuetify-template,9,0,2022-04-13T10:24:35Z,2024-12-15T05:04:44Z,JavaScript
202538451,yottaawesome,react-tsx-boilerplate,https://github.com/yottaawesome/react-tsx-boilerplate,9,2,2019-08-15T12:37:22Z,2023-02-20T12:13:51Z,JavaScript
27656330,jimmylee,lake,https://github.com/jimmylee/lake,9,0,2014-12-07T02:12:20Z,2023-06-22T20:18:52Z,JavaScript
213959995,Jorrmungandr,keystone-admin,https://github.com/Jorrmungandr/keystone-admin,9,2,2019-10-09T15:50:08Z,2022-03-10T06:19:16Z,JavaScript
152632054,apsislabs,chrome_extension_starter,https://github.com/apsislabs/chrome_extension_starter,9,1,2018-10-11T17:45:51Z,2025-06-28T20:06:38Z,JavaScript
327581481,victorocna,express-mongo-api-starter,https://github.com/victorocna/express-mongo-api-starter,9,3,2021-01-07T10:43:36Z,2025-08-06T06:13:14Z,JavaScript
473249940,arnav-kr,vite-vanilla-tailwind,https://github.com/arnav-kr/vite-vanilla-tailwind,9,0,2022-03-23T15:32:03Z,2024-10-05T04:17:04Z,JavaScript
568532600,lmammino,solidjs-template,https://github.com/lmammino/solidjs-template,9,0,2022-11-20T20:22:32Z,2023-04-11T15:58:31Z,JavaScript
688004463,startbase-dev,tsup-template,https://github.com/startbase-dev/tsup-template,9,0,2023-09-06T13:01:30Z,2024-11-29T08:29:38Z,JavaScript
497044678,LeeJim,miniprogram-starter,https://github.com/LeeJim/miniprogram-starter,9,2,2022-05-27T15:19:58Z,2025-03-27T02:02:29Z,JavaScript
669217038,rock-biter,threejs-starter,https://github.com/rock-biter/threejs-starter,9,2,2023-07-21T16:21:50Z,2024-07-29T14:05:36Z,JavaScript
432607404,mrmcc3,my-remix,https://github.com/mrmcc3/my-remix,9,0,2021-11-28T03:14:48Z,2023-05-05T12:38:40Z,JavaScript
638639222,fleekxyz,lens-template,https://github.com/fleekxyz/lens-template,9,4,2023-05-09T19:27:51Z,2024-05-30T19:20:21Z,JavaScript
194653123,Appnroll,gatsby-appnroll-starter,https://github.com/Appnroll/gatsby-appnroll-starter,9,0,2019-07-01T10:39:08Z,2021-06-21T07:14:26Z,JavaScript
832589856,Shannzx10,shannz-store,https://github.com/Shannzx10/shannz-store,9,8,2024-07-23T10:26:32Z,2025-07-16T16:00:29Z,JavaScript
403829487,CloudCannon,justice-nextjs-template,https://github.com/CloudCannon/justice-nextjs-template,9,7,2021-09-07T03:35:04Z,2025-04-14T11:19:36Z,JavaScript
344944135,internetarchive,iaux-typescript-wc-template,https://github.com/internetarchive/iaux-typescript-wc-template,9,3,2021-03-05T21:57:23Z,2025-05-14T16:56:11Z,JavaScript
163658192,jefrydco,nuxt-pwa-vuetify-express-mongo,https://github.com/jefrydco/nuxt-pwa-vuetify-express-mongo,9,2,2018-12-31T09:59:03Z,2023-05-04T11:48:01Z,JavaScript
136684979,xg4,rollup-typescript-boilerplate,https://github.com/xg4/rollup-typescript-boilerplate,9,1,2018-06-09T02:45:35Z,2024-10-22T23:43:45Z,JavaScript
207799420,serverless,template-package,https://github.com/serverless/template-package,9,3,2019-09-11T11:48:36Z,2021-11-16T16:16:17Z,JavaScript
322378343,Snazzah,slash-create-template,https://github.com/Snazzah/slash-create-template,9,5,2020-12-17T18:23:17Z,2024-05-29T06:00:31Z,JavaScript
202543686,insulineru,vue-boilerplate,https://github.com/insulineru/vue-boilerplate,9,1,2019-08-15T13:12:34Z,2022-04-28T00:27:53Z,JavaScript
501463171,fonoster,nodejs-voiceapp,https://github.com/fonoster/nodejs-voiceapp,9,10,2022-06-09T01:22:31Z,2025-01-11T06:21:18Z,JavaScript
248329385,Codaisseur,express-template,https://github.com/Codaisseur/express-template,9,5,2020-03-18T19:55:00Z,2024-08-07T01:45:46Z,JavaScript
322963150,ccrowley96,fullstack-auth-docker-boilerplate,https://github.com/ccrowley96/fullstack-auth-docker-boilerplate,9,2,2020-12-20T00:19:25Z,2024-08-07T17:47:42Z,JavaScript
844178728,MettaSurendhar,node-express-backend-template-using-prisma,https://github.com/MettaSurendhar/node-express-backend-template-using-prisma,9,0,2024-08-18T16:09:05Z,2025-08-09T20:55:46Z,JavaScript
402658097,amalshaji,sapper-deta-template,https://github.com/amalshaji/sapper-deta-template,9,3,2021-09-03T05:34:21Z,2022-12-09T09:04:06Z,JavaScript
380941939,executablebooks,markdown-it-plugin-template,https://github.com/executablebooks/markdown-it-plugin-template,9,3,2021-06-28T07:21:00Z,2025-05-26T14:08:42Z,JavaScript
293328317,bastianleicht,DiscordJS-Bot-Base,https://github.com/bastianleicht/DiscordJS-Bot-Base,9,9,2020-09-06T17:31:37Z,2025-03-15T10:13:58Z,JavaScript
89340413,kotarella1110,riot-starter,https://github.com/kotarella1110/riot-starter,9,1,2017-04-25T09:07:47Z,2024-08-09T23:07:15Z,JavaScript
317428397,ManasJayanth,reason-aoc-starter,https://github.com/ManasJayanth/reason-aoc-starter,9,1,2020-12-01T04:53:23Z,2024-11-05T00:14:41Z,JavaScript
260614268,devpato,PWA-template,https://github.com/devpato/PWA-template,9,3,2020-05-02T04:35:34Z,2024-05-30T13:09:30Z,JavaScript
842635500,MettaSurendhar,node-express-backend-template-for-intermediate,https://github.com/MettaSurendhar/node-express-backend-template-for-intermediate,9,1,2024-08-14T18:48:45Z,2025-08-01T08:34:57Z,JavaScript
177784927,yunusemredilber,material-ui-starter,https://github.com/yunusemredilber/material-ui-starter,10,4,2019-03-26T12:33:27Z,2023-07-20T18:25:54Z,JavaScript
436084923,nekobc1998923,typescript-sdk-starter,https://github.com/nekobc1998923/typescript-sdk-starter,10,8,2021-12-08T02:01:02Z,2024-12-04T13:13:52Z,JavaScript
316015476,staticwebdev,mongoose-starter,https://github.com/staticwebdev/mongoose-starter,10,7,2020-11-25T17:55:00Z,2023-09-18T14:47:36Z,JavaScript
53709584,epilande,yars,https://github.com/epilande/yars,10,3,2016-03-12T02:38:06Z,2019-06-07T14:02:22Z,JavaScript
140944662,DemoMacro,hexo-boilerplate-netlify-cms,https://github.com/DemoMacro/hexo-boilerplate-netlify-cms,10,32,2018-07-14T12:32:00Z,2023-07-11T06:25:55Z,JavaScript
556292841,manavm1990,vite-react-tailwind-vitest,https://github.com/manavm1990/vite-react-tailwind-vitest,10,7,2022-10-23T14:20:30Z,2024-12-03T20:02:12Z,JavaScript
234380546,georgesimos,nodejs-mvc-starter,https://github.com/georgesimos/nodejs-mvc-starter,10,3,2020-01-16T18:03:31Z,2022-11-14T04:45:55Z,JavaScript
215760535,touhidrahman,ng-starter-no-semi-four-space,https://github.com/touhidrahman/ng-starter-no-semi-four-space,10,4,2019-10-17T10:00:56Z,2025-03-07T08:24:36Z,JavaScript
389667639,charliegerard,solidjs-netlify-starter,https://github.com/charliegerard/solidjs-netlify-starter,10,3,2021-07-26T14:46:58Z,2025-03-01T08:01:42Z,JavaScript
420526236,KlausSchaefers,luisa-vue3-starter,https://github.com/KlausSchaefers/luisa-vue3-starter,10,4,2021-10-23T21:24:13Z,2023-09-13T15:41:08Z,JavaScript
96178370,cycjimmy,h5-webpack-starter,https://github.com/cycjimmy/h5-webpack-starter,10,4,2017-07-04T05:25:01Z,2025-04-12T11:56:40Z,JavaScript
285376659,kubil-ismail,react-js-boilerplate,https://github.com/kubil-ismail/react-js-boilerplate,10,2,2020-08-05T18:47:29Z,2020-09-22T01:25:21Z,JavaScript
190787945,homedepot,hackathon-starter,https://github.com/homedepot/hackathon-starter,10,12,2019-06-07T18:04:14Z,2024-08-04T10:16:36Z,JavaScript
459009485,waldronmatt,webpack-boilerplate,https://github.com/waldronmatt/webpack-boilerplate,10,0,2022-02-14T04:00:19Z,2023-03-12T21:03:51Z,JavaScript
390219947,mitchazj,vrt-starter,https://github.com/mitchazj/vrt-starter,10,2,2021-07-28T05:03:04Z,2025-03-26T18:54:46Z,JavaScript
604436523,DaianaArena,react-zoho-widget-boilerplate,https://github.com/DaianaArena/react-zoho-widget-boilerplate,10,2,2023-02-21T03:47:24Z,2025-07-06T00:38:34Z,JavaScript
429375835,MilosPaunovic,quasar-v1-starter,https://github.com/MilosPaunovic/quasar-v1-starter,10,3,2021-11-18T09:51:14Z,2025-03-20T11:35:33Z,JavaScript
272236723,Ridermansb,react-firebase-ssr,https://github.com/Ridermansb/react-firebase-ssr,10,4,2020-06-14T16:06:58Z,2025-01-29T12:13:01Z,JavaScript
179300700,visual-framework,vf-eleventy,https://github.com/visual-framework/vf-eleventy,10,2,2019-04-03T13:53:23Z,2024-11-25T12:04:38Z,JavaScript
329940755,andrewlevada,webpack-lit-template,https://github.com/andrewlevada/webpack-lit-template,10,2,2021-01-15T14:52:00Z,2024-06-05T07:42:51Z,JavaScript
333195978,jaydanurwin,gatsby-sanity-minimal-starter,https://github.com/jaydanurwin/gatsby-sanity-minimal-starter,10,2,2021-01-26T19:37:23Z,2022-06-30T16:51:40Z,JavaScript
520898622,fastly,compute-starter-kit-javascript-openapi-validation,https://github.com/fastly/compute-starter-kit-javascript-openapi-validation,10,2,2022-08-03T13:47:04Z,2025-04-09T09:15:34Z,JavaScript
578910104,wonsss,react-boilerplate,https://github.com/wonsss/react-boilerplate,10,0,2022-12-16T07:14:31Z,2025-06-19T11:09:01Z,JavaScript
468488578,ics-software-engineering,meteor-application-template-react,https://github.com/ics-software-engineering/meteor-application-template-react,10,20,2022-03-10T19:46:07Z,2024-10-01T04:30:24Z,JavaScript
539809869,BryceCanyonCounty,bcc-vue-boilerplate,https://github.com/BryceCanyonCounty/bcc-vue-boilerplate,10,3,2022-09-22T05:14:32Z,2025-07-11T07:13:56Z,JavaScript
158362247,alexander-elgin,express-passport-boilerplate,https://github.com/alexander-elgin/express-passport-boilerplate,10,2,2018-11-20T09:18:09Z,2025-06-25T12:41:36Z,JavaScript
623918361,Ando-Mickael,starter-react,https://github.com/Ando-Mickael/starter-react,10,0,2023-04-05T11:13:42Z,2024-01-11T07:03:09Z,JavaScript
746770792,gadget-inc,shopify-chatbot-theme-ext-template,https://github.com/gadget-inc/shopify-chatbot-theme-ext-template,10,8,2024-01-22T16:36:11Z,2025-07-06T21:57:54Z,JavaScript
127404028,shavo007,serverless-nodejs-starter,https://github.com/shavo007/serverless-nodejs-starter,10,2,2018-03-30T08:38:14Z,2025-05-10T21:49:43Z,JavaScript
483425147,prof-rossetti,express-firebase-template-2022,https://github.com/prof-rossetti/express-firebase-template-2022,10,2,2022-04-19T22:13:45Z,2024-12-09T00:44:02Z,JavaScript
615198415,agency-kit,agencykit-11ty-starter,https://github.com/agency-kit/agencykit-11ty-starter,10,0,2023-03-17T06:55:36Z,2025-03-30T09:59:31Z,JavaScript
705413488,metarhia,Template,https://github.com/metarhia/Template,10,4,2023-10-16T00:11:17Z,2025-03-12T22:05:11Z,JavaScript
210009950,lehoangthienan,nextjs-boilerplate,https://github.com/lehoangthienan/nextjs-boilerplate,10,0,2019-09-21T15:36:42Z,2024-10-16T15:16:11Z,JavaScript
163536058,ADARTA,netlify-cms-react-example,https://github.com/ADARTA/netlify-cms-react-example,10,7,2018-12-29T19:33:07Z,2024-07-30T06:34:17Z,JavaScript
446945827,Mwapsam,Webpack-Boilerplate,https://github.com/Mwapsam/Webpack-Boilerplate,10,0,2022-01-11T18:58:29Z,2022-08-25T13:47:57Z,JavaScript
301854518,DanailMinchev,gatsby-starter-testing,https://github.com/DanailMinchev/gatsby-starter-testing,10,0,2020-10-06T21:05:34Z,2023-06-22T04:06:12Z,JavaScript
606991559,hunghg255,template-docusaurus,https://github.com/hunghg255/template-docusaurus,10,3,2023-02-27T04:35:42Z,2024-10-07T02:26:14Z,JavaScript
776934923,erdemkosk,fastify-awilix-boilerplate,https://github.com/erdemkosk/fastify-awilix-boilerplate,10,0,2024-03-24T20:55:26Z,2025-07-07T13:09:53Z,JavaScript
373597373,sven10hove,The-publisher-framework,https://github.com/sven10hove/The-publisher-framework,10,8,2021-06-03T17:57:36Z,2023-10-16T16:56:27Z,JavaScript
233649887,MarcelloTheArcane,nhost-template,https://github.com/MarcelloTheArcane/nhost-template,10,3,2020-01-13T17:11:13Z,2025-04-15T05:27:57Z,JavaScript
518467560,jiji262,miniprogram-starter,https://github.com/jiji262/miniprogram-starter,10,1,2022-07-27T13:22:24Z,2025-03-17T05:43:47Z,JavaScript
144556489,hmsk,frontmatter-markdown-loader-vue-sample,https://github.com/hmsk/frontmatter-markdown-loader-vue-sample,10,8,2018-08-13T09:17:09Z,2021-07-21T07:33:43Z,JavaScript
910815167,rahil1202,electron-react-vite-template,https://github.com/rahil1202/electron-react-vite-template,10,4,2025-01-01T14:14:07Z,2025-05-14T10:02:53Z,JavaScript
457306984,jwstegemann,fritz2-tailwind-template,https://github.com/jwstegemann/fritz2-tailwind-template,10,3,2022-02-09T10:15:37Z,2025-07-30T09:09:08Z,JavaScript
262324501,nikhiljohn10,api-worker-template,https://github.com/nikhiljohn10/api-worker-template,10,4,2020-05-08T13:00:22Z,2025-07-10T14:17:56Z,JavaScript
674886496,simaraconceicao,oficina-tdd,https://github.com/simaraconceicao/oficina-tdd,10,3,2023-08-05T04:18:21Z,2025-05-11T01:17:44Z,JavaScript
843448980,MettaSurendhar,node-express-backend-template-for-beginner,https://github.com/MettaSurendhar/node-express-backend-template-for-beginner,10,1,2024-08-16T14:38:01Z,2025-07-04T03:33:39Z,JavaScript
350031848,khang-nd,electron-app-svelte,https://github.com/khang-nd/electron-app-svelte,10,2,2021-03-21T15:02:56Z,2025-03-30T14:10:40Z,JavaScript
577064126,brunoimbrizi,vite-threejs,https://github.com/brunoimbrizi/vite-threejs,10,1,2022-12-11T21:20:15Z,2025-01-27T06:06:06Z,JavaScript
626576586,SocketSomeone,nestjs-open-source-template,https://github.com/SocketSomeone/nestjs-open-source-template,10,2,2023-04-11T18:41:19Z,2025-08-07T10:00:45Z,JavaScript
397895984,medusajs,medusa-starter-contentful,https://github.com/medusajs/medusa-starter-contentful,11,17,2021-08-19T09:58:47Z,2025-08-08T19:37:09Z,JavaScript
428068084,permafrost-dev,vite-vue-tailwind-ts-electron-skeleton,https://github.com/permafrost-dev/vite-vue-tailwind-ts-electron-skeleton,11,2,2021-11-14T23:43:49Z,2025-02-17T21:05:03Z,JavaScript
349444943,wikimedia-gadgets,twinkle-starter,https://github.com/wikimedia-gadgets/twinkle-starter,11,8,2021-03-19T14:08:35Z,2025-06-14T12:35:55Z,JavaScript
296254506,ThewApp,vercel-shorturl-starter,https://github.com/ThewApp/vercel-shorturl-starter,11,7,2020-09-17T07:41:07Z,2024-02-17T04:08:44Z,JavaScript
466635386,0xDevansh,typescript-minimal-starter,https://github.com/0xDevansh/typescript-minimal-starter,11,6,2022-03-06T04:28:00Z,2024-11-04T18:54:35Z,JavaScript
273061106,BloomTech-Labs,labs-api-node-starter,https://github.com/BloomTech-Labs/labs-api-node-starter,11,17,2020-06-17T19:26:58Z,2024-09-24T00:44:52Z,JavaScript
262984389,MichaelCurrin,react-quickstart,https://github.com/MichaelCurrin/react-quickstart,11,12,2020-05-11T08:31:25Z,2025-05-27T01:07:22Z,JavaScript
291123292,noddy1996,react-native-redux-starter,https://github.com/noddy1996/react-native-redux-starter,11,5,2020-08-28T18:52:59Z,2024-02-25T16:47:34Z,JavaScript
283620542,CoCreate-app,CoCreate-boilerplate,https://github.com/CoCreate-app/CoCreate-boilerplate,11,9,2020-07-29T23:11:09Z,2022-10-11T12:31:19Z,JavaScript
550599402,imrishit98,rp-nextjs-starter,https://github.com/imrishit98/rp-nextjs-starter,11,3,2022-10-13T02:57:20Z,2025-07-27T22:23:49Z,JavaScript
204627972,Simply007,kontent-sample-app-gatsby-intranet,https://github.com/Simply007/kontent-sample-app-gatsby-intranet,11,6,2019-08-27T05:41:12Z,2023-09-14T19:14:29Z,JavaScript
284520934,helloroman,gatsby-styled-components-starter,https://github.com/helloroman/gatsby-styled-components-starter,11,4,2020-08-02T18:43:51Z,2024-10-08T19:27:45Z,JavaScript
276273456,redhat-scholars,courseware-template,https://github.com/redhat-scholars/courseware-template,11,26,2020-07-01T04:07:08Z,2025-05-10T11:10:51Z,JavaScript
273727218,catdad,electron-template,https://github.com/catdad/electron-template,11,2,2020-06-20T14:48:44Z,2025-06-11T19:24:07Z,JavaScript
121550327,aglotoff,html-project-template,https://github.com/aglotoff/html-project-template,11,2,2018-02-14T19:11:59Z,2022-05-12T17:27:11Z,JavaScript
323743114,ibrahimsk1,vue3-boilerplate,https://github.com/ibrahimsk1/vue3-boilerplate,11,3,2020-12-22T22:07:05Z,2025-03-25T06:23:30Z,JavaScript
685228224,AdamGuar,no-frameworks-typescript-app-starter,https://github.com/AdamGuar/no-frameworks-typescript-app-starter,11,2,2023-08-30T19:27:09Z,2025-04-18T16:52:33Z,JavaScript
626390403,web-infra-dev,rspack-repro,https://github.com/web-infra-dev/rspack-repro,11,50,2023-04-11T11:26:28Z,2025-07-30T02:52:29Z,JavaScript
259427681,mootoday,sapper-on-cloud-run,https://github.com/mootoday/sapper-on-cloud-run,11,3,2020-04-27T19:11:24Z,2025-07-23T11:53:19Z,JavaScript
354191861,MostafaRastegar,mr-react-native-starter,https://github.com/MostafaRastegar/mr-react-native-starter,11,0,2021-04-03T03:42:05Z,2021-10-12T15:59:25Z,JavaScript
120273284,SystangoTechnologies,RN-Boilerplate,https://github.com/SystangoTechnologies/RN-Boilerplate,11,3,2018-02-05T08:02:10Z,2021-09-29T06:47:49Z,JavaScript
345072482,Robpayot,threejs-boilerplate,https://github.com/Robpayot/threejs-boilerplate,11,4,2021-03-06T11:05:40Z,2025-01-27T16:34:02Z,JavaScript
413041741,saseungmin,yarn-berry-example,https://github.com/saseungmin/yarn-berry-example,11,2,2021-10-03T10:13:05Z,2025-05-02T02:07:58Z,JavaScript
240685193,logustra,read,https://github.com/logustra/read,11,5,2020-02-15T10:21:30Z,2025-05-06T18:14:02Z,JavaScript
675476363,pot-app,pot-app-translate-plugin-template,https://github.com/pot-app/pot-app-translate-plugin-template,11,16,2023-08-07T02:41:10Z,2025-07-28T21:49:03Z,JavaScript
299463654,Alexa-Green,docusaurus-netlify-cms,https://github.com/Alexa-Green/docusaurus-netlify-cms,11,6,2020-09-29T00:29:42Z,2022-04-01T01:44:54Z,JavaScript
211731270,Kijacode,JwtAuth-NodejsStarter,https://github.com/Kijacode/JwtAuth-NodejsStarter,11,1,2019-09-29T21:55:54Z,2023-03-04T04:42:23Z,JavaScript
151004661,leopiccionia,nuxt-feathers-boilerplate,https://github.com/leopiccionia/nuxt-feathers-boilerplate,11,1,2018-09-30T20:35:44Z,2025-02-21T16:34:29Z,JavaScript
137436133,jackyef,react-boilerplate,https://github.com/jackyef/react-boilerplate,11,2,2018-06-15T03:19:56Z,2022-06-16T03:55:16Z,JavaScript
407704202,MK-IT,nextjs-starter-essentials,https://github.com/MK-IT/nextjs-starter-essentials,11,1,2021-09-17T23:28:16Z,2025-03-18T11:09:07Z,JavaScript
775835053,BastiDood,sveltekit-tailwind-template,https://github.com/BastiDood/sveltekit-tailwind-template,11,0,2024-03-22T06:16:21Z,2025-07-27T06:16:30Z,JavaScript
143845854,AndreaPontrandolfo,node.js-authentication-boilerplate,https://github.com/AndreaPontrandolfo/node.js-authentication-boilerplate,11,2,2018-08-07T08:49:35Z,2025-01-09T14:43:19Z,JavaScript
638784183,wrappid,wrappid-module,https://github.com/wrappid/wrappid-module,11,1,2023-05-10T05:18:32Z,2024-09-17T06:28:27Z,JavaScript
355375554,gitpod-samples,template-sveltekit,https://github.com/gitpod-samples/template-sveltekit,11,14,2021-04-07T01:22:30Z,2024-01-12T07:02:55Z,JavaScript
285637142,UseAllFive,next-prismic-base,https://github.com/UseAllFive/next-prismic-base,11,1,2020-08-06T17:58:07Z,2024-07-22T00:23:18Z,JavaScript
130965587,agonxgashi,MEAN-template,https://github.com/agonxgashi/MEAN-template,11,7,2018-04-25T07:11:58Z,2023-10-20T17:13:41Z,JavaScript
275740476,KevinBatdorf,alpine-plugin-template,https://github.com/KevinBatdorf/alpine-plugin-template,11,0,2020-06-29T05:39:03Z,2024-04-07T21:59:14Z,JavaScript
212502460,lucasjs,react-boilerplate,https://github.com/lucasjs/react-boilerplate,11,1,2019-10-03T05:20:12Z,2023-09-13T17:30:59Z,JavaScript
210860504,posva,lib-boilerplate-ts,https://github.com/posva/lib-boilerplate-ts,11,1,2019-09-25T14:06:11Z,2023-01-25T13:43:15Z,JavaScript
192092732,nya1,solidity-boilerplate,https://github.com/nya1/solidity-boilerplate,11,0,2019-06-15T15:14:32Z,2024-08-01T04:41:20Z,JavaScript
644140990,The-Marcy-Lab-School,react-express-auth,https://github.com/The-Marcy-Lab-School/react-express-auth,11,77,2023-05-22T22:56:16Z,2025-07-10T13:56:51Z,JavaScript
661159922,ITurres,project-boilerplate,https://github.com/ITurres/project-boilerplate,11,0,2023-07-02T01:28:10Z,2023-11-30T16:54:03Z,JavaScript
907948635,gabrieldrouin,express-typescript-eslint-prettier-template,https://github.com/gabrieldrouin/express-typescript-eslint-prettier-template,11,6,2024-12-24T17:16:31Z,2025-07-26T17:15:02Z,JavaScript
356127436,yldm-tech,vite-react-ts-tempalte,https://github.com/yldm-tech/vite-react-ts-tempalte,11,2,2021-04-09T03:51:55Z,2024-11-15T11:28:06Z,JavaScript
466388842,mdmarufsarker,es6-setup,https://github.com/mdmarufsarker/es6-setup,11,3,2022-03-05T07:59:32Z,2023-09-04T17:41:49Z,JavaScript
521761169,GRBgithub,GRB-FF-Template,https://github.com/GRBgithub/GRB-FF-Template,11,0,2022-08-05T19:56:49Z,2023-03-10T15:33:12Z,JavaScript
888760022,webrecorder,web-archive-site-mirror,https://github.com/webrecorder/web-archive-site-mirror,11,1,2024-11-15T00:39:17Z,2025-07-03T02:04:42Z,JavaScript
256825527,HazAnwar,TypeScript-React-Express-Boilerplate,https://github.com/HazAnwar/TypeScript-React-Express-Boilerplate,11,0,2020-04-18T18:32:48Z,2022-11-02T04:26:55Z,JavaScript
402577085,FilosofiaCodigo,NFTCollectionTemplate,https://github.com/FilosofiaCodigo/NFTCollectionTemplate,11,8,2021-09-02T22:18:54Z,2024-02-02T23:33:13Z,JavaScript
318569632,ayamflow,noop-starter,https://github.com/ayamflow/noop-starter,11,0,2020-12-04T16:15:11Z,2023-03-08T05:08:24Z,JavaScript
950951026,lianecagara,CassidySpectra,https://github.com/lianecagara/CassidySpectra,11,70,2025-03-18T23:53:25Z,2025-07-01T05:47:38Z,JavaScript
446067968,vivekascoder,react-tezos-template,https://github.com/vivekascoder/react-tezos-template,11,3,2022-01-09T11:24:48Z,2023-03-11T11:33:55Z,JavaScript
336855832,talentlessguy,hyperapp-fullstack-starter,https://github.com/talentlessguy/hyperapp-fullstack-starter,11,0,2021-02-07T18:11:37Z,2024-02-23T09:08:40Z,JavaScript
885987624,Open-Trader,custom-strategy,https://github.com/Open-Trader/custom-strategy,11,2,2024-11-09T22:18:02Z,2025-08-02T22:06:54Z,JavaScript
763171095,Yoghurt1337,Bio-Website,https://github.com/Yoghurt1337/Bio-Website,11,9,2024-02-25T18:31:33Z,2025-07-10T17:10:20Z,JavaScript
602859875,Ys-sudo,gatsby-openai-firebase-starter,https://github.com/Ys-sudo/gatsby-openai-firebase-starter,11,0,2023-02-17T04:53:51Z,2024-11-02T08:16:56Z,JavaScript
330091975,Zenquan,libpack,https://github.com/Zenquan/libpack,11,2,2021-01-16T05:31:01Z,2024-02-23T19:06:20Z,JavaScript
300866721,lamualfa,routify-tailwind,https://github.com/lamualfa/routify-tailwind,11,4,2020-10-03T11:41:49Z,2023-08-21T03:19:41Z,JavaScript
511643797,IBM,template-carbon-react,https://github.com/IBM/template-carbon-react,11,8,2022-07-07T19:01:57Z,2025-01-28T14:02:04Z,JavaScript
351830794,ricardomatias,canvas-template,https://github.com/ricardomatias/canvas-template,11,2,2021-03-26T15:38:44Z,2024-03-28T05:12:06Z,JavaScript
448543242,GDGAlgiers,discord.js-bot-template,https://github.com/GDGAlgiers/discord.js-bot-template,11,3,2022-01-16T12:09:30Z,2022-02-19T17:31:29Z,JavaScript
380763351,marioecg,full-screen-shader,https://github.com/marioecg/full-screen-shader,11,2,2021-06-27T14:40:43Z,2024-10-25T11:05:39Z,JavaScript
251344422,Brooooooklyn,typescript-monorepo,https://github.com/Brooooooklyn/typescript-monorepo,11,1,2020-03-30T15:18:09Z,2023-07-27T12:06:24Z,JavaScript
355516728,romgrk,node-gtk-template,https://github.com/romgrk/node-gtk-template,11,1,2021-04-07T11:18:58Z,2024-08-13T23:28:27Z,JavaScript
763114537,k0msenapati,TerminalFolio,https://github.com/k0msenapati/TerminalFolio,11,14,2024-02-25T15:46:03Z,2025-07-07T19:07:30Z,JavaScript
536298212,IThubGroup,react-simple-template,https://github.com/IThubGroup/react-simple-template,11,3,2022-09-13T20:27:52Z,2025-04-23T10:23:00Z,JavaScript
690093833,Technigo,react-vite-boilerplate,https://github.com/Technigo/react-vite-boilerplate,12,65,2023-09-11T14:14:38Z,2025-06-26T15:38:08Z,JavaScript
400084535,atapas,next-starter-revue-tailwind,https://github.com/atapas/next-starter-revue-tailwind,12,3,2021-08-26T07:45:03Z,2024-03-28T06:19:41Z,JavaScript
329457392,remote-gildor,hardhat-web3-vue-starter,https://github.com/remote-gildor/hardhat-web3-vue-starter,12,6,2021-01-13T23:32:00Z,2023-05-04T06:50:48Z,JavaScript
135198973,dashevo,node.js-engineer-code-challenge,https://github.com/dashevo/node.js-engineer-code-challenge,12,10,2018-05-28T19:02:27Z,2024-07-06T20:39:19Z,JavaScript
270201044,iamsainikhil,gatsby-prismic-blog-starter,https://github.com/iamsainikhil/gatsby-prismic-blog-starter,12,4,2020-06-07T05:15:55Z,2025-08-08T23:29:48Z,JavaScript
450583766,bitDaft,nodejs-express-boilerplate,https://github.com/bitDaft/nodejs-express-boilerplate,13,3,2022-01-21T17:36:35Z,2025-06-04T12:43:01Z,JavaScript
175357822,RishikeshDarandale,serverless-graphql-boilerplate,https://github.com/RishikeshDarandale/serverless-graphql-boilerplate,12,2,2019-03-13T06:12:43Z,2021-01-19T03:07:36Z,JavaScript
370978225,reyzitwo,vk-mini-app-boilerplate,https://github.com/reyzitwo/vk-mini-app-boilerplate,12,2,2021-05-26T09:29:31Z,2024-09-05T03:03:11Z,JavaScript
184613852,jaydanurwin,gatsby-starter-material-business-markdown,https://github.com/jaydanurwin/gatsby-starter-material-business-markdown,12,6,2019-05-02T16:21:45Z,2023-08-06T06:27:21Z,JavaScript
456559437,dustin-jw,eleventy-starter,https://github.com/dustin-jw/eleventy-starter,12,1,2022-02-07T15:17:22Z,2025-08-02T20:47:06Z,JavaScript
548329019,MilosPaunovic,quasar-v2-starter,https://github.com/MilosPaunovic/quasar-v2-starter,12,4,2022-10-09T10:48:11Z,2025-04-26T16:56:11Z,JavaScript
171504638,darkmavis1980,react-jest-boilerplate,https://github.com/darkmavis1980/react-jest-boilerplate,12,10,2019-02-19T16:02:44Z,2023-11-02T09:31:19Z,JavaScript
432548411,LBognanni,adventofcode-typescript-starter,https://github.com/LBognanni/adventofcode-typescript-starter,12,19,2021-11-27T19:27:20Z,2024-12-02T00:37:56Z,JavaScript
169112193,rishichawda,minimal-react-boilerplate,https://github.com/rishichawda/minimal-react-boilerplate,12,6,2019-02-04T16:46:27Z,2025-04-21T13:40:20Z,JavaScript
260705102,edbentley,replay-starter-ts,https://github.com/edbentley/replay-starter-ts,12,3,2020-05-02T14:31:21Z,2023-09-08T18:06:51Z,JavaScript
219324208,SafdarJamal,react-redux-firebase-auth,https://github.com/SafdarJamal/react-redux-firebase-auth,12,3,2019-11-03T15:43:49Z,2023-10-04T07:16:00Z,JavaScript
228233943,boxfish-studio,svelte-contentful-boilerplate,https://github.com/boxfish-studio/svelte-contentful-boilerplate,12,2,2019-12-15T18:51:08Z,2022-08-25T16:41:57Z,JavaScript
594465697,foolish-pine,static-site-boilerplate-astro,https://github.com/foolish-pine/static-site-boilerplate-astro,12,0,2023-01-28T16:32:38Z,2025-08-09T08:15:17Z,JavaScript
183434280,DonAdam2,webpack-react-boilerplate,https://github.com/DonAdam2/webpack-react-boilerplate,12,4,2019-04-25T12:54:25Z,2025-08-06T08:36:14Z,JavaScript
309130749,hamzahamidi,webpack-typescript-starter,https://github.com/hamzahamidi/webpack-typescript-starter,12,4,2020-11-01T15:51:33Z,2023-06-07T09:17:21Z,JavaScript
500814227,Sp0ne,simple-threejs-starter,https://github.com/Sp0ne/simple-threejs-starter,12,1,2022-06-07T11:36:28Z,2024-10-13T03:24:05Z,JavaScript
242103095,Azure-Samples,dotnet-sample,https://github.com/Azure-Samples/dotnet-sample,12,132,2020-02-21T09:34:00Z,2025-07-07T05:33:37Z,JavaScript
255196001,rocketseat-education,gostack-template-fundamentos-node,https://github.com/rocketseat-education/gostack-template-fundamentos-node,12,67,2020-04-13T00:28:50Z,2023-11-19T17:15:37Z,JavaScript
400046159,IndexXuan,vue2-final-boilerplate,https://github.com/IndexXuan/vue2-final-boilerplate,12,3,2021-08-26T05:02:34Z,2023-03-10T12:10:18Z,JavaScript
198686605,jarnugirdhar,antd-react-multistep-form,https://github.com/jarnugirdhar/antd-react-multistep-form,12,11,2019-07-24T18:07:46Z,2022-05-12T14:48:30Z,JavaScript
449999531,funnyzak,koa-starter,https://github.com/funnyzak/koa-starter,12,3,2022-01-20T07:38:01Z,2024-09-24T12:10:50Z,JavaScript
649465426,iamkevingreen,hydrogen-starter,https://github.com/iamkevingreen/hydrogen-starter,12,3,2023-06-04T23:19:39Z,2025-05-20T22:04:34Z,JavaScript
278032777,Orang-utan,ts-boilerplate,https://github.com/Orang-utan/ts-boilerplate,12,2,2020-07-08T08:24:34Z,2024-10-21T00:53:04Z,JavaScript
285970675,mtmckenna,js13k-webpack-typescript-starter-party,https://github.com/mtmckenna/js13k-webpack-typescript-starter-party,12,5,2020-08-08T04:11:26Z,2025-07-30T03:01:36Z,JavaScript
347456916,ekingunoncu,vanilla-spa,https://github.com/ekingunoncu/vanilla-spa,12,0,2021-03-13T19:10:57Z,2023-03-21T05:15:19Z,JavaScript
406035715,kouts,vue3-vite-starter-template,https://github.com/kouts/vue3-vite-starter-template,12,1,2021-09-13T15:51:18Z,2024-12-25T15:57:38Z,JavaScript
362363595,prnvbirajdar,nextjs-tailwind-eslint-prettier-starter,https://github.com/prnvbirajdar/nextjs-tailwind-eslint-prettier-starter,12,1,2021-04-28T06:36:31Z,2022-08-27T13:23:43Z,JavaScript
405508595,dakumisu,Beesly,https://github.com/dakumisu/Beesly,12,3,2021-09-12T00:07:48Z,2024-08-17T04:47:29Z,JavaScript
653248783,barelyhuman,prev-nitro,https://github.com/barelyhuman/prev-nitro,12,0,2023-06-13T17:24:18Z,2025-06-01T19:54:34Z,JavaScript
193262524,chuanqisun,svelte-electron-template,https://github.com/chuanqisun/svelte-electron-template,12,0,2019-06-22T17:42:10Z,2023-01-27T22:55:45Z,JavaScript
368341742,harvanchik,tailwind-template,https://github.com/harvanchik/tailwind-template,12,0,2021-05-17T22:56:38Z,2025-02-01T22:57:23Z,JavaScript
364019231,NASA-IMPACT,earthdata-dashboard-starter,https://github.com/NASA-IMPACT/earthdata-dashboard-starter,12,2,2021-05-03T18:09:23Z,2025-05-20T14:11:38Z,JavaScript
640422248,Mini-Kraken,Bot-Template,https://github.com/Mini-Kraken/Bot-Template,12,7,2023-05-14T03:11:44Z,2025-07-01T03:08:05Z,JavaScript
285244850,intersystems-community,iris-fhir-template,https://github.com/intersystems-community/iris-fhir-template,12,16,2020-08-05T09:41:00Z,2025-06-05T15:15:22Z,JavaScript
686500538,rakarmp,astro-shadcn-ui,https://github.com/rakarmp/astro-shadcn-ui,12,0,2023-09-03T01:59:42Z,2024-11-20T11:09:14Z,JavaScript
351560875,codefellows,python-401-api-quickstart,https://github.com/codefellows/python-401-api-quickstart,12,17,2021-03-25T20:02:39Z,2024-08-02T02:26:55Z,JavaScript
731500918,atapas,custom-hook-npm,https://github.com/atapas/custom-hook-npm,12,4,2023-12-14T08:17:49Z,2025-07-31T03:04:08Z,JavaScript
362177133,tomzhu1024,webpack-boilerplate-chrome,https://github.com/tomzhu1024/webpack-boilerplate-chrome,12,0,2021-04-27T16:19:42Z,2025-08-06T19:29:02Z,JavaScript
758349992,dleeftink,observable-node-codespace,https://github.com/dleeftink/observable-node-codespace,12,1,2024-02-16T05:55:26Z,2025-07-19T00:36:17Z,JavaScript
412152706,a3ryk,discord-activities,https://github.com/a3ryk/discord-activities,12,5,2021-09-30T17:07:00Z,2025-07-31T14:28:38Z,JavaScript
480225154,gethinode,template,https://github.com/gethinode/template,12,3,2022-04-11T04:24:15Z,2025-07-24T16:53:38Z,JavaScript
239206390,Studiobear,svelte-monorepo-starter,https://github.com/Studiobear/svelte-monorepo-starter,12,1,2020-02-08T21:23:57Z,2024-05-24T13:12:24Z,JavaScript
228067010,Chronoblog,gatsby-starter-chronoblog-hacker,https://github.com/Chronoblog/gatsby-starter-chronoblog-hacker,12,1,2019-12-14T18:06:44Z,2024-02-01T05:04:59Z,JavaScript
925606984,adityatelange,astro-obsidian-starlight-notes-template,https://github.com/adityatelange/astro-obsidian-starlight-notes-template,12,2,2025-02-01T09:30:25Z,2025-08-03T10:50:30Z,JavaScript
250368824,Niweera,men-pp-template,https://github.com/Niweera/men-pp-template,12,2,2020-03-26T20:50:32Z,2025-02-17T00:14:38Z,JavaScript
291501249,NicoCevallos,svelte-template,https://github.com/NicoCevallos/svelte-template,12,2,2020-08-30T15:49:04Z,2024-08-14T12:55:27Z,JavaScript
351629810,davidsaulrodriguez,mern-stack-template,https://github.com/davidsaulrodriguez/mern-stack-template,12,4,2021-03-26T01:48:12Z,2024-05-30T13:00:14Z,JavaScript
509040264,spelsinx,tg-userbot-js,https://github.com/spelsinx/tg-userbot-js,12,4,2022-06-30T10:48:14Z,2025-07-16T16:51:18Z,JavaScript
415215625,nickserv,vite-react-testing,https://github.com/nickserv/vite-react-testing,12,5,2021-10-09T05:50:40Z,2024-07-16T09:24:29Z,JavaScript
482167477,app-generator,sample-flask-charts-js,https://github.com/app-generator/sample-flask-charts-js,12,4,2022-04-16T05:44:44Z,2025-03-04T07:52:39Z,JavaScript
349575352,Eomm,fastify-plugin-template,https://github.com/Eomm/fastify-plugin-template,12,2,2021-03-19T22:58:16Z,2024-08-17T15:04:27Z,JavaScript
828246534,alexrusin,node-template-2024,https://github.com/alexrusin/node-template-2024,12,2,2024-07-13T14:54:03Z,2025-07-17T16:43:48Z,JavaScript
285771389,baykamsay,simple-ats,https://github.com/baykamsay/simple-ats,12,2,2020-08-07T07:52:55Z,2024-04-29T12:05:44Z,JavaScript
564990700,2factorauth,2fa.directory,https://github.com/2factorauth/2fa.directory,12,10,2022-11-12T02:06:30Z,2025-04-30T20:40:26Z,JavaScript
64090808,brianneisler,moltres-template,https://github.com/brianneisler/moltres-template,12,0,2016-07-24T23:47:49Z,2021-11-01T22:16:16Z,JavaScript
604283300,ZewdieMc,webpack-project-setup,https://github.com/ZewdieMc/webpack-project-setup,12,0,2023-02-20T18:15:42Z,2023-06-19T07:51:53Z,JavaScript
71083297,lighthouse-labs,tweeter,https://github.com/lighthouse-labs/tweeter,13,3938,2016-10-16T23:19:39Z,2025-08-03T22:07:07Z,JavaScript
229268496,Technigo,express-api-starter,https://github.com/Technigo/express-api-starter,13,140,2019-12-20T13:18:54Z,2025-06-09T18:35:12Z,JavaScript
185476253,TerabyteTiger,gridsome-vuetify-starter,https://github.com/TerabyteTiger/gridsome-vuetify-starter,13,8,2019-05-07T20:52:18Z,2023-11-11T23:52:31Z,JavaScript
394662434,gitpod-samples,template-nextjs,https://github.com/gitpod-samples/template-nextjs,13,28,2021-08-10T13:21:25Z,2025-01-29T11:03:50Z,JavaScript
519052982,thirdweb-example,hardhat-javascript-starter,https://github.com/thirdweb-example/hardhat-javascript-starter,13,12,2022-07-29T02:19:53Z,2025-08-07T04:24:43Z,JavaScript
230602673,guillaumeduhan,vue-apollo-graphql-boilerplate,https://github.com/guillaumeduhan/vue-apollo-graphql-boilerplate,13,6,2019-12-28T11:46:31Z,2023-03-03T14:38:02Z,JavaScript
131982298,zuixjs,zuix-web-starter,https://github.com/zuixjs/zuix-web-starter,13,5,2018-05-03T10:55:46Z,2025-06-03T04:30:20Z,JavaScript
787804956,crper,rollup-typescript-lib-boilerplate,https://github.com/crper/rollup-typescript-lib-boilerplate,13,0,2024-04-17T08:07:11Z,2025-07-23T21:48:13Z,JavaScript
80391250,Intecmedia,Intecmedia.Webpack,https://github.com/Intecmedia/Intecmedia.Webpack,13,5,2017-01-30T03:34:15Z,2025-08-11T02:02:53Z,JavaScript
615728716,rupampoddar,apps-script-template,https://github.com/rupampoddar/apps-script-template,13,4,2023-03-18T14:07:30Z,2025-02-08T21:50:15Z,JavaScript
556712063,thiswallz,rollup-react-starter-lib-ts,https://github.com/thiswallz/rollup-react-starter-lib-ts,13,2,2022-10-24T11:22:39Z,2024-11-01T14:36:18Z,JavaScript
149765228,fox1t,typescript-lib-starter,https://github.com/fox1t/typescript-lib-starter,13,3,2018-09-21T13:10:04Z,2022-07-06T14:18:45Z,JavaScript
218279764,tomsoderlund,nextjs-generic-landing-page,https://github.com/tomsoderlund/nextjs-generic-landing-page,13,4,2019-10-29T12:17:50Z,2024-03-08T15:10:41Z,JavaScript
171612398,SimpleBoilerplates,React-Native,https://github.com/SimpleBoilerplates/React-Native,13,4,2019-02-20T06:14:38Z,2024-12-21T19:58:01Z,JavaScript
536721503,ederssouza,react-javascript-boilerplate,https://github.com/ederssouza/react-javascript-boilerplate,13,3,2022-09-14T19:00:12Z,2024-06-19T20:52:04Z,JavaScript
245175014,juiceo,cloudflare-worker-cra,https://github.com/juiceo/cloudflare-worker-cra,13,47,2020-03-05T13:48:36Z,2025-04-18T22:55:21Z,JavaScript
523868370,Discord-Robots,Discordjs-v14-Template,https://github.com/Discord-Robots/Discordjs-v14-Template,13,9,2022-08-11T21:04:14Z,2025-02-27T23:41:41Z,JavaScript
327041626,app-generator,flask-azia-dashboard,https://github.com/app-generator/flask-azia-dashboard,13,2,2021-01-05T15:33:52Z,2024-10-22T00:09:57Z,JavaScript
702552979,MuddusarZulfiqar,react-boilerplate,https://github.com/MuddusarZulfiqar/react-boilerplate,13,2,2023-10-09T14:31:26Z,2025-06-18T07:55:39Z,JavaScript
251697241,joshjung,strapi-nuxt-blog-starter-kit,https://github.com/joshjung/strapi-nuxt-blog-starter-kit,13,4,2020-03-31T18:34:56Z,2025-02-02T01:50:25Z,JavaScript
195027854,ecklf,cra-tailwind-starter,https://github.com/ecklf/cra-tailwind-starter,13,3,2019-07-03T09:59:50Z,2023-06-13T13:00:51Z,JavaScript
283681167,cyrdam,lerna-monorepo-starter,https://github.com/cyrdam/lerna-monorepo-starter,13,3,2020-07-30T05:47:55Z,2025-01-22T11:21:34Z,JavaScript
31358452,collective-soundworks,soundworks-template,https://github.com/collective-soundworks/soundworks-template,13,8,2015-02-26T08:51:03Z,2024-02-03T08:21:46Z,JavaScript
332285310,nafeu,slim-react-starter,https://github.com/nafeu/slim-react-starter,13,2,2021-01-23T18:54:21Z,2025-02-06T15:38:58Z,JavaScript
366076908,ScaleDynamics,react-mongodb-template,https://github.com/ScaleDynamics/react-mongodb-template,13,8,2021-05-10T14:46:18Z,2024-09-01T11:48:55Z,JavaScript
669514062,Acode-Foundation,AcodeTSTemplate,https://github.com/Acode-Foundation/AcodeTSTemplate,13,4,2023-07-22T14:23:23Z,2025-08-01T14:30:56Z,JavaScript
577461723,jpoehnelt,eleventy-google-docs-starter,https://github.com/jpoehnelt/eleventy-google-docs-starter,13,2,2022-12-12T19:44:17Z,2025-08-02T16:41:59Z,JavaScript
497469588,cloud-city-crafted,react-typescript-webpack-template,https://github.com/cloud-city-crafted/react-typescript-webpack-template,13,6,2022-05-29T02:13:08Z,2025-03-30T09:05:22Z,JavaScript
437614112,xdesro,welcome-traveler,https://github.com/xdesro/welcome-traveler,13,0,2021-12-12T17:41:25Z,2025-01-24T14:33:55Z,JavaScript
496439397,near,near-sdk-js-template-project,https://github.com/near/near-sdk-js-template-project,13,7,2022-05-26T01:13:23Z,2025-04-04T04:26:49Z,JavaScript
265169039,nhost,nhost-react-native-example-app,https://github.com/nhost/nhost-react-native-example-app,13,2,2020-05-19T06:53:40Z,2025-01-26T11:43:05Z,JavaScript
628391547,gbdev-labs,template-portfolio-tutorial-2023,https://github.com/gbdev-labs/template-portfolio-tutorial-2023,13,4,2023-04-15T19:58:05Z,2025-03-14T21:01:06Z,JavaScript
345068994,jamosaur,vite-react-tailwind-rtk,https://github.com/jamosaur/vite-react-tailwind-rtk,13,3,2021-03-06T10:46:48Z,2024-09-06T19:21:40Z,JavaScript
192069895,JS-DevTools,template-node-typescript,https://github.com/JS-DevTools/template-node-typescript,13,4,2019-06-15T11:16:43Z,2025-06-11T06:45:43Z,JavaScript
350497611,ZerioDev,Discord-template,https://github.com/ZerioDev/Discord-template,13,3,2021-03-22T21:41:34Z,2023-06-15T00:55:58Z,JavaScript
916115016,DrynkinSergey,FS_111_React,https://github.com/DrynkinSergey/FS_111_React,13,8,2025-01-13T13:39:48Z,2025-03-07T06:10:41Z,JavaScript
549619534,pact-foundation,pact-5-minute-getting-started-guide,https://github.com/pact-foundation/pact-5-minute-getting-started-guide,13,524,2022-10-11T13:22:28Z,2025-06-29T10:48:10Z,JavaScript
747744890,phaserjs,template-esbuild,https://github.com/phaserjs/template-esbuild,13,3,2024-01-24T15:00:28Z,2025-05-23T16:05:14Z,JavaScript
332392881,probot,example-aws-lambda-serverless,https://github.com/probot/example-aws-lambda-serverless,13,11,2021-01-24T07:39:22Z,2024-07-20T05:03:32Z,JavaScript
226068208,deliciousinsights,conventional-commit-template,https://github.com/deliciousinsights/conventional-commit-template,13,2,2019-12-05T09:46:44Z,2024-03-13T12:25:27Z,JavaScript
374873307,remotion-dev,template-helloworld-javascript,https://github.com/remotion-dev/template-helloworld-javascript,13,7,2021-06-08T03:49:31Z,2025-07-24T09:51:25Z,JavaScript
240461337,geoloniamaps,basic,https://github.com/geoloniamaps/basic,13,6,2020-02-14T08:27:26Z,2023-11-05T01:14:26Z,JavaScript
312334966,jameschambers,boring-bits-nextjs,https://github.com/jameschambers/boring-bits-nextjs,13,2,2020-11-12T16:34:25Z,2022-10-20T12:57:12Z,JavaScript
444358681,web-infra-dev,napi-template,https://github.com/web-infra-dev/napi-template,13,0,2022-01-04T09:26:03Z,2024-06-03T05:18:00Z,JavaScript
447755956,giggio,posts-template,https://github.com/giggio/posts-template,13,1,2022-01-13T21:21:15Z,2024-07-15T16:08:54Z,JavaScript
568649023,vivid-labs,vivid-landing-template-simple,https://github.com/vivid-labs/vivid-landing-template-simple,13,1,2022-11-21T05:27:19Z,2025-04-10T08:51:14Z,JavaScript
321543492,5t3ph,11ty-css-houdini,https://github.com/5t3ph/11ty-css-houdini,13,2,2020-12-15T03:37:09Z,2024-11-11T08:45:25Z,JavaScript
221394768,shieldfy,serverless-nodejs-starter-template,https://github.com/shieldfy/serverless-nodejs-starter-template,14,4,2019-11-13T07:06:48Z,2023-07-29T17:42:48Z,JavaScript
369088776,Coding-Dodo,OWL-JavaScript-Project-Starter,https://github.com/Coding-Dodo/OWL-JavaScript-Project-Starter,14,12,2021-05-20T05:24:09Z,2025-08-06T17:39:59Z,JavaScript
403415801,wonglok,effectnode-metaverse,https://github.com/wonglok/effectnode-metaverse,14,5,2021-09-05T21:25:40Z,2023-12-07T19:32:53Z,JavaScript
469712918,nuxt-contrib,vue3-ssr-starter,https://github.com/nuxt-contrib/vue3-ssr-starter,14,8,2022-03-14T11:57:35Z,2025-07-28T08:04:41Z,JavaScript
415062839,udz-codes,express-jwt-boilerplate,https://github.com/udz-codes/express-jwt-boilerplate,14,6,2021-10-08T16:51:02Z,2024-11-06T09:41:36Z,JavaScript
474433302,razinj,strapi-docker-starter,https://github.com/razinj/strapi-docker-starter,14,10,2022-03-26T18:28:02Z,2023-08-29T07:17:49Z,JavaScript
430039003,SallaApp,express-starter-kit,https://github.com/SallaApp/express-starter-kit,14,7,2021-11-20T07:34:04Z,2025-07-12T18:17:46Z,JavaScript
123358677,zuixjs,zuix-web-book,https://github.com/zuixjs/zuix-web-book,14,5,2018-03-01T00:17:41Z,2023-07-27T18:45:32Z,JavaScript
221078402,skolldev,nextjs-tailwind-typescript-starter,https://github.com/skolldev/nextjs-tailwind-typescript-starter,14,4,2019-11-11T22:03:49Z,2024-01-09T22:36:36Z,JavaScript
630791976,wrappid,wrappid-app,https://github.com/wrappid/wrappid-app,14,6,2023-04-21T06:59:03Z,2025-04-18T14:44:13Z,JavaScript
422238692,Salmandabbakuti,nft-boilerplate,https://github.com/Salmandabbakuti/nft-boilerplate,14,8,2021-10-28T14:34:44Z,2024-07-25T01:41:25Z,JavaScript
320095574,edgarlr,magazine-api,https://github.com/edgarlr/magazine-api,14,11,2020-12-09T22:30:05Z,2025-07-01T12:08:13Z,JavaScript
282404596,app-generator,jinja-adminator,https://github.com/app-generator/jinja-adminator,14,3,2020-07-25T08:37:35Z,2025-05-29T11:29:22Z,JavaScript
129132242,NikolasMelui,nikolasmelui-nodejs-boilerplate,https://github.com/NikolasMelui/nikolasmelui-nodejs-boilerplate,14,6,2018-04-11T17:45:57Z,2024-01-18T01:53:43Z,JavaScript
617594438,patrickacraig,next-openai-starter,https://github.com/patrickacraig/next-openai-starter,14,10,2023-03-22T17:57:48Z,2025-05-01T10:01:17Z,JavaScript
380970137,pixel-point,gatsby-tailwind-starter,https://github.com/pixel-point/gatsby-tailwind-starter,14,2,2021-06-28T09:03:49Z,2023-12-10T09:09:02Z,JavaScript
507936370,misitebao,vite-petite-vue-starter,https://github.com/misitebao/vite-petite-vue-starter,14,2,2022-06-27T14:12:10Z,2025-05-19T04:17:58Z,JavaScript
629775973,zbdpay,zbd-next-starter-playground,https://github.com/zbdpay/zbd-next-starter-playground,14,8,2023-04-19T02:14:04Z,2025-08-07T03:01:12Z,JavaScript
536721667,ederssouza,react-typescript-boilerplate,https://github.com/ederssouza/react-typescript-boilerplate,14,4,2022-09-14T19:00:36Z,2025-07-03T12:48:44Z,JavaScript
468756272,EbaaCode,Djs-v13-bot-template,https://github.com/EbaaCode/Djs-v13-bot-template,14,4,2022-03-11T13:12:53Z,2025-08-03T09:53:25Z,JavaScript
245704988,arevi,electron-react-javascript-boilerplate,https://github.com/arevi/electron-react-javascript-boilerplate,14,0,2020-03-07T21:02:01Z,2023-11-30T17:15:53Z,JavaScript
504059049,valora-inc,typescript-app-starter,https://github.com/valora-inc/typescript-app-starter,14,0,2022-06-16T07:39:19Z,2025-08-11T02:47:54Z,JavaScript
508629151,themefisher,galaxy-bootstrap,https://github.com/themefisher/galaxy-bootstrap,14,13,2022-06-29T09:36:16Z,2025-04-05T09:27:43Z,JavaScript
279799317,klekanger,wordpress-gatsby-starter,https://github.com/klekanger/wordpress-gatsby-starter,14,1,2020-07-15T07:36:11Z,2023-06-29T04:53:22Z,JavaScript
294867274,jkhmtx,ts-lib-starter,https://github.com/jkhmtx/ts-lib-starter,14,1,2020-09-12T04:09:17Z,2023-03-17T12:28:56Z,JavaScript
576599459,thebaselab,react-starter,https://github.com/thebaselab/react-starter,14,2,2022-12-10T11:12:09Z,2025-06-21T16:19:11Z,JavaScript
225491249,matzkoh,typescript-npm-starter,https://github.com/matzkoh/typescript-npm-starter,14,2,2019-12-02T23:54:17Z,2024-06-18T01:24:16Z,JavaScript
450880280,Glench,sveltekit-github-pages-template,https://github.com/Glench/sveltekit-github-pages-template,14,8,2022-01-22T17:00:19Z,2024-02-08T08:27:54Z,JavaScript
534378483,apollographql,next-apollo-example,https://github.com/apollographql/next-apollo-example,14,7,2022-09-08T20:14:41Z,2025-05-21T04:31:18Z,JavaScript
426719954,rawgraphs,custom-rawcharts-template,https://github.com/rawgraphs/custom-rawcharts-template,14,8,2021-11-10T17:46:08Z,2025-08-10T22:34:09Z,JavaScript
405653411,msaaddev,next-firebase-auth-template,https://github.com/msaaddev/next-firebase-auth-template,14,9,2021-09-12T13:45:47Z,2025-01-14T14:56:45Z,JavaScript
41232184,HandsOnDataViz,leaflet-map,https://github.com/HandsOnDataViz/leaflet-map,14,11,2015-08-23T02:17:15Z,2024-08-30T23:37:46Z,JavaScript
623617688,CarlosIgreda,webpack-demo,https://github.com/CarlosIgreda/webpack-demo,14,0,2023-04-04T18:24:42Z,2023-07-23T16:00:57Z,JavaScript
38488883,bywatersolutions,dev-koha-plugin-kitchen-sink,https://github.com/bywatersolutions/dev-koha-plugin-kitchen-sink,14,18,2015-07-03T11:13:07Z,2025-07-25T06:41:24Z,JavaScript
159562975,kireerik,refo,https://github.com/kireerik/refo,14,4,2018-11-28T20:49:29Z,2025-07-14T07:22:34Z,JavaScript
671211270,clicktodev,TSYP-11-Congress-Website,https://github.com/clicktodev/TSYP-11-Congress-Website,14,6,2023-07-26T19:52:51Z,2025-04-08T18:22:37Z,JavaScript
415367101,tsparticles,react-glass-auth-template,https://github.com/tsparticles/react-glass-auth-template,14,3,2021-10-09T16:47:57Z,2025-06-10T18:06:49Z,JavaScript
521175008,markmead,alpinejs-plugin-template,https://github.com/markmead/alpinejs-plugin-template,14,3,2022-08-04T07:54:33Z,2025-04-18T08:08:04Z,JavaScript
122587946,SystangoTechnologies,koach-sql,https://github.com/SystangoTechnologies/koach-sql,14,0,2018-02-23T07:31:34Z,2021-02-05T12:08:41Z,JavaScript
406473128,Fordi,app-skeleton,https://github.com/Fordi/app-skeleton,14,2,2021-09-14T18:05:29Z,2025-03-15T16:49:12Z,JavaScript
642352122,asigdel29,matrixportfolio,https://github.com/asigdel29/matrixportfolio,15,1,2023-05-18T11:29:34Z,2025-06-07T23:04:34Z,JavaScript
562207682,disintar,sale-dapp,https://github.com/disintar/sale-dapp,14,3,2022-11-05T16:25:21Z,2025-02-25T15:53:06Z,JavaScript
442664552,nova-network-inc,nova-swap,https://github.com/nova-network-inc/nova-swap,14,16,2021-12-29T04:59:46Z,2025-04-08T12:08:40Z,JavaScript
619208492,MacdonaldRobinson,Godot4-3D-inventory-and-interaction-system,https://github.com/MacdonaldRobinson/Godot4-3D-inventory-and-interaction-system,14,3,2023-03-26T15:32:42Z,2025-06-17T07:47:30Z,JavaScript
486512235,r7kamura,godolog,https://github.com/r7kamura/godolog,14,0,2022-04-28T08:40:30Z,2024-09-14T15:34:03Z,JavaScript
383362534,comfuture,nuxt-fastapi,https://github.com/comfuture/nuxt-fastapi,14,2,2021-07-06T06:24:15Z,2024-07-03T18:27:20Z,JavaScript
201152445,romannurik,figma-plugin-webpack-template,https://github.com/romannurik/figma-plugin-webpack-template,14,0,2019-08-08T01:13:31Z,2023-09-08T17:56:42Z,JavaScript
792635841,qnighy,tiny-react-template,https://github.com/qnighy/tiny-react-template,14,0,2024-04-27T06:06:30Z,2024-12-29T08:39:46Z,JavaScript
490004364,josnethmoreno,singleton-portfolio,https://github.com/josnethmoreno/singleton-portfolio,14,1,2022-05-08T17:01:06Z,2024-09-16T22:21:38Z,JavaScript
242795668,superblocks-at,eazydocs-block,https://github.com/superblocks-at/eazydocs-block,14,3,2020-02-24T17:13:21Z,2024-10-29T07:24:11Z,JavaScript
477035122,mpagels,react-and-morty,https://github.com/mpagels/react-and-morty,14,1,2022-04-02T11:31:26Z,2023-11-30T02:52:42Z,JavaScript
317166626,crowbartools,firebot-custom-script-starter,https://github.com/crowbartools/firebot-custom-script-starter,15,31,2020-11-30T09:04:40Z,2025-04-30T17:52:40Z,JavaScript
424157859,rishimohan,nextjs-12-tailwind-starter,https://github.com/rishimohan/nextjs-12-tailwind-starter,15,4,2021-11-03T09:13:34Z,2025-02-23T00:09:14Z,JavaScript
199118973,bradwindy,mern-stack-template,https://github.com/bradwindy/mern-stack-template,15,10,2019-07-27T05:12:11Z,2024-06-15T10:26:45Z,JavaScript
477098465,MaadAli,node-sequelize-starter,https://github.com/MaadAli/node-sequelize-starter,15,3,2022-04-02T15:43:10Z,2024-04-23T01:49:17Z,JavaScript
613284088,owlsome-official,next-antd-tailwind,https://github.com/owlsome-official/next-antd-tailwind,15,4,2023-03-13T09:17:33Z,2025-08-05T01:49:53Z,JavaScript
763852659,TheShittyList,GDListTemplate,https://github.com/TheShittyList/GDListTemplate,15,381,2024-02-27T03:04:55Z,2025-08-06T02:09:38Z,JavaScript
191851069,rioam2,starter-firebase-nextjs,https://github.com/rioam2/starter-firebase-nextjs,15,2,2019-06-14T00:34:45Z,2021-07-06T14:57:03Z,JavaScript
113758462,Voltra,slim-vue-app,https://github.com/Voltra/slim-vue-app,15,3,2017-12-10T14:53:39Z,2024-05-29T21:03:56Z,JavaScript
178906241,xdesro,threejs-webpack-starter,https://github.com/xdesro/threejs-webpack-starter,15,0,2019-04-01T16:44:27Z,2025-03-22T23:10:27Z,JavaScript
695510119,jayeen28,falcon-boilerplate,https://github.com/jayeen28/falcon-boilerplate,15,2,2023-09-23T12:11:02Z,2025-06-03T15:11:03Z,JavaScript
128651581,wearemd,spa-starter,https://github.com/wearemd/spa-starter,15,1,2018-04-08T14:49:36Z,2025-08-04T17:30:58Z,JavaScript
342415145,rocketseat-education,ignite-template-corrigindo-o-codigo,https://github.com/rocketseat-education/ignite-template-corrigindo-o-codigo,15,76,2021-02-26T00:17:07Z,2023-05-27T17:46:31Z,JavaScript
481685369,apivideo,Next.js_Starters-,https://github.com/apivideo/Next.js_Starters-,15,5,2022-04-14T17:08:24Z,2024-11-06T23:11:06Z,JavaScript
257401913,krisselden,typescript-library-starter,https://github.com/krisselden/typescript-library-starter,15,3,2020-04-20T20:56:38Z,2022-07-06T14:18:47Z,JavaScript
700224058,shyguy1412,bb-external-editor,https://github.com/shyguy1412/bb-external-editor,15,14,2023-10-04T07:28:12Z,2025-07-27T22:04:30Z,JavaScript
192849119,vbudilov,react-native-starter,https://github.com/vbudilov/react-native-starter,15,2,2019-06-20T04:36:34Z,2023-09-06T14:29:49Z,JavaScript
77625899,gaoxiaoliangz,typescript-package-starter,https://github.com/gaoxiaoliangz/typescript-package-starter,15,2,2016-12-29T16:39:50Z,2021-09-19T13:57:58Z,JavaScript
852489834,slack-samples,bolt-js-assistant-template,https://github.com/slack-samples/bolt-js-assistant-template,15,7,2024-09-04T22:33:48Z,2025-08-01T16:24:12Z,JavaScript
678818901,owieth,turborepo-example,https://github.com/owieth/turborepo-example,15,4,2023-08-15T13:03:42Z,2025-07-22T05:59:14Z,JavaScript
406042363,harrisoncramer,fullstack-template,https://github.com/harrisoncramer/fullstack-template,15,8,2021-09-13T16:10:19Z,2024-07-30T08:45:00Z,JavaScript
267073685,leouieda,talk-template,https://github.com/leouieda/talk-template,15,3,2020-05-26T14:59:18Z,2024-10-30T11:23:17Z,JavaScript
561202071,ywanzhou,nuxt3-template,https://github.com/ywanzhou/nuxt3-template,15,2,2022-11-03T07:10:24Z,2024-11-17T02:06:58Z,JavaScript
232208030,kylewhittemore,react-sequelize-template,https://github.com/kylewhittemore/react-sequelize-template,15,4,2020-01-07T00:08:27Z,2023-08-08T14:05:43Z,JavaScript
750999328,FhenixProtocol,fhenix-hardhat-example,https://github.com/FhenixProtocol/fhenix-hardhat-example,15,16,2024-01-31T18:29:59Z,2025-06-25T07:44:02Z,JavaScript
179118266,diogotorres97,express-template,https://github.com/diogotorres97/express-template,15,3,2019-04-02T16:33:39Z,2023-08-01T12:34:02Z,JavaScript
368912920,redleague,discord-bot-template,https://github.com/redleague/discord-bot-template,15,2,2021-05-19T15:16:39Z,2025-07-31T14:27:54Z,JavaScript
643218141,svierk,salesforce-utam-e2e-testing,https://github.com/svierk/salesforce-utam-e2e-testing,15,5,2023-05-20T13:19:32Z,2025-06-25T11:25:24Z,JavaScript
419920860,KrishGarg,vite-react-tailwind-jit-template,https://github.com/KrishGarg/vite-react-tailwind-jit-template,15,2,2021-10-22T00:48:11Z,2022-08-26T10:26:28Z,JavaScript
452721221,huibizhang,template-vite-react-tailwind-v3,https://github.com/huibizhang/template-vite-react-tailwind-v3,15,2,2022-01-27T14:46:05Z,2025-02-28T23:48:52Z,JavaScript
432552690,mattplant,NetSuite-TypeScript-SDF,https://github.com/mattplant/NetSuite-TypeScript-SDF,15,1,2021-11-27T19:50:31Z,2025-02-12T12:15:55Z,JavaScript
692398713,Hugos68,sveltekit-capacitor,https://github.com/Hugos68/sveltekit-capacitor,15,3,2023-09-16T11:05:45Z,2025-02-07T11:27:32Z,JavaScript
272370612,DenysVuika,react-lib,https://github.com/DenysVuika/react-lib,15,0,2020-06-15T07:28:00Z,2023-03-23T21:37:16Z,JavaScript
420529682,Viiprogrammer,telegraf-bot-template,https://github.com/Viiprogrammer/telegraf-bot-template,15,1,2021-10-23T21:45:28Z,2025-06-20T14:12:48Z,JavaScript
615737200,GamesTwoLife,DiscordBot-Template,https://github.com/GamesTwoLife/DiscordBot-Template,15,1,2023-03-18T14:35:13Z,2025-05-08T10:41:42Z,JavaScript
183702227,sammdec,figma-dev,https://github.com/sammdec/figma-dev,15,1,2019-04-26T22:41:00Z,2023-03-12T09:35:25Z,JavaScript
469544569,developit,preact-vite-template,https://github.com/developit/preact-vite-template,15,1,2022-03-14T01:42:36Z,2025-01-13T09:53:18Z,JavaScript
868594824,zikojs,ziko-addons-template,https://github.com/zikojs/ziko-addons-template,15,1,2024-10-06T19:20:06Z,2025-07-30T21:00:51Z,JavaScript
555449434,DuckySoLucky,discord-bot-blueprint-v14,https://github.com/DuckySoLucky/discord-bot-blueprint-v14,15,1,2022-10-21T15:48:17Z,2024-01-10T20:39:07Z,JavaScript
269869755,neonexus,sails-react-bootstrap-webpack,https://github.com/neonexus/sails-react-bootstrap-webpack,15,7,2020-06-06T04:44:35Z,2025-04-11T16:47:29Z,JavaScript
347198156,chromaui,learnstorybook-design-system-template,https://github.com/chromaui/learnstorybook-design-system-template,16,13,2021-03-12T21:07:33Z,2024-12-16T01:27:11Z,JavaScript
145106970,kontent-ai,gatsby-starter,https://github.com/kontent-ai/gatsby-starter,16,22,2018-08-17T10:25:38Z,2024-01-07T00:07:17Z,JavaScript
230255229,georgesimos,nodejs-starter,https://github.com/georgesimos/nodejs-starter,16,7,2019-12-26T11:48:25Z,2025-01-16T10:37:13Z,JavaScript
356174564,exu3,next-tailwind-starter,https://github.com/exu3/next-tailwind-starter,16,0,2021-04-09T07:17:08Z,2025-01-16T20:50:40Z,JavaScript
53970013,stefbowerman,cadaver,https://github.com/stefbowerman/cadaver,16,3,2016-03-15T18:47:33Z,2024-07-24T12:59:25Z,JavaScript
374282874,shivammodiin,nextvita,https://github.com/shivammodiin/nextvita,16,6,2021-06-06T06:14:21Z,2025-06-30T20:28:08Z,JavaScript
651918273,HamedBahram,next-starter-with-theme,https://github.com/HamedBahram/next-starter-with-theme,16,3,2023-06-10T13:48:14Z,2024-05-27T10:16:15Z,JavaScript
575714146,tahirahmadin,web3-onboarding-starter-kits,https://github.com/tahirahmadin/web3-onboarding-starter-kits,16,16,2022-12-08T06:06:56Z,2025-02-13T22:45:53Z,JavaScript
169822872,corey-mitchell,React-MVC-Boilerplate,https://github.com/corey-mitchell/React-MVC-Boilerplate,16,8,2019-02-09T02:06:18Z,2025-04-09T10:13:51Z,JavaScript
379206937,WorldHealthOrganization,smart-ig-starter-kit,https://github.com/WorldHealthOrganization/smart-ig-starter-kit,16,14,2021-06-22T09:05:10Z,2025-08-06T13:11:45Z,JavaScript
427441478,queen-raae,gatsby-plugin-starter,https://github.com/queen-raae/gatsby-plugin-starter,16,2,2021-11-12T17:21:19Z,2025-07-11T17:29:35Z,JavaScript
286796991,lukefrogger,full-stack-starter-svelte-express-app,https://github.com/lukefrogger/full-stack-starter-svelte-express-app,16,2,2020-08-11T16:41:13Z,2024-11-14T06:42:05Z,JavaScript
298154154,Rajesh-Royal,developer-portfolio-blog-ecommerce,https://github.com/Rajesh-Royal/developer-portfolio-blog-ecommerce,16,5,2020-09-24T02:59:34Z,2024-07-13T06:22:12Z,JavaScript
174392066,Raincal,gatsby-yuque-starter,https://github.com/Raincal/gatsby-yuque-starter,16,7,2019-03-07T17:39:53Z,2025-04-11T02:28:10Z,JavaScript
752508088,oluwadareseyi,vite-webflow-starter,https://github.com/oluwadareseyi/vite-webflow-starter,16,7,2024-02-04T03:25:23Z,2025-04-09T10:29:08Z,JavaScript
188491460,Jexoio,ace-boilerplate,https://github.com/Jexoio/ace-boilerplate,16,3,2019-05-24T21:49:58Z,2024-04-30T10:55:00Z,JavaScript
252094850,AlexVanchov,FiveM-Bulgarian-CustomRP-vRP,https://github.com/AlexVanchov/FiveM-Bulgarian-CustomRP-vRP,16,9,2020-04-01T06:48:45Z,2024-05-25T15:11:28Z,JavaScript
395745688,kouts,vue-vite-starter-template,https://github.com/kouts/vue-vite-starter-template,16,3,2021-08-13T17:55:32Z,2024-09-28T23:05:39Z,JavaScript
263002668,sinedied,swag-demo,https://github.com/sinedied/swag-demo,16,30,2020-05-11T09:50:54Z,2025-04-09T10:15:59Z,JavaScript
629212080,KyleTryon,Node-TypeScript-Starter,https://github.com/KyleTryon/Node-TypeScript-Starter,16,1,2023-04-17T21:25:08Z,2024-01-06T17:32:32Z,JavaScript
732220916,bracesproul,monorepo-template,https://github.com/bracesproul/monorepo-template,16,16,2023-12-16T00:47:31Z,2025-01-14T20:02:08Z,JavaScript
245857227,MichealPearce,sapped-svelte-ts-boilerplate,https://github.com/MichealPearce/sapped-svelte-ts-boilerplate,16,1,2020-03-08T17:25:10Z,2023-06-22T20:19:22Z,JavaScript
627370387,PonomareVlad,grammYVercel,https://github.com/PonomareVlad/grammYVercel,16,7,2023-04-13T10:24:31Z,2025-07-14T23:33:57Z,JavaScript
141074676,goblin-laboratory,cra-multi-page-template,https://github.com/goblin-laboratory/cra-multi-page-template,16,12,2018-07-16T02:04:49Z,2023-06-26T15:37:04Z,JavaScript
369458045,pengx17,logseq-plugin-template-svelte,https://github.com/pengx17/logseq-plugin-template-svelte,16,5,2021-05-21T07:55:05Z,2024-10-19T13:58:53Z,JavaScript
276153540,FloorLamp,dfinity-react-ts-tailwind-starter,https://github.com/FloorLamp/dfinity-react-ts-tailwind-starter,16,2,2020-06-30T16:30:05Z,2024-06-26T15:45:27Z,JavaScript
302341647,GalloDaSballo,strapi-magic-template,https://github.com/GalloDaSballo/strapi-magic-template,16,4,2020-10-08T13:02:00Z,2025-02-24T16:48:24Z,JavaScript
368763536,firmanJS,express-template,https://github.com/firmanJS/express-template,16,5,2021-05-19T06:15:57Z,2025-05-16T14:24:04Z,JavaScript
202970693,huytd,electron-typescript-react-tailwind-parcel,https://github.com/huytd/electron-typescript-react-tailwind-parcel,16,3,2019-08-18T06:58:17Z,2022-03-28T19:46:25Z,JavaScript
322893248,Code-Institute-Org,ci-advanced-js-arrow-functions,https://github.com/Code-Institute-Org/ci-advanced-js-arrow-functions,16,5,2020-12-19T16:45:57Z,2025-02-06T07:03:15Z,JavaScript
151904942,SettingDust,webpack-userscript-template,https://github.com/SettingDust/webpack-userscript-template,16,2,2018-10-07T04:10:48Z,2025-07-11T17:15:46Z,JavaScript
330888825,jwoo92,bare-nodejs-server,https://github.com/jwoo92/bare-nodejs-server,16,0,2021-01-19T06:45:25Z,2025-03-04T20:48:26Z,JavaScript
519047781,icebreaker-template,uni-app-vue2-tailwind-hbuilder-template,https://github.com/icebreaker-template/uni-app-vue2-tailwind-hbuilder-template,16,2,2022-07-29T01:53:40Z,2025-06-25T03:38:50Z,JavaScript
394788729,render-examples,sveltekit,https://github.com/render-examples/sveltekit,16,12,2021-08-10T21:47:09Z,2025-07-08T22:25:41Z,JavaScript
331897846,actions-cool,action-js-template,https://github.com/actions-cool/action-js-template,16,3,2021-01-22T09:28:00Z,2024-02-24T10:05:15Z,JavaScript
301725430,wednesday-solutions,nextjs-template,https://github.com/wednesday-solutions/nextjs-template,16,11,2020-10-06T12:52:08Z,2025-02-07T09:18:35Z,JavaScript
738056080,anburocky3,vite-html-tailwind-template,https://github.com/anburocky3/vite-html-tailwind-template,16,2,2024-01-02T10:07:56Z,2024-12-15T08:00:52Z,JavaScript
271433114,solve-it-once,frost,https://github.com/solve-it-once/frost,17,4,2020-06-11T02:30:39Z,2025-01-28T01:51:34Z,JavaScript
450322833,tomoyanakano,clasp-typescript-template,https://github.com/tomoyanakano/clasp-typescript-template,16,2,2022-01-21T02:09:41Z,2025-07-28T02:11:50Z,JavaScript
206232044,thechicagoreporter,govbook,https://github.com/thechicagoreporter/govbook,16,7,2019-09-04T04:35:13Z,2023-10-15T20:38:39Z,JavaScript
288093746,camyosh,tablestuck,https://github.com/camyosh/tablestuck,16,16,2020-08-17T05:45:29Z,2025-01-29T22:38:20Z,JavaScript
828455144,deepakness,putout,https://github.com/deepakness/putout,16,0,2024-07-14T07:47:42Z,2025-03-29T13:42:50Z,JavaScript
402667367,tskrio,seedling,https://github.com/tskrio/seedling,16,6,2021-09-03T06:18:34Z,2025-01-06T01:13:46Z,JavaScript
392004407,reeseschultz,reese.codes,https://github.com/reeseschultz/reese.codes,16,2,2021-08-02T15:38:35Z,2025-02-12T04:13:17Z,JavaScript
520610697,EvanCesanek,Ouvrai,https://github.com/EvanCesanek/Ouvrai,16,2,2022-08-02T18:36:22Z,2025-07-29T02:54:49Z,JavaScript
624206363,GagePielsticker,AWS-Api-Template,https://github.com/GagePielsticker/AWS-Api-Template,16,1,2023-04-06T01:10:56Z,2023-08-24T21:13:15Z,JavaScript
829596551,fcor,mx-ink-webxr,https://github.com/fcor/mx-ink-webxr,16,0,2024-07-16T18:52:02Z,2025-06-17T05:11:11Z,JavaScript
143473773,vulkanojs,vulkano,https://github.com/vulkanojs/vulkano,16,1,2018-08-03T21:13:19Z,2025-04-10T20:09:06Z,JavaScript
765343490,NaveenKumar2003,Food-Website-,https://github.com/NaveenKumar2003/Food-Website-,16,0,2024-02-29T18:31:14Z,2025-03-29T14:02:40Z,JavaScript
194688794,miranj,craft-boilerplate,https://github.com/miranj/craft-boilerplate,17,3,2019-07-01T14:28:58Z,2025-07-31T10:30:48Z,JavaScript
395837927,crazyrabbitLTC,Web3-Boilerplate,https://github.com/crazyrabbitLTC/Web3-Boilerplate,17,8,2021-08-14T00:21:31Z,2024-07-15T02:08:18Z,JavaScript
423100172,cybersamx,react-bootstrap,https://github.com/cybersamx/react-bootstrap,17,8,2021-10-31T09:07:58Z,2025-05-03T17:12:19Z,JavaScript
235611213,flotiq,flotiq-blog,https://github.com/flotiq/flotiq-blog,17,8,2020-01-22T16:10:10Z,2025-05-21T14:03:10Z,JavaScript
633439174,hygraph,hygraph-nextjs-blog-starter,https://github.com/hygraph/hygraph-nextjs-blog-starter,17,7,2023-04-27T13:54:23Z,2025-05-20T12:38:19Z,JavaScript
195547594,martingaston,typescript-skeleton,https://github.com/martingaston/typescript-skeleton,17,1,2019-07-06T14:20:13Z,2022-07-18T09:57:02Z,JavaScript
268559934,BloomTech-Labs,labs-spa-starter,https://github.com/BloomTech-Labs/labs-spa-starter,17,26,2020-06-01T15:27:42Z,2024-09-24T00:44:50Z,JavaScript
197629692,oskarsh,ReactNativeJunior,https://github.com/oskarsh/ReactNativeJunior,17,5,2019-07-18T17:26:10Z,2024-02-12T15:43:52Z,JavaScript
291092715,koji,node-typescript-boilerplate,https://github.com/koji/node-typescript-boilerplate,17,12,2020-08-28T16:20:14Z,2024-01-07T23:13:29Z,JavaScript
366159564,ahmedali8,hardhat-js-starterkit,https://github.com/ahmedali8/hardhat-js-starterkit,17,2,2021-05-10T19:52:38Z,2024-01-09T20:22:35Z,JavaScript
566986431,jlumbroso,supabase-react-example,https://github.com/jlumbroso/supabase-react-example,17,10,2022-11-16T20:42:50Z,2025-07-17T10:28:14Z,JavaScript
375428640,kiyohken2000,reactnative-expo-firebase-boilerplate,https://github.com/kiyohken2000/reactnative-expo-firebase-boilerplate,17,6,2021-06-09T16:56:13Z,2024-06-25T06:26:17Z,JavaScript
873174583,iTzArshia,Discord-Bot-Template,https://github.com/iTzArshia/Discord-Bot-Template,17,3,2024-10-15T18:11:31Z,2025-08-09T19:11:31Z,JavaScript
261190351,draftbox-co,gatsby-wordpress-balsa-starter,https://github.com/draftbox-co/gatsby-wordpress-balsa-starter,17,8,2020-05-04T13:44:12Z,2023-11-06T10:27:07Z,JavaScript
749973625,javiergold112,meteor-starter-kit,https://github.com/javiergold112/meteor-starter-kit,17,2,2024-01-29T18:46:42Z,2024-03-21T02:43:43Z,JavaScript
529612077,tjx666,cep-react-webpack-boilerplate,https://github.com/tjx666/cep-react-webpack-boilerplate,17,3,2022-08-27T14:43:13Z,2025-06-15T03:07:35Z,JavaScript
627482638,muneeb-250,next-daisyui-hardhat-starter,https://github.com/muneeb-250/next-daisyui-hardhat-starter,17,0,2023-04-13T14:58:40Z,2024-12-30T20:26:20Z,JavaScript
327690524,humblecoder00,electron-react-sqlite,https://github.com/humblecoder00/electron-react-sqlite,17,5,2021-01-07T18:13:07Z,2025-08-01T15:19:30Z,JavaScript
275955163,PoweredLocal,typescript-starter,https://github.com/PoweredLocal/typescript-starter,17,4,2020-06-30T00:19:00Z,2024-11-11T20:50:35Z,JavaScript
735229153,phuctm97,turbo-template,https://github.com/phuctm97/turbo-template,17,1,2023-12-24T06:13:27Z,2024-05-13T07:08:55Z,JavaScript
553988093,replugged-org,plugin-template,https://github.com/replugged-org/plugin-template,17,9,2022-10-19T04:25:15Z,2025-08-04T12:56:08Z,JavaScript
316901629,ParkYoungWoong,svelte-snowpack-template,https://github.com/ParkYoungWoong/svelte-snowpack-template,17,16,2020-11-29T07:50:54Z,2023-08-29T07:40:11Z,JavaScript
193327712,shudv,azure-pipelines-task-template,https://github.com/shudv/azure-pipelines-task-template,17,0,2019-06-23T09:10:03Z,2025-04-30T19:32:28Z,JavaScript
212400352,rennemannd,MERN-Heroku-Template,https://github.com/rennemannd/MERN-Heroku-Template,17,65,2019-10-02T17:25:34Z,2025-08-06T13:44:22Z,JavaScript
77849526,excaliburjs,template-electron,https://github.com/excaliburjs/template-electron,17,4,2017-01-02T17:17:54Z,2025-05-02T04:44:58Z,JavaScript
270928691,Ghosts,svelte-redux-toolkit,https://github.com/Ghosts/svelte-redux-toolkit,17,0,2020-06-09T07:06:06Z,2025-04-18T15:21:22Z,JavaScript
557524112,soulmachines,react-reference-ui-public,https://github.com/soulmachines/react-reference-ui-public,17,14,2022-10-25T20:58:40Z,2025-07-23T05:59:45Z,JavaScript
233210872,jankapunkt,npm-package-template,https://github.com/jankapunkt/npm-package-template,17,8,2020-01-11T10:00:49Z,2024-07-18T00:27:37Z,JavaScript
396952565,cvrlnolan,real_estate,https://github.com/cvrlnolan/real_estate,17,6,2021-08-16T20:02:31Z,2025-01-01T02:41:11Z,JavaScript
238845763,IBM,template-node-react,https://github.com/IBM/template-node-react,17,38,2020-02-07T04:47:14Z,2024-08-21T08:30:01Z,JavaScript
405773927,UemitCebi,vue3-headstart-template,https://github.com/UemitCebi/vue3-headstart-template,17,5,2021-09-12T23:14:23Z,2025-01-09T19:45:22Z,JavaScript
679572389,SofiDevO,alurageek-API,https://github.com/SofiDevO/alurageek-API,17,28,2023-08-17T06:28:45Z,2025-04-29T03:22:19Z,JavaScript
271502392,jefrydco,nuxt-pwa-tailwindcss-starter,https://github.com/jefrydco/nuxt-pwa-tailwindcss-starter,17,0,2020-06-11T09:13:24Z,2024-06-26T07:35:12Z,JavaScript
405616083,FiveSquareCo,ultimate-djs,https://github.com/FiveSquareCo/ultimate-djs,17,6,2021-09-12T10:53:53Z,2025-07-31T14:28:32Z,JavaScript
858072849,RahmatRafiq,Laravel-11-starter-kit-bootstrap5,https://github.com/RahmatRafiq/Laravel-11-starter-kit-bootstrap5,17,1,2024-09-16T08:59:57Z,2025-04-29T03:35:14Z,JavaScript
333729756,tamojit-123,developerPortfolio,https://github.com/tamojit-123/developerPortfolio,17,9,2021-01-28T10:54:02Z,2024-08-18T12:26:51Z,JavaScript
634372790,Basssiiie,OpenRCT2-Simple-Typescript-Template,https://github.com/Basssiiie/OpenRCT2-Simple-Typescript-Template,17,4,2023-04-29T22:44:10Z,2025-07-16T00:18:55Z,JavaScript
227904196,rennemannd,MERN-Template,https://github.com/rennemannd/MERN-Template,17,8,2019-12-13T18:59:26Z,2025-07-16T04:04:54Z,JavaScript
727155508,Sneakyhydra,Portfolio-Template,https://github.com/Sneakyhydra/Portfolio-Template,17,0,2023-12-04T09:50:11Z,2025-01-13T20:03:58Z,JavaScript
677739266,turkwr,discord.js-v14-bot-template,https://github.com/turkwr/discord.js-v14-bot-template,17,0,2023-08-12T13:30:02Z,2025-07-30T11:51:19Z,JavaScript
752038138,alexmckenley,react-flow-vite-template,https://github.com/alexmckenley/react-flow-vite-template,17,0,2024-02-02T21:51:25Z,2025-02-18T18:08:10Z,JavaScript
718498885,rishi-raj-jain,upstash-nextjs-publish-messages-with-sse-example,https://github.com/rishi-raj-jain/upstash-nextjs-publish-messages-with-sse-example,17,0,2023-11-14T07:54:45Z,2025-07-25T19:55:17Z,JavaScript
468009414,hyper63,sweet-stack,https://github.com/hyper63/sweet-stack,17,1,2022-03-09T16:36:04Z,2024-12-22T11:58:45Z,JavaScript
155813989,nexxtway,react-rainbow-firebase-auth,https://github.com/nexxtway/react-rainbow-firebase-auth,17,3,2018-11-02T04:27:02Z,2022-09-03T03:24:08Z,JavaScript
212846265,dbanksdesign,nu-disco-vscode-theme,https://github.com/dbanksdesign/nu-disco-vscode-theme,17,4,2019-10-04T15:23:40Z,2025-02-02T05:48:36Z,JavaScript
309335523,oneness0,uni-app_base,https://github.com/oneness0/uni-app_base,17,3,2020-11-02T10:29:07Z,2024-11-21T06:32:29Z,JavaScript
394457100,jackyzha0,min-react,https://github.com/jackyzha0/min-react,18,7,2021-08-09T22:32:59Z,2025-01-28T14:50:52Z,JavaScript
247130801,perryraskin,nextjs-plaid-starter,https://github.com/perryraskin/nextjs-plaid-starter,18,8,2020-03-13T17:51:08Z,2025-06-27T19:51:45Z,JavaScript
67789709,ummahusla,gulp-starter,https://github.com/ummahusla/gulp-starter,18,4,2016-09-09T10:22:41Z,2023-09-14T07:03:50Z,JavaScript
190213229,orbs-network,orbs-starter-kit,https://github.com/orbs-network/orbs-starter-kit,18,9,2019-06-04T14:02:03Z,2022-07-03T14:30:05Z,JavaScript
113272847,bschlenk,node-typescript-jest-boilerplate,https://github.com/bschlenk/node-typescript-jest-boilerplate,18,16,2017-12-06T05:26:44Z,2025-01-16T06:13:14Z,JavaScript
216678399,stanleygomes,nodevader,https://github.com/stanleygomes/nodevader,18,4,2019-10-21T22:44:07Z,2025-06-22T08:35:24Z,JavaScript
340189216,tinawng,nuxt-tailwind-static-template,https://github.com/tinawng/nuxt-tailwind-static-template,18,4,2021-02-18T22:04:16Z,2024-12-13T09:00:22Z,JavaScript
230316499,JoviDeCroock,product-boilerplate,https://github.com/JoviDeCroock/product-boilerplate,18,2,2019-12-26T19:23:02Z,2024-01-12T18:11:30Z,JavaScript
121463405,tko22,truffle-webpack-boilerplate,https://github.com/tko22/truffle-webpack-boilerplate,18,4,2018-02-14T02:47:05Z,2023-08-09T16:35:51Z,JavaScript
241183608,rjlopezdev,nestjs-lib-starter,https://github.com/rjlopezdev/nestjs-lib-starter,18,2,2020-02-17T18:54:06Z,2022-01-01T19:14:18Z,JavaScript
248614824,peoray,tailwind-boilerplate,https://github.com/peoray/tailwind-boilerplate,18,5,2020-03-19T22:09:50Z,2025-05-29T21:36:46Z,JavaScript
624382757,SergeyShurkhovetckii,Turborepo-starter,https://github.com/SergeyShurkhovetckii/Turborepo-starter,18,8,2023-04-06T10:49:12Z,2025-02-17T13:07:06Z,JavaScript
62535173,djizco,react-boilerplate,https://github.com/djizco/react-boilerplate,18,4,2016-07-04T05:56:22Z,2022-10-05T06:51:29Z,JavaScript
580380355,onikienko,mv3-parcel-webext-template,https://github.com/onikienko/mv3-parcel-webext-template,18,3,2022-12-20T12:21:52Z,2025-08-06T17:01:19Z,JavaScript
344544085,rocketseat-education,ignite-template-trabalhando-com-middlewares,https://github.com/rocketseat-education/ignite-template-trabalhando-com-middlewares,18,81,2021-03-04T16:48:44Z,2023-10-15T20:48:16Z,JavaScript
793912431,panntod,Vite-Tailwind-Starter,https://github.com/panntod/Vite-Tailwind-Starter,18,1,2024-04-30T05:27:46Z,2025-06-16T06:50:31Z,JavaScript
201814684,hejkerooo,nestjs-lib-starter,https://github.com/hejkerooo/nestjs-lib-starter,18,3,2019-08-11T21:03:23Z,2025-03-26T16:24:42Z,JavaScript
140305837,flatlogic,light-blue-react,https://github.com/flatlogic/light-blue-react,18,26,2018-07-09T15:32:36Z,2025-08-07T19:36:36Z,JavaScript
225728354,twilio-labs,sample-template-nodejs,https://github.com/twilio-labs/sample-template-nodejs,18,27,2019-12-03T22:19:08Z,2025-07-20T15:52:07Z,JavaScript
481418048,waldronmatt,module-federation-boilerplate,https://github.com/waldronmatt/module-federation-boilerplate,18,3,2022-04-14T00:45:34Z,2024-11-04T07:05:09Z,JavaScript
281160038,CarlosZiegler,default-express-api,https://github.com/CarlosZiegler/default-express-api,18,4,2020-07-20T15:49:17Z,2021-05-06T17:35:43Z,JavaScript
611248741,phcode-dev,extension-template,https://github.com/phcode-dev/extension-template,18,17,2023-03-08T12:42:37Z,2025-08-06T23:53:40Z,JavaScript
425406133,statichunt,iwriter-hugo,https://github.com/statichunt/iwriter-hugo,18,21,2021-11-07T03:46:32Z,2025-04-27T09:29:29Z,JavaScript
739969801,atapas,vite-tailwind-react,https://github.com/atapas/vite-tailwind-react,18,10,2024-01-07T05:18:28Z,2025-06-16T04:15:57Z,JavaScript
349071289,linyuxuanlin,Markdown-CV-Site,https://github.com/linyuxuanlin/Markdown-CV-Site,18,11,2021-03-18T12:47:50Z,2025-04-25T16:01:57Z,JavaScript
231695126,kylewhittemore,full-stack-sequelize,https://github.com/kylewhittemore/full-stack-sequelize,18,8,2020-01-04T02:03:04Z,2024-05-10T14:41:40Z,JavaScript
202252094,stephanepericat,svelte-boilerplate,https://github.com/stephanepericat/svelte-boilerplate,18,0,2019-08-14T01:45:09Z,2024-12-09T08:06:29Z,JavaScript
743701395,phaserjs,template-parcel,https://github.com/phaserjs/template-parcel,18,4,2024-01-15T19:53:28Z,2025-05-23T16:05:14Z,JavaScript
290769788,Enterprise-CMCS,macpro-quickstart-serverless,https://github.com/Enterprise-CMCS/macpro-quickstart-serverless,18,14,2020-08-27T12:30:25Z,2025-06-23T05:11:44Z,JavaScript
856194169,atapas,nextshad,https://github.com/atapas/nextshad,18,4,2024-09-12T06:43:59Z,2025-08-05T12:32:26Z,JavaScript
190642679,mysticatea,template-eslint-plugin,https://github.com/mysticatea/template-eslint-plugin,18,0,2019-06-06T20:05:33Z,2024-12-10T16:49:36Z,JavaScript
628326200,ubiobio,Template-ISW-Proyecto-2023,https://github.com/ubiobio/Template-ISW-Proyecto-2023,18,1,2023-04-15T15:46:44Z,2025-05-12T17:25:01Z,JavaScript
366952927,valmisson,tauri-app-template,https://github.com/valmisson/tauri-app-template,18,1,2021-05-13T06:15:09Z,2025-06-10T01:22:17Z,JavaScript
290061288,comuns-rpgmaker,typescript-plugin-archetype,https://github.com/comuns-rpgmaker/typescript-plugin-archetype,18,1,2020-08-24T23:20:50Z,2025-05-10T14:53:04Z,JavaScript
518582637,brandonsaldan,sassafras,https://github.com/brandonsaldan/sassafras,18,0,2022-07-27T19:10:16Z,2025-01-17T14:49:47Z,JavaScript
363856843,sachie,react-quickstart,https://github.com/sachie/react-quickstart,18,1,2021-05-03T07:56:50Z,2024-09-23T15:23:06Z,JavaScript
875776851,Pakillo,academic-website-template-Quarto,https://github.com/Pakillo/academic-website-template-Quarto,18,0,2024-10-20T19:52:15Z,2025-07-31T07:26:31Z,JavaScript
227151676,tlentz,template-elm-chrome-extension,https://github.com/tlentz/template-elm-chrome-extension,18,1,2019-12-10T15:17:15Z,2023-03-24T19:09:33Z,JavaScript
455882348,UlisseMini,oth,https://github.com/UlisseMini/oth,18,1,2022-02-05T13:48:57Z,2025-07-11T13:43:36Z,JavaScript
748204827,MiroslavRusev,cuppet,https://github.com/MiroslavRusev/cuppet,18,1,2024-01-25T13:51:52Z,2025-07-31T09:27:29Z,JavaScript
449094318,lucky-byte,reactgo,https://github.com/lucky-byte/reactgo,18,1,2022-01-18T00:52:46Z,2025-06-20T17:22:32Z,JavaScript
304804208,miami78,webpack5-react-boilerplate,https://github.com/miami78/webpack5-react-boilerplate,19,10,2020-10-17T05:26:41Z,2024-08-09T14:11:46Z,JavaScript
163492753,felipecustodio,p5-starter,https://github.com/felipecustodio/p5-starter,19,8,2018-12-29T08:28:29Z,2024-08-13T01:48:27Z,JavaScript
185614909,PW486,react-antd-boilerplate,https://github.com/PW486/react-antd-boilerplate,19,7,2019-05-08T13:47:53Z,2023-03-25T00:34:34Z,JavaScript
219395026,vseventer,eleventy-parcel-boilerplate,https://github.com/vseventer/eleventy-parcel-boilerplate,19,2,2019-11-04T01:47:08Z,2023-11-13T14:47:06Z,JavaScript
138412304,patrickleet,servicebus-microservice,https://github.com/patrickleet/servicebus-microservice,19,5,2018-06-23T15:27:35Z,2021-07-08T06:03:19Z,JavaScript
476404731,joanrodas,plubo,https://github.com/joanrodas/plubo,20,2,2022-03-31T17:12:44Z,2025-06-05T13:20:22Z,JavaScript
576455616,musabbihanoor,E-commerce-mobile-app,https://github.com/musabbihanoor/E-commerce-mobile-app,19,10,2022-12-09T22:59:05Z,2025-06-14T02:42:21Z,JavaScript
724197350,hutte-recipes,hutte-project-template,https://github.com/hutte-recipes/hutte-project-template,19,3,2023-11-27T15:37:41Z,2024-12-13T09:02:39Z,JavaScript
377621416,SaleCar,Quasar-UMD-Template,https://github.com/SaleCar/Quasar-UMD-Template,19,6,2021-06-16T20:36:44Z,2025-04-24T03:44:26Z,JavaScript
266228815,rafaelmaiach,vue-boilerplate,https://github.com/rafaelmaiach/vue-boilerplate,19,4,2020-05-22T23:46:03Z,2023-07-14T22:16:05Z,JavaScript
613036455,adonyssantos,fullstack-monorepo-boilerplate,https://github.com/adonyssantos/fullstack-monorepo-boilerplate,19,4,2023-03-12T17:49:36Z,2024-08-01T22:55:31Z,JavaScript
378089332,vipulwairagade,node-api-boilerplate,https://github.com/vipulwairagade/node-api-boilerplate,19,1,2021-06-18T08:46:50Z,2025-05-07T23:13:55Z,JavaScript
561416705,open-source-bootcamp,CubeFlyer,https://github.com/open-source-bootcamp/CubeFlyer,19,77,2022-11-03T16:36:01Z,2024-09-21T17:39:04Z,JavaScript
317807917,rutikwankhade,cra-tailwindcss-starter,https://github.com/rutikwankhade/cra-tailwindcss-starter,19,5,2020-12-02T09:12:52Z,2025-06-09T16:42:02Z,JavaScript
325253943,themefisher,bingo-bootstrap,https://github.com/themefisher/bingo-bootstrap,19,22,2020-12-29T10:17:17Z,2025-04-29T22:07:51Z,JavaScript
482377292,ow3org,web-components-starter,https://github.com/ow3org/web-components-starter,19,1,2022-04-16T22:47:03Z,2025-05-30T23:35:27Z,JavaScript
510310168,Michael-Gibbons,OSB,https://github.com/Michael-Gibbons/OSB,19,2,2022-07-04T10:18:09Z,2024-08-31T13:27:04Z,JavaScript
277548997,kirushenski,gatsby-starter-vadyan,https://github.com/kirushenski/gatsby-starter-vadyan,19,0,2020-07-06T13:27:04Z,2024-10-09T09:02:05Z,JavaScript
65808312,YoruNoHikage,apex-api-gateway-boilerplate,https://github.com/YoruNoHikage/apex-api-gateway-boilerplate,19,2,2016-08-16T09:46:38Z,2020-05-06T14:43:47Z,JavaScript
306462780,takeshape,takeshape-starter-shopify-nextjs,https://github.com/takeshape/takeshape-starter-shopify-nextjs,19,0,2020-10-22T21:29:19Z,2024-05-08T18:41:01Z,JavaScript
184923185,soulehshaikh99,create-react-electron-app,https://github.com/soulehshaikh99/create-react-electron-app,19,2,2019-05-04T17:09:36Z,2024-10-06T19:07:02Z,JavaScript
257209976,soulehshaikh99,create-nuxt-electron-app,https://github.com/soulehshaikh99/create-nuxt-electron-app,19,5,2020-04-20T07:53:38Z,2025-01-16T20:18:26Z,JavaScript
196266223,primer,doctocat-template,https://github.com/primer/doctocat-template,19,15,2019-07-10T19:48:47Z,2025-06-29T16:07:12Z,JavaScript
141408460,riskers,react-chrome-boilerplate,https://github.com/riskers/react-chrome-boilerplate,19,0,2018-07-18T08:56:31Z,2025-03-25T07:09:35Z,JavaScript
432985677,clerk,clerk-javascript-quickstart,https://github.com/clerk/clerk-javascript-quickstart,19,15,2021-11-29T09:48:42Z,2025-07-09T04:46:25Z,JavaScript
333835837,BracketByte,DJS-Handler,https://github.com/BracketByte/DJS-Handler,19,15,2021-01-28T17:37:23Z,2025-08-10T17:26:23Z,JavaScript
688437532,diplodoc-platform,documentation-template,https://github.com/diplodoc-platform/documentation-template,19,4,2023-09-07T10:52:43Z,2025-08-06T23:19:14Z,JavaScript
497475304,web-tech-tw,template.recv,https://github.com/web-tech-tw/template.recv,19,1,2022-05-29T02:53:50Z,2025-06-21T13:33:50Z,JavaScript
398099876,BeyondCodeBootcamp,js-with-types-jsdoc-tsc-starter,https://github.com/BeyondCodeBootcamp/js-with-types-jsdoc-tsc-starter,19,1,2021-08-19T23:31:28Z,2025-02-24T15:08:14Z,JavaScript
244172935,suyalcinkaya,nextailwind,https://github.com/suyalcinkaya/nextailwind,19,0,2020-03-01T15:23:08Z,2025-03-29T17:31:49Z,JavaScript
524878879,tonyfromundefined,monorepo-app-tony,https://github.com/tonyfromundefined/monorepo-app-tony,19,0,2022-08-15T06:30:22Z,2025-04-25T08:07:44Z,JavaScript
526279133,senicko,figma-ui-plugin-template,https://github.com/senicko/figma-ui-plugin-template,19,0,2022-08-18T15:57:44Z,2024-10-28T20:32:01Z,JavaScript
286326122,jmmaranan,gnome-shell-ext-template,https://github.com/jmmaranan/gnome-shell-ext-template,19,0,2020-08-09T22:22:27Z,2025-01-09T00:20:26Z,JavaScript
140761341,jobisoft,Provider-4-TbSync,https://github.com/jobisoft/Provider-4-TbSync,19,1,2018-07-12T20:25:26Z,2022-06-07T22:48:58Z,JavaScript
468634657,GreenScreen410,discord.js-v14-template,https://github.com/GreenScreen410/discord.js-v14-template,19,4,2022-03-11T06:25:31Z,2025-07-31T08:41:18Z,JavaScript
546352269,jooy2,vutron-webpack,https://github.com/jooy2/vutron-webpack,19,1,2022-10-06T00:23:14Z,2025-07-16T07:44:47Z,JavaScript
192135234,kaelig,google-spreadsheets-theo-demo,https://github.com/kaelig/google-spreadsheets-theo-demo,19,1,2019-06-16T00:28:50Z,2024-12-01T16:11:27Z,JavaScript
529393957,WeRules,home-finder,https://github.com/WeRules/home-finder,19,1,2022-08-26T20:19:00Z,2025-05-17T16:43:24Z,JavaScript
437971519,Black-Axe,TSMongoExpressSessionAuth,https://github.com/Black-Axe/TSMongoExpressSessionAuth,19,12,2021-12-13T17:53:24Z,2024-07-01T17:29:19Z,JavaScript
569299479,kazmi066,React-tailwind-RTK-starter,https://github.com/kazmi066/React-tailwind-RTK-starter,20,9,2022-11-22T14:15:31Z,2025-06-06T07:34:01Z,JavaScript
217215269,tracy-codes,shopify-slate-tailwind-starter,https://github.com/tracy-codes/shopify-slate-tailwind-starter,20,3,2019-10-24T05:03:09Z,2022-11-29T08:17:37Z,JavaScript
272649355,victorocna,awesome-react-starter,https://github.com/victorocna/awesome-react-starter,20,8,2020-06-16T08:13:27Z,2025-08-05T11:02:12Z,JavaScript
260863698,HugoDF,microbundle-ts-pkg,https://github.com/HugoDF/microbundle-ts-pkg,20,4,2020-05-03T08:56:32Z,2025-08-03T09:36:51Z,JavaScript
790128476,Avinava,simple-vite-react-express,https://github.com/Avinava/simple-vite-react-express,20,6,2024-04-22T10:12:45Z,2025-07-23T20:06:39Z,JavaScript
228116974,ethanny2,threejs-es6-webpack-barebones-boilerplate,https://github.com/ethanny2/threejs-es6-webpack-barebones-boilerplate,20,5,2019-12-15T02:16:27Z,2024-09-18T20:47:04Z,JavaScript
997981427,fbrbovic,cursor-rule-framework,https://github.com/fbrbovic/cursor-rule-framework,20,6,2025-06-07T16:04:45Z,2025-07-21T02:53:31Z,JavaScript
284112858,DataStax-Examples,astra-next.js-starter,https://github.com/DataStax-Examples/astra-next.js-starter,20,8,2020-07-31T19:22:23Z,2024-02-22T20:09:36Z,JavaScript
131936713,antonybudianto,react-ssr-starter,https://github.com/antonybudianto/react-ssr-starter,20,5,2018-05-03T03:25:20Z,2024-05-14T14:48:06Z,JavaScript
140305346,flatlogic,sing-app-react,https://github.com/flatlogic/sing-app-react,20,18,2018-07-09T15:28:42Z,2025-07-04T13:14:54Z,JavaScript
166593506,anthonyrivas,Node-React-Startup-Structure,https://github.com/anthonyrivas/Node-React-Startup-Structure,20,7,2019-01-19T21:04:49Z,2024-06-28T20:59:59Z,JavaScript
514413141,adobe,aem-block-collection,https://github.com/adobe/aem-block-collection,20,49,2022-07-15T21:47:06Z,2025-08-07T18:25:02Z,JavaScript
479035310,app-generator,sample-react-mui-introduction,https://github.com/app-generator/sample-react-mui-introduction,20,17,2022-04-07T15:06:25Z,2025-05-02T15:48:58Z,JavaScript
432506234,DaveInchy,tailwind-app,https://github.com/DaveInchy/tailwind-app,20,5,2021-11-27T16:07:48Z,2024-08-14T05:11:36Z,JavaScript
602614826,barelyhuman,preact-islands-diy,https://github.com/barelyhuman/preact-islands-diy,20,0,2023-02-16T15:29:25Z,2024-11-27T22:35:06Z,JavaScript
254628773,Terkea,django_react_template,https://github.com/Terkea/django_react_template,20,1,2020-04-10T12:26:44Z,2024-12-21T21:14:30Z,JavaScript
191994459,holyfiddlex,Flask-React-Template,https://github.com/holyfiddlex/Flask-React-Template,20,7,2019-06-14T19:16:37Z,2025-05-11T12:32:28Z,JavaScript
411340485,BabylonJS,npm-package-template,https://github.com/BabylonJS/npm-package-template,20,18,2021-09-28T15:33:49Z,2025-01-10T02:27:32Z,JavaScript
279989488,hendrikdemir,under-construction-template,https://github.com/hendrikdemir/under-construction-template,20,30,2020-07-15T22:01:32Z,2025-08-05T19:31:31Z,JavaScript
449032760,interactive-game-maps,template,https://github.com/interactive-game-maps/template,20,4,2022-01-17T20:03:27Z,2025-08-05T09:49:42Z,JavaScript
489647885,anwesh-b,nodejs-starter,https://github.com/anwesh-b/nodejs-starter,20,0,2022-05-07T10:55:27Z,2025-02-27T00:32:31Z,JavaScript
740068817,napi-rs,package-template-pnpm,https://github.com/napi-rs/package-template-pnpm,20,4,2024-01-07T12:40:52Z,2025-08-11T02:12:10Z,JavaScript
682550378,finnoh,RWDS_post_template,https://github.com/finnoh/RWDS_post_template,20,6,2023-08-24T12:16:00Z,2025-08-06T18:44:06Z,JavaScript
474326458,MGalaCyber,Discord.js-v13-Command-Handler-Template,https://github.com/MGalaCyber/Discord.js-v13-Command-Handler-Template,20,3,2022-03-26T11:26:03Z,2024-09-06T21:09:10Z,JavaScript
669179030,andersonfontes,api-crud-client,https://github.com/andersonfontes/api-crud-client,20,1,2023-07-21T14:34:01Z,2024-05-29T16:49:26Z,JavaScript
540433653,inframanufaktur,rss-manufaktur,https://github.com/inframanufaktur/rss-manufaktur,20,0,2022-09-23T12:38:52Z,2023-08-16T06:35:28Z,JavaScript
504711355,MarketingPipeline,Serverless-Guestbook,https://github.com/MarketingPipeline/Serverless-Guestbook,20,0,2022-06-18T01:04:01Z,2025-04-30T09:04:51Z,JavaScript
214236110,jdconner,styled-variants,https://github.com/jdconner/styled-variants,20,1,2019-10-10T16:47:18Z,2024-06-22T01:16:40Z,JavaScript
188039330,pimp-my-book,serverless-graphql-nodejs-starter,https://github.com/pimp-my-book/serverless-graphql-nodejs-starter,21,6,2019-05-22T12:59:29Z,2025-08-02T08:02:17Z,JavaScript
117211249,kaxi1993,mern-template,https://github.com/kaxi1993/mern-template,21,7,2018-01-12T07:54:08Z,2024-12-20T19:21:04Z,JavaScript
563465346,wpengine,faust-scaffold,https://github.com/wpengine/faust-scaffold,21,6,2022-11-08T17:08:25Z,2025-06-15T13:40:46Z,JavaScript
328199976,permafrost-dev,typescript-project-skeleton-esbuild-jest,https://github.com/permafrost-dev/typescript-project-skeleton-esbuild-jest,21,3,2021-01-09T16:41:47Z,2025-03-17T10:12:38Z,JavaScript
310845337,juliankrispel,typescript-aws-lambda-terraform,https://github.com/juliankrispel/typescript-aws-lambda-terraform,21,5,2020-11-07T12:58:28Z,2023-08-28T02:26:43Z,JavaScript
652223718,shezzor,javascript-game-development-template,https://github.com/shezzor/javascript-game-development-template,21,12,2023-06-11T13:37:39Z,2025-07-12T07:19:48Z,JavaScript
419395686,tinacms,tina-docs-starter,https://github.com/tinacms/tina-docs-starter,21,14,2021-10-20T15:51:22Z,2025-03-29T23:42:24Z,JavaScript
255059723,ttntm,hugo-tailwind-boilerplate,https://github.com/ttntm/hugo-tailwind-boilerplate,21,2,2020-04-12T10:36:49Z,2024-04-19T12:42:56Z,JavaScript
304066868,asyncapi,template-for-generator-templates,https://github.com/asyncapi/template-for-generator-templates,21,10,2020-10-14T16:04:03Z,2025-07-28T11:03:56Z,JavaScript
336797757,bgoonz,Markdown-Templates,https://github.com/bgoonz/Markdown-Templates,21,27,2021-02-07T13:48:37Z,2024-05-02T11:59:31Z,JavaScript
164148524,canada-ca,template-gabarit,https://github.com/canada-ca/template-gabarit,21,21,2019-01-04T19:48:21Z,2025-07-10T15:30:13Z,JavaScript
229060273,nunomaduro,skeleton-js,https://github.com/nunomaduro/skeleton-js,21,3,2019-12-19T13:28:11Z,2022-03-21T02:04:37Z,JavaScript
451976078,dashpilot,vite-alpinejs,https://github.com/dashpilot/vite-alpinejs,21,1,2022-01-25T17:29:47Z,2025-06-27T14:22:47Z,JavaScript
398196493,LinbuduLab,node-lib-starter,https://github.com/LinbuduLab/node-lib-starter,21,2,2021-08-20T07:43:41Z,2024-12-17T15:26:29Z,JavaScript
791815310,TheSleepyKoala,Svelcordot,https://github.com/TheSleepyKoala/Svelcordot,21,5,2024-04-25T12:29:36Z,2025-04-26T20:30:05Z,JavaScript
139415715,faizahmedfarooqui,nodejs,https://github.com/faizahmedfarooqui/nodejs,21,1,2018-07-02T08:44:22Z,2025-06-05T03:18:25Z,JavaScript
572460021,MGalaCyber,Discord.js-v14-Command-Handler-Template,https://github.com/MGalaCyber/Discord.js-v14-Command-Handler-Template,21,3,2022-11-30T10:20:57Z,2025-03-24T21:31:26Z,JavaScript
574553794,app-generator,django-admin-adminlte,https://github.com/app-generator/django-admin-adminlte,21,3,2022-12-05T15:06:25Z,2025-04-28T16:16:43Z,JavaScript
205872697,statickit-projects,next-js-tailwind,https://github.com/statickit-projects/next-js-tailwind,21,1,2019-09-02T14:19:35Z,2025-02-09T09:18:27Z,JavaScript
319896153,hack4impact-uiuc,mern-template,https://github.com/hack4impact-uiuc/mern-template,21,3,2020-12-09T08:49:41Z,2024-12-05T22:03:48Z,JavaScript
379884007,akx,vite-react-ts-template,https://github.com/akx/vite-react-ts-template,21,1,2021-06-24T10:15:49Z,2024-11-28T11:35:18Z,JavaScript
351932573,with-heart,xstate-nextjs-workspaces-template,https://github.com/with-heart/xstate-nextjs-workspaces-template,21,0,2021-03-26T22:59:54Z,2025-05-20T18:46:50Z,JavaScript
824606989,dgtlntv,protostar,https://github.com/dgtlntv/protostar,21,8,2024-07-05T13:52:07Z,2025-05-02T14:53:16Z,JavaScript
384741479,virtualvivek,react-windows-ui-boilerplate,https://github.com/virtualvivek/react-windows-ui-boilerplate,22,6,2021-07-10T16:23:21Z,2025-01-15T10:55:12Z,JavaScript
634500035,thatbeautifuldream,express-starter,https://github.com/thatbeautifuldream/express-starter,22,8,2023-04-30T10:28:57Z,2025-04-22T03:13:35Z,JavaScript
549445444,jankapunkt,meteor-react-native-starter,https://github.com/jankapunkt/meteor-react-native-starter,22,7,2022-10-11T07:44:38Z,2025-04-24T22:16:55Z,JavaScript
388426048,fastly,compute-starter-kit-javascript-default,https://github.com/fastly/compute-starter-kit-javascript-default,22,28,2021-07-22T10:43:52Z,2025-05-28T21:39:10Z,JavaScript
93476629,rkkautsar,react-starter,https://github.com/rkkautsar/react-starter,22,3,2017-06-06T04:37:35Z,2022-09-15T14:39:45Z,JavaScript
410202516,melonjs,es6-boilerplate,https://github.com/melonjs/es6-boilerplate,22,13,2021-09-25T07:08:25Z,2024-12-04T14:34:50Z,JavaScript
285842145,flareact,flareact-template,https://github.com/flareact/flareact-template,22,256,2020-08-07T13:58:34Z,2023-08-18T06:55:24Z,JavaScript
487905486,mryechkin,rollup-library-starter,https://github.com/mryechkin/rollup-library-starter,22,2,2022-05-02T15:59:51Z,2024-09-04T21:21:20Z,JavaScript
172222062,tomsoderlund,nextjs-sql-rest-api-boilerplate,https://github.com/tomsoderlund/nextjs-sql-rest-api-boilerplate,22,5,2019-02-23T14:13:35Z,2025-04-28T14:33:11Z,JavaScript
190843663,app-generator,react-material-kit,https://github.com/app-generator/react-material-kit,22,14,2019-06-08T04:07:28Z,2023-11-04T06:52:55Z,JavaScript
247928339,draftbox-co,gatsby-wordpress-libre-starter,https://github.com/draftbox-co/gatsby-wordpress-libre-starter,22,8,2020-03-17T09:26:20Z,2023-05-12T16:58:06Z,JavaScript
614877239,bezlant,react-ts-vite-eslint-prettier-tailwind,https://github.com/bezlant/react-ts-vite-eslint-prettier-tailwind,22,5,2023-03-16T13:55:58Z,2025-08-10T21:21:16Z,JavaScript
408293017,vitmalina,w2ui-starter-es6,https://github.com/vitmalina/w2ui-starter-es6,22,11,2021-09-20T02:55:18Z,2025-07-22T07:11:48Z,JavaScript
193361532,burhanuday,electron-react-boilerplate,https://github.com/burhanuday/electron-react-boilerplate,22,3,2019-06-23T15:00:27Z,2025-04-29T16:33:34Z,JavaScript
471774919,dancrtis,supabase-tailwind-rn,https://github.com/dancrtis/supabase-tailwind-rn,22,1,2022-03-19T18:05:26Z,2024-01-08T02:52:17Z,JavaScript
956854724,The-Pocket,PocketFlow-Template-Typescript,https://github.com/The-Pocket/PocketFlow-Template-Typescript,22,15,2025-03-29T01:36:24Z,2025-07-29T11:58:37Z,JavaScript
261397069,draftbox-co,gatsby-ghost-balsa-starter,https://github.com/draftbox-co/gatsby-ghost-balsa-starter,22,3,2020-05-05T08:10:55Z,2023-11-06T10:12:35Z,JavaScript
242801899,moxystudio,react-native-with-moxy,https://github.com/moxystudio/react-native-with-moxy,22,2,2020-02-24T17:43:17Z,2024-04-15T04:23:28Z,JavaScript
272525762,templates-world,nest-svelte,https://github.com/templates-world/nest-svelte,22,3,2020-06-15T19:27:11Z,2025-06-26T15:05:09Z,JavaScript
426211050,harrisrobin,solana-dev-container,https://github.com/harrisrobin/solana-dev-container,22,6,2021-11-09T11:57:40Z,2025-07-19T00:34:31Z,JavaScript
213589928,notakaos,typescript-node-base-with-eslint-prettier,https://github.com/notakaos/typescript-node-base-with-eslint-prettier,22,1,2019-10-08T08:34:26Z,2021-11-06T01:21:07Z,JavaScript
396137846,carolandrade1,template_next_styled,https://github.com/carolandrade1/template_next_styled,22,6,2021-08-14T21:41:35Z,2025-04-08T16:35:18Z,JavaScript
100106206,ilkeryilmaz,bilyeli,https://github.com/ilkeryilmaz/bilyeli,22,1,2017-08-12T10:49:13Z,2023-03-14T18:40:01Z,JavaScript
397963342,gmencz,cloudflare-workers-typescript-esbuild-esm,https://github.com/gmencz/cloudflare-workers-typescript-esbuild-esm,22,2,2021-08-19T14:02:30Z,2023-10-10T02:56:21Z,JavaScript
681113462,dannyhw,storybook-tamagui,https://github.com/dannyhw/storybook-tamagui,22,2,2023-08-21T09:44:28Z,2024-12-29T07:11:59Z,JavaScript
557388183,PBillingsby,arweave-nextjs-template,https://github.com/PBillingsby/arweave-nextjs-template,22,0,2022-10-25T15:42:43Z,2023-06-26T14:40:59Z,JavaScript
254857672,HorusGoul,preact-obs-plugin,https://github.com/HorusGoul/preact-obs-plugin,22,1,2020-04-11T11:56:48Z,2025-01-04T02:16:28Z,JavaScript
471338306,chatwoot,contributors,https://github.com/chatwoot/contributors,22,0,2022-03-18T11:16:00Z,2025-02-09T05:00:13Z,JavaScript
274017421,classroomtechtools,appscripts-modules-ft-svelte,https://github.com/classroomtechtools/appscripts-modules-ft-svelte,22,1,2020-06-22T01:59:25Z,2024-09-10T14:45:49Z,JavaScript
191215127,FunctionScript,functionscript-server,https://github.com/FunctionScript/functionscript-server,22,3,2019-06-10T17:32:59Z,2023-09-08T17:54:41Z,JavaScript
603089656,chromaui,intro-storybook-react-native-template,https://github.com/chromaui/intro-storybook-react-native-template,23,14,2023-02-17T15:42:51Z,2025-03-10T06:50:59Z,JavaScript
618863750,gulalicelik,nodejs-express-sequelize-mysql-api-boilerplate,https://github.com/gulalicelik/nodejs-express-sequelize-mysql-api-boilerplate,23,14,2023-03-25T15:18:18Z,2025-01-28T02:44:57Z,JavaScript
228657670,nilsonbraga,node-api-boilerplate,https://github.com/nilsonbraga/node-api-boilerplate,23,4,2019-12-17T16:31:01Z,2023-11-15T23:03:57Z,JavaScript
82541045,VladimirHumeniuk,gulp-boilerplate,https://github.com/VladimirHumeniuk/gulp-boilerplate,23,6,2017-02-20T09:38:28Z,2023-10-24T15:55:47Z,JavaScript
196667225,brandonxiang,svelte-webpack-mpa,https://github.com/brandonxiang/svelte-webpack-mpa,23,3,2019-07-13T02:03:24Z,2023-12-12T17:49:43Z,JavaScript
218136827,scottwater,eleventy-origin,https://github.com/scottwater/eleventy-origin,23,0,2019-10-28T20:15:00Z,2021-03-26T13:52:22Z,JavaScript
680959439,stefbowerman,cadaver-2.0,https://github.com/stefbowerman/cadaver-2.0,23,0,2023-08-21T00:21:19Z,2025-07-30T14:13:36Z,JavaScript
336828206,hrishikeshrt,flask-bootstrap-anywhere,https://github.com/hrishikeshrt/flask-bootstrap-anywhere,23,5,2021-02-07T16:05:21Z,2025-03-24T09:15:15Z,JavaScript
220954654,BilalBudhani,RailsBooster,https://github.com/BilalBudhani/RailsBooster,23,2,2019-11-11T10:19:39Z,2023-07-27T10:21:53Z,JavaScript
786408898,foyzulkarim,commitstreams-server,https://github.com/foyzulkarim/commitstreams-server,23,10,2024-04-14T11:26:21Z,2025-07-02T16:12:42Z,JavaScript
509011035,themefisher,mono-bootstrap,https://github.com/themefisher/mono-bootstrap,23,22,2022-06-30T09:14:13Z,2025-08-03T07:10:56Z,JavaScript
287800655,jherr,wp5-starter-react-ts,https://github.com/jherr/wp5-starter-react-ts,23,7,2020-08-15T18:13:23Z,2023-05-19T14:13:07Z,JavaScript
253311782,rocketseat-education,gostack-template-conceitos-react-native,https://github.com/rocketseat-education/gostack-template-conceitos-react-native,23,79,2020-04-05T19:08:57Z,2023-05-05T20:38:50Z,JavaScript
202472512,jenkinsci,react-plugin-template,https://github.com/jenkinsci/react-plugin-template,23,1,2019-08-15T04:12:20Z,2024-04-25T02:08:14Z,JavaScript
379416084,sst,lerna-yarn-starter,https://github.com/sst/lerna-yarn-starter,23,3,2021-06-22T22:29:11Z,2024-04-23T17:15:52Z,JavaScript
629502837,annaerdelen,baustelle,https://github.com/annaerdelen/baustelle,23,1,2023-04-18T12:52:08Z,2025-06-27T12:09:34Z,JavaScript
510454948,boilerplatedev,typescript-library-starter,https://github.com/boilerplatedev/typescript-library-starter,23,2,2022-07-04T17:53:00Z,2025-07-19T20:23:17Z,JavaScript
941278940,betterstack-community,mcp-template-ts,https://github.com/betterstack-community/mcp-template-ts,23,10,2025-03-01T22:52:12Z,2025-07-02T11:39:32Z,JavaScript
208302275,themefisher,parsa-jekyll,https://github.com/themefisher/parsa-jekyll,23,25,2019-09-13T16:19:42Z,2025-01-26T16:34:53Z,JavaScript
289377978,MicrosoftDocs,mslearn-staticwebapp-api,https://github.com/MicrosoftDocs/mslearn-staticwebapp-api,23,36,2020-08-21T22:37:19Z,2025-07-30T04:12:48Z,JavaScript
400004716,slime7,template-vite-vue2-vuetify,https://github.com/slime7/template-vite-vue2-vuetify,23,9,2021-08-26T01:31:12Z,2023-11-23T05:50:42Z,JavaScript
250421369,deadlyjack,quickpage,https://github.com/deadlyjack/quickpage,23,7,2020-03-27T02:25:05Z,2025-07-31T11:20:47Z,JavaScript
544899030,Hugolify,hugolify-template,https://github.com/Hugolify/hugolify-template,23,4,2022-10-03T12:33:31Z,2025-08-03T21:23:37Z,JavaScript
340928658,EnzoEmb,wordvite,https://github.com/EnzoEmb/wordvite,23,0,2021-02-21T15:02:50Z,2024-03-10T20:22:27Z,JavaScript
764850836,HoneySinghDev,go-templ-htmx-template,https://github.com/HoneySinghDev/go-templ-htmx-template,23,0,2024-02-28T20:31:01Z,2025-07-27T22:06:16Z,JavaScript
612807083,NetCoreTemplates,razor-ssg,https://github.com/NetCoreTemplates/razor-ssg,23,2,2023-03-12T02:57:22Z,2025-07-27T06:49:31Z,JavaScript
199196063,wgao19,docusaurus-template-no-style,https://github.com/wgao19/docusaurus-template-no-style,23,0,2019-07-27T17:41:07Z,2024-09-09T02:57:13Z,JavaScript
607590912,netlify-templates,nextjs-contentful-starter,https://github.com/netlify-templates/nextjs-contentful-starter,25,88,2023-02-28T09:31:35Z,2025-08-11T05:04:20Z,JavaScript
230330943,raberin,express-knex-postgres-boilerplate,https://github.com/raberin/express-knex-postgres-boilerplate,25,18,2019-12-26T21:34:35Z,2025-01-13T21:34:41Z,JavaScript
164220629,pklaschka,xd-plugin-boilerplate,https://github.com/pklaschka/xd-plugin-boilerplate,25,7,2019-01-05T14:10:08Z,2024-08-17T06:49:39Z,JavaScript
364050453,hasinhayder,windicss-boilerplate,https://github.com/hasinhayder/windicss-boilerplate,25,5,2021-05-03T20:18:19Z,2023-09-28T04:26:43Z,JavaScript
310709069,GeekTrainer,aswa-student-starter-kit,https://github.com/GeekTrainer/aswa-student-starter-kit,25,13,2020-11-06T21:26:54Z,2024-08-19T02:39:44Z,JavaScript
295213627,dereklegenzoff,azure-search-react-template,https://github.com/dereklegenzoff/azure-search-react-template,25,33,2020-09-13T18:35:25Z,2025-03-06T10:16:12Z,JavaScript
242609771,stemmlerjs,serverless-graphql-netlify-starter,https://github.com/stemmlerjs/serverless-graphql-netlify-starter,25,8,2020-02-23T23:46:00Z,2023-11-06T11:03:41Z,JavaScript
278093670,AdobeDocs,dev-site-documentation-template,https://github.com/AdobeDocs/dev-site-documentation-template,25,21,2020-07-08T13:14:48Z,2025-08-04T10:58:02Z,JavaScript
192922470,alexander-elgin,vue-atomic-design,https://github.com/alexander-elgin/vue-atomic-design,25,5,2019-06-20T13:12:12Z,2024-04-17T06:49:44Z,JavaScript
775468665,phaserjs,discord-template,https://github.com/phaserjs/discord-template,25,11,2024-03-21T12:56:46Z,2025-07-31T14:31:16Z,JavaScript
241420502,hex-digital,nuxt-cypress-example,https://github.com/hex-digital/nuxt-cypress-example,25,7,2020-02-18T17:12:32Z,2023-05-28T17:02:16Z,JavaScript
381024193,Calderis,Directus-Next-Starter,https://github.com/Calderis/Directus-Next-Starter,25,0,2021-06-28T12:31:21Z,2025-04-04T20:30:24Z,JavaScript
525957255,brittanyjoiner15,eui-event-template,https://github.com/brittanyjoiner15/eui-event-template,25,44,2022-08-17T21:20:16Z,2025-04-11T18:01:17Z,JavaScript
330941574,dan-frank,docker-pern-template,https://github.com/dan-frank/docker-pern-template,25,14,2021-01-19T10:22:10Z,2025-07-05T17:26:33Z,JavaScript
438031626,quavedev,meteor-template,https://github.com/quavedev/meteor-template,25,6,2021-12-13T21:34:37Z,2025-08-03T22:00:25Z,JavaScript
291466828,alpine-collective,plugin,https://github.com/alpine-collective/plugin,25,3,2020-08-30T12:33:04Z,2025-07-12T16:22:04Z,JavaScript
318604389,raulpy271,portfolioInTerminal,https://github.com/raulpy271/portfolioInTerminal,25,5,2020-12-04T18:33:38Z,2025-05-20T12:52:23Z,JavaScript
156858207,matheus1lva,react-initial-bootstrap,https://github.com/matheus1lva/react-initial-bootstrap,25,2,2018-11-09T12:18:56Z,2023-04-07T19:47:31Z,JavaScript
206172706,camerenisonfire,p5-electron-quick-start,https://github.com/camerenisonfire/p5-electron-quick-start,25,2,2019-09-03T21:08:59Z,2024-10-31T20:19:05Z,JavaScript
586498841,mendhak,eleventy-satisfactory,https://github.com/mendhak/eleventy-satisfactory,25,1,2023-01-08T11:16:04Z,2025-07-01T14:23:49Z,JavaScript
310353481,Shelob9,wordpress-plugin,https://github.com/Shelob9/wordpress-plugin,24,11,2020-11-05T16:14:31Z,2024-12-26T10:49:48Z,JavaScript
453036386,algolia,algolia-react-boilerplate,https://github.com/algolia/algolia-react-boilerplate,24,13,2022-01-28T11:06:38Z,2025-04-27T09:10:42Z,JavaScript
512064760,utsavdotpro,starter-rn-expo-tailwind-ts,https://github.com/utsavdotpro/starter-rn-expo-tailwind-ts,24,5,2022-07-09T01:21:01Z,2024-10-07T08:35:10Z,JavaScript
582315016,ar9t4,react-native-boilerplate,https://github.com/ar9t4/react-native-boilerplate,24,3,2022-12-26T12:38:28Z,2023-11-05T17:35:24Z,JavaScript
212406857,Chronoblog,gatsby-starter-chronoblog,https://github.com/Chronoblog/gatsby-starter-chronoblog,24,12,2019-10-02T17:57:52Z,2024-09-16T21:34:45Z,JavaScript
221759531,realabbas,serverless-lambda-node-express-mongodb,https://github.com/realabbas/serverless-lambda-node-express-mongodb,24,10,2019-11-14T18:13:41Z,2024-04-18T07:32:53Z,JavaScript
498730842,socathie,zkApp,https://github.com/socathie/zkApp,24,5,2022-06-01T12:40:19Z,2025-01-08T12:18:18Z,JavaScript
292042545,lmachens,cra-with-api,https://github.com/lmachens/cra-with-api,24,5,2020-09-01T15:55:58Z,2022-07-11T10:43:41Z,JavaScript
210145278,z3by,vuepress-blog-template,https://github.com/z3by/vuepress-blog-template,24,10,2019-09-22T12:41:00Z,2023-12-15T07:05:39Z,JavaScript
242871385,timrodz,gatsby-starter-instagram-baseweb,https://github.com/timrodz/gatsby-starter-instagram-baseweb,24,5,2020-02-25T00:08:46Z,2024-02-11T18:15:42Z,JavaScript
190279585,tarnishablec,frog-admin,https://github.com/tarnishablec/frog-admin,24,22,2019-06-04T21:08:20Z,2022-07-16T03:22:26Z,JavaScript
124266004,webandras,static-site-express,https://github.com/webandras/static-site-express,24,9,2018-03-07T16:49:02Z,2024-12-10T21:22:56Z,JavaScript
366556527,bgoonz,BGOONZ_BLOG_2.0,https://github.com/bgoonz/BGOONZ_BLOG_2.0,24,47,2021-05-12T01:21:28Z,2024-10-26T13:14:05Z,JavaScript
341448362,sarthaktexas,perfect,https://github.com/sarthaktexas/perfect,24,2,2021-02-23T06:10:20Z,2025-03-28T19:25:10Z,JavaScript
528529107,darkroomengineering,bibliotheca,https://github.com/darkroomengineering/bibliotheca,24,3,2022-08-24T17:36:29Z,2025-07-15T16:36:18Z,JavaScript
247616827,mattvukas,react-node-template,https://github.com/mattvukas/react-node-template,24,16,2020-03-16T05:17:06Z,2024-10-21T14:43:59Z,JavaScript
367415547,jasonsturges,typescript-npm-package,https://github.com/jasonsturges/typescript-npm-package,24,5,2021-05-14T16:07:52Z,2024-11-17T14:59:59Z,JavaScript
75550255,onebeyond,generator-systemic,https://github.com/onebeyond/generator-systemic,24,9,2016-12-04T16:43:14Z,2023-01-27T08:13:40Z,JavaScript
535157892,fdhlgrphy,Crizzy-Bot,https://github.com/fdhlgrphy/Crizzy-Bot,24,90,2022-09-11T01:06:07Z,2024-07-08T18:52:51Z,JavaScript
410892131,yusongh,vue3-vite-vant-template,https://github.com/yusongh/vue3-vite-vant-template,24,13,2021-09-27T13:18:50Z,2024-11-11T07:03:13Z,JavaScript
609310557,dalelane,scratch-extension-development,https://github.com/dalelane/scratch-extension-development,24,21,2023-03-03T20:44:26Z,2025-03-12T08:19:50Z,JavaScript
474870603,utilForever,rust-wasm-ts-template,https://github.com/utilForever/rust-wasm-ts-template,24,2,2022-03-28T06:17:20Z,2025-07-19T08:24:52Z,JavaScript
181373263,chriscalo,vue-multipage,https://github.com/chriscalo/vue-multipage,24,1,2019-04-14T21:51:36Z,2025-04-11T13:13:29Z,JavaScript
228551692,stephenml,kbone-ts-template,https://github.com/stephenml/kbone-ts-template,24,8,2019-12-17T06:48:05Z,2025-07-10T02:32:17Z,JavaScript
267640880,bluehalo,fhir-app-starter,https://github.com/bluehalo/fhir-app-starter,27,20,2020-05-28T16:32:12Z,2025-06-18T15:17:23Z,JavaScript
135592817,labnol,javascript-starter,https://github.com/labnol/javascript-starter,27,11,2018-05-31T14:13:10Z,2025-07-17T10:32:43Z,JavaScript
127982956,YuriBrunetto,next-starter,https://github.com/YuriBrunetto/next-starter,27,3,2018-04-04T00:05:57Z,2024-06-19T12:08:04Z,JavaScript
316430565,iamsainikhil,nextjs-prismic-blog-starter,https://github.com/iamsainikhil/nextjs-prismic-blog-starter,27,7,2020-11-27T07:28:58Z,2025-08-08T20:43:15Z,JavaScript
282016284,nullRefErr,microservice-base,https://github.com/nullRefErr/microservice-base,27,6,2020-07-23T17:35:01Z,2024-03-21T05:48:54Z,JavaScript
282685888,ekafyi,junglejs-storybook-tailwind,https://github.com/ekafyi/junglejs-storybook-tailwind,27,2,2020-07-26T16:10:27Z,2023-08-21T14:39:51Z,JavaScript
186838967,viniarruda,react-boilerplate,https://github.com/viniarruda/react-boilerplate,27,14,2019-05-15T14:04:28Z,2024-02-23T10:29:50Z,JavaScript
390014924,imomaliev,vue-ts,https://github.com/imomaliev/vue-ts,27,8,2021-07-27T14:30:32Z,2024-10-12T04:24:30Z,JavaScript
275738784,app-generator,flask-illustrations-iradesign,https://github.com/app-generator/flask-illustrations-iradesign,27,3,2020-06-29T05:27:47Z,2024-03-30T18:26:45Z,JavaScript
603383240,beforesemicolon,node-typescript-project-template,https://github.com/beforesemicolon/node-typescript-project-template,27,7,2023-02-18T10:46:27Z,2025-06-04T06:16:58Z,JavaScript
405437629,icebreaker-template,uni-app-vue2-tailwind-vscode-template,https://github.com/icebreaker-template/uni-app-vue2-tailwind-vscode-template,27,7,2021-09-11T17:11:41Z,2025-06-05T03:36:06Z,JavaScript
361315995,int128,typescript-actions-monorepo,https://github.com/int128/typescript-actions-monorepo,27,4,2021-04-25T02:51:08Z,2025-08-10T14:08:37Z,JavaScript
359040549,ATQQ,uni-app-template,https://github.com/ATQQ/uni-app-template,27,7,2021-04-18T04:10:09Z,2024-11-11T03:31:18Z,JavaScript
613647713,replicate,getting-started-nextjs-language,https://github.com/replicate/getting-started-nextjs-language,27,3,2023-03-14T01:39:28Z,2024-09-22T23:47:25Z,JavaScript
343964517,module-federation,aegis-app,https://github.com/module-federation/aegis-app,27,7,2021-03-03T01:31:26Z,2024-08-09T02:04:07Z,JavaScript
525091383,webrecorder,web-replay-gen,https://github.com/webrecorder/web-replay-gen,27,2,2022-08-15T18:13:31Z,2025-05-20T08:28:11Z,JavaScript
206208364,metonym,svelte-rollup-template,https://github.com/metonym/svelte-rollup-template,27,2,2019-09-04T01:56:23Z,2024-08-30T20:30:05Z,JavaScript
491567393,arnav-kr,tor-tutorial,https://github.com/arnav-kr/tor-tutorial,27,4,2022-05-12T15:21:40Z,2025-05-18T06:59:43Z,JavaScript
96640416,jmahc,that-react-app-you-want,https://github.com/jmahc/that-react-app-you-want,27,4,2017-07-08T19:44:24Z,2020-07-15T18:40:03Z,JavaScript
758766783,birbhouse-games,electron-steam-app-template,https://github.com/birbhouse-games/electron-steam-app-template,27,0,2024-02-17T03:00:09Z,2025-05-11T06:51:39Z,JavaScript
116456255,hikarine3,docker-django-postgresql,https://github.com/hikarine3/docker-django-postgresql,27,1,2018-01-06T05:28:31Z,2023-08-14T09:57:06Z,JavaScript
900992830,4GeeksAcademy,react-hello,https://github.com/4GeeksAcademy/react-hello,26,1257,2024-12-09T21:03:56Z,2025-08-08T18:40:07Z,JavaScript
399252557,evidence-dev,template,https://github.com/evidence-dev/template,26,23,2021-08-23T21:29:36Z,2025-07-13T16:24:25Z,JavaScript
359504285,mohnishlandge,threejs-template,https://github.com/mohnishlandge/threejs-template,26,12,2021-04-19T15:15:41Z,2025-04-16T08:02:16Z,JavaScript
361909466,donnyroufs,starter-template-typescript,https://github.com/donnyroufs/starter-template-typescript,26,9,2021-04-26T22:21:12Z,2025-07-27T12:26:39Z,JavaScript
203414654,jamieecarr,figma-plugin-vue-starter,https://github.com/jamieecarr/figma-plugin-vue-starter,26,5,2019-08-20T16:33:37Z,2024-12-29T09:39:04Z,JavaScript
242910433,calebnance,expo-starter,https://github.com/calebnance/expo-starter,26,7,2020-02-25T04:34:53Z,2025-07-03T10:57:45Z,JavaScript
141327873,alexcarpenter,eleventy-boilerplate,https://github.com/alexcarpenter/eleventy-boilerplate,26,2,2018-07-17T18:24:04Z,2025-02-02T16:25:41Z,JavaScript
477832822,gabodmc,nodejs-boilerplate,https://github.com/gabodmc/nodejs-boilerplate,26,6,2022-04-04T18:51:18Z,2023-05-21T01:18:33Z,JavaScript
273175142,christopherliedtke,vueX_nodeExpress_mongoDB_wAuth_starter,https://github.com/christopherliedtke/vueX_nodeExpress_mongoDB_wAuth_starter,26,5,2020-06-18T07:49:09Z,2025-04-09T08:48:05Z,JavaScript
173564819,iethem,react-native-boilerplate,https://github.com/iethem/react-native-boilerplate,26,1,2019-03-03T11:16:08Z,2023-10-21T21:36:27Z,JavaScript
200367321,duongtungls,react-native-boilerplate,https://github.com/duongtungls/react-native-boilerplate,26,3,2019-08-03T11:24:18Z,2024-08-24T12:55:51Z,JavaScript
188932841,nwtgck,typescript-on-browser-starter,https://github.com/nwtgck/typescript-on-browser-starter,26,3,2019-05-28T01:38:03Z,2025-02-20T03:41:32Z,JavaScript
456575779,sushil-kamble,django-react-auth,https://github.com/sushil-kamble/django-react-auth,26,13,2022-02-07T16:00:29Z,2025-06-11T06:16:19Z,JavaScript
292113172,MetaMask,metamask-module-template,https://github.com/MetaMask/metamask-module-template,26,18,2020-09-01T21:39:11Z,2025-08-08T14:23:49Z,JavaScript
424623687,miami78,nextjs-starter-pack,https://github.com/miami78/nextjs-starter-pack,26,2,2021-11-04T14:23:42Z,2025-03-04T09:39:51Z,JavaScript
496007897,saifalisew1508,Portfolio,https://github.com/saifalisew1508/Portfolio,26,7,2022-05-24T22:35:14Z,2025-02-04T02:09:25Z,JavaScript
462566948,sawyerclick,CMSvelte,https://github.com/sawyerclick/CMSvelte,26,2,2022-02-23T03:28:28Z,2025-07-20T20:38:43Z,JavaScript
249805170,danspratling,portfolio-2019,https://github.com/danspratling/portfolio-2019,26,2,2020-03-24T19:59:48Z,2024-06-07T05:37:15Z,JavaScript
330545291,steedos,steedos-project-template,https://github.com/steedos/steedos-project-template,26,162,2021-01-18T03:33:54Z,2025-04-07T09:23:08Z,JavaScript
539862221,zqy233,vite-vue2-ie-template,https://github.com/zqy233/vite-vue2-ie-template,26,4,2022-09-22T07:51:32Z,2025-07-29T07:02:37Z,JavaScript
323809863,shaynak,taylor-swift,https://github.com/shaynak/taylor-swift,26,6,2020-12-23T05:20:53Z,2025-07-02T22:40:21Z,JavaScript
906930905,Amarjha01,InfantCareCompass,https://github.com/Amarjha01/InfantCareCompass,26,87,2024-12-22T10:45:03Z,2025-08-11T03:26:59Z,JavaScript
208453250,awibox,react-redux-app-template,https://github.com/awibox/react-redux-app-template,26,5,2019-09-14T14:38:52Z,2025-04-11T14:59:23Z,JavaScript
256524782,NansPellicari,UE4-TPL-CppWithTestEnv,https://github.com/NansPellicari/UE4-TPL-CppWithTestEnv,26,7,2020-04-17T14:25:29Z,2025-08-11T01:56:29Z,JavaScript
224230399,WebexSamples,webex-bot-starter,https://github.com/WebexSamples/webex-bot-starter,29,64,2019-11-26T15:55:03Z,2025-07-16T17:34:31Z,JavaScript
232669620,BattlesnakeOfficial,starter-snake-javascript,https://github.com/BattlesnakeOfficial/starter-snake-javascript,29,108,2020-01-08T22:07:51Z,2025-07-17T20:49:34Z,JavaScript
73115313,loginov-rocks,Angular-Gulp-Boilerplate,https://github.com/loginov-rocks/Angular-Gulp-Boilerplate,29,17,2016-11-07T19:55:23Z,2022-05-26T18:35:29Z,JavaScript
206834607,jmsv,simple-mern,https://github.com/jmsv/simple-mern,29,36,2019-09-06T16:34:25Z,2025-08-06T09:11:15Z,JavaScript
460096627,wpengine,atlas-blueprint-portfolio,https://github.com/wpengine/atlas-blueprint-portfolio,29,14,2022-02-16T16:58:30Z,2025-07-22T09:20:50Z,JavaScript
284727271,rightsaidjames,cypress-starter-kit,https://github.com/rightsaidjames/cypress-starter-kit,29,11,2020-08-03T14:49:17Z,2024-06-14T08:09:44Z,JavaScript
101108083,artf,grapesjs-plugin-boilerplate,https://github.com/artf/grapesjs-plugin-boilerplate,29,29,2017-08-22T21:16:45Z,2025-04-19T22:49:30Z,JavaScript
581624010,angular-experts-io,angular-library-starter,https://github.com/angular-experts-io/angular-library-starter,29,5,2022-12-23T18:48:35Z,2025-07-24T14:36:56Z,JavaScript
595552926,fnpen,wordpress-modern-settings-page-boilerplate,https://github.com/fnpen/wordpress-modern-settings-page-boilerplate,29,5,2023-01-31T10:18:28Z,2025-05-23T07:31:41Z,JavaScript
211878123,toastyboost,rollup-starter,https://github.com/toastyboost/rollup-starter,29,5,2019-09-30T14:22:57Z,2024-11-04T19:14:44Z,JavaScript
361000830,casendler,react-chrome-extension-mv3,https://github.com/casendler/react-chrome-extension-mv3,29,12,2021-04-23T20:41:11Z,2024-11-01T09:16:57Z,JavaScript
185693112,brohlson,gatsby-datocms-starter,https://github.com/brohlson/gatsby-datocms-starter,29,5,2019-05-08T23:32:18Z,2023-12-05T06:21:45Z,JavaScript
439895551,HPouyanmehr,muxt,https://github.com/HPouyanmehr/muxt,29,12,2021-12-19T15:14:08Z,2024-05-15T12:08:57Z,JavaScript
657577759,oceans404,fullstack-polygon-id-vc-gated-dapp,https://github.com/oceans404/fullstack-polygon-id-vc-gated-dapp,29,24,2023-06-23T11:19:46Z,2025-01-26T15:03:25Z,JavaScript
279304496,app-generator,jinja-adminlte,https://github.com/app-generator/jinja-adminlte,29,8,2020-07-13T13:03:31Z,2025-05-29T11:25:24Z,JavaScript
455273349,netlify-templates,nuxt-toolbox,https://github.com/netlify-templates/nuxt-toolbox,29,21,2022-02-03T18:02:46Z,2025-07-21T04:56:28Z,JavaScript
689923398,IvettaGoIT,react_vite,https://github.com/IvettaGoIT/react_vite,29,11,2023-09-11T07:32:41Z,2025-02-06T07:31:07Z,JavaScript
334230644,Tomato6966,discord-bot-list,https://github.com/Tomato6966/discord-bot-list,29,15,2021-01-29T18:32:09Z,2025-07-31T14:27:20Z,JavaScript
56311626,csuarez,hugo-gulp-template,https://github.com/csuarez/hugo-gulp-template,29,2,2016-04-15T10:20:28Z,2023-08-06T06:23:42Z,JavaScript
268273541,okan-cakmak,blog,https://github.com/okan-cakmak/blog,29,8,2020-05-31T12:17:20Z,2025-04-11T00:14:52Z,JavaScript
557415673,MGalaCyber,Guide-Discord-bot,https://github.com/MGalaCyber/Guide-Discord-bot,29,7,2022-10-25T16:41:49Z,2024-12-10T17:57:34Z,JavaScript
775779683,dogokit,dogokit-akita,https://github.com/dogokit/dogokit-akita,29,2,2024-03-22T02:53:46Z,2025-07-30T04:36:37Z,JavaScript
131198895,angular-material-extensions,faq,https://github.com/angular-material-extensions/faq,29,4,2018-04-26T19:01:48Z,2024-07-31T16:58:30Z,JavaScript
964507406,Infinitai-cn,paiperwork,https://github.com/Infinitai-cn/paiperwork,29,1,2025-04-11T10:19:03Z,2025-06-29T02:23:09Z,JavaScript
302964202,abhaynikam,gatsby-nice-blog,https://github.com/abhaynikam/gatsby-nice-blog,28,13,2020-10-10T18:20:49Z,2024-08-12T20:06:38Z,JavaScript
45713708,silverstripe,silverstripe-module,https://github.com/silverstripe/silverstripe-module,28,13,2015-11-06T23:26:58Z,2025-07-24T00:29:45Z,JavaScript
373417083,adriandelgg,Truffle-React-Redux-Boilerplate,https://github.com/adriandelgg/Truffle-React-Redux-Boilerplate,28,5,2021-06-03T07:20:49Z,2024-07-10T07:16:22Z,JavaScript
459841875,sawhney17,logseq-plugin-starter-template,https://github.com/sawhney17/logseq-plugin-starter-template,28,9,2022-02-16T03:43:31Z,2025-04-25T00:33:16Z,JavaScript
351415134,ptkdev-boilerplate,svelte-cordova-boilerplate,https://github.com/ptkdev-boilerplate/svelte-cordova-boilerplate,28,3,2021-03-25T11:42:00Z,2024-08-16T19:43:43Z,JavaScript
366505816,skyward-digital,next-starter-prismic,https://github.com/skyward-digital/next-starter-prismic,28,2,2021-05-11T20:31:23Z,2023-10-19T08:26:36Z,JavaScript
690120274,denoland,deno-sveltekit-template,https://github.com/denoland/deno-sveltekit-template,28,2,2023-09-11T15:10:22Z,2025-07-03T02:31:00Z,JavaScript
202251227,zrp,node-functional-boilerplate,https://github.com/zrp/node-functional-boilerplate,28,5,2019-08-14T01:39:14Z,2025-01-27T08:44:50Z,JavaScript
220832152,Mudassir-23,opencv4nodejs-express-websockets,https://github.com/Mudassir-23/opencv4nodejs-express-websockets,28,7,2019-11-10T18:31:07Z,2025-07-05T16:59:07Z,JavaScript
130902659,localjo,exercise-starter,https://github.com/localjo/exercise-starter,28,1,2018-04-24T19:15:26Z,2020-04-01T12:26:43Z,JavaScript
266446129,anicodebr,ReactReduxMaterialUI,https://github.com/anicodebr/ReactReduxMaterialUI,28,3,2020-05-24T01:02:16Z,2024-03-22T12:58:48Z,JavaScript
334026859,GuoBinyong,library-rollup-template,https://github.com/GuoBinyong/library-rollup-template,28,12,2021-01-29T03:29:18Z,2024-11-04T18:55:12Z,JavaScript
400598391,5t3ph,11ty-serverless-search,https://github.com/5t3ph/11ty-serverless-search,28,3,2021-08-27T18:15:17Z,2024-03-03T11:54:51Z,JavaScript
235128433,landsman,unicorn-mailing,https://github.com/landsman/unicorn-mailing,28,0,2020-01-20T15:05:06Z,2024-04-13T00:22:01Z,JavaScript
342191787,bloominstituteoftechnology,build-week-scaffolding-node,https://github.com/bloominstituteoftechnology/build-week-scaffolding-node,28,73,2021-02-25T09:32:01Z,2023-02-22T22:08:14Z,JavaScript
245000241,papandreou,pg-to-dbml,https://github.com/papandreou/pg-to-dbml,28,5,2020-03-04T20:44:49Z,2025-08-07T01:13:10Z,JavaScript
344187586,AmanRaj1608,nextjs-web3-template,https://github.com/AmanRaj1608/nextjs-web3-template,31,6,2021-03-03T16:17:34Z,2025-04-19T00:45:20Z,JavaScript
317600211,ky-is,vitepress-starter-tailwind,https://github.com/ky-is/vitepress-starter-tailwind,31,7,2020-12-01T16:23:32Z,2025-05-13T11:50:22Z,JavaScript
373071612,hendraaagil,next-chakra-starter,https://github.com/hendraaagil/next-chakra-starter,31,4,2021-06-02T07:01:54Z,2025-06-30T04:45:19Z,JavaScript
167470616,jimmylee,next-express-emotion,https://github.com/jimmylee/next-express-emotion,31,10,2019-01-25T02:19:45Z,2025-04-04T06:46:52Z,JavaScript
270961687,clean-commit,gatsby-starter-henlo,https://github.com/clean-commit/gatsby-starter-henlo,31,5,2020-06-09T09:38:08Z,2025-07-22T11:07:36Z,JavaScript
223019042,Sparklytical,Infinity-react-boilerplate,https://github.com/Sparklytical/Infinity-react-boilerplate,31,10,2019-11-20T20:12:50Z,2023-07-29T12:55:15Z,JavaScript
253379390,vktrwlt,pugsum,https://github.com/vktrwlt/pugsum,31,3,2020-04-06T02:47:27Z,2025-01-18T20:58:57Z,JavaScript
306941806,santicros,vue3-vite-typescript-jest,https://github.com/santicros/vue3-vite-typescript-jest,31,16,2020-10-24T18:01:13Z,2024-11-12T08:53:13Z,JavaScript
375011158,ZumZoom,solidity-template,https://github.com/ZumZoom/solidity-template,31,11,2021-06-08T13:02:14Z,2024-11-10T15:01:01Z,JavaScript
229675836,tjx666,koa-restful-boilerplate,https://github.com/tjx666/koa-restful-boilerplate,31,2,2019-12-23T04:24:17Z,2023-03-21T01:21:49Z,JavaScript
133946571,simondate,create-react-scorm-app,https://github.com/simondate/create-react-scorm-app,31,7,2018-05-18T11:39:06Z,2025-04-18T23:35:23Z,JavaScript
249332187,ofnullable,react-spa-template,https://github.com/ofnullable/react-spa-template,31,12,2020-03-23T04:03:53Z,2025-06-20T19:52:31Z,JavaScript
271216900,NikolayIT,ASP.NET-MVC-5-Template,https://github.com/NikolayIT/ASP.NET-MVC-5-Template,31,10,2020-06-10T08:05:16Z,2024-05-27T10:38:12Z,JavaScript
158361483,alexander-elgin,atomic-react-redux,https://github.com/alexander-elgin/atomic-react-redux,31,1,2018-11-20T09:12:45Z,2025-06-28T01:20:49Z,JavaScript
339756512,storybookjs,shout-out-kit,https://github.com/storybookjs/shout-out-kit,31,4,2021-02-17T14:51:28Z,2025-03-17T00:42:11Z,JavaScript
456636274,remnoteio,remnote-plugin-template-react,https://github.com/remnoteio/remnote-plugin-template-react,31,22,2022-02-07T18:54:58Z,2025-07-26T17:01:30Z,JavaScript
669798283,dansenpir,template-monorepo-typescript,https://github.com/dansenpir/template-monorepo-typescript,31,4,2023-07-23T13:14:53Z,2025-07-20T13:50:40Z,JavaScript
412490215,codemzy,static-blog,https://github.com/codemzy/static-blog,31,3,2021-10-01T14:04:27Z,2025-07-03T04:36:12Z,JavaScript
819143938,isturiz,sync-graph,https://github.com/isturiz/sync-graph,31,2,2024-06-23T22:44:10Z,2025-07-19T19:50:46Z,JavaScript
493974933,innovatorved,AuthenticationSystem,https://github.com/innovatorved/AuthenticationSystem,31,1,2022-05-19T07:56:25Z,2024-05-14T17:59:08Z,JavaScript
407899423,Twinklebear,webgpu-webpack-starter,https://github.com/Twinklebear/webgpu-webpack-starter,30,4,2021-09-18T15:36:55Z,2024-11-07T02:10:32Z,JavaScript
227324688,wednesday-solutions,nodejs-hapi-template,https://github.com/wednesday-solutions/nodejs-hapi-template,30,21,2019-12-11T09:20:43Z,2024-08-25T07:50:28Z,JavaScript
202741795,loopstudio,react-app-boilerplate,https://github.com/loopstudio/react-app-boilerplate,30,12,2019-08-16T14:26:48Z,2024-09-27T15:07:15Z,JavaScript
570616314,lostPixels,gen-art-starter-ab,https://github.com/lostPixels/gen-art-starter-ab,30,2,2022-11-25T16:17:09Z,2025-01-20T09:33:54Z,JavaScript
107809356,psychobolt,react-rollup-boilerplate,https://github.com/psychobolt/react-rollup-boilerplate,30,1,2017-10-21T19:24:21Z,2025-05-17T01:44:06Z,JavaScript
64794204,foumart,JS.13kGames,https://github.com/foumart/JS.13kGames,30,1,2016-08-02T21:37:11Z,2025-01-29T02:20:20Z,JavaScript
555425210,divshekhar,react-typescript-template,https://github.com/divshekhar/react-typescript-template,30,14,2022-10-21T14:52:48Z,2025-06-01T13:34:36Z,JavaScript
249619886,Groftware,template-reactnpm,https://github.com/Groftware/template-reactnpm,30,13,2020-03-24T05:21:19Z,2024-02-06T12:45:40Z,JavaScript
305203174,mattjennings,svelte-typescript-component-template,https://github.com/mattjennings/svelte-typescript-component-template,30,3,2020-10-18T21:51:23Z,2023-03-02T01:06:44Z,JavaScript
649352921,3urobeat,steam-comment-bot-template-plugin,https://github.com/3urobeat/steam-comment-bot-template-plugin,30,0,2023-06-04T15:29:02Z,2025-07-20T11:06:31Z,JavaScript
650039609,NagariaHussain,doppio_mobile,https://github.com/NagariaHussain/doppio_mobile,33,20,2023-06-06T07:51:12Z,2025-07-01T06:49:20Z,JavaScript
812104337,aarlin,wuthering-waves-mod-starter,https://github.com/aarlin/wuthering-waves-mod-starter,33,9,2024-06-08T01:14:32Z,2025-07-13T20:27:57Z,JavaScript
328935609,theodorusclarence,nextjs-tailwind-starter,https://github.com/theodorusclarence/nextjs-tailwind-starter,33,7,2021-01-12T09:30:10Z,2025-03-18T16:36:00Z,JavaScript
143220535,ConsenSys-Academy,simple-bank-exercise,https://github.com/ConsenSys-Academy/simple-bank-exercise,33,78,2018-08-02T00:05:43Z,2025-08-06T19:05:44Z,JavaScript
738279418,PlugFox,template,https://github.com/PlugFox/template,33,7,2024-01-02T21:30:20Z,2025-08-03T19:47:30Z,JavaScript
229996992,outsrc,my-components,https://github.com/outsrc/my-components,33,10,2019-12-24T19:50:38Z,2024-11-22T19:56:41Z,JavaScript
441284141,Black-Axe,Animated-Dev-Portfolio,https://github.com/Black-Axe/Animated-Dev-Portfolio,33,15,2021-12-23T20:03:44Z,2025-07-03T06:50:58Z,JavaScript
445778691,wytxer,template-node-egg,https://github.com/wytxer/template-node-egg,33,10,2022-01-08T09:39:27Z,2025-06-13T03:25:00Z,JavaScript
191017031,satya164,typescript-template,https://github.com/satya164/typescript-template,33,2,2019-06-09T14:34:23Z,2024-11-04T18:57:54Z,JavaScript
365048604,shipyard,react-flask-starter,https://github.com/shipyard/react-flask-starter,32,43,2021-05-06T22:08:12Z,2025-04-11T21:17:26Z,JavaScript
260514098,staticwebdev,nextjs-starter,https://github.com/staticwebdev/nextjs-starter,33,28,2020-05-01T17:08:10Z,2025-02-02T09:55:24Z,JavaScript
137581161,qraimbault,vue-js-starter-scss,https://github.com/qraimbault/vue-js-starter-scss,31,10,2018-06-16T13:02:45Z,2025-06-06T16:59:42Z,JavaScript
258462682,cironunes,reasonreact-starter,https://github.com/cironunes/reasonreact-starter,32,0,2020-04-24T09:11:46Z,2024-06-04T21:28:53Z,JavaScript
736809289,crllect,How-to-make-an-ultraviolet-proxy,https://github.com/crllect/How-to-make-an-ultraviolet-proxy,32,85,2023-12-29T00:06:43Z,2025-06-27T00:20:20Z,JavaScript
211433941,Hansuku,egg-docker-template,https://github.com/Hansuku/egg-docker-template,32,11,2019-09-28T02:45:08Z,2024-08-29T01:19:58Z,JavaScript
105324990,finos,software-project-blueprint,https://github.com/finos/software-project-blueprint,32,32,2017-09-29T23:22:55Z,2025-08-07T06:56:37Z,JavaScript
212862971,standardhealth,smart-react-app-template,https://github.com/standardhealth/smart-react-app-template,32,11,2019-10-04T16:55:14Z,2025-05-21T01:13:50Z,JavaScript
695668452,st-matskevich,tg-mini-app-template,https://github.com/st-matskevich/tg-mini-app-template,32,9,2023-09-23T21:17:35Z,2025-07-16T14:28:37Z,JavaScript
1006380532,PlagueHO,github-copilot-assets-library,https://github.com/PlagueHO/github-copilot-assets-library,32,7,2025-06-22T06:13:24Z,2025-08-10T06:12:59Z,JavaScript
666432517,KevinTrinh1227,Reactfolio,https://github.com/KevinTrinh1227/Reactfolio,31,9,2023-07-14T13:57:58Z,2025-06-08T15:35:09Z,JavaScript
408614875,megasanjay,electron-vue3-flask,https://github.com/megasanjay/electron-vue3-flask,32,2,2021-09-20T22:12:01Z,2025-04-30T07:15:09Z,JavaScript
209286784,shuding,blog-template,https://github.com/shuding/blog-template,32,2,2019-09-18T11:00:09Z,2025-02-16T00:30:58Z,JavaScript
775176483,acalejos,kino_smartcell_template,https://github.com/acalejos/kino_smartcell_template,32,0,2024-03-20T22:37:48Z,2025-02-17T12:34:01Z,JavaScript
347454900,ahmedh01,starter-template,https://github.com/ahmedh01/starter-template,35,13,2021-03-13T19:00:53Z,2024-03-06T11:12:04Z,JavaScript
326300193,remote-gildor,hardhat-vue-starter,https://github.com/remote-gildor/hardhat-vue-starter,35,7,2021-01-03T00:51:01Z,2025-02-12T14:12:17Z,JavaScript
309347357,bamiogunfemi,react-redux-boilerplate,https://github.com/bamiogunfemi/react-redux-boilerplate,35,2,2020-11-02T11:18:52Z,2024-08-21T11:08:38Z,JavaScript
123171439,openedx,frontend-template-application,https://github.com/openedx/frontend-template-application,35,51,2018-02-27T18:34:11Z,2025-07-20T01:35:32Z,JavaScript
103759869,CorpGlory,grafana-plugin-template-webpack,https://github.com/CorpGlory/grafana-plugin-template-webpack,35,22,2017-09-16T14:50:55Z,2025-08-04T16:11:40Z,JavaScript
228277796,nordicgiant2,gh-pages-theme,https://github.com/nordicgiant2/gh-pages-theme,35,8,2019-12-16T01:19:20Z,2025-05-18T09:46:38Z,JavaScript
265935251,wednesday-solutions,node-express-graphql-template,https://github.com/wednesday-solutions/node-express-graphql-template,35,30,2020-05-21T19:33:09Z,2025-02-02T08:33:35Z,JavaScript
596946441,Robpayot,vite-threejs-template,https://github.com/Robpayot/vite-threejs-template,35,6,2023-02-03T09:28:21Z,2025-06-28T19:27:53Z,JavaScript
523854157,Klustre,extender,https://github.com/Klustre/extender,35,0,2022-08-11T20:05:21Z,2025-06-08T12:34:39Z,JavaScript
675762926,nasa-gcn,americana-stack,https://github.com/nasa-gcn/americana-stack,35,5,2023-08-07T16:59:24Z,2025-08-06T18:17:15Z,JavaScript
428469723,slack-samples,bolt-js-starter-template,https://github.com/slack-samples/bolt-js-starter-template,34,21,2021-11-16T00:52:49Z,2025-08-01T16:13:15Z,JavaScript
272448025,akhilome,express-vercel,https://github.com/akhilome/express-vercel,34,43,2020-06-15T13:36:02Z,2025-04-01T13:50:39Z,JavaScript
918710878,StevenStavrakis,mcp-starter-template,https://github.com/StevenStavrakis/mcp-starter-template,34,14,2025-01-18T16:54:10Z,2025-07-30T21:18:23Z,JavaScript
437405740,AhsanAyaz,typescript-tailwind-webpack-starter,https://github.com/AhsanAyaz/typescript-tailwind-webpack-starter,34,11,2021-12-11T22:53:41Z,2025-07-30T23:56:31Z,JavaScript
485806071,CodelyTV,typescript-web-skeleton,https://github.com/CodelyTV/typescript-web-skeleton,34,2,2022-04-26T13:48:47Z,2025-04-13T16:33:14Z,JavaScript
109598472,yasinatesim,frontend-starter-kit-with-gulp,https://github.com/yasinatesim/frontend-starter-kit-with-gulp,34,4,2017-11-05T17:00:29Z,2024-08-11T18:10:12Z,JavaScript
267152773,carbon-design-system,carbon-for-ibm-dotcom-nextjs-template,https://github.com/carbon-design-system/carbon-for-ibm-dotcom-nextjs-template,34,22,2020-05-26T21:10:17Z,2025-05-20T03:35:14Z,JavaScript
61646845,BigRoomTechnologies,strangeluv,https://github.com/BigRoomTechnologies/strangeluv,34,7,2016-06-21T15:48:49Z,2025-01-08T07:48:41Z,JavaScript
221921265,ali-master,react-typescript-hooks-sample,https://github.com/ali-master/react-typescript-hooks-sample,34,3,2019-11-15T12:38:04Z,2025-01-11T07:53:46Z,JavaScript
363894772,jbarszczewski,tauri-svelte-template,https://github.com/jbarszczewski/tauri-svelte-template,34,4,2021-05-03T10:35:18Z,2025-01-03T19:15:29Z,JavaScript
580225650,kobbled,technical-obsidian-template,https://github.com/kobbled/technical-obsidian-template,34,2,2022-12-20T02:55:09Z,2025-07-27T07:26:30Z,JavaScript
280197886,digitalocean,sample-react,https://github.com/digitalocean/sample-react,34,177,2020-07-16T16:04:09Z,2025-06-21T10:29:59Z,JavaScript
639617869,karimfromjordan,sveltekit-systemd,https://github.com/karimfromjordan/sveltekit-systemd,34,4,2023-05-11T21:00:12Z,2025-05-12T13:33:58Z,JavaScript
63214868,lighthouse-labs,node-skeleton,https://github.com/lighthouse-labs/node-skeleton,39,121,2016-07-13T04:41:41Z,2025-07-10T15:29:01Z,JavaScript
396289120,Maithanhdanh,express-typescript-boilerplate,https://github.com/Maithanhdanh/express-typescript-boilerplate,39,8,2021-08-15T09:05:36Z,2025-01-16T14:03:48Z,JavaScript
569964592,waldronmatt,pnpm-turborepo-auto-boilerplate,https://github.com/waldronmatt/pnpm-turborepo-auto-boilerplate,39,7,2022-11-24T02:51:09Z,2024-11-30T05:16:27Z,JavaScript
147945051,xxczaki,static-webpack-boilerplate,https://github.com/xxczaki/static-webpack-boilerplate,39,3,2018-09-08T15:21:06Z,2024-12-28T12:16:12Z,JavaScript
464029648,KevinBatdorf,gutenberg-rust-starter,https://github.com/KevinBatdorf/gutenberg-rust-starter,39,3,2022-02-27T03:44:27Z,2025-08-10T06:07:51Z,JavaScript
50986820,jimmylee,dough,https://github.com/jimmylee/dough,39,11,2016-02-03T08:53:38Z,2022-01-04T17:37:38Z,JavaScript
444326832,BCIT-DDC,web-extension-ts-starter,https://github.com/BCIT-DDC/web-extension-ts-starter,39,6,2022-01-04T07:33:39Z,2024-08-12T20:19:28Z,JavaScript
119611321,ics-software-engineering,meteor-application-template-react-semantic-ui,https://github.com/ics-software-engineering/meteor-application-template-react-semantic-ui,39,57,2018-01-31T00:16:32Z,2022-06-24T13:03:57Z,JavaScript
79372738,fulldecent,github-pages-template,https://github.com/fulldecent/github-pages-template,39,50,2017-01-18T18:54:30Z,2025-07-29T23:06:27Z,JavaScript
828176481,dark-flames,apollo-typst,https://github.com/dark-flames/apollo-typst,39,2,2024-07-13T10:48:43Z,2025-07-09T18:32:53Z,JavaScript
1006918432,ursisterbtw,ccprompts,https://github.com/ursisterbtw/ccprompts,39,2,2025-06-23T07:34:05Z,2025-08-10T23:52:40Z,JavaScript
949782883,nkzw-tech,library-template,https://github.com/nkzw-tech/library-template,39,0,2025-03-17T06:09:46Z,2025-06-24T04:12:41Z,JavaScript
321385269,azu,missue,https://github.com/azu/missue,39,0,2020-12-14T15:09:35Z,2024-11-01T01:19:19Z,JavaScript
628185282,zeon-studio,themeplate,https://github.com/zeon-studio/themeplate,38,15,2023-04-15T06:52:32Z,2025-08-05T18:28:04Z,JavaScript
781230981,yue,boilerplate-nodejs,https://github.com/yue/boilerplate-nodejs,38,5,2024-04-03T01:45:42Z,2025-05-25T02:27:41Z,JavaScript
231690512,MichealPearce,wp-svelte-theme-boilerplate,https://github.com/MichealPearce/wp-svelte-theme-boilerplate,38,2,2020-01-04T01:13:38Z,2024-07-13T07:54:28Z,JavaScript
159738755,cloud-gov,pages-uswds-gatsby,https://github.com/cloud-gov/pages-uswds-gatsby,38,22,2018-11-29T23:04:45Z,2025-03-12T19:58:28Z,JavaScript
278659860,app-generator,django-adminator,https://github.com/app-generator/django-adminator,38,19,2020-07-10T14:50:30Z,2025-07-11T03:00:05Z,JavaScript
800868532,atapas,code-in-react-19,https://github.com/atapas/code-in-react-19,38,10,2024-05-15T06:42:55Z,2025-07-31T03:04:06Z,JavaScript
212852732,Knochenmark,gatsby-starter-level-2,https://github.com/Knochenmark/gatsby-starter-level-2,38,12,2019-10-04T15:57:37Z,2024-01-12T13:09:09Z,JavaScript
595659710,roboflow,homepage-demo,https://github.com/roboflow/homepage-demo,38,17,2023-01-31T14:51:02Z,2025-08-11T02:09:00Z,JavaScript
845118814,muneebhashone,ts-easy,https://github.com/muneebhashone/ts-easy,39,8,2024-08-20T16:06:02Z,2025-06-04T09:39:13Z,JavaScript
623944941,SimpleMindedGuy,Simple-Obsidian-Vault,https://github.com/SimpleMindedGuy/Simple-Obsidian-Vault,38,3,2023-04-05T12:23:26Z,2025-04-24T11:18:40Z,JavaScript
587503571,AidanGuarniere,myChat,https://github.com/AidanGuarniere/myChat,38,12,2023-01-10T22:41:20Z,2025-07-30T21:09:16Z,JavaScript
61589934,bymattlee,bymattlee-11ty-starter,https://github.com/bymattlee/bymattlee-11ty-starter,37,4,2016-06-21T00:32:49Z,2025-02-02T20:38:46Z,JavaScript
348741234,lfoliveir4,react-microfrontends-boilerplate,https://github.com/lfoliveir4/react-microfrontends-boilerplate,37,4,2021-03-17T14:32:40Z,2023-11-04T04:17:00Z,JavaScript
316059443,hatemhosny,parse-starter,https://github.com/hatemhosny/parse-starter,37,6,2020-11-25T21:40:18Z,2024-09-14T20:24:52Z,JavaScript
459407410,hunterliu1003,vibrary,https://github.com/hunterliu1003/vibrary,37,1,2022-02-15T03:03:58Z,2025-07-20T08:43:37Z,JavaScript
234616801,netlify,build-plugin-template,https://github.com/netlify/build-plugin-template,37,20,2020-01-17T18:59:27Z,2025-07-21T08:44:59Z,JavaScript
289650063,rtivital,react-monorepo-starter,https://github.com/rtivital/react-monorepo-starter,37,3,2020-08-23T08:57:33Z,2025-01-14T05:40:39Z,JavaScript
272610520,patronage,bubs-next,https://github.com/patronage/bubs-next,37,10,2020-06-16T04:36:48Z,2024-10-17T18:21:43Z,JavaScript
658751907,vante-dev,discord-js-bot,https://github.com/vante-dev/discord-js-bot,37,6,2023-06-26T12:22:16Z,2025-06-21T22:37:33Z,JavaScript
371952738,sidehustlelab,chrome-manifest-v3-webpack-hotreload-template,https://github.com/sidehustlelab/chrome-manifest-v3-webpack-hotreload-template,37,5,2021-05-29T11:14:48Z,2025-04-25T00:45:15Z,JavaScript
216170524,dmcnmr,vue-ssr-cloudflare-workers-template,https://github.com/dmcnmr/vue-ssr-cloudflare-workers-template,37,7,2019-10-19T08:01:28Z,2024-08-01T08:55:37Z,JavaScript
331635573,mikkame,reveal-pon,https://github.com/mikkame/reveal-pon,37,1,2021-01-21T13:25:17Z,2025-03-16T08:13:29Z,JavaScript
179154570,lewislbr,lewis-gatsby-starter-blog,https://github.com/lewislbr/lewis-gatsby-starter-blog,36,7,2019-04-02T20:35:25Z,2025-04-05T06:21:06Z,JavaScript
433104616,project-error,fivem-typescript-boilerplate,https://github.com/project-error/fivem-typescript-boilerplate,36,26,2021-11-29T15:52:52Z,2025-04-29T14:14:38Z,JavaScript
341940320,einomi,frontenso-11ty-starter,https://github.com/einomi/frontenso-11ty-starter,36,3,2021-02-24T15:13:46Z,2025-07-20T13:01:21Z,JavaScript
559785021,ibm-developer-skills-network,ejtos-react_budget_app,https://github.com/ibm-developer-skills-network/ejtos-react_budget_app,36,7282,2022-10-31T04:43:48Z,2025-06-27T10:15:09Z,JavaScript
322864879,tanmayhinge-zz,react-tailwind-template,https://github.com/tanmayhinge-zz/react-tailwind-template,36,7,2020-12-19T14:23:13Z,2025-04-15T22:39:01Z,JavaScript
155036500,omrihaviv,react-native-boilerplate,https://github.com/omrihaviv/react-native-boilerplate,36,7,2018-10-28T04:52:09Z,2023-08-22T00:54:35Z,JavaScript
273675756,draftbox-co,gatsby-ghost-novela-starter,https://github.com/draftbox-co/gatsby-ghost-novela-starter,36,14,2020-06-20T09:15:02Z,2024-03-18T20:02:00Z,JavaScript
36805771,bbc,childrens-games-starter-pack,https://github.com/bbc/childrens-games-starter-pack,36,13,2015-06-03T13:34:08Z,2024-06-28T09:52:30Z,JavaScript
267808198,espocrm,ext-template,https://github.com/espocrm/ext-template,36,28,2020-05-29T08:37:30Z,2025-06-28T01:48:06Z,JavaScript
81863935,apollographql,react-apollo-error-template,https://github.com/apollographql/react-apollo-error-template,36,202,2017-02-13T19:43:30Z,2025-04-04T03:48:44Z,JavaScript
143284829,wearemd,wordpress-starter,https://github.com/wearemd/wordpress-starter,43,10,2018-08-02T11:19:20Z,2025-08-06T01:42:31Z,JavaScript
124112323,mc100s,mern-boilerplate,https://github.com/mc100s/mern-boilerplate,43,68,2018-03-06T17:15:47Z,2024-01-17T09:19:24Z,JavaScript
165129768,nstungcom,gulp-starter-kit,https://github.com/nstungcom/gulp-starter-kit,43,14,2019-01-10T20:55:53Z,2025-06-21T16:05:39Z,JavaScript
512167887,ClydeDz,chrome-extension-template,https://github.com/ClydeDz/chrome-extension-template,43,14,2022-07-09T11:25:32Z,2025-08-02T21:38:25Z,JavaScript
63238576,maxdavidson,typescript-library-boilerplate,https://github.com/maxdavidson/typescript-library-boilerplate,43,9,2016-07-13T10:53:30Z,2025-06-10T10:31:34Z,JavaScript
215514783,sanishkr,next-tailwind-styled-components,https://github.com/sanishkr/next-tailwind-styled-components,43,8,2019-10-16T09:56:23Z,2022-10-25T08:10:23Z,JavaScript
516846296,TheOtterlord,sveltekit-bun-template,https://github.com/TheOtterlord/sveltekit-bun-template,43,2,2022-07-22T18:11:31Z,2024-11-30T05:36:17Z,JavaScript
501344028,cosmicjs,nextjs-developer-portfolio,https://github.com/cosmicjs/nextjs-developer-portfolio,43,15,2022-06-08T17:15:02Z,2025-05-01T19:54:13Z,JavaScript
369156422,innei-template,pnpm-workspace-monorepo,https://github.com/innei-template/pnpm-workspace-monorepo,43,13,2021-05-20T09:41:47Z,2024-09-22T02:33:32Z,JavaScript
88230280,cornellsml,truman,https://github.com/cornellsml/truman,43,10,2017-04-14T03:40:26Z,2025-06-04T12:54:03Z,JavaScript
583776271,plihelix,wails-template-sveltekit,https://github.com/plihelix/wails-template-sveltekit,43,1,2022-12-30T22:03:38Z,2025-05-01T20:45:14Z,JavaScript
205635297,deliverybot,example-helm,https://github.com/deliverybot/example-helm,43,36,2019-09-01T05:51:35Z,2024-10-20T20:55:01Z,JavaScript
218772596,nucleartide,pico8-mobile-template,https://github.com/nucleartide/pico8-mobile-template,43,4,2019-10-31T13:28:31Z,2025-02-23T06:01:31Z,JavaScript
222091603,akanshgulati,gatsby-theme-ghost,https://github.com/akanshgulati/gatsby-theme-ghost,43,23,2019-11-16T11:49:27Z,2024-11-28T16:49:04Z,JavaScript
130266485,arecvlohe,rbc-starter,https://github.com/arecvlohe/rbc-starter,42,47,2018-04-19T20:00:58Z,2025-05-14T19:40:23Z,JavaScript
363558647,theodorusclarence,vite-react-tailwind-starter,https://github.com/theodorusclarence/vite-react-tailwind-starter,42,13,2021-05-02T03:34:57Z,2025-07-02T11:30:45Z,JavaScript
195067204,completejavascript,gatsby-blog-template,https://github.com/completejavascript/gatsby-blog-template,42,19,2019-07-03T14:10:42Z,2024-12-24T21:39:08Z,JavaScript
215646217,Xkonti,quasar-clean-typescript,https://github.com/Xkonti/quasar-clean-typescript,42,14,2019-10-16T21:17:29Z,2025-02-13T21:05:33Z,JavaScript
346500419,r1,nine4-1,https://github.com/r1/nine4-1,42,17,2021-03-10T21:44:32Z,2025-05-01T04:05:21Z,JavaScript
322635664,andyjessop,monorepo-starter-kit,https://github.com/andyjessop/monorepo-starter-kit,42,4,2020-12-18T15:40:37Z,2025-05-20T00:18:40Z,JavaScript
397796397,payloadcms,plugin-template,https://github.com/payloadcms/plugin-template,42,18,2021-08-19T02:49:24Z,2025-07-13T11:07:29Z,JavaScript
454170048,netlify-templates,nextjs-toolbox,https://github.com/netlify-templates/nextjs-toolbox,42,32,2022-01-31T21:06:36Z,2025-08-08T12:37:21Z,JavaScript
343577913,Giuliopime,discordjs-bot-template,https://github.com/Giuliopime/discordjs-bot-template,42,19,2021-03-01T22:43:36Z,2025-07-31T14:27:29Z,JavaScript
178173994,spoman007,reactXstarter,https://github.com/spoman007/reactXstarter,42,5,2019-03-28T09:49:13Z,2023-11-05T10:17:56Z,JavaScript
50895531,wwsun,react-es6-tutorial,https://github.com/wwsun/react-es6-tutorial,42,4,2016-02-02T05:02:13Z,2022-05-23T03:02:02Z,JavaScript
542722262,htmlacademy,html2-basic-template,https://github.com/htmlacademy/html2-basic-template,42,236,2022-09-28T17:54:33Z,2025-08-09T10:34:26Z,JavaScript
591680631,turbo-eth,turbo-slides,https://github.com/turbo-eth/turbo-slides,42,7,2023-01-21T14:20:56Z,2025-06-25T02:02:21Z,JavaScript
130217041,LAGameStudio,pixitron,https://github.com/LAGameStudio/pixitron,41,7,2018-04-19T13:06:29Z,2024-11-13T17:52:20Z,JavaScript
398650053,theowenyoung,foam-template-gatsby-theme-primer-wiki,https://github.com/theowenyoung/foam-template-gatsby-theme-primer-wiki,41,14,2021-08-21T20:25:11Z,2025-06-14T16:23:06Z,JavaScript
496254525,lakshh07,Web3-Starter-Kit,https://github.com/lakshh07/Web3-Starter-Kit,41,13,2022-05-25T13:58:57Z,2024-10-05T20:39:17Z,JavaScript
526680454,github-education-resources,codespaces-teaching-js-template,https://github.com/github-education-resources/codespaces-teaching-js-template,41,22,2022-08-19T16:37:26Z,2025-07-19T00:35:06Z,JavaScript
231108248,LekoArts,gatsby-starter-styleguide,https://github.com/LekoArts/gatsby-starter-styleguide,41,6,2019-12-31T15:10:35Z,2025-06-26T07:47:48Z,JavaScript
331849268,xhluca,react-pyodide-template,https://github.com/xhluca/react-pyodide-template,41,8,2021-01-22T05:47:35Z,2025-05-21T09:09:14Z,JavaScript
316564951,SkyAlpha,luminus-rpg,https://github.com/SkyAlpha/luminus-rpg,41,6,2020-11-27T17:41:15Z,2025-07-22T15:07:02Z,JavaScript
382551446,app-generator,api-server-django,https://github.com/app-generator/api-server-django,41,16,2021-07-03T07:15:14Z,2025-03-15T13:40:10Z,JavaScript
280926470,lmachens,storybook-html,https://github.com/lmachens/storybook-html,41,11,2020-07-19T18:29:34Z,2025-02-06T06:57:18Z,JavaScript
716089295,elog-x,notion-hexo,https://github.com/elog-x/notion-hexo,41,55,2023-11-08T12:32:11Z,2025-06-16T02:53:36Z,JavaScript
611759936,mmonfared,CyFramework,https://github.com/mmonfared/CyFramework,41,9,2023-03-09T13:44:08Z,2025-05-07T17:03:52Z,JavaScript
420258189,jfadev,jfa-whatsapp-chatbot,https://github.com/jfadev/jfa-whatsapp-chatbot,41,12,2021-10-22T22:32:21Z,2025-05-16T22:29:40Z,JavaScript
189639385,textbook,starter-kit,https://github.com/textbook/starter-kit,40,74,2019-05-31T18:19:44Z,2025-08-10T00:27:10Z,JavaScript
654609731,zera-app,zera-dashboard-laravel,https://github.com/zera-app/zera-dashboard-laravel,40,11,2023-06-16T14:04:03Z,2025-08-06T19:30:20Z,JavaScript
646483769,ktisakib,kazooo,https://github.com/ktisakib/kazooo,40,9,2023-05-28T14:48:07Z,2025-05-02T07:13:20Z,JavaScript
267932542,maciejkorsan,wtf-webpack-starter,https://github.com/maciejkorsan/wtf-webpack-starter,40,7,2020-05-29T18:54:20Z,2024-04-25T22:37:36Z,JavaScript
542710874,waliente,phaser-typescript-electron,https://github.com/waliente/phaser-typescript-electron,40,9,2022-09-28T17:25:15Z,2025-07-24T13:58:13Z,JavaScript
253151512,udaypydi,react-simple-boilerplate,https://github.com/udaypydi/react-simple-boilerplate,40,7,2020-04-05T03:57:37Z,2024-11-30T05:16:43Z,JavaScript
491688705,MR-Mostafa,Viact,https://github.com/MR-Mostafa/Viact,40,6,2022-05-12T22:44:05Z,2025-06-18T00:32:40Z,JavaScript
616518589,KudoAI,chatgpt.js-greasemonkey-starter,https://github.com/KudoAI/chatgpt.js-greasemonkey-starter,40,12,2023-03-20T14:44:24Z,2025-08-08T09:24:58Z,JavaScript
254664573,zonayedpca,electron-gatsby-boilerplate,https://github.com/zonayedpca/electron-gatsby-boilerplate,40,3,2020-04-10T15:07:44Z,2024-07-22T17:59:56Z,JavaScript
220078520,denvash,gatsby-tailwind-styled-components-storybook-starter,https://github.com/denvash/gatsby-tailwind-styled-components-storybook-starter,40,6,2019-11-06T19:56:36Z,2024-05-23T01:13:04Z,JavaScript
139710343,themefisher,infinity-hugo,https://github.com/themefisher/infinity-hugo,40,54,2018-07-04T11:01:47Z,2025-01-29T10:39:20Z,JavaScript
407114353,primer,react-template,https://github.com/primer/react-template,40,22,2021-09-16T10:05:49Z,2025-07-22T13:21:14Z,JavaScript
251095468,jonwa,lerna-release-workflow,https://github.com/jonwa/lerna-release-workflow,40,11,2020-03-29T17:47:42Z,2025-01-07T02:54:11Z,JavaScript
83046176,mediamonks,muban,https://github.com/mediamonks/muban,40,15,2017-02-24T13:53:30Z,2025-05-14T16:03:31Z,JavaScript
812427561,rodydavis,pocketbase-cloudrun,https://github.com/rodydavis/pocketbase-cloudrun,40,22,2024-06-08T21:31:39Z,2025-07-12T09:03:33Z,JavaScript
378902248,enisdenjo,cloudflare-worker-graphql-ws-template,https://github.com/enisdenjo/cloudflare-worker-graphql-ws-template,40,2,2021-06-21T11:07:59Z,2025-05-28T17:06:12Z,JavaScript
330286185,jirutka,njs-typescript-starter,https://github.com/jirutka/njs-typescript-starter,47,9,2021-01-17T00:38:27Z,2025-03-23T22:18:45Z,JavaScript
559437981,app-generator,django-dynamic-datatb,https://github.com/app-generator/django-dynamic-datatb,47,20,2022-10-30T05:26:03Z,2025-03-06T04:34:43Z,JavaScript
118332087,scriptex,webpack-mpa,https://github.com/scriptex/webpack-mpa,47,3,2018-01-21T12:18:53Z,2025-07-28T21:54:19Z,JavaScript
287734031,vimal-verma,Master-Portfolio,https://github.com/vimal-verma/Master-Portfolio,47,22,2020-08-15T11:31:53Z,2025-07-29T11:23:24Z,JavaScript
418750653,atorber,puppet-xp-getting-started,https://github.com/atorber/puppet-xp-getting-started,47,12,2021-10-19T03:04:43Z,2025-04-16T03:42:25Z,JavaScript
755405468,foru-ms,nextjs-starter,https://github.com/foru-ms/nextjs-starter,46,35,2024-02-10T05:08:25Z,2025-08-08T23:19:30Z,JavaScript
278659398,app-generator,flask-adminator,https://github.com/app-generator/flask-adminator,46,26,2020-07-10T14:48:40Z,2025-05-02T17:01:23Z,JavaScript
859612115,syntatis,howdy,https://github.com/syntatis/howdy,46,4,2024-09-19T01:12:40Z,2025-08-08T13:56:39Z,JavaScript
482850820,jonathangiardino,shopify-app-starter,https://github.com/jonathangiardino/shopify-app-starter,46,6,2022-04-18T13:09:45Z,2025-05-27T06:41:19Z,JavaScript
180258571,BrianRuizy,gatsby-minimal-portfolio,https://github.com/BrianRuizy/gatsby-minimal-portfolio,46,10,2019-04-09T01:11:46Z,2025-02-03T07:26:18Z,JavaScript
416100772,joeynguyen,vite-react-express-docker-boilerplate,https://github.com/joeynguyen/vite-react-express-docker-boilerplate,45,10,2021-10-11T22:06:46Z,2025-04-23T11:34:17Z,JavaScript
253294622,colbyfayock,use-custom-hook,https://github.com/colbyfayock/use-custom-hook,45,13,2020-04-05T17:40:27Z,2024-09-12T18:46:15Z,JavaScript
141037473,FerJSsilva,webpack-4-react-boilerplate,https://github.com/FerJSsilva/webpack-4-react-boilerplate,45,27,2018-07-15T15:15:47Z,2023-02-10T18:00:17Z,JavaScript
25580828,noflo,noflo-browser-app,https://github.com/noflo/noflo-browser-app,45,158,2014-10-22T12:44:12Z,2025-02-26T08:08:59Z,JavaScript
235222667,justirva09,NextJS-Boilerplate-withAtomicDesign,https://github.com/justirva09/NextJS-Boilerplate-withAtomicDesign,45,9,2020-01-21T00:08:23Z,2025-02-11T03:39:37Z,JavaScript
506205940,themefisher,quixlab-bootstrap,https://github.com/themefisher/quixlab-bootstrap,45,22,2022-06-22T10:49:45Z,2025-04-12T18:53:41Z,JavaScript
276917147,SimpleJWT,drf-SimpleJWT-Vue,https://github.com/SimpleJWT/drf-SimpleJWT-Vue,45,10,2020-07-03T14:20:20Z,2025-01-23T20:13:15Z,JavaScript
289175804,shivammodiin,stisla-react-free-admin-dashboard,https://github.com/shivammodiin/stisla-react-free-admin-dashboard,45,13,2020-08-21T04:19:02Z,2025-05-04T06:35:16Z,JavaScript
404734740,vivekascoder,vite-react-tailwind-jit,https://github.com/vivekascoder/vite-react-tailwind-jit,45,8,2021-09-09T13:34:07Z,2024-06-07T07:33:48Z,JavaScript
647344676,snwfdhmp,create-react-chrome-extension,https://github.com/snwfdhmp/create-react-chrome-extension,45,6,2023-05-30T15:18:46Z,2025-04-06T19:10:51Z,JavaScript
225646548,GatsbyStorefront,gatsby-starter-storefront-shopify,https://github.com/GatsbyStorefront/gatsby-starter-storefront-shopify,44,13,2019-12-03T14:57:57Z,2025-07-18T14:08:11Z,JavaScript
428997223,filipakkad,react-shiny-template,https://github.com/filipakkad/react-shiny-template,44,8,2021-11-17T10:15:09Z,2025-05-24T04:24:20Z,JavaScript
466174811,marcos-nunes-dev,Microfrontends-Boilerplate-Module-Federation,https://github.com/marcos-nunes-dev/Microfrontends-Boilerplate-Module-Federation,44,2,2022-03-04T15:29:22Z,2024-05-08T01:08:59Z,JavaScript
212649185,wednesday-solutions,react-native-template,https://github.com/wednesday-solutions/react-native-template,44,24,2019-10-03T18:22:35Z,2025-07-08T14:50:38Z,JavaScript
355685365,fredmaiaarantes,simpletasks,https://github.com/fredmaiaarantes/simpletasks,44,31,2021-04-07T21:21:51Z,2025-07-15T16:35:39Z,JavaScript
325776783,fuzzc0re,electron-svelte-typescript,https://github.com/fuzzc0re/electron-svelte-typescript,44,4,2020-12-31T10:35:24Z,2024-04-18T15:28:06Z,JavaScript
454594214,reacto11mecha,auto-attendance,https://github.com/reacto11mecha/auto-attendance,44,8,2022-02-02T00:13:29Z,2024-11-15T09:26:42Z,JavaScript
300857736,karpolan,react-mui-pro-starter,https://github.com/karpolan/react-mui-pro-starter,51,22,2020-10-03T10:51:39Z,2025-07-19T10:55:49Z,JavaScript
490168455,Dun-sin,template-portfolio,https://github.com/Dun-sin/template-portfolio,51,17,2022-05-09T06:54:41Z,2025-06-24T09:09:24Z,JavaScript
278100325,forcedotcom,dx-empty,https://github.com/forcedotcom/dx-empty,51,79,2020-07-08T13:42:53Z,2025-08-08T17:27:17Z,JavaScript
708110752,NetCoreTemplates,blazor,https://github.com/NetCoreTemplates/blazor,51,7,2023-10-21T15:00:32Z,2025-07-28T22:41:54Z,JavaScript
207992320,xiexingen,CTS.Signalr,https://github.com/xiexingen/CTS.Signalr,51,24,2019-09-12T07:37:50Z,2024-11-06T22:24:17Z,JavaScript
307823747,gmlunesa,gatsby-starter-personal-portfolio,https://github.com/gmlunesa/gatsby-starter-personal-portfolio,50,12,2020-10-27T20:46:18Z,2025-03-10T17:40:43Z,JavaScript
166212539,chrismwilliams,gatsby-emotion-tailwind-starter,https://github.com/chrismwilliams/gatsby-emotion-tailwind-starter,50,4,2019-01-17T11:11:49Z,2023-10-14T13:51:35Z,JavaScript
406929766,michaelsieminski,laravelte,https://github.com/michaelsieminski/laravelte,50,5,2021-09-15T21:29:03Z,2025-02-24T17:15:28Z,JavaScript
379064860,simarmannsingh,silverlux,https://github.com/simarmannsingh/silverlux,50,12,2021-06-21T21:16:31Z,2025-08-04T10:58:05Z,JavaScript
341683746,rocketseat-education,ignite-template-conceitos-do-nodejs,https://github.com/rocketseat-education/ignite-template-conceitos-do-nodejs,50,125,2021-02-23T20:39:07Z,2025-06-18T14:34:46Z,JavaScript
295903598,22mahmoud,YAES,https://github.com/22mahmoud/YAES,50,5,2020-09-16T02:36:21Z,2023-09-16T19:24:16Z,JavaScript
625659071,MidoAhmed,rollup-react-library-starter,https://github.com/MidoAhmed/rollup-react-library-starter,49,9,2023-04-09T19:41:52Z,2025-03-02T18:16:12Z,JavaScript
453523945,daoodaba975,exlogrn,https://github.com/daoodaba975/exlogrn,49,25,2022-01-29T21:33:14Z,2025-07-24T20:27:08Z,JavaScript
372481203,Jenyus-Org,vite-vue3-starter,https://github.com/Jenyus-Org/vite-vue3-starter,49,6,2021-05-31T11:22:29Z,2024-06-28T07:01:07Z,JavaScript
257680632,aaron5670,ExpressJS-SocketIO-Boilerplate,https://github.com/aaron5670/ExpressJS-SocketIO-Boilerplate,49,18,2020-04-21T18:24:51Z,2025-02-26T03:16:27Z,JavaScript
369505928,giuseppealbrizio,express-ecma-boilerplate-mongodb,https://github.com/giuseppealbrizio/express-ecma-boilerplate-mongodb,49,17,2021-05-21T10:59:01Z,2024-06-02T02:18:04Z,JavaScript
192631817,SaltyAom,nextjs-preactX,https://github.com/SaltyAom/nextjs-preactX,49,5,2019-06-19T00:47:11Z,2023-11-02T15:27:43Z,JavaScript
186606853,thundermiracle,gatsby-simple-blog,https://github.com/thundermiracle/gatsby-simple-blog,49,20,2019-05-14T11:18:12Z,2025-05-29T21:12:40Z,JavaScript
357103612,barbarbar338,electron-react-tailwind-template,https://github.com/barbarbar338/electron-react-tailwind-template,49,17,2021-04-12T07:47:27Z,2025-07-25T14:42:24Z,JavaScript
141604466,antoniojps,graphql-authentication,https://github.com/antoniojps/graphql-authentication,49,4,2018-07-19T16:20:33Z,2025-01-29T13:08:04Z,JavaScript
248975490,ShareQiu1994,cesium-vue-electron,https://github.com/ShareQiu1994/cesium-vue-electron,49,20,2020-03-21T12:52:58Z,2025-04-07T10:31:18Z,JavaScript
337172104,TwilioQuest,twilioquest-extension-template,https://github.com/TwilioQuest/twilioquest-extension-template,49,13,2021-02-08T18:33:33Z,2025-04-07T22:08:16Z,JavaScript
306980733,cvzi,rollup-userscript-template,https://github.com/cvzi/rollup-userscript-template,49,6,2020-10-24T22:14:30Z,2024-11-04T18:56:13Z,JavaScript
315214512,gethugothemes,omega-hugo,https://github.com/gethugothemes/omega-hugo,49,68,2020-11-23T05:55:45Z,2025-08-06T11:05:57Z,JavaScript
816710742,denkiwakame,academic-project-template,https://github.com/denkiwakame/academic-project-template,49,3,2024-06-18T09:01:05Z,2025-07-21T15:34:52Z,JavaScript
361150903,gilangheavy,CI4-StarterPanel,https://github.com/gilangheavy/CI4-StarterPanel,48,35,2021-04-24T12:02:36Z,2025-07-27T04:57:44Z,JavaScript
87840643,VD39,typescript-webpack-boilerplate,https://github.com/VD39/typescript-webpack-boilerplate,48,15,2017-04-10T17:52:46Z,2024-12-11T09:31:38Z,JavaScript
226955199,mitevpi,vuetify-component-lib-template,https://github.com/mitevpi/vuetify-component-lib-template,48,9,2019-12-09T19:53:51Z,2024-01-02T05:32:29Z,JavaScript
625938873,VulcanWM,login-signup-nextjs,https://github.com/VulcanWM/login-signup-nextjs,48,23,2023-04-10T12:55:20Z,2025-06-05T02:17:54Z,JavaScript
174736591,Alicannklc,intellij-tailwind-css,https://github.com/Alicannklc/intellij-tailwind-css,48,6,2019-03-09T19:21:01Z,2025-06-24T04:16:44Z,JavaScript
213794522,Foundry376,Mailspring-Plugin-Starter,https://github.com/Foundry376/Mailspring-Plugin-Starter,55,19,2019-10-09T01:43:50Z,2025-06-01T09:03:00Z,JavaScript
342905114,nodegui,svelte-nodegui-starter,https://github.com/nodegui/svelte-nodegui-starter,55,6,2021-02-27T16:37:26Z,2024-01-12T13:33:39Z,JavaScript
217892797,getspooky,cookiescript,https://github.com/getspooky/cookiescript,55,8,2019-10-27T17:45:24Z,2024-11-18T04:28:09Z,JavaScript
270085379,jstibenpb,nodejs-express-template,https://github.com/jstibenpb/nodejs-express-template,55,28,2020-06-06T19:41:51Z,2025-07-17T16:49:15Z,JavaScript
417627313,codewithvk,React-simple-portfolio,https://github.com/codewithvk/React-simple-portfolio,56,22,2021-10-15T20:32:38Z,2025-06-09T04:28:04Z,JavaScript
704221009,two-trick-pony-NL,Django_AWS_Lightsail_Template,https://github.com/two-trick-pony-NL/Django_AWS_Lightsail_Template,55,5,2023-10-12T19:48:00Z,2025-06-23T17:00:51Z,JavaScript
424293733,fauna-labs,fauna-workers,https://github.com/fauna-labs/fauna-workers,55,6,2021-11-03T16:10:18Z,2025-04-23T19:11:16Z,JavaScript
285166785,vueComponent,ant-design-vue-pro-template,https://github.com/vueComponent/ant-design-vue-pro-template,54,20,2020-08-05T03:20:24Z,2025-02-14T05:49:36Z,JavaScript
763182097,opensrc0,fe-pilot,https://github.com/opensrc0/fe-pilot,54,11,2024-02-25T19:07:26Z,2025-08-07T03:12:13Z,JavaScript
749212913,sojijr,valentine-website,https://github.com/sojijr/valentine-website,54,33,2024-01-27T22:29:55Z,2025-06-15T16:16:15Z,JavaScript
706717020,shardeum,shardeum-dapp-boilerplate,https://github.com/shardeum/shardeum-dapp-boilerplate,53,30,2023-10-18T13:37:44Z,2025-05-08T15:39:42Z,JavaScript
818116906,PaulleDemon,Django-website-template,https://github.com/PaulleDemon/Django-website-template,53,16,2024-06-21T06:19:44Z,2025-08-03T16:54:40Z,JavaScript
189353543,opensrc0,fe-theme,https://github.com/opensrc0/fe-theme,53,11,2019-05-30T05:50:25Z,2024-07-18T18:48:22Z,JavaScript
138023640,AndreKelling,jspdf-template,https://github.com/AndreKelling/jspdf-template,53,5,2018-06-20T11:29:15Z,2025-07-21T16:06:08Z,JavaScript
425262845,blopa,top-down-react-phaser-game-template,https://github.com/blopa/top-down-react-phaser-game-template,53,8,2021-11-06T14:20:43Z,2025-08-08T09:54:49Z,JavaScript
308958187,5t3ph,eleventy-plugin-template,https://github.com/5t3ph/eleventy-plugin-template,52,9,2020-10-31T19:35:55Z,2025-02-20T10:17:25Z,JavaScript
806042358,ZTL-UwU,shadcn-docs-nuxt-starter,https://github.com/ZTL-UwU/shadcn-docs-nuxt-starter,52,8,2024-05-26T07:57:05Z,2025-08-09T16:30:10Z,JavaScript
380271346,bencodezen,shopify-nuxt-kit,https://github.com/bencodezen/shopify-nuxt-kit,52,20,2021-06-25T14:56:39Z,2024-12-02T13:44:43Z,JavaScript
432192147,leonardssh,ragemp-typescript,https://github.com/leonardssh/ragemp-typescript,52,12,2021-11-26T13:41:45Z,2025-08-08T12:08:45Z,JavaScript
585628643,vendetta-mod,plugin-template,https://github.com/vendetta-mod/plugin-template,52,56,2023-01-05T16:54:28Z,2025-08-04T11:54:47Z,JavaScript
224391022,hew,bazaar,https://github.com/hew/bazaar,52,1,2019-11-27T09:17:10Z,2023-09-07T06:19:20Z,JavaScript
232343553,WrathChaos,react-native-typescript-library-starter,https://github.com/WrathChaos/react-native-typescript-library-starter,63,8,2020-01-07T14:35:36Z,2025-08-06T19:10:43Z,JavaScript
253333603,rocketseat-education,gostack-template-conceitos-reactjs,https://github.com/rocketseat-education/gostack-template-conceitos-reactjs,63,103,2020-04-05T21:15:40Z,2024-11-26T06:38:14Z,JavaScript
178036397,CappeDiem,Discord.js-bot-template,https://github.com/CappeDiem/Discord.js-bot-template,63,27,2019-03-27T16:45:27Z,2025-07-31T14:25:20Z,JavaScript
136891776,QDMarkMan,vue-base-template,https://github.com/QDMarkMan/vue-base-template,63,18,2018-06-11T07:44:32Z,2024-06-12T02:50:59Z,JavaScript
380698993,LZHD,vue-vite-h5,https://github.com/LZHD/vue-vite-h5,63,21,2021-06-27T09:25:06Z,2024-12-30T02:39:20Z,JavaScript
330190402,elitizon,nextjs-tailwind-storybook,https://github.com/elitizon/nextjs-tailwind-storybook,63,15,2021-01-16T15:15:02Z,2025-07-11T01:47:22Z,JavaScript
240491852,o0101,servedata,https://github.com/o0101/servedata,63,1,2020-02-14T11:18:42Z,2024-11-25T02:24:21Z,JavaScript
164228997,rzgry,Express-REST-API-Template,https://github.com/rzgry/Express-REST-API-Template,62,32,2019-01-05T15:52:00Z,2025-05-25T21:00:28Z,JavaScript
664007812,KudoAI,chatgpt.js-chrome-starter,https://github.com/KudoAI/chatgpt.js-chrome-starter,62,48,2023-07-08T17:05:28Z,2025-08-08T07:53:16Z,JavaScript
629170086,11ty,eleventy-base-webc,https://github.com/11ty/eleventy-base-webc,62,7,2023-04-17T19:12:17Z,2025-03-11T18:05:26Z,JavaScript
132317784,NodeFactoryIo,solidity-node-docker-starter,https://github.com/NodeFactoryIo/solidity-node-docker-starter,62,15,2018-05-06T07:50:54Z,2024-05-01T05:26:04Z,JavaScript
252830029,nirmaoz,svelte-component-library-template,https://github.com/nirmaoz/svelte-component-library-template,62,13,2020-04-03T20:07:06Z,2025-01-31T04:41:12Z,JavaScript
255305233,tiddly-gittly,Tiddlywiki-NodeJS-Github-Template,https://github.com/tiddly-gittly/Tiddlywiki-NodeJS-Github-Template,62,17,2020-04-13T11:18:15Z,2025-08-07T14:16:11Z,JavaScript
486934151,mezotv,Discord-Bot-Template,https://github.com/mezotv/Discord-Bot-Template,61,5,2022-04-29T10:41:55Z,2025-07-31T14:29:23Z,JavaScript
535285318,twa-dev,webpack-boilerplate,https://github.com/twa-dev/webpack-boilerplate,61,7,2022-09-11T12:03:11Z,2025-08-01T04:06:37Z,JavaScript
249069150,clementroche,nuxt-three,https://github.com/clementroche/nuxt-three,61,14,2020-03-21T22:06:26Z,2025-07-08T11:23:55Z,JavaScript
575489905,kasmtech,workspaces_registry_template,https://github.com/kasmtech/workspaces_registry_template,61,31,2022-12-07T16:19:21Z,2025-08-05T15:10:23Z,JavaScript
227346865,nordicgiant2,sn-landing-page,https://github.com/nordicgiant2/sn-landing-page,61,22,2019-12-11T11:12:07Z,2025-07-31T14:25:51Z,JavaScript
724600500,danurbanowicz,halide,https://github.com/danurbanowicz/halide,61,16,2023-11-28T12:16:59Z,2025-08-02T19:08:49Z,JavaScript
587848375,lifeart,demo-ember-vite,https://github.com/lifeart/demo-ember-vite,61,5,2023-01-11T18:21:34Z,2025-02-20T09:59:03Z,JavaScript
236174180,georgesimos,paper-and-ink,https://github.com/georgesimos/paper-and-ink,61,14,2020-01-25T13:32:56Z,2025-05-23T06:55:57Z,JavaScript
205136166,bennycode,ts-node-starter,https://github.com/bennycode/ts-node-starter,60,13,2019-08-29T10:12:47Z,2025-08-04T20:35:01Z,JavaScript
451524451,gatsbyjs,gatsby-starter-contentful-homepage,https://github.com/gatsbyjs/gatsby-starter-contentful-homepage,60,60,2022-01-24T15:40:32Z,2025-04-21T13:03:53Z,JavaScript
673380452,sagarkhanal07,reactnative-enterprise,https://github.com/sagarkhanal07/reactnative-enterprise,60,3,2023-08-01T13:50:05Z,2025-07-04T06:16:42Z,JavaScript
717206129,GabrielToth,Angular-V17-Template,https://github.com/GabrielToth/Angular-V17-Template,60,11,2023-11-10T20:03:36Z,2025-07-24T14:37:17Z,JavaScript
255124551,dwiyatci,redux-toolkit-login-flow,https://github.com/dwiyatci/redux-toolkit-login-flow,60,10,2020-04-12T16:31:12Z,2025-08-03T10:37:15Z,JavaScript
400956717,Munz1211-Project,DISCORD-JS-V14-TEMPLATE,https://github.com/Munz1211-Project/DISCORD-JS-V14-TEMPLATE,60,1,2021-08-29T05:14:34Z,2025-02-19T06:57:52Z,JavaScript
77509894,oguzhanoya,express-mvc-boilerplate,https://github.com/oguzhanoya/express-mvc-boilerplate,59,13,2016-12-28T06:43:37Z,2024-08-04T13:23:18Z,JavaScript
77733808,antonybudianto,express-firebase,https://github.com/antonybudianto/express-firebase,59,15,2016-12-31T09:23:51Z,2023-12-25T23:27:58Z,JavaScript
280878890,RyanWarner,next-mdx-digital-garden-starter,https://github.com/RyanWarner/next-mdx-digital-garden-starter,59,6,2020-07-19T14:09:19Z,2025-01-16T15:10:30Z,JavaScript
222737446,hchiam,learning-lighthouse-ci,https://github.com/hchiam/learning-lighthouse-ci,59,18,2019-11-19T16:13:38Z,2025-07-19T18:33:21Z,JavaScript
298332542,jahilldev,11tyby,https://github.com/jahilldev/11tyby,59,7,2020-09-24T16:18:58Z,2025-05-06T19:05:18Z,JavaScript
225620755,seratch,bolt-starter,https://github.com/seratch/bolt-starter,58,14,2019-12-03T12:58:54Z,2025-07-24T07:05:08Z,JavaScript
396080302,htdangkhoa,react-ssr-starter,https://github.com/htdangkhoa/react-ssr-starter,58,5,2021-08-14T17:31:38Z,2025-02-15T06:26:34Z,JavaScript
337877729,11ty,demo-eleventy-serverless,https://github.com/11ty/demo-eleventy-serverless,58,10,2021-02-10T23:03:18Z,2025-05-03T15:38:16Z,JavaScript
334643111,inokawa,lang-box,https://github.com/inokawa/lang-box,58,160,2021-01-31T11:51:58Z,2025-07-19T08:05:46Z,JavaScript
305639721,redradix,svelte-custom-element-template,https://github.com/redradix/svelte-custom-element-template,58,7,2020-10-20T08:25:09Z,2024-11-26T02:22:19Z,JavaScript
488830641,makeitcount,saas-express-starter-kit,https://github.com/makeitcount/saas-express-starter-kit,57,12,2022-05-05T04:26:33Z,2025-07-05T03:41:48Z,JavaScript
355933025,shreyas-jadhav,next-firebase-starter,https://github.com/shreyas-jadhav/next-firebase-starter,57,10,2021-04-08T14:09:38Z,2025-03-06T07:19:20Z,JavaScript
446438342,BraydenTW,obsidian,https://github.com/BraydenTW/obsidian,57,12,2022-01-10T13:39:38Z,2025-07-27T07:02:58Z,JavaScript
549863053,AdvancedCustomFields,acf-example-field-type,https://github.com/AdvancedCustomFields/acf-example-field-type,57,7,2022-10-11T21:22:23Z,2025-08-07T12:13:08Z,JavaScript
392917594,takayama-lily,oicq-template,https://github.com/takayama-lily/oicq-template,57,12,2021-08-05T05:43:52Z,2024-11-27T00:55:28Z,JavaScript
432167732,douglas-henrique,nextjs-complete-boilerplate,https://github.com/douglas-henrique/nextjs-complete-boilerplate,56,7,2021-11-26T12:15:50Z,2024-12-13T14:42:59Z,JavaScript
165000228,sixfootsixdesigns,React-Library-Boilerplate,https://github.com/sixfootsixdesigns/React-Library-Boilerplate,56,15,2019-01-10T06:04:50Z,2025-03-25T05:15:05Z,JavaScript
307634343,MexsonFernandes,nuxt-ionic-capacitor-app,https://github.com/MexsonFernandes/nuxt-ionic-capacitor-app,56,10,2020-10-27T08:33:42Z,2025-03-14T05:49:30Z,JavaScript
463622438,hankypoo7,The-blooket-hacks,https://github.com/hankypoo7/The-blooket-hacks,56,68,2022-02-25T17:37:16Z,2025-06-03T16:45:32Z,JavaScript
211515275,ovasylenko,skillcrucial-react-redux-boilerplate,https://github.com/ovasylenko/skillcrucial-react-redux-boilerplate,71,454,2019-09-28T14:46:08Z,2025-06-17T11:49:06Z,JavaScript
292192682,BootstrapDash,Purple-React,https://github.com/BootstrapDash/Purple-React,71,50,2020-09-02T05:58:50Z,2025-05-25T08:19:04Z,JavaScript
224628071,btnguyen2k,goadmin.g8,https://github.com/btnguyen2k/goadmin.g8,71,34,2019-11-28T10:27:31Z,2024-09-24T03:10:31Z,JavaScript
471229988,fabri4c,vite-react-starter,https://github.com/fabri4c/vite-react-starter,70,31,2022-03-18T04:00:37Z,2025-07-05T09:22:17Z,JavaScript
330638346,kyrelldixon,svelte-tailwind-extension-boilerplate,https://github.com/kyrelldixon/svelte-tailwind-extension-boilerplate,70,7,2021-01-18T11:00:23Z,2024-06-21T23:52:04Z,JavaScript
799893145,anxndsgn,academic-homepage-template,https://github.com/anxndsgn/academic-homepage-template,70,16,2024-05-13T09:59:27Z,2025-08-08T10:12:21Z,JavaScript
196274344,vtex-apps,react-app-template,https://github.com/vtex-apps/react-app-template,70,70,2019-07-10T20:59:37Z,2025-06-30T02:40:12Z,JavaScript
241533537,jimmylee,next-postgres,https://github.com/jimmylee/next-postgres,70,9,2020-02-19T04:36:24Z,2023-10-27T17:33:14Z,JavaScript
655609309,Mini-Sylar,shopify-app-vue-template,https://github.com/Mini-Sylar/shopify-app-vue-template,69,10,2023-06-19T08:41:46Z,2025-08-10T16:54:25Z,JavaScript
335198554,sVoxelDev,minecraft-server-template,https://github.com/sVoxelDev/minecraft-server-template,69,11,2021-02-02T07:02:51Z,2025-06-29T21:01:51Z,JavaScript
87536428,fox1t,typescript-microservice-starter,https://github.com/fox1t/typescript-microservice-starter,68,11,2017-04-07T10:52:50Z,2025-04-23T22:03:32Z,JavaScript
477670704,TheCodersStudio,node-pg-sequelize-boilerplate,https://github.com/TheCodersStudio/node-pg-sequelize-boilerplate,68,10,2022-04-04T11:28:41Z,2025-06-30T20:27:28Z,JavaScript
306874999,AnicetNgrt,GodotOnlineRoomSystem,https://github.com/AnicetNgrt/GodotOnlineRoomSystem,68,4,2020-10-24T12:06:53Z,2025-07-30T06:57:20Z,JavaScript
612025557,Andy8647,react-portfolio-template,https://github.com/Andy8647/react-portfolio-template,68,35,2023-03-10T03:11:40Z,2025-06-30T07:09:58Z,JavaScript
644730097,feernandobraga,vitesvelctron,https://github.com/feernandobraga/vitesvelctron,68,7,2023-05-24T06:22:10Z,2025-07-24T11:57:16Z,JavaScript
28835217,mirabeau-nl,frontend-boilerplate,https://github.com/mirabeau-nl/frontend-boilerplate,67,30,2015-01-05T22:36:03Z,2025-02-17T16:57:26Z,JavaScript
365266023,screepers,screeps-arena-typescript-starter,https://github.com/screepers/screeps-arena-typescript-starter,67,38,2021-05-07T14:49:55Z,2025-08-08T19:48:43Z,JavaScript
415222332,app-generator,react-purity-nodejs,https://github.com/app-generator/react-purity-nodejs,67,27,2021-10-09T06:23:50Z,2025-05-02T15:51:14Z,JavaScript
186726751,PopGoesTheWza,ts-gas-project-starter,https://github.com/PopGoesTheWza/ts-gas-project-starter,67,14,2019-05-15T01:26:37Z,2025-04-28T10:32:41Z,JavaScript
172842744,MarkKhramko,nodejs-express-jwt,https://github.com/MarkKhramko/nodejs-express-jwt,67,17,2019-02-27T04:25:50Z,2025-05-01T18:15:56Z,JavaScript
240894063,the-homeless-god,SENT-template,https://github.com/the-homeless-god/SENT-template,67,3,2020-02-16T13:12:15Z,2024-03-05T11:41:06Z,JavaScript
358972935,ytausch,serverless-discord-bot,https://github.com/ytausch/serverless-discord-bot,67,6,2021-04-17T20:11:45Z,2025-07-06T18:14:37Z,JavaScript
349057288,shiftwalk,shiftwalk-nextjs-starter,https://github.com/shiftwalk/shiftwalk-nextjs-starter,66,9,2021-03-18T12:02:45Z,2025-08-01T03:04:50Z,JavaScript
247456423,labnol,react-tailwind,https://github.com/labnol/react-tailwind,66,46,2020-03-15T11:51:22Z,2025-08-05T18:43:03Z,JavaScript
20498221,NodeBB,nodebb-plugin-quickstart,https://github.com/NodeBB/nodebb-plugin-quickstart,66,102,2014-06-04T20:08:41Z,2025-08-08T21:10:46Z,JavaScript
420029074,whirlxd,Musico,https://github.com/whirlxd/Musico,66,73,2021-10-22T08:51:17Z,2025-07-31T14:28:43Z,JavaScript
174178688,arswaw,VueSpaNONODE,https://github.com/arswaw/VueSpaNONODE,66,16,2019-03-06T16:16:28Z,2024-12-23T18:38:17Z,JavaScript
628335407,Showrin,nextjs-tailwind-storybook-with-ci-cd,https://github.com/Showrin/nextjs-tailwind-storybook-with-ci-cd,66,16,2023-04-15T16:17:37Z,2025-04-01T08:44:45Z,JavaScript
877945203,ZhgChgLi,linkyee,https://github.com/ZhgChgLi/linkyee,66,14,2024-10-24T14:07:30Z,2025-08-09T06:14:57Z,JavaScript
130262368,arecvlohe,rbc-with-dnd-starter,https://github.com/arecvlohe/rbc-with-dnd-starter,65,60,2018-04-19T19:23:34Z,2025-04-11T05:41:04Z,JavaScript
655320280,Barata-Ribeiro,vite-vanilla-js-template,https://github.com/Barata-Ribeiro/vite-vanilla-js-template,65,8,2023-06-18T14:46:54Z,2025-08-08T18:54:44Z,JavaScript
253329867,rocketseat-education,gostack-template-conceitos-nodejs,https://github.com/rocketseat-education/gostack-template-conceitos-nodejs,65,146,2020-04-05T20:52:22Z,2023-07-25T01:42:46Z,JavaScript
246788979,Pure-Peace,vue-cli-electron-template,https://github.com/Pure-Peace/vue-cli-electron-template,65,22,2020-03-12T09:05:06Z,2025-02-06T08:05:33Z,JavaScript
196357168,patoi,svelte-component-library-template,https://github.com/patoi/svelte-component-library-template,65,6,2019-07-11T08:54:35Z,2024-11-24T17:59:33Z,JavaScript
950054137,AlonXt,ai-portfolio,https://github.com/AlonXt/ai-portfolio,65,5,2025-03-17T14:59:57Z,2025-06-23T22:28:12Z,JavaScript
525947291,Nodeguardians,ng-questplay,https://github.com/Nodeguardians/ng-questplay,65,37,2022-08-17T20:42:04Z,2025-07-23T20:25:15Z,JavaScript
280198101,digitalocean,sample-nextjs,https://github.com/digitalocean/sample-nextjs,65,128,2020-07-16T16:04:58Z,2025-06-12T04:59:22Z,JavaScript
256474834,jkga,me,https://github.com/jkga/me,64,7,2020-04-17T10:40:13Z,2025-07-04T20:31:58Z,JavaScript
661793593,LiteLoaderQQNT,Plugin-Template,https://github.com/LiteLoaderQQNT/Plugin-Template,64,15,2023-07-03T16:57:17Z,2025-07-23T13:47:11Z,JavaScript
333652016,hikerpig,foam-template-gatsby-kb,https://github.com/hikerpig/foam-template-gatsby-kb,64,14,2021-01-28T05:08:45Z,2025-04-14T15:46:50Z,JavaScript
243834575,selfawarestudio,sane-eleventy,https://github.com/selfawarestudio/sane-eleventy,64,5,2020-02-28T19:02:33Z,2024-11-21T23:25:59Z,JavaScript
278916260,SaleCar,Vue3-QuickStart,https://github.com/SaleCar/Vue3-QuickStart,79,24,2020-07-11T18:07:06Z,2025-04-30T14:43:15Z,JavaScript
169509658,tientran0019,boilerplate-nextjs-antd-less,https://github.com/tientran0019/boilerplate-nextjs-antd-less,79,34,2019-02-07T02:41:01Z,2025-06-03T09:45:08Z,JavaScript
605836759,koii-network,task-template,https://github.com/koii-network/task-template,79,88,2023-02-24T02:04:41Z,2025-07-17T20:59:52Z,JavaScript
838705937,Run37927,saas-landing-page,https://github.com/Run37927/saas-landing-page,79,10,2024-08-06T07:22:12Z,2025-07-23T13:34:30Z,JavaScript
1008260654,santhoshravindran7,Fabric-Analytics-MCP,https://github.com/santhoshravindran7/Fabric-Analytics-MCP,79,22,2025-06-25T09:17:19Z,2025-08-09T04:00:28Z,JavaScript
376679633,minor,plutonium,https://github.com/minor/plutonium,78,23,2021-06-14T02:02:16Z,2025-08-06T22:17:28Z,JavaScript
187175592,sanjeevyadavIT,react-native-boilerplate,https://github.com/sanjeevyadavIT/react-native-boilerplate,77,21,2019-05-17T08:14:35Z,2025-05-08T04:25:41Z,JavaScript
617147495,doinel1a,vite-three-js,https://github.com/doinel1a/vite-three-js,77,22,2023-03-21T19:43:54Z,2025-07-31T00:05:43Z,JavaScript
672261648,scottsweb,elva,https://github.com/scottsweb/elva,77,10,2023-07-29T13:20:35Z,2025-08-05T10:03:36Z,JavaScript
756310422,phaserjs,template-vue,https://github.com/phaserjs/template-vue,77,14,2024-02-12T12:16:22Z,2025-08-06T17:45:52Z,JavaScript
536939744,SunsetMkt,blue-archive-spine,https://github.com/SunsetMkt/blue-archive-spine,77,44,2022-09-15T08:48:11Z,2025-07-30T05:37:11Z,JavaScript
150137596,twitchdev,extensions-boilerplate,https://github.com/twitchdev/extensions-boilerplate,76,32,2018-09-24T16:57:08Z,2025-05-16T19:50:33Z,JavaScript
285014818,mamless,Gentella-admin-Symfony-6,https://github.com/mamless/Gentella-admin-Symfony-6,76,43,2020-08-04T15:04:55Z,2025-07-30T11:45:14Z,JavaScript
775086205,netlify-templates,next-platform-starter,https://github.com/netlify-templates/next-platform-starter,76,134,2024-03-20T18:26:31Z,2025-08-11T05:09:08Z,JavaScript
346343327,codemirror,lang-example,https://github.com/codemirror/lang-example,75,48,2021-03-10T12:08:53Z,2025-07-29T05:45:25Z,JavaScript
283171327,hygraph,gatsby-starter-hygraph-blog,https://github.com/hygraph/gatsby-starter-hygraph-blog,74,26,2020-07-28T09:54:17Z,2024-09-27T04:26:18Z,JavaScript
189153328,app-generator,bulmaplay,https://github.com/app-generator/bulmaplay,74,17,2019-05-29T04:58:17Z,2025-01-18T15:40:15Z,JavaScript
378500240,alexey-dc,nextjs_express_template,https://github.com/alexey-dc/nextjs_express_template,74,22,2021-06-19T20:34:30Z,2025-04-01T23:19:48Z,JavaScript
142339121,samme,phaser-parcel,https://github.com/samme/phaser-parcel,74,21,2018-07-25T18:33:01Z,2024-05-29T10:53:10Z,JavaScript
356911136,shuding,cc,https://github.com/shuding/cc,74,3,2021-04-11T15:53:02Z,2025-03-23T11:31:02Z,JavaScript
346500512,r1,nine4-3,https://github.com/r1/nine4-3,73,31,2021-03-10T21:44:58Z,2025-07-08T13:38:57Z,JavaScript
683576091,react18-tools,turborepo-template,https://github.com/react18-tools/turborepo-template,72,7,2023-08-27T02:45:50Z,2025-08-11T01:19:22Z,JavaScript
268358983,antoinemcx,Structure-Discord-Bot,https://github.com/antoinemcx/Structure-Discord-Bot,87,10,2020-05-31T20:30:08Z,2025-07-26T17:44:44Z,JavaScript
434087580,magneum,BloomBot,https://github.com/magneum/BloomBot,87,68,2021-12-02T04:59:36Z,2025-07-16T16:51:13Z,JavaScript
306546152,shubhadip,vue3-component-library,https://github.com/shubhadip/vue3-component-library,86,29,2020-10-23T06:17:30Z,2024-09-18T14:47:17Z,JavaScript
394246599,gethugothemes,andromeda-light-hugo,https://github.com/gethugothemes/andromeda-light-hugo,86,69,2021-08-09T10:25:21Z,2025-07-23T08:48:16Z,JavaScript
449077671,btholt,next-course-starter,https://github.com/btholt/next-course-starter,85,23,2022-01-17T23:23:04Z,2025-07-14T09:32:20Z,JavaScript
279147411,iammukeshm,AdminLTE.StarterKit,https://github.com/iammukeshm/AdminLTE.StarterKit,84,28,2020-07-12T21:01:36Z,2025-05-17T10:26:27Z,JavaScript
194412660,vsoch,mkdocs-jekyll,https://github.com/vsoch/mkdocs-jekyll,84,39,2019-06-29T14:10:11Z,2025-06-25T23:44:03Z,JavaScript
175758582,marisademeglio,eleventypub,https://github.com/marisademeglio/eleventypub,84,7,2019-03-15T06:01:44Z,2025-06-19T19:44:24Z,JavaScript
590373618,nftblackmagic,web3-eth-scaffold-nextjs,https://github.com/nftblackmagic/web3-eth-scaffold-nextjs,83,32,2023-01-18T09:09:55Z,2024-12-09T16:42:59Z,JavaScript
355100926,AdamBien,bce.design,https://github.com/AdamBien/bce.design,83,21,2021-04-06T07:40:39Z,2025-08-07T05:52:29Z,JavaScript
248294935,xinemata,leafy,https://github.com/xinemata/leafy,83,2,2020-03-18T17:13:09Z,2025-08-03T17:35:45Z,JavaScript
443407967,pondorasti,nextjs-chrome-extension,https://github.com/pondorasti/nextjs-chrome-extension,82,21,2021-12-31T18:47:56Z,2025-07-14T09:06:06Z,JavaScript
204128019,dj0nny,svelte-express-boilerplate,https://github.com/dj0nny/svelte-express-boilerplate,82,17,2019-08-24T08:06:17Z,2025-07-22T14:19:12Z,JavaScript
278436597,AnomalyInnovations,serverless-lerna-yarn-starter,https://github.com/AnomalyInnovations/serverless-lerna-yarn-starter,82,18,2020-07-09T18:06:17Z,2025-07-17T16:51:11Z,JavaScript
46015767,minimill,project-template,https://github.com/minimill/project-template,82,19,2015-11-11T23:07:40Z,2024-02-29T04:52:24Z,JavaScript
428852164,DalSoft,create-react-app-webpack-5-module-federation-tailwind-typeScript,https://github.com/DalSoft/create-react-app-webpack-5-module-federation-tailwind-typeScript,81,12,2021-11-17T00:01:58Z,2024-12-17T13:22:07Z,JavaScript
354213997,geod,awsboilerplate,https://github.com/geod/awsboilerplate,81,4,2021-04-03T06:04:12Z,2025-07-25T18:56:32Z,JavaScript
450550221,armandsalle,vite-javascript-webflow,https://github.com/armandsalle/vite-javascript-webflow,81,33,2022-01-21T15:50:41Z,2025-07-07T03:53:11Z,JavaScript
549631304,ElanYoung,vite-vue2-js-starter-template,https://github.com/ElanYoung/vite-vue2-js-starter-template,81,32,2022-10-11T13:43:44Z,2025-06-05T03:14:02Z,JavaScript
89858243,silvestreh,feathers-nuxt,https://github.com/silvestreh/feathers-nuxt,80,18,2017-04-30T15:12:16Z,2024-05-21T08:08:09Z,JavaScript
108291587,shamin,webpack-sass-bootstrap-boilerplate,https://github.com/shamin/webpack-sass-bootstrap-boilerplate,94,25,2017-10-25T15:48:56Z,2025-02-20T04:30:45Z,JavaScript
157780022,geekysrm,mern-blog-google-auth,https://github.com/geekysrm/mern-blog-google-auth,93,15,2018-11-15T22:20:57Z,2025-07-27T18:31:48Z,JavaScript
1003439939,yashrajnayak,developer-portfolio,https://github.com/yashrajnayak/developer-portfolio,93,5,2025-06-17T06:43:54Z,2025-07-23T05:15:11Z,JavaScript
862757137,KoiiKikko,KOII-Pond-Pioneers,https://github.com/KoiiKikko/KOII-Pond-Pioneers,93,18,2024-09-25T06:26:30Z,2025-06-25T17:47:15Z,JavaScript
792598788,craigsdennis,hackathon-helper-workers-ai,https://github.com/craigsdennis/hackathon-helper-workers-ai,92,25,2024-04-27T03:07:13Z,2025-08-06T13:01:02Z,JavaScript
230802859,abhishekbhardwaj,tailwind-react-next.js-typescript-eslint-jest-starter,https://github.com/abhishekbhardwaj/tailwind-react-next.js-typescript-eslint-jest-starter,92,11,2019-12-29T21:00:55Z,2025-07-21T09:11:25Z,JavaScript
907428019,golanlevin,p5-single-line-font-resources,https://github.com/golanlevin/p5-single-line-font-resources,91,4,2024-12-23T14:59:46Z,2025-08-09T15:50:31Z,JavaScript
273850171,gadfaria,express-sequelize-boilerplate,https://github.com/gadfaria/express-sequelize-boilerplate,90,21,2020-06-21T06:44:45Z,2025-07-18T02:20:38Z,JavaScript
146931937,kelvinkamau,Vibranium,https://github.com/kelvinkamau/Vibranium,90,168,2018-08-31T18:59:36Z,2024-12-20T11:14:44Z,JavaScript
68525238,antonybudianto,angular-webpack-starter,https://github.com/antonybudianto/angular-webpack-starter,89,18,2016-09-18T14:05:37Z,2025-06-25T16:34:05Z,JavaScript
503562750,BrianRuizy,gatsby-medium-blog,https://github.com/BrianRuizy/gatsby-medium-blog,89,26,2022-06-15T00:31:13Z,2025-06-18T05:26:10Z,JavaScript
250518612,grafana,k6-template-es6,https://github.com/grafana/k6-template-es6,89,20,2020-03-27T11:37:41Z,2025-07-06T07:22:29Z,JavaScript
324186577,quavedev,code-challenge,https://github.com/quavedev/code-challenge,89,52,2020-12-24T15:35:27Z,2025-07-25T15:11:22Z,JavaScript
285841987,alexk111,node-red-node-typescript-starter,https://github.com/alexk111/node-red-node-typescript-starter,88,15,2020-08-07T13:57:51Z,2025-04-18T15:07:44Z,JavaScript
254164465,hackclub,theme-starter,https://github.com/hackclub/theme-starter,88,21,2020-04-08T18:08:04Z,2025-07-03T09:35:12Z,JavaScript
191181073,muhajirdev,svelte-tailwind-template,https://github.com/muhajirdev/svelte-tailwind-template,88,7,2019-06-10T14:13:11Z,2025-06-19T10:31:00Z,JavaScript
441643407,Sekuta82,oil-on-threejs-template,https://github.com/Sekuta82/oil-on-threejs-template,88,4,2021-12-25T09:11:57Z,2024-10-20T19:39:29Z,JavaScript
284507460,Elderjs,template,https://github.com/Elderjs/template,111,31,2020-08-02T17:18:22Z,2025-01-24T00:04:50Z,JavaScript
424334905,Cycling74,rnbo.example.webpage,https://github.com/Cycling74/rnbo.example.webpage,111,29,2021-11-03T18:18:37Z,2025-07-26T07:23:15Z,JavaScript
280139117,mattaharish,fastify-boilerplate,https://github.com/mattaharish/fastify-boilerplate,110,18,2020-07-16T11:43:52Z,2025-06-26T06:41:39Z,JavaScript
743138395,phaserjs,template-vite,https://github.com/phaserjs/template-vite,110,25,2024-01-14T13:01:44Z,2025-07-31T14:31:06Z,JavaScript
158496580,PLQin,vue-pc-template,https://github.com/PLQin/vue-pc-template,110,2,2018-11-21T05:40:41Z,2025-02-24T07:37:06Z,JavaScript
364986769,SafdarJamal,vite-template-react,https://github.com/SafdarJamal/vite-template-react,109,64,2021-05-06T17:25:02Z,2025-08-06T05:07:51Z,JavaScript
354216783,xlzy520,uniapp-tailwind-uview-starter,https://github.com/xlzy520/uniapp-tailwind-uview-starter,109,37,2021-04-03T06:20:16Z,2025-04-15T12:07:39Z,JavaScript
739418606,RamiKrispin,vscode-python-template,https://github.com/RamiKrispin/vscode-python-template,109,24,2024-01-05T14:18:17Z,2025-06-17T02:02:31Z,JavaScript
350574726,jsjoeio,twitter-stripe-mrr,https://github.com/jsjoeio/twitter-stripe-mrr,109,10,2021-03-23T04:05:40Z,2025-02-12T12:47:24Z,JavaScript
86268781,hjeti,vue-skeleton,https://github.com/hjeti/vue-skeleton,108,21,2017-03-26T22:18:27Z,2024-02-19T09:16:10Z,JavaScript
509901671,JoanEsquivel,cypress-cucumber-boilerplate,https://github.com/JoanEsquivel/cypress-cucumber-boilerplate,108,119,2022-07-03T02:08:19Z,2025-07-29T21:53:42Z,JavaScript
414371184,MWDelaney,ZeroPoint,https://github.com/MWDelaney/ZeroPoint,108,7,2021-10-06T21:12:55Z,2025-07-25T15:19:17Z,JavaScript
916435381,namnguyenthanhwork,docusaurus-tailwind-shadcn-template,https://github.com/namnguyenthanhwork/docusaurus-tailwind-shadcn-template,108,19,2025-01-14T04:52:38Z,2025-08-05T09:30:29Z,JavaScript
623656450,elemaudio,srvb,https://github.com/elemaudio/srvb,108,15,2023-04-04T20:11:43Z,2025-08-07T02:57:17Z,JavaScript
25714441,StartBootstrap,startbootstrap-full-width-pics,https://github.com/StartBootstrap/startbootstrap-full-width-pics,107,209,2014-10-25T00:34:12Z,2025-07-15T19:00:08Z,JavaScript
273361604,cheatcode,nextjs-boilerplate,https://github.com/cheatcode/nextjs-boilerplate,107,40,2020-06-18T23:39:38Z,2025-08-07T14:07:54Z,JavaScript
293190651,lightsound,nexst,https://github.com/lightsound/nexst,107,8,2020-09-06T02:44:48Z,2025-07-29T17:26:29Z,JavaScript
114170702,4GeeksAcademy,react-hello-deprecated,https://github.com/4GeeksAcademy/react-hello-deprecated,106,3185,2017-12-13T21:27:48Z,2025-06-30T12:49:52Z,JavaScript
401216951,kiyohken2000,ReactNative-Expo-Firebase-Boilerplate-v2,https://github.com/kiyohken2000/ReactNative-Expo-Firebase-Boilerplate-v2,106,30,2021-08-30T04:36:08Z,2025-08-06T09:31:26Z,JavaScript
334483951,bizarro,bizarroilerplate,https://github.com/bizarro/bizarroilerplate,106,37,2021-01-30T18:31:10Z,2025-07-27T18:06:39Z,JavaScript
339749282,kausko,Portfolio,https://github.com/kausko/Portfolio,105,15,2021-02-17T14:27:25Z,2025-06-04T08:46:55Z,JavaScript
191254090,ben-rogerson,agency-webpack-mix-config,https://github.com/ben-rogerson/agency-webpack-mix-config,105,12,2019-06-10T22:25:48Z,2025-03-07T23:56:12Z,JavaScript
322289909,Tomato6966,Discord-Js-Handler-Template,https://github.com/Tomato6966/Discord-Js-Handler-Template,105,73,2020-12-17T12:35:26Z,2025-07-31T14:27:09Z,JavaScript
151753159,4GeeksAcademy,react-hello-webapp-deprecated,https://github.com/4GeeksAcademy/react-hello-webapp-deprecated,104,2349,2018-10-05T17:05:12Z,2025-07-01T18:07:29Z,JavaScript
338884062,tomhsiao1260,three-starter,https://github.com/tomhsiao1260/three-starter,104,22,2021-02-14T19:26:38Z,2025-07-31T13:51:47Z,JavaScript
274885596,ademilter,next-template,https://github.com/ademilter/next-template,104,6,2020-06-25T10:13:57Z,2024-10-06T14:42:02Z,JavaScript
356859714,gobeam,truthy-react-frontend,https://github.com/gobeam/truthy-react-frontend,103,31,2021-04-11T12:19:13Z,2025-02-11T20:55:58Z,JavaScript
146875335,flatfisher,cloud-functions-typescript-template,https://github.com/flatfisher/cloud-functions-typescript-template,103,16,2018-08-31T10:07:32Z,2025-05-30T07:14:28Z,JavaScript
205660899,wednesday-solutions,react-template,https://github.com/wednesday-solutions/react-template,103,95,2019-09-01T10:26:57Z,2025-07-04T04:48:22Z,JavaScript
296356452,Tasin5541,portfolio,https://github.com/Tasin5541/portfolio,103,31,2020-09-17T14:48:15Z,2025-08-07T22:32:16Z,JavaScript
307450568,stelligent,stelligent-u,https://github.com/stelligent/stelligent-u,101,126,2020-10-26T17:21:31Z,2025-07-01T20:25:23Z,JavaScript
221675746,keremcubuk,react-native-boilerplate,https://github.com/keremcubuk/react-native-boilerplate,100,12,2019-11-14T10:55:18Z,2025-07-17T11:53:02Z,JavaScript
209079893,moxystudio,next-with-moxy,https://github.com/moxystudio/next-with-moxy,100,11,2019-09-17T14:42:16Z,2024-11-22T23:28:13Z,JavaScript
346500477,r1,nine4-2,https://github.com/r1/nine4-2,100,26,2021-03-10T21:44:48Z,2025-06-07T23:36:48Z,JavaScript
345289921,DevUnltd,ts-library-boilerplate-basic,https://github.com/DevUnltd/ts-library-boilerplate-basic,99,17,2021-03-07T07:59:25Z,2025-08-05T13:00:59Z,JavaScript
171309074,VitorLuizC,typescript-library-boilerplate,https://github.com/VitorLuizC/typescript-library-boilerplate,99,11,2019-02-18T15:32:45Z,2025-04-10T15:28:24Z,JavaScript
276917036,SimpleJWT,drf-SimpleJWT-React,https://github.com/SimpleJWT/drf-SimpleJWT-React,99,19,2020-07-03T14:19:47Z,2025-03-23T21:07:56Z,JavaScript
272136468,agneym,svelte-tailwind-snowpack,https://github.com/agneym/svelte-tailwind-snowpack,99,9,2020-06-14T05:03:09Z,2025-07-08T15:21:33Z,JavaScript
609908784,thepranaygupta,react-tailwind-css-starter-pack,https://github.com/thepranaygupta/react-tailwind-css-starter-pack,98,105,2023-03-05T15:48:25Z,2025-08-01T15:59:24Z,JavaScript
346142715,GoogleCloudPlatform,cloud-run-microservice-template-nodejs,https://github.com/GoogleCloudPlatform/cloud-run-microservice-template-nodejs,98,54,2021-03-09T20:59:32Z,2025-07-25T18:41:28Z,JavaScript
656826260,UmaSahni,JSON_Server_Deployment,https://github.com/UmaSahni/JSON_Server_Deployment,98,63,2023-06-21T18:10:27Z,2025-07-22T21:15:03Z,JavaScript
275725183,anandgupta193,react-enterprise-starter-kit,https://github.com/anandgupta193/react-enterprise-starter-kit,96,22,2020-06-29T03:54:06Z,2025-06-02T03:08:05Z,JavaScript
205825540,sujaykundu777,mern-docker,https://github.com/sujaykundu777/mern-docker,96,72,2019-09-02T09:42:57Z,2025-04-02T00:53:53Z,JavaScript
778780949,vickymaulana,laravel12-stisla,https://github.com/vickymaulana/laravel12-stisla,96,18,2024-03-28T11:46:21Z,2025-08-09T13:41:25Z,JavaScript
314759262,arvinxx,npm-template,https://github.com/arvinxx/npm-template,96,10,2020-11-21T07:38:50Z,2025-08-08T09:57:27Z,JavaScript
361088394,javawebmedia,compro-codeigniter-4,https://github.com/javawebmedia/compro-codeigniter-4,96,54,2021-04-24T06:30:09Z,2025-07-26T15:44:19Z,JavaScript
424177451,rishimohan,rishimohan.me,https://github.com/rishimohan/rishimohan.me,96,15,2021-11-03T10:20:38Z,2025-08-09T22:16:47Z,JavaScript
289356645,ahmetbcakici,nodejs-starter-boilerplate,https://github.com/ahmetbcakici/nodejs-starter-boilerplate,127,20,2020-08-21T20:13:27Z,2024-12-12T19:06:10Z,JavaScript
16351017,julianlam,nodebb-plugin-sso-oauth,https://github.com/julianlam/nodebb-plugin-sso-oauth,127,319,2014-01-29T16:39:10Z,2025-08-09T00:55:52Z,JavaScript
106092241,nestjs,javascript-starter,https://github.com/nestjs/javascript-starter,127,29,2017-10-07T11:22:07Z,2025-07-28T20:35:13Z,JavaScript
757120101,phaserjs,template-react,https://github.com/phaserjs/template-react,127,45,2024-02-13T21:02:14Z,2025-07-31T14:31:12Z,JavaScript
367656446,faisalnazik,Django-React-Redux-Boilerplate,https://github.com/faisalnazik/Django-React-Redux-Boilerplate,125,35,2021-05-15T14:45:40Z,2025-05-16T03:53:35Z,JavaScript
202353733,alexislepresle,gatsby-shopify-theme,https://github.com/alexislepresle/gatsby-shopify-theme,124,28,2019-08-14T13:13:47Z,2025-01-30T01:30:05Z,JavaScript
200422625,f,vue-plugin-boilerplate,https://github.com/f/vue-plugin-boilerplate,121,9,2019-08-03T21:30:36Z,2025-04-22T19:25:24Z,JavaScript
123869759,frandiox,vue-graphql-enterprise-boilerplate,https://github.com/frandiox/vue-graphql-enterprise-boilerplate,120,19,2018-03-05T05:35:04Z,2024-04-06T11:22:12Z,JavaScript
157969283,anandundavia,express-api-structure,https://github.com/anandundavia/express-api-structure,119,26,2018-11-17T09:22:14Z,2025-04-21T10:24:45Z,JavaScript
442095991,Elvincth,turbo-strapi-nextjs,https://github.com/Elvincth/turbo-strapi-nextjs,119,11,2021-12-27T08:18:17Z,2025-05-29T17:30:00Z,JavaScript
25714766,StartBootstrap,startbootstrap-the-big-picture,https://github.com/StartBootstrap/startbootstrap-the-big-picture,118,155,2014-10-25T00:42:48Z,2025-02-27T06:18:35Z,JavaScript
602106487,janetech-inc,fast-api-admin-template,https://github.com/janetech-inc/fast-api-admin-template,118,16,2023-02-15T14:08:22Z,2025-06-13T14:03:10Z,JavaScript
229060376,TylerNoblett,fastai-cnn-camera-app,https://github.com/TylerNoblett/fastai-cnn-camera-app,118,18,2019-12-19T13:28:50Z,2024-09-23T01:23:26Z,JavaScript
266655966,jherr,wp5-starter-react,https://github.com/jherr/wp5-starter-react,117,51,2020-05-25T01:26:57Z,2025-04-21T23:04:25Z,JavaScript
380290028,jaredpalmer,nextra-blank-custom-theme,https://github.com/jaredpalmer/nextra-blank-custom-theme,117,28,2021-06-25T16:03:53Z,2025-03-06T08:11:49Z,JavaScript
246611274,sql-js,react-sqljs-demo,https://github.com/sql-js/react-sqljs-demo,117,33,2020-03-11T15:39:46Z,2025-07-20T14:34:27Z,JavaScript
78527533,wbkd,react-starter,https://github.com/wbkd/react-starter,114,21,2017-01-10T11:31:37Z,2025-05-24T09:06:22Z,JavaScript
486626017,app-generator,react-horizon-nodejs,https://github.com/app-generator/react-horizon-nodejs,114,41,2022-04-28T14:22:32Z,2025-05-02T16:15:21Z,JavaScript
522593979,fuma-nama,discord-bot-dashboard,https://github.com/fuma-nama/discord-bot-dashboard,114,55,2022-08-08T14:57:57Z,2025-08-04T07:31:59Z,JavaScript
228598539,the-road-to-learn-react,hacker-stories,https://github.com/the-road-to-learn-react/hacker-stories,112,50,2019-12-17T11:09:13Z,2025-08-05T18:03:42Z,JavaScript
85367602,vitorsalgado,create-nodejs-ts,https://github.com/vitorsalgado/create-nodejs-ts,155,28,2017-03-18T01:27:56Z,2025-07-21T23:04:15Z,JavaScript
479423125,Shopify,shopify-frontend-template-react,https://github.com/Shopify/shopify-frontend-template-react,153,75,2022-04-08T14:29:37Z,2025-07-18T21:08:26Z,JavaScript
779055967,foyzulkarim,nodejs-boilerplate,https://github.com/foyzulkarim/nodejs-boilerplate,153,67,2024-03-29T00:15:23Z,2025-07-28T16:42:44Z,JavaScript
66675046,HandsOnDataViz,leaflet-maps-with-google-sheets,https://github.com/HandsOnDataViz/leaflet-maps-with-google-sheets,152,586,2016-08-26T19:46:58Z,2025-08-08T22:50:07Z,JavaScript
295838036,League-of-Foundry-Developers,FoundryVTT-Module-Template,https://github.com/League-of-Foundry-Developers/FoundryVTT-Module-Template,152,88,2020-09-15T20:10:07Z,2025-08-10T19:06:17Z,JavaScript
619255095,qwacko,sveltekit-lucia-starter,https://github.com/qwacko/sveltekit-lucia-starter,150,14,2023-03-26T18:02:49Z,2025-05-15T09:58:21Z,JavaScript
151483825,trim21,webpack-userscript-template,https://github.com/trim21/webpack-userscript-template,150,19,2018-10-03T21:38:09Z,2025-08-03T12:10:32Z,JavaScript
110281245,sneas,cv-template,https://github.com/sneas/cv-template,148,47,2017-11-10T18:47:32Z,2025-07-15T16:27:49Z,JavaScript
596673597,MehraDevesh2022,mern-ecommerce-CricketWeapon-Store,https://github.com/MehraDevesh2022/mern-ecommerce-CricketWeapon-Store,148,55,2023-02-02T17:37:32Z,2025-08-08T18:15:33Z,JavaScript
320511680,adobe,aem-boilerplate,https://github.com/adobe/aem-boilerplate,147,532,2020-12-11T08:23:05Z,2025-08-09T18:51:27Z,JavaScript
65666498,rtivital,react-pages-boilerplate,https://github.com/rtivital/react-pages-boilerplate,147,18,2016-08-14T13:02:01Z,2025-03-07T07:49:46Z,JavaScript
318599822,mshuber1981,github-react-portfolio-template,https://github.com/mshuber1981/github-react-portfolio-template,147,71,2020-12-04T18:14:19Z,2025-08-04T17:33:01Z,JavaScript
80233370,tc39,template-for-proposals,https://github.com/tc39/template-for-proposals,146,31,2017-01-27T18:18:35Z,2025-08-07T17:16:50Z,JavaScript
164276291,dineshsonachalam,tech-courses-search-engine,https://github.com/dineshsonachalam/tech-courses-search-engine,146,41,2019-01-06T04:49:28Z,2025-02-05T07:18:35Z,JavaScript
263952095,clenemt,eleventy-webpack,https://github.com/clenemt/eleventy-webpack,145,28,2020-05-14T15:25:37Z,2025-05-05T09:59:47Z,JavaScript
260216382,flatlogic,one-react-template,https://github.com/flatlogic/one-react-template,145,68,2020-04-30T13:17:01Z,2025-07-09T06:36:25Z,JavaScript
260319516,mucahitnezir,express-starter,https://github.com/mucahitnezir/express-starter,144,47,2020-04-30T21:11:45Z,2025-07-26T14:42:18Z,JavaScript
631840812,jirihofman,portfolio,https://github.com/jirihofman/portfolio,144,35,2023-04-24T07:10:55Z,2025-08-10T21:17:24Z,JavaScript
165802776,patrickleet,streaming-ssr-react-styled-components,https://github.com/patrickleet/streaming-ssr-react-styled-components,142,24,2019-01-15T07:10:05Z,2023-06-09T12:01:11Z,JavaScript
196724146,cerivitos,svelte-pwa-now,https://github.com/cerivitos/svelte-pwa-now,141,20,2019-07-13T13:22:09Z,2025-05-19T06:31:21Z,JavaScript
427979729,juniorxsound,R3F.Multiplayer,https://github.com/juniorxsound/R3F.Multiplayer,141,19,2021-11-14T16:25:14Z,2025-06-03T11:13:35Z,JavaScript
505153043,auros-one,tauri-sveltekit,https://github.com/auros-one/tauri-sveltekit,141,11,2022-06-19T15:49:41Z,2025-07-29T08:16:57Z,JavaScript
43847008,tomatau,breko-hub,https://github.com/tomatau/breko-hub,141,35,2015-10-07T21:56:04Z,2024-10-12T18:01:12Z,JavaScript
145265102,zuixjs,zuix-web-flix,https://github.com/zuixjs/zuix-web-flix,141,41,2018-08-19T01:47:46Z,2025-07-23T17:14:12Z,JavaScript
337890651,scastiel,nextjs-course-template,https://github.com/scastiel/nextjs-course-template,140,27,2021-02-11T00:21:28Z,2025-06-07T15:27:59Z,JavaScript
237107111,Thinkmill,monorepo-starter,https://github.com/Thinkmill/monorepo-starter,139,22,2020-01-30T00:03:53Z,2025-08-01T11:40:46Z,JavaScript
425983661,netlify-templates,next-netlify-starter,https://github.com/netlify-templates/next-netlify-starter,137,257,2021-11-08T20:28:28Z,2025-08-11T04:21:31Z,JavaScript
297791838,miltoncandelero,pixi-hotwire,https://github.com/miltoncandelero/pixi-hotwire,136,56,2020-09-22T22:55:28Z,2025-05-09T06:50:52Z,JavaScript
764713900,prappo,wordpress-plugin-boilerplate,https://github.com/prappo/wordpress-plugin-boilerplate,135,22,2024-02-28T15:25:42Z,2025-07-29T04:32:50Z,JavaScript
267015032,hygraph,reference-marketing-website,https://github.com/hygraph/reference-marketing-website,135,52,2020-05-26T10:38:33Z,2025-07-28T07:33:05Z,JavaScript
340400350,imadatyatalah,nextjs-chakra-ui-portfolio-template,https://github.com/imadatyatalah/nextjs-chakra-ui-portfolio-template,134,34,2021-02-19T14:51:39Z,2025-04-28T01:25:07Z,JavaScript
34700695,leancloud,node-js-getting-started,https://github.com/leancloud/node-js-getting-started,133,117,2015-04-28T01:27:53Z,2024-05-08T09:38:24Z,JavaScript
153249351,Vivify-Ideas,expo-boilerplate,https://github.com/Vivify-Ideas/expo-boilerplate,132,35,2018-10-16T08:22:54Z,2025-05-01T19:37:05Z,JavaScript
326841940,0xPARC,circom-starter,https://github.com/0xPARC/circom-starter,132,43,2021-01-05T00:27:27Z,2025-07-05T01:32:00Z,JavaScript
225856271,Vladinho10,node-server-template,https://github.com/Vladinho10/node-server-template,132,16,2019-12-04T11:57:24Z,2025-07-19T20:18:26Z,JavaScript
668017670,0xmoei,basedapp,https://github.com/0xmoei/basedapp,132,109,2023-07-18T20:33:46Z,2025-05-17T04:56:44Z,JavaScript
63726747,electricbookworks,electric-book,https://github.com/electricbookworks/electric-book,132,47,2016-07-19T20:43:17Z,2025-08-05T13:45:18Z,JavaScript
111475164,slashman,jsrl,https://github.com/slashman/jsrl,131,10,2017-11-20T23:43:58Z,2025-08-03T23:36:42Z,JavaScript
603172666,Code-A2Z,code-a2z,https://github.com/Code-A2Z/code-a2z,130,218,2023-02-17T19:14:17Z,2025-08-10T13:09:55Z,JavaScript
352069424,mernjs,create-mern-app,https://github.com/mernjs/create-mern-app,129,14,2021-03-27T12:38:50Z,2025-07-11T03:40:48Z,JavaScript
401051520,toantranmei,nodejs-api-starter,https://github.com/toantranmei/nodejs-api-starter,128,52,2021-08-29T13:41:35Z,2025-08-04T07:45:56Z,JavaScript
337886673,cheatcode,nodejs-server-boilerplate,https://github.com/cheatcode/nodejs-server-boilerplate,128,44,2021-02-10T23:56:29Z,2025-04-16T19:04:59Z,JavaScript
259611091,WebbyLab,webbylab-starter-app-for-nodejs,https://github.com/WebbyLab/webbylab-starter-app-for-nodejs,191,28,2020-04-28T10:57:50Z,2025-05-19T16:00:52Z,JavaScript
211361057,vbudilov,reactjs-cognito-starter,https://github.com/vbudilov/reactjs-cognito-starter,190,26,2019-09-27T16:33:28Z,2025-06-29T13:27:11Z,JavaScript
787785182,Alittfre,vitepress-theme-bluearchive,https://github.com/Alittfre/vitepress-theme-bluearchive,190,31,2024-04-17T07:18:54Z,2025-08-11T02:52:22Z,JavaScript
342894495,jacob-lcs,react-webpack5-template,https://github.com/jacob-lcs/react-webpack5-template,189,12,2021-02-27T15:49:47Z,2025-05-20T02:54:23Z,JavaScript
26237751,hapipal,boilerplate,https://github.com/hapipal/boilerplate,184,26,2014-11-05T20:13:42Z,2025-07-21T16:53:46Z,JavaScript
138785937,yordan-kanchelov,pixi-typescript-boilerplate,https://github.com/yordan-kanchelov/pixi-typescript-boilerplate,183,32,2018-06-26T19:51:53Z,2025-07-30T06:20:57Z,JavaScript
199482594,soulehshaikh99,create-svelte-electron-app,https://github.com/soulehshaikh99/create-svelte-electron-app,183,14,2019-07-29T15:48:09Z,2025-08-06T23:53:15Z,JavaScript
88385139,jimmylee,next-postgres-sequelize,https://github.com/jimmylee/next-postgres-sequelize,182,37,2017-04-16T02:01:20Z,2025-01-21T03:46:46Z,JavaScript
83082357,brocessing,kirby-webpack,https://github.com/brocessing/kirby-webpack,181,23,2017-02-24T21:01:57Z,2025-05-24T09:06:49Z,JavaScript
257695308,BharatKammakatla,Developer-Portfolio,https://github.com/BharatKammakatla/Developer-Portfolio,181,33,2020-04-21T19:27:23Z,2025-07-10T00:58:46Z,JavaScript
25714467,StartBootstrap,startbootstrap-heroic-features,https://github.com/StartBootstrap/startbootstrap-heroic-features,178,368,2014-10-25T00:34:57Z,2025-07-10T14:13:25Z,JavaScript
617901643,domeccleston,langchain-ts-starter,https://github.com/domeccleston/langchain-ts-starter,176,101,2023-03-23T10:55:29Z,2025-07-24T17:07:04Z,JavaScript
104788749,tomsoderlund,nextjs-express-mongoose-crudify-boilerplate,https://github.com/tomsoderlund/nextjs-express-mongoose-crudify-boilerplate,175,35,2017-09-25T18:48:00Z,2025-01-19T06:44:05Z,JavaScript
333799114,hygraph,hygraph-commerce-starter,https://github.com/hygraph/hygraph-commerce-starter,174,69,2021-01-28T15:24:09Z,2025-02-07T20:39:02Z,JavaScript
199706073,nodegui,react-nodegui-starter,https://github.com/nodegui/react-nodegui-starter,174,30,2019-07-30T18:27:09Z,2025-07-15T19:00:38Z,JavaScript
434013653,Myndex,apca-w3,https://github.com/Myndex/apca-w3,173,22,2021-12-01T23:07:20Z,2025-08-04T15:44:42Z,JavaScript
905020886,amclubs,am-check-in,https://github.com/amclubs/am-check-in,173,86,2024-12-18T02:13:07Z,2025-08-09T06:45:08Z,JavaScript
187366476,imedadel,gatsby-london,https://github.com/imedadel/gatsby-london,172,72,2019-05-18T14:17:26Z,2025-07-19T16:57:22Z,JavaScript
555372342,ElanYoung,vite-vue-js-starter-template,https://github.com/ElanYoung/vite-vue-js-starter-template,171,47,2022-10-21T12:59:08Z,2025-08-04T07:07:24Z,JavaScript
491287017,netlify-templates,gatsby-ecommerce-theme,https://github.com/netlify-templates/gatsby-ecommerce-theme,171,172,2022-05-11T22:15:36Z,2025-08-11T05:19:04Z,JavaScript
450627945,unjs,template,https://github.com/unjs/template,171,16,2022-01-21T20:16:23Z,2025-07-29T15:06:32Z,JavaScript
137841203,argyleink,shortstack,https://github.com/argyleink/shortstack,171,19,2018-06-19T04:48:24Z,2025-06-26T21:53:44Z,JavaScript
527670580,obsidianmd,obsidian-sample-theme,https://github.com/obsidianmd/obsidian-sample-theme,171,76,2022-08-22T17:40:55Z,2025-08-09T09:12:29Z,JavaScript
105200372,rherwig,template-react-ssr,https://github.com/rherwig/template-react-ssr,168,45,2017-09-28T21:19:59Z,2025-07-25T09:33:05Z,JavaScript
198617068,bensmithett,tropical,https://github.com/bensmithett/tropical,167,8,2019-07-24T10:54:25Z,2025-06-09T19:48:37Z,JavaScript
144034009,zuixjs,zuix-html-pwa,https://github.com/zuixjs/zuix-html-pwa,166,56,2018-08-08T15:33:15Z,2025-08-01T05:05:39Z,JavaScript
622147907,codescandy,dashui-free-nextjs-admin-template,https://github.com/codescandy/dashui-free-nextjs-admin-template,164,122,2023-04-01T09:06:26Z,2025-07-18T06:48:38Z,JavaScript
188073582,luruke,antipasto,https://github.com/luruke/antipasto,163,9,2019-05-22T16:13:57Z,2024-11-13T05:45:58Z,JavaScript
284707810,posva,vue-ts-lib,https://github.com/posva/vue-ts-lib,163,4,2020-08-03T13:29:08Z,2025-08-01T00:52:40Z,JavaScript
294731859,4GeeksAcademy,react-flask-hello-deprecated,https://github.com/4GeeksAcademy/react-flask-hello-deprecated,162,2259,2020-09-11T15:26:12Z,2025-07-04T14:18:55Z,JavaScript
186784209,gethugothemes,parsa-hugo,https://github.com/gethugothemes/parsa-hugo,162,310,2019-05-15T08:33:57Z,2025-08-03T14:18:01Z,JavaScript
311908249,vok123,vue3-ts-vite-ssr-starter,https://github.com/vok123/vue3-ts-vite-ssr-starter,161,47,2020-11-11T08:29:24Z,2025-06-29T13:47:22Z,JavaScript
353284145,ttntm,11ty-landing-page,https://github.com/ttntm/11ty-landing-page,160,58,2021-03-31T08:33:39Z,2025-08-10T00:52:56Z,JavaScript
127533825,v4iv,gatsby-starter-business,https://github.com/v4iv/gatsby-starter-business,255,96,2018-03-31T13:20:45Z,2025-03-13T16:05:31Z,JavaScript
350583309,wonderfullandingpage,mylandingpage,https://github.com/wonderfullandingpage/mylandingpage,253,93,2021-03-23T04:55:27Z,2025-07-28T08:31:33Z,JavaScript
258570178,leotm,react-native-template-new-architecture,https://github.com/leotm/react-native-template-new-architecture,247,28,2020-04-24T16:50:07Z,2025-07-27T15:22:33Z,JavaScript
384594146,mattjennings,sveltekit-blog-template,https://github.com/mattjennings/sveltekit-blog-template,247,34,2021-07-10T02:34:47Z,2025-07-29T19:55:42Z,JavaScript
523839766,replicate,getting-started-nextjs,https://github.com/replicate/getting-started-nextjs,245,127,2022-08-11T19:11:00Z,2025-07-23T05:51:59Z,JavaScript
146505129,arabold,serverless-react-boilerplate,https://github.com/arabold/serverless-react-boilerplate,245,89,2018-08-28T20:48:25Z,2025-03-11T00:10:27Z,JavaScript
110053683,taylorbryant,jekyll-starter-tailwind,https://github.com/taylorbryant/jekyll-starter-tailwind,244,58,2017-11-09T01:55:55Z,2025-08-09T04:35:34Z,JavaScript
454603369,bevyengine,bevy_github_ci_template,https://github.com/bevyengine/bevy_github_ci_template,241,54,2022-02-02T00:58:15Z,2025-07-31T17:22:43Z,JavaScript
155170094,Devtography,electron-react-typescript-webpack-boilerplate,https://github.com/Devtography/electron-react-typescript-webpack-boilerplate,240,39,2018-10-29T07:32:06Z,2025-06-24T15:15:59Z,JavaScript
267375292,GauravWalia19,mernboilerplate,https://github.com/GauravWalia19/mernboilerplate,240,51,2020-05-27T16:48:43Z,2025-08-10T18:05:51Z,JavaScript
25714667,StartBootstrap,startbootstrap-small-business,https://github.com/StartBootstrap/startbootstrap-small-business,236,271,2014-10-25T00:38:01Z,2025-08-02T13:00:04Z,JavaScript
516206953,eryajf,vdoing-template,https://github.com/eryajf/vdoing-template,235,27,2022-07-21T03:09:52Z,2025-07-19T05:53:20Z,JavaScript
156781560,DevUnltd,js-library-boilerplate,https://github.com/DevUnltd/js-library-boilerplate,233,28,2018-11-08T23:16:49Z,2025-08-06T08:37:59Z,JavaScript
128910603,Sun0fABeach,vue-phaser3,https://github.com/Sun0fABeach/vue-phaser3,228,57,2018-04-10T09:48:45Z,2025-07-22T15:02:07Z,JavaScript
437419319,kefimochi,sync-contribution-graph,https://github.com/kefimochi/sync-contribution-graph,226,14,2021-12-12T00:31:02Z,2025-07-19T19:40:47Z,JavaScript
279828064,cirosantilli,cirosantilli,https://github.com/cirosantilli/cirosantilli,226,28,2020-07-15T09:42:24Z,2025-08-10T15:27:33Z,JavaScript
21563703,dmnsgn,frontend-boilerplate,https://github.com/dmnsgn/frontend-boilerplate,225,36,2014-07-07T08:50:56Z,2025-03-05T20:40:27Z,JavaScript
126310439,ShareQiu1994,cesium-vue,https://github.com/ShareQiu1994/cesium-vue,225,87,2018-03-22T09:22:58Z,2024-10-22T11:33:20Z,JavaScript
217929888,CreativeTechGuy,ReactTemplate,https://github.com/CreativeTechGuy/ReactTemplate,225,17,2019-10-27T23:20:23Z,2025-07-22T08:51:11Z,JavaScript
439201402,opensumi,ide-startup,https://github.com/opensumi/ide-startup,224,76,2021-12-17T03:39:21Z,2025-07-31T05:22:36Z,JavaScript
820879975,PaulleDemon,Django-SAAS-Boilerplate,https://github.com/PaulleDemon/Django-SAAS-Boilerplate,223,38,2024-06-27T11:11:26Z,2025-08-09T16:19:11Z,JavaScript
263652193,tretapey,svelte-pwa,https://github.com/tretapey/svelte-pwa,223,26,2020-05-13T14:23:04Z,2025-07-26T18:49:35Z,JavaScript
176167083,JasonEtco,activity-box,https://github.com/JasonEtco/activity-box,223,59,2019-03-17T22:12:42Z,2025-08-08T01:59:47Z,JavaScript
343803309,bahricanyesil,nodejs-starter-template,https://github.com/bahricanyesil/nodejs-starter-template,222,68,2021-03-02T14:32:16Z,2025-07-13T02:36:42Z,JavaScript
946334325,entrepeneur4lyf,engineered-meta-cognitive-workflow-architecture,https://github.com/entrepeneur4lyf/engineered-meta-cognitive-workflow-architecture,221,28,2025-03-11T01:22:50Z,2025-08-05T06:15:28Z,JavaScript
518698777,themefisher,bookworm-light-nextjs,https://github.com/themefisher/bookworm-light-nextjs,220,98,2022-07-28T04:24:37Z,2025-08-05T19:42:32Z,JavaScript
77362591,PLQin,vue-vant-template,https://github.com/PLQin/vue-vant-template,219,10,2016-12-26T06:19:26Z,2024-05-18T09:06:43Z,JavaScript
393974021,eramudeep,react-native-ecommerce,https://github.com/eramudeep/react-native-ecommerce,218,103,2021-08-08T13:52:13Z,2025-07-02T07:44:50Z,JavaScript
219142288,demchenkoalex,react-native-module-template,https://github.com/demchenkoalex/react-native-module-template,218,36,2019-11-02T11:09:23Z,2025-07-01T03:52:20Z,JavaScript
65936227,the-pudding,starter,https://github.com/the-pudding/starter,216,35,2016-08-17T19:32:52Z,2024-12-06T01:14:29Z,JavaScript
191167410,glook,webpack-typescript-react,https://github.com/glook/webpack-typescript-react,216,52,2019-06-10T12:51:45Z,2025-06-19T15:28:38Z,JavaScript
236797726,jpedroschmitz,gatsby-starter-rocketdocs,https://github.com/jpedroschmitz/gatsby-starter-rocketdocs,216,31,2020-01-28T17:41:26Z,2025-05-30T17:03:43Z,JavaScript
299279610,gethugothemes,bigspring-light-hugo,https://github.com/gethugothemes/bigspring-light-hugo,216,315,2020-09-28T10:58:13Z,2025-07-24T13:53:01Z,JavaScript
350734698,CodelyTV,javascript-basic-skeleton,https://github.com/CodelyTV/javascript-basic-skeleton,215,74,2021-03-23T14:03:41Z,2025-06-13T14:03:09Z,JavaScript
153951740,xxczaki,styled-react-boilerplate,https://github.com/xxczaki/styled-react-boilerplate,211,23,2018-10-20T21:55:13Z,2025-06-25T16:09:01Z,JavaScript
414873833,app-generator,react-soft-dashboard-nodejs,https://github.com/app-generator/react-soft-dashboard-nodejs,210,80,2021-10-08T06:36:13Z,2025-07-17T15:28:36Z,JavaScript
260315441,metarhia,Example,https://github.com/metarhia/Example,206,79,2020-04-30T20:48:23Z,2025-07-28T09:29:00Z,JavaScript
225747461,lit,lit-element-starter-js,https://github.com/lit/lit-element-starter-js,203,126,2019-12-04T00:54:58Z,2025-08-07T03:02:31Z,JavaScript
127927029,robmclarty,knex-express-project-sample,https://github.com/robmclarty/knex-express-project-sample,200,54,2018-04-03T15:11:42Z,2025-08-10T09:25:27Z,JavaScript
121739805,yue,boilerplate-cpp,https://github.com/yue/boilerplate-cpp,198,14,2018-02-16T10:41:48Z,2025-02-25T07:01:21Z,JavaScript
278759541,iPzard,electron-react-python-template,https://github.com/iPzard/electron-react-python-template,198,30,2020-07-11T00:33:46Z,2025-07-30T18:52:34Z,JavaScript
313072094,kekkorider,threejs-starter,https://github.com/kekkorider/threejs-starter,197,17,2020-11-15T16:21:12Z,2025-05-12T06:46:42Z,JavaScript
147486504,yhatt,marp-cli-example,https://github.com/yhatt/marp-cli-example,197,153,2018-09-05T08:37:32Z,2025-08-06T18:11:39Z,JavaScript
177028530,imedadel,automatic-gatsbyjs-app-landing-page,https://github.com/imedadel/automatic-gatsbyjs-app-landing-page,196,44,2019-03-21T21:46:57Z,2025-06-26T08:58:38Z,JavaScript
115687777,sfdx-isv,sfdx-falcon-template,https://github.com/sfdx-isv/sfdx-falcon-template,194,67,2017-12-29T04:51:14Z,2025-08-09T21:25:25Z,JavaScript
201915384,shawn-dsilva,mern-login-signup-component,https://github.com/shawn-dsilva/mern-login-signup-component,192,39,2019-08-12T11:16:05Z,2025-04-20T14:17:06Z,JavaScript
24546575,StartBootstrap,startbootstrap-bare,https://github.com/StartBootstrap/startbootstrap-bare,318,475,2014-09-28T01:04:12Z,2025-07-03T12:54:04Z,JavaScript
218085568,app-generator,flask-adminlte,https://github.com/app-generator/flask-adminlte,314,103,2019-10-28T15:51:23Z,2025-08-08T17:52:20Z,JavaScript
44932382,HandsOnDataViz,leaflet-storymaps-with-google-sheets,https://github.com/HandsOnDataViz/leaflet-storymaps-with-google-sheets,311,285,2015-10-25T22:11:42Z,2025-07-28T08:44:21Z,JavaScript
562969035,kaliiiiiiiiii,Selenium-Profiles,https://github.com/kaliiiiiiiiii/Selenium-Profiles,309,30,2022-11-07T16:25:58Z,2025-08-01T08:29:25Z,JavaScript
113793413,sveltejs,template-webpack,https://github.com/sveltejs/template-webpack,305,117,2017-12-11T00:04:46Z,2025-04-25T18:28:28Z,JavaScript
329891327,Epiczzor,r3f-template,https://github.com/Epiczzor/r3f-template,304,33,2021-01-15T11:19:40Z,2025-07-10T16:22:10Z,JavaScript
100949236,cba85,electron-webview,https://github.com/cba85/electron-webview,301,76,2017-08-21T12:18:12Z,2025-08-06T18:50:00Z,JavaScript
521275950,kitloong,json-server-vercel,https://github.com/kitloong/json-server-vercel,298,700,2022-08-04T13:23:26Z,2025-07-31T12:36:31Z,JavaScript
283554413,gregives,Twelvety,https://github.com/gregives/Twelvety,297,13,2020-07-29T16:55:06Z,2025-06-25T09:07:31Z,JavaScript
48431764,EnclaveGames,Enclave-Phaser-Template,https://github.com/EnclaveGames/Enclave-Phaser-Template,297,63,2015-12-22T12:53:26Z,2025-07-29T03:57:29Z,JavaScript
350087670,braebo,sveltekit-electron,https://github.com/braebo/sveltekit-electron,295,30,2021-03-21T18:41:52Z,2025-07-16T13:29:45Z,JavaScript
146933974,andrewalexeich,gulp-pug-starter,https://github.com/andrewalexeich/gulp-pug-starter,295,97,2018-08-31T19:21:33Z,2025-08-01T14:00:59Z,JavaScript
186375954,themefisher,kross-hugo,https://github.com/themefisher/kross-hugo,295,372,2019-05-13T08:18:18Z,2025-08-04T21:24:41Z,JavaScript
198800700,pankod,svelte-boilerplate,https://github.com/pankod/svelte-boilerplate,292,32,2019-07-25T09:28:38Z,2025-07-24T00:28:07Z,JavaScript
131468928,djizco,mern-boilerplate,https://github.com/djizco/mern-boilerplate,287,97,2018-04-29T05:36:49Z,2025-08-07T13:39:51Z,JavaScript
393325014,axeldelafosse,expo-next-monorepo-example,https://github.com/axeldelafosse/expo-next-monorepo-example,285,54,2021-08-06T09:21:09Z,2025-06-26T07:43:06Z,JavaScript
200423311,actions,hello-world-javascript-action,https://github.com/actions/hello-world-javascript-action,282,250,2019-08-03T21:40:41Z,2025-08-08T13:55:41Z,JavaScript
842230863,michael,svedit,https://github.com/michael/svedit,278,6,2024-08-13T23:57:26Z,2025-08-10T12:42:45Z,JavaScript
794013572,said7388,github-portfolio,https://github.com/said7388/github-portfolio,277,103,2024-04-30T09:42:29Z,2025-08-04T07:18:04Z,JavaScript
243400508,smartcontractkit,truffle-starter-kit,https://github.com/smartcontractkit/truffle-starter-kit,268,100,2020-02-27T01:08:01Z,2025-03-27T14:31:48Z,JavaScript
164201555,gethugothemes,dot-hugo,https://github.com/gethugothemes/dot-hugo,267,146,2019-01-05T09:42:06Z,2025-08-11T00:58:24Z,JavaScript
150042373,rwieruch,gatsby-mdx-blog-starter-project,https://github.com/rwieruch/gatsby-mdx-blog-starter-project,266,67,2018-09-24T01:46:02Z,2024-11-07T02:45:05Z,JavaScript
512413873,Acode-Foundation,acode-plugin,https://github.com/Acode-Foundation/acode-plugin,266,87,2022-07-10T11:11:29Z,2025-08-10T09:03:10Z,JavaScript
156182108,lazymozek,gulp-with-tailwindcss,https://github.com/lazymozek/gulp-with-tailwindcss,261,71,2018-11-05T08:11:19Z,2025-08-04T13:18:07Z,JavaScript
3287527,IceCreamYou,HTML5-Canvas-Game-Boilerplate,https://github.com/IceCreamYou/HTML5-Canvas-Game-Boilerplate,258,57,2012-01-28T00:34:56Z,2025-08-10T16:00:16Z,JavaScript
194833609,sindresorhus,node-cli-boilerplate,https://github.com/sindresorhus/node-cli-boilerplate,256,13,2019-07-02T09:34:13Z,2025-07-15T16:37:47Z,JavaScript
555474622,matt765,Tailcast,https://github.com/matt765/Tailcast,381,141,2022-10-21T16:49:07Z,2025-08-01T15:30:39Z,JavaScript
130097095,coryhouse,reactjsconsulting,https://github.com/coryhouse/reactjsconsulting,377,35,2018-04-18T17:15:53Z,2025-07-22T03:12:07Z,JavaScript
191750397,WaftTech,WaftEngine,https://github.com/WaftTech/WaftEngine,374,97,2019-06-13T11:29:58Z,2025-08-10T18:01:38Z,JavaScript
130396886,thisisqubika,react-native-template,https://github.com/thisisqubika/react-native-template,370,453,2018-04-20T17:59:28Z,2025-07-24T07:24:42Z,JavaScript
188513474,taylorbryant,next-starter-tailwind,https://github.com/taylorbryant/next-starter-tailwind,361,64,2019-05-25T02:56:16Z,2025-05-03T21:15:43Z,JavaScript
756239221,open-ibc,ibc-app-solidity-template,https://github.com/open-ibc/ibc-app-solidity-template,358,854,2024-02-12T09:07:57Z,2025-07-08T03:19:57Z,JavaScript
78803263,diegohaz,nod,https://github.com/diegohaz/nod,357,36,2017-01-13T01:29:48Z,2025-05-28T21:39:11Z,JavaScript
606944550,maomao1996,vitepress-nav-template,https://github.com/maomao1996/vitepress-nav-template,351,97,2023-02-27T01:23:53Z,2025-08-08T02:32:29Z,JavaScript
526800150,songquanpeng,gin-template,https://github.com/songquanpeng/gin-template,350,80,2022-08-20T01:55:05Z,2025-08-09T23:27:35Z,JavaScript
527310237,realvjy,nxt-lnk,https://github.com/realvjy/nxt-lnk,349,54,2022-08-21T19:44:46Z,2025-08-07T23:51:11Z,JavaScript
81865571,simonh1000,elm-webpack-starter,https://github.com/simonh1000/elm-webpack-starter,343,38,2017-02-13T19:59:35Z,2025-01-28T11:25:54Z,JavaScript
238541385,SaraVieira,starter-book,https://github.com/SaraVieira/starter-book,342,28,2020-02-05T20:25:13Z,2025-06-22T14:56:34Z,JavaScript
388507888,foyzulkarim,mernboilerplate-antd,https://github.com/foyzulkarim/mernboilerplate-antd,342,101,2021-07-22T15:19:52Z,2025-08-10T18:01:43Z,JavaScript
283189209,NeuCharFramework,NCF,https://github.com/NeuCharFramework/NCF,334,137,2020-07-28T11:14:37Z,2025-08-08T16:42:19Z,JavaScript
8299434,cmv,cmv-app,https://github.com/cmv/cmv-app,331,277,2013-02-19T21:05:01Z,2025-04-19T23:09:28Z,JavaScript
505442159,eruptionjs,core,https://github.com/eruptionjs/core,330,19,2022-06-20T12:58:20Z,2025-08-07T11:09:08Z,JavaScript
480020412,kinngh,shopify-node-express-mongodb-app,https://github.com/kinngh/shopify-node-express-mongodb-app,329,112,2022-04-10T13:06:30Z,2025-08-09T23:48:59Z,JavaScript
257168957,JoseRFelix,nextjs-starter-blog,https://github.com/JoseRFelix/nextjs-starter-blog,328,63,2020-04-20T04:14:26Z,2025-07-01T22:43:08Z,JavaScript
364676755,NamVr,DiscordBot-Template,https://github.com/NamVr/DiscordBot-Template,324,80,2021-05-05T18:52:18Z,2025-07-31T14:27:48Z,JavaScript
116133038,CrystallizeAPI,crystallize-nextjs-boilerplate,https://github.com/CrystallizeAPI/crystallize-nextjs-boilerplate,324,61,2018-01-03T12:11:43Z,2025-08-04T19:37:13Z,JavaScript
131605470,mubaidr,vue-electron-template,https://github.com/mubaidr/vue-electron-template,322,52,2018-04-30T14:24:59Z,2025-06-28T09:23:37Z,JavaScript
122551063,ryanwiemer,gatsby-starter-gcn,https://github.com/ryanwiemer/gatsby-starter-gcn,509,119,2018-02-23T00:09:29Z,2025-07-20T02:16:51Z,JavaScript
84205796,jesperorb,json-server-heroku,https://github.com/jesperorb/json-server-heroku,508,432,2017-03-07T14:02:59Z,2025-07-20T12:22:53Z,JavaScript
597781671,ExamProCo,aws-bootcamp-cruddur-2023,https://github.com/ExamProCo/aws-bootcamp-cruddur-2023,505,359,2023-02-05T16:16:28Z,2025-07-17T16:05:12Z,JavaScript
101548791,posquit0,koa-rest-api-boilerplate,https://github.com/posquit0/koa-rest-api-boilerplate,492,80,2017-08-27T11:48:29Z,2025-06-17T12:22:51Z,JavaScript
126664434,taylorbryant,gatsby-starter-tailwind,https://github.com/taylorbryant/gatsby-starter-tailwind,490,88,2018-03-25T04:26:39Z,2025-07-09T13:21:57Z,JavaScript
366094293,kinngh,shopify-nextjs-prisma-app,https://github.com/kinngh/shopify-nextjs-prisma-app,482,136,2021-05-10T15:41:47Z,2025-08-04T12:46:38Z,JavaScript
280480890,binyamin,eleventy-garden,https://github.com/binyamin/eleventy-garden,480,47,2020-07-17T17:04:03Z,2025-08-10T18:23:08Z,JavaScript
513734670,kvnxiao,tauri-nextjs-template,https://github.com/kvnxiao/tauri-nextjs-template,471,58,2022-07-14T02:32:57Z,2025-08-07T03:41:49Z,JavaScript
354789292,TheSwordBreaker,vite-reactts-eslint-prettier,https://github.com/TheSwordBreaker/vite-reactts-eslint-prettier,466,159,2021-04-05T09:57:08Z,2025-07-17T19:15:09Z,JavaScript
127466906,philhawksworth,eleventyone,https://github.com/philhawksworth/eleventyone,463,109,2018-03-30T19:45:51Z,2025-07-28T15:48:03Z,JavaScript
21524040,GianlucaGuarini,es6-project-starter-kit,https://github.com/GianlucaGuarini/es6-project-starter-kit,463,51,2014-07-05T16:51:17Z,2025-02-07T09:51:57Z,JavaScript
142056865,w3cj,express-api-starter,https://github.com/w3cj/express-api-starter,458,217,2018-07-23T19:00:16Z,2025-08-07T05:40:04Z,JavaScript
294606600,pbteja1998,nextjs-starter,https://github.com/pbteja1998/nextjs-starter,453,45,2020-09-11T05:53:05Z,2025-07-02T04:53:51Z,JavaScript
585389337,viarotel-org,vite-uniapp-template,https://github.com/viarotel-org/vite-uniapp-template,451,91,2023-01-05T03:29:38Z,2025-08-10T03:02:56Z,JavaScript
96709585,rollup,rollup-starter-app,https://github.com/rollup/rollup-starter-app,442,101,2017-07-09T20:29:08Z,2025-07-20T12:10:54Z,JavaScript
167841363,AlexanderProd,gatsby-shopify-starter,https://github.com/AlexanderProd/gatsby-shopify-starter,418,98,2019-01-27T18:10:50Z,2025-08-05T22:49:51Z,JavaScript
243522663,CreateThrive,react-firebase-admin,https://github.com/CreateThrive/react-firebase-admin,417,102,2020-02-27T13:12:29Z,2025-07-19T01:26:07Z,JavaScript
189884199,ryyppy,rescript-nextjs-template,https://github.com/ryyppy/rescript-nextjs-template,408,33,2019-06-02T19:03:01Z,2025-05-17T23:17:12Z,JavaScript
114046093,StartBootstrap,startbootstrap-coming-soon,https://github.com/StartBootstrap/startbootstrap-coming-soon,400,499,2017-12-12T22:32:35Z,2025-07-21T08:14:26Z,JavaScript
25714524,StartBootstrap,startbootstrap-one-page-wonder,https://github.com/StartBootstrap/startbootstrap-one-page-wonder,395,527,2014-10-25T00:35:58Z,2025-06-28T06:54:56Z,JavaScript
129432063,marcofugaro,threejs-modern-app,https://github.com/marcofugaro/threejs-modern-app,386,37,2018-04-13T17:10:55Z,2025-04-17T08:44:01Z,JavaScript
96649306,rollup,rollup-starter-lib,https://github.com/rollup/rollup-starter-lib,987,230,2017-07-08T23:19:55Z,2025-08-07T07:12:20Z,JavaScript
148527447,Shopify,shopify-app-template-node,https://github.com/Shopify/shopify-app-template-node,964,417,2018-09-12T18:57:12Z,2025-08-05T08:05:46Z,JavaScript
231162725,aeksco,react-typescript-web-extension-starter,https://github.com/aeksco/react-typescript-web-extension-starter,960,83,2020-01-01T01:14:35Z,2025-08-03T21:25:43Z,JavaScript
79922891,ooade,NextSimpleStarter,https://github.com/ooade/NextSimpleStarter,949,202,2017-01-24T15:15:43Z,2025-07-17T16:49:53Z,JavaScript
25714762,StartBootstrap,startbootstrap-stylish-portfolio,https://github.com/StartBootstrap/startbootstrap-stylish-portfolio,893,1389,2014-10-25T00:42:36Z,2025-07-29T00:03:51Z,JavaScript
356256080,wkylin,pro-react-admin,https://github.com/wkylin/pro-react-admin,847,198,2021-04-09T12:05:04Z,2025-08-11T02:07:18Z,JavaScript
78732688,wechaty,getting-started,https://github.com/wechaty/getting-started,837,359,2017-01-12T10:12:48Z,2025-08-05T05:43:00Z,JavaScript
163315057,smakosh,gatsby-portfolio-dev,https://github.com/smakosh/gatsby-portfolio-dev,827,194,2018-12-27T16:25:46Z,2025-08-09T16:17:49Z,JavaScript
192725951,fregante,browser-extension-template,https://github.com/fregante/browser-extension-template,819,82,2019-06-19T12:15:02Z,2025-08-10T01:23:04Z,JavaScript
223509602,HarveyD,react-component-library,https://github.com/HarveyD/react-component-library,788,162,2019-11-23T00:43:31Z,2025-07-27T02:44:32Z,JavaScript
294819014,uicrooks,shopify-theme-lab,https://github.com/uicrooks/shopify-theme-lab,774,147,2020-09-11T21:52:19Z,2025-08-04T08:45:51Z,JavaScript
86108846,AnomalyInnovations,serverless-nodejs-starter,https://github.com/AnomalyInnovations/serverless-nodejs-starter,754,153,2017-03-24T20:42:00Z,2025-07-17T15:28:38Z,JavaScript
274944042,KlausSchaefers,figma-low-code,https://github.com/KlausSchaefers/figma-low-code,748,60,2020-06-25T14:56:23Z,2025-08-09T02:51:40Z,JavaScript
32197913,sindresorhus,node-module-boilerplate,https://github.com/sindresorhus/node-module-boilerplate,738,74,2015-03-14T05:47:45Z,2025-05-05T16:55:17Z,JavaScript
479832166,ektogamat,threejs-andy-boilerplate,https://github.com/ektogamat/threejs-andy-boilerplate,731,137,2022-04-09T20:06:21Z,2025-08-02T00:08:10Z,JavaScript
475860324,Tencent,tdesign-miniprogram-starter-retail,https://github.com/Tencent/tdesign-miniprogram-starter-retail,725,176,2022-03-30T12:05:01Z,2025-08-05T00:19:51Z,JavaScript
349288944,vercel,nextjs-portfolio-starter,https://github.com/vercel/nextjs-portfolio-starter,716,274,2021-03-19T03:29:23Z,2025-08-07T03:01:58Z,JavaScript
25714616,StartBootstrap,startbootstrap-scrolling-nav,https://github.com/StartBootstrap/startbootstrap-scrolling-nav,689,746,2014-10-25T00:37:03Z,2025-06-11T17:46:38Z,JavaScript
225612764,nordicgiant2,react-nice-resume,https://github.com/nordicgiant2/react-nice-resume,685,458,2019-12-03T12:19:27Z,2025-08-05T11:35:45Z,JavaScript
401534462,Deluze,electron-vue-template,https://github.com/Deluze/electron-vue-template,675,129,2021-08-31T01:22:52Z,2025-08-08T13:55:39Z,JavaScript
526682619,github-education-resources,codespaces-project-template-js,https://github.com/github-education-resources/codespaces-project-template-js,672,541,2022-08-19T16:44:43Z,2025-08-04T14:33:35Z,JavaScript
60562752,bertho-zero,react-redux-universal-hot-example,https://github.com/bertho-zero/react-redux-universal-hot-example,631,163,2016-06-06T21:41:13Z,2025-05-14T08:01:08Z,JavaScript
80851256,iffy,electron-updater-example,https://github.com/iffy/electron-updater-example,622,645,2017-02-03T17:17:34Z,2025-07-26T18:16:47Z,JavaScript
138096617,fabe,gatsby-universal,https://github.com/fabe/gatsby-universal,612,96,2018-06-20T23:34:15Z,2025-08-01T00:23:01Z,JavaScript
251281230,flatlogic,light-blue-react-template,https://github.com/flatlogic/light-blue-react-template,579,197,2020-03-30T11:13:16Z,2025-08-09T01:26:05Z,JavaScript
595665533,dewanakl,undangan,https://github.com/dewanakl/undangan,563,349,2023-01-31T15:03:59Z,2025-08-10T05:19:03Z,JavaScript
127932625,sveltejs,component-template,https://github.com/sveltejs/component-template,562,71,2018-04-03T15:54:20Z,2025-07-10T18:34:06Z,JavaScript
436682271,netlify-templates,nextjs-blog-theme,https://github.com/netlify-templates/nextjs-blog-theme,561,250,2021-12-09T16:18:08Z,2025-08-08T12:37:21Z,JavaScript
146933533,andrewalexeich,gulp-scss-starter,https://github.com/andrewalexeich/gulp-scss-starter,556,189,2018-08-31T19:16:27Z,2025-08-10T09:52:55Z,JavaScript
74712781,cleverbeagle,pup,https://github.com/cleverbeagle/pup,554,137,2016-11-25T00:19:34Z,2025-06-25T08:41:32Z,JavaScript
37996137,kriasoft,babel-starter-kit,https://github.com/kriasoft/babel-starter-kit,552,123,2015-06-24T16:20:23Z,2024-08-08T15:17:46Z,JavaScript
202636981,mmacneil,devfolio,https://github.com/mmacneil/devfolio,550,171,2019-08-16T01:33:25Z,2025-08-09T15:39:34Z,JavaScript
556089040,colinwilson,lotusdocs,https://github.com/colinwilson/lotusdocs,540,122,2022-10-23T03:00:45Z,2025-08-10T07:28:27Z,JavaScript
263101910,Mini-Conf,Mini-Conf,https://github.com/Mini-Conf/Mini-Conf,539,108,2020-05-11T16:46:54Z,2025-07-28T11:24:53Z,JavaScript
225749649,lit,lit-element-starter-ts,https://github.com/lit/lit-element-starter-ts,520,214,2019-12-04T01:12:19Z,2025-08-08T07:03:29Z,JavaScript
47677112,antonybudianto,angular-starter,https://github.com/antonybudianto/angular-starter,519,146,2015-12-09T07:58:41Z,2025-08-09T18:37:14Z,JavaScript
25714655,StartBootstrap,startbootstrap-simple-sidebar,https://github.com/StartBootstrap/startbootstrap-simple-sidebar,1982,1383,2014-10-25T00:37:48Z,2025-08-09T04:41:51Z,JavaScript
237327049,dunky11,react-saas-template,https://github.com/dunky11/react-saas-template,1943,426,2020-01-30T23:38:23Z,2025-08-09T12:12:48Z,JavaScript
51619107,wbkd,webpack-starter,https://github.com/wbkd/webpack-starter,1923,855,2016-02-12T21:55:45Z,2025-08-01T15:23:01Z,JavaScript
109599823,danilowoz,react-atomic-design,https://github.com/danilowoz/react-atomic-design,1818,219,2017-11-05T17:19:08Z,2025-08-08T18:35:12Z,JavaScript
159678607,ericalli,static-site-boilerplate,https://github.com/ericalli/static-site-boilerplate,1740,163,2018-11-29T14:27:50Z,2025-08-10T19:24:46Z,JavaScript
183227539,flatlogic,react-material-admin,https://github.com/flatlogic/react-material-admin,1727,626,2019-04-24T12:47:06Z,2025-08-08T13:35:16Z,JavaScript
231309416,reZach,secure-electron-template,https://github.com/reZach/secure-electron-template,1703,156,2020-01-02T04:48:11Z,2025-08-07T19:59:44Z,JavaScript
67722021,sysgears,apollo-universal-starter-kit,https://github.com/sysgears/apollo-universal-starter-kit,1679,322,2016-09-08T16:44:45Z,2025-08-08T18:23:36Z,JavaScript
50924756,flatlogic,react-dashboard,https://github.com/flatlogic/react-dashboard,1634,388,2016-02-02T14:08:02Z,2025-07-24T08:53:46Z,JavaScript
61835211,dwijitsolutions,laraadmin,https://github.com/dwijitsolutions/laraadmin,1584,535,2016-06-23T20:35:32Z,2025-07-05T19:19:04Z,JavaScript
192856899,chetanverma16,react-portfolio-template,https://github.com/chetanverma16/react-portfolio-template,1573,670,2019-06-20T05:51:10Z,2025-08-10T22:31:39Z,JavaScript
761917837,franceking1,Flash-Md-V2,https://github.com/franceking1/Flash-Md-V2,1529,5628,2024-02-22T18:22:20Z,2025-08-10T22:06:05Z,JavaScript
275675505,diego3g,electron-typescript-react,https://github.com/diego3g/electron-typescript-react,1443,293,2020-06-28T22:01:03Z,2025-08-11T00:54:40Z,JavaScript
10862540,madhums,node-express-mongoose,https://github.com/madhums/node-express-mongoose,1442,385,2013-06-22T09:37:38Z,2025-08-09T09:12:07Z,JavaScript
148562547,enuchi,React-Google-Apps-Script,https://github.com/enuchi/React-Google-Apps-Script,1435,194,2018-09-13T01:11:53Z,2025-08-07T03:01:20Z,JavaScript
305485770,ndimatteo,HULL,https://github.com/ndimatteo/HULL,1426,175,2020-10-19T19:00:26Z,2025-08-04T09:08:27Z,JavaScript
39415880,gatsbyjs,gatsby-starter-default,https://github.com/gatsbyjs/gatsby-starter-default,1403,985,2015-07-21T00:52:53Z,2025-07-31T08:43:30Z,JavaScript
32074870,flatlogic,angular-material-dashboard,https://github.com/flatlogic/angular-material-dashboard,1369,493,2015-03-12T12:07:23Z,2025-07-24T14:35:01Z,JavaScript
661741181,x-dr,telegraph-Image,https://github.com/x-dr/telegraph-Image,1324,1054,2023-07-03T14:37:30Z,2025-08-09T04:52:19Z,JavaScript
645295049,zeon-studio,hugoplate,https://github.com/zeon-studio/hugoplate,1320,356,2023-05-25T10:41:33Z,2025-08-10T19:16:06Z,JavaScript
350740340,smartcontractkit,hardhat-starter-kit,https://github.com/smartcontractkit/hardhat-starter-kit,1265,505,2021-03-23T14:20:56Z,2025-08-07T03:08:01Z,JavaScript
289814672,colbyfayock,next-wordpress-starter,https://github.com/colbyfayock/next-wordpress-starter,1254,300,2020-08-24T03:05:23Z,2025-08-01T03:14:05Z,JavaScript
445358332,nextacular,nextacular,https://github.com/nextacular/nextacular,1227,212,2022-01-07T01:12:41Z,2025-08-08T11:25:33Z,JavaScript
67402768,Array-Huang,webpack-seed,https://github.com/Array-Huang/webpack-seed,1179,281,2016-09-05T08:32:02Z,2025-07-18T03:53:25Z,JavaScript
98904874,phaserjs,template-webpack,https://github.com/phaserjs/template-webpack,1172,785,2017-07-31T15:39:58Z,2025-08-03T07:35:00Z,JavaScript
23182212,kriasoft,aspnet-starter-kit,https://github.com/kriasoft/aspnet-starter-kit,1166,201,2014-08-21T09:51:46Z,2025-08-04T22:09:09Z,JavaScript
137205930,labnol,apps-script-starter,https://github.com/labnol/apps-script-starter,1166,192,2018-06-13T11:25:03Z,2025-08-07T10:54:50Z,JavaScript
575758492,bramses,bramses-highly-opinionated-vault-2023,https://github.com/bramses/bramses-highly-opinionated-vault-2023,1152,61,2022-12-08T08:28:00Z,2025-08-03T10:58:54Z,JavaScript
255377480,NomicFoundation,hardhat-boilerplate,https://github.com/NomicFoundation/hardhat-boilerplate,1151,574,2020-04-13T16:12:28Z,2025-08-03T01:58:28Z,JavaScript
207549729,actions,javascript-action,https://github.com/actions/javascript-action,1088,438,2019-09-10T12:11:44Z,2025-08-10T02:31:50Z,JavaScript
311525798,microsoft,Web-Dev-For-Beginners,https://github.com/microsoft/Web-Dev-For-Beginners,91127,13806,2020-11-10T02:44:00Z,2025-08-11T05:37:03Z,JavaScript
30969188,react-boilerplate,react-boilerplate,https://github.com/react-boilerplate/react-boilerplate,29536,6091,2015-02-18T14:36:32Z,2025-08-08T15:30:43Z,JavaScript
95412229,PanJiaChen,vue-admin-template,https://github.com/PanJiaChen/vue-admin-template,20365,7459,2017-06-26T05:41:14Z,2025-08-11T03:53:49Z,JavaScript
117360777,d2-projects,d2-admin,https://github.com/d2-projects/d2-admin,12672,2451,2018-01-13T16:51:52Z,2025-08-09T22:28:27Z,JavaScript
44416666,electron,minimal-repro,https://github.com/electron/minimal-repro,11397,4962,2015-10-16T23:56:39Z,2025-08-11T01:12:46Z,JavaScript
48863418,coryhouse,react-slingshot,https://github.com/coryhouse/react-slingshot,9704,2917,2015-12-31T22:04:53Z,2025-08-05T05:37:10Z,JavaScript
338818430,upgundecha,howtheysre,https://github.com/upgundecha/howtheysre,9415,822,2021-02-14T14:03:02Z,2025-08-10T08:14:31Z,JavaScript
217603326,hagopj13,node-express-boilerplate,https://github.com/hagopj13/node-express-boilerplate,7419,2169,2019-10-25T19:38:50Z,2025-08-10T14:46:32Z,JavaScript
37616442,kriasoft,react-firebase-starter,https://github.com/kriasoft/react-firebase-starter,4519,760,2015-06-17T19:33:23Z,2025-08-07T11:40:50Z,JavaScript
292790829,google,eleventy-high-performance-blog,https://github.com/google/eleventy-high-performance-blog,4071,277,2020-09-04T08:16:00Z,2025-08-06T19:26:31Z,JavaScript
572443146,eliahuhorwitz,Academic-project-page-template,https://github.com/eliahuhorwitz/Academic-project-page-template,3539,675,2022-11-30T09:35:33Z,2025-08-11T03:37:36Z,JavaScript
39476043,gatsbyjs,gatsby-starter-blog,https://github.com/gatsbyjs/gatsby-starter-blog,3529,2579,2015-07-22T00:07:37Z,2025-08-09T08:28:21Z,JavaScript
70382340,diegohaz,arc,https://github.com/diegohaz/arc,2925,293,2016-10-09T06:34:28Z,2025-07-21T12:17:06Z,JavaScript
142161092,flatlogic,react-native-starter,https://github.com/flatlogic/react-native-starter,2393,772,2018-07-24T13:17:22Z,2025-08-07T21:35:21Z,JavaScript
206151984,taniarascia,webpack-boilerplate,https://github.com/taniarascia/webpack-boilerplate,2389,559,2019-09-03T19:02:57Z,2025-08-01T20:54:30Z,JavaScript
97540865,danielfsousa,express-rest-boilerplate,https://github.com/danielfsousa/express-rest-boilerplate,2379,615,2017-07-18T01:59:19Z,2025-08-10T18:10:55Z,JavaScript
208835354,abhijithvijayan,web-extension-starter,https://github.com/abhijithvijayan/web-extension-starter,2120,176,2019-09-16T15:33:44Z,2025-08-07T07:36:40Z,JavaScript
538373370,said7388,developer-portfolio,https://github.com/said7388/developer-portfolio,2117,1028,2022-09-19T07:00:51Z,2025-08-11T05:37:37Z,JavaScript
100426797,decaporg,gatsby-starter-decap-cms,https://github.com/decaporg/gatsby-starter-decap-cms,2064,974,2017-08-15T23:15:14Z,2025-08-10T14:03:28Z,JavaScript
